[2026-08-19 01:22:57] === queue: waiting for wideaug-500 to finish ===
[2026-08-19 02:45:02] === queue: wideaug-500 process gone, also waiting for any other nnUNetv2_train (GPU-free check) ===
[2026-08-19 02:45:02] === queue: GPU free, launching sampling-pow-500 ===
[2026-08-19 02:45:02] --- train sampling-pow-500 (attempt 1/3) ---

############################
INFO: You are using the old nnU-Net default plans. We have updated our recommendations. Please consider using those instead! Read more here: https://github.com/MIC-DKFZ/nnUNet/blob/master/documentation/resenc_presets.md
############################

Trainer 'nnUNetTrainerLesionAwareSamplingPow_500epochs_full' not found in nnunetv2.training.nnUNetTrainer.
Searching in external trainer paths from environment variable 'nnUNet_extTrainer'...
Searching in: /home/galia/ISLES2026/isles26_project_simplified
Searching for class nnUNetTrainerLesionAwareSamplingPow_500epochs_full in folder /home/galia/ISLES2026/isles26_project_simplified with current module None
  Inspecting module: isles26
  Inspecting module: custom_trainers.install_custom_trainers
  Inspecting module: custom_trainers.losses
  Inspecting module: custom_trainers.nnUNetTrainer500epochs
Found class nnUNetTrainerLesionAwareSamplingPow_500epochs_full in custom_trainers.nnUNetTrainer500epochs
Using trainer 'nnUNetTrainerLesionAwareSamplingPow_500epochs_full' from: /home/galia/ISLES2026/isles26_project_simplified
Using device: cuda:0

#######################################################################
Please cite the following paper when using nnU-Net:
Isensee, F., Jaeger, P. F., Kohl, S. A., Petersen, J., & Maier-Hein, K. H. (2021). nnU-Net: a self-configuring method for deep learning-based biomedical image segmentation. Nature methods, 18(2), 203-211.
#######################################################################

2026-08-19 02:45:10.195068: Using torch.compile...
2026-08-19 02:45:11.319472: do_dummy_2d_data_aug: False
2026-08-19 02:45:11.321295: Using splits from existing split file: /home/galia/ISLES2026/nnUNet_preprocessed/Dataset002_ATLAS/splits_final.json
2026-08-19 02:45:11.321485: The split file contains 1 splits.
2026-08-19 02:45:11.321520: Desired fold for training: 0
2026-08-19 02:45:11.321548: This split has 842 training and 120 validation cases.
using pin_memory on device 0
using pin_memory on device 0
2026-08-19 02:45:12.183391: [LesionAwareSampling] active for 842 training cases; validation remains uniform.

This is the configuration used by this training:
Configuration name: 3d_fullres
 {'data_identifier': 'nnUNetPlans_3d_fullres', 'preprocessor_name': 'DefaultPreprocessor', 'batch_size': 2, 'patch_size': [128, 128, 128], 'median_image_size_in_voxels': [148.0, 167.0, 138.0], 'spacing': [1.0, 1.0, 1.0], 'normalization_schemes': ['ZScoreNormalization'], 'use_mask_for_norm': [True], 'resampling_fn_data': 'resample_data_or_seg_to_shape', 'resampling_fn_seg': 'resample_data_or_seg_to_shape', 'resampling_fn_data_kwargs': {'is_seg': False, 'order': 3, 'order_z': 0, 'force_separate_z': None}, 'resampling_fn_seg_kwargs': {'is_seg': True, 'order': 1, 'order_z': 0, 'force_separate_z': None}, 'resampling_fn_probabilities': 'resample_data_or_seg_to_shape', 'resampling_fn_probabilities_kwargs': {'is_seg': False, 'order': 1, 'order_z': 0, 'force_separate_z': None}, 'architecture': {'network_class_name': 'dynamic_network_architectures.architectures.unet.PlainConvUNet', 'arch_kwargs': {'n_stages': 6, 'features_per_stage': [32, 64, 128, 256, 320, 320], 'conv_op': 'torch.nn.modules.conv.Conv3d', 'kernel_sizes': [[3, 3, 3], [3, 3, 3], [3, 3, 3], [3, 3, 3], [3, 3, 3], [3, 3, 3]], 'strides': [[1, 1, 1], [2, 2, 2], [2, 2, 2], [2, 2, 2], [2, 2, 2], [2, 2, 2]], 'n_conv_per_stage': [2, 2, 2, 2, 2, 2], 'n_conv_per_stage_decoder': [2, 2, 2, 2, 2], 'conv_bias': True, 'norm_op': 'torch.nn.modules.instancenorm.InstanceNorm3d', 'norm_op_kwargs': {'eps': 1e-05, 'affine': True}, 'dropout_op': None, 'dropout_op_kwargs': None, 'nonlin': 'torch.nn.LeakyReLU', 'nonlin_kwargs': {'inplace': True}}, '_kw_requires_import': ['conv_op', 'norm_op', 'dropout_op', 'nonlin']}, 'batch_dice': False} 

These are the global plan.json settings:
 {'dataset_name': 'Dataset002_ATLAS', 'plans_name': 'nnUNetPlans', 'original_median_spacing_after_transp': [1.0, 1.0, 1.0], 'original_median_shape_after_transp': [149, 167, 138], 'image_reader_writer': 'SimpleITKIO', 'transpose_forward': [0, 1, 2], 'transpose_backward': [0, 1, 2], 'experiment_planner_used': 'ExperimentPlanner', 'label_manager': 'LabelManager', 'foreground_intensity_properties_per_channel': {'0': {'max': 57923.84375, 'mean': 504.29374022590616, 'median': 229.0031280517578, 'min': 0.0, 'percentile_00_5': 5.998413562774658, 'percentile_99_5': 4478.9052734375, 'std': 1415.2436182024787}}} 

2026-08-19 02:45:12.189585: Unable to plot network architecture: nnUNet_compile is enabled!
2026-08-19 02:45:12.199885: 
2026-08-19 02:45:12.200823: Epoch 0
2026-08-19 02:45:12.202605: Current learning rate: 0.01
2026-08-19 02:45:48.300033: train_loss 0.0559
2026-08-19 02:45:48.300236: val_loss 0.0668
2026-08-19 02:45:48.300297: Pseudo dice [np.float32(0.0)]
2026-08-19 02:45:48.300363: Epoch time: 36.1 s
2026-08-19 02:45:48.300409: Yayy! New best EMA pseudo Dice: 0.0
2026-08-19 02:45:49.177129: 
2026-08-19 02:45:49.177315: Epoch 1
2026-08-19 02:45:49.177391: Current learning rate: 0.00998
2026-08-19 02:46:19.295884: train_loss 0.0183
2026-08-19 02:46:19.296211: val_loss 0.05
2026-08-19 02:46:19.296279: Pseudo dice [np.float32(0.0)]
2026-08-19 02:46:19.296351: Epoch time: 30.12 s
2026-08-19 02:46:20.047805: 
2026-08-19 02:46:20.047914: Epoch 2
2026-08-19 02:46:20.047983: Current learning rate: 0.00996
2026-08-19 02:46:50.237909: train_loss 0.0123
2026-08-19 02:46:50.238190: val_loss 0.0216
2026-08-19 02:46:50.238250: Pseudo dice [np.float32(0.0)]
2026-08-19 02:46:50.238325: Epoch time: 30.19 s
2026-08-19 02:46:51.011555: 
2026-08-19 02:46:51.011735: Epoch 3
2026-08-19 02:46:51.011816: Current learning rate: 0.00995
2026-08-19 02:47:21.216006: train_loss -0.0095
2026-08-19 02:47:21.216216: val_loss -0.0271
2026-08-19 02:47:21.216276: Pseudo dice [np.float32(0.0)]
2026-08-19 02:47:21.216347: Epoch time: 30.21 s
2026-08-19 02:47:21.963887: 
2026-08-19 02:47:21.964092: Epoch 4
2026-08-19 02:47:21.964175: Current learning rate: 0.00993
2026-08-19 02:47:52.368257: train_loss -0.0438
2026-08-19 02:47:52.368484: val_loss -0.0064
2026-08-19 02:47:52.368547: Pseudo dice [np.float32(0.0)]
2026-08-19 02:47:52.368686: Epoch time: 30.41 s
2026-08-19 02:47:53.143840: 
2026-08-19 02:47:53.143986: Epoch 5
2026-08-19 02:47:53.144088: Current learning rate: 0.00991
2026-08-19 02:48:23.615095: train_loss -0.1256
2026-08-19 02:48:23.615352: val_loss 0.0895
2026-08-19 02:48:23.615447: Pseudo dice [np.float32(0.0348)]
2026-08-19 02:48:23.615534: Epoch time: 30.47 s
2026-08-19 02:48:23.615590: Yayy! New best EMA pseudo Dice: 0.0035000001080334187
2026-08-19 02:48:24.721892: 
2026-08-19 02:48:24.722122: Epoch 6
2026-08-19 02:48:24.722205: Current learning rate: 0.00989
2026-08-19 02:48:55.174207: train_loss -0.1523
2026-08-19 02:48:55.174421: val_loss -0.0782
2026-08-19 02:48:55.174478: Pseudo dice [np.float32(0.1549)]
2026-08-19 02:48:55.174551: Epoch time: 30.45 s
2026-08-19 02:48:55.174601: Yayy! New best EMA pseudo Dice: 0.01860000006854534
2026-08-19 02:48:56.461909: 
2026-08-19 02:48:56.462130: Epoch 7
2026-08-19 02:48:56.462217: Current learning rate: 0.00987
2026-08-19 02:49:26.843336: train_loss -0.1859
2026-08-19 02:49:26.843547: val_loss -0.0237
2026-08-19 02:49:26.843606: Pseudo dice [np.float32(0.0802)]
2026-08-19 02:49:26.843678: Epoch time: 30.38 s
2026-08-19 02:49:26.843721: Yayy! New best EMA pseudo Dice: 0.024800000712275505
2026-08-19 02:49:28.130186: 
2026-08-19 02:49:28.130296: Epoch 8
2026-08-19 02:49:28.130379: Current learning rate: 0.00986
2026-08-19 02:49:58.500623: train_loss -0.2321
2026-08-19 02:49:58.500825: val_loss -0.0126
2026-08-19 02:49:58.500895: Pseudo dice [np.float32(0.0827)]
2026-08-19 02:49:58.500964: Epoch time: 30.37 s
2026-08-19 02:49:58.501009: Yayy! New best EMA pseudo Dice: 0.03060000017285347
2026-08-19 02:49:59.817813: 
2026-08-19 02:49:59.818028: Epoch 9
2026-08-19 02:49:59.818180: Current learning rate: 0.00984
2026-08-19 02:50:30.169120: train_loss -0.2095
2026-08-19 02:50:30.169304: val_loss -0.2173
2026-08-19 02:50:30.169386: Pseudo dice [np.float32(0.1517)]
2026-08-19 02:50:30.169459: Epoch time: 30.35 s
2026-08-19 02:50:30.383689: Yayy! New best EMA pseudo Dice: 0.04270000010728836
2026-08-19 02:50:31.422432: 
2026-08-19 02:50:31.686212: Epoch 10
2026-08-19 02:50:31.686298: Current learning rate: 0.00982
2026-08-19 02:51:02.070284: train_loss -0.2615
2026-08-19 02:51:02.070474: val_loss -0.168
2026-08-19 02:51:02.070531: Pseudo dice [np.float32(0.1389)]
2026-08-19 02:51:02.070596: Epoch time: 30.65 s
2026-08-19 02:51:02.070678: Yayy! New best EMA pseudo Dice: 0.052299998700618744
2026-08-19 02:51:03.124534: 
2026-08-19 02:51:03.124641: Epoch 11
2026-08-19 02:51:03.124713: Current learning rate: 0.0098
2026-08-19 02:51:33.489206: train_loss -0.2301
2026-08-19 02:51:33.489389: val_loss -0.1465
2026-08-19 02:51:33.489453: Pseudo dice [np.float32(0.1212)]
2026-08-19 02:51:33.489520: Epoch time: 30.37 s
2026-08-19 02:51:33.489571: Yayy! New best EMA pseudo Dice: 0.05920000001788139
2026-08-19 02:51:34.540145: 
2026-08-19 02:51:34.540336: Epoch 12
2026-08-19 02:51:34.540411: Current learning rate: 0.00978
2026-08-19 02:52:04.776822: train_loss -0.2611
2026-08-19 02:52:04.777006: val_loss -0.1954
2026-08-19 02:52:04.777071: Pseudo dice [np.float32(0.1956)]
2026-08-19 02:52:04.777133: Epoch time: 30.24 s
2026-08-19 02:52:04.777176: Yayy! New best EMA pseudo Dice: 0.07280000299215317
2026-08-19 02:52:06.058720: 
2026-08-19 02:52:06.058862: Epoch 13
2026-08-19 02:52:06.058940: Current learning rate: 0.00977
2026-08-19 02:52:36.383457: train_loss -0.2548
2026-08-19 02:52:36.383656: val_loss -0.2279
2026-08-19 02:52:36.383713: Pseudo dice [np.float32(0.2791)]
2026-08-19 02:52:36.383780: Epoch time: 30.33 s
2026-08-19 02:52:36.383825: Yayy! New best EMA pseudo Dice: 0.09350000321865082
2026-08-19 02:52:37.447901: 
2026-08-19 02:52:37.448170: Epoch 14
2026-08-19 02:52:37.448251: Current learning rate: 0.00975
2026-08-19 02:53:07.876115: train_loss -0.2464
2026-08-19 02:53:07.876406: val_loss -0.1611
2026-08-19 02:53:07.876472: Pseudo dice [np.float32(0.1591)]
2026-08-19 02:53:07.876548: Epoch time: 30.43 s
2026-08-19 02:53:07.876744: Yayy! New best EMA pseudo Dice: 0.10000000149011612
2026-08-19 02:53:08.943637: 
2026-08-19 02:53:08.943767: Epoch 15
2026-08-19 02:53:08.943846: Current learning rate: 0.00973
2026-08-19 02:53:39.459706: train_loss -0.2781
2026-08-19 02:53:39.459945: val_loss -0.1165
2026-08-19 02:53:39.460023: Pseudo dice [np.float32(0.2185)]
2026-08-19 02:53:39.460101: Epoch time: 30.52 s
2026-08-19 02:53:39.460151: Yayy! New best EMA pseudo Dice: 0.11190000176429749
2026-08-19 02:53:40.744562: 
2026-08-19 02:53:40.744667: Epoch 16
2026-08-19 02:53:40.744737: Current learning rate: 0.00971
2026-08-19 02:54:11.223453: train_loss -0.2882
2026-08-19 02:54:11.223671: val_loss -0.12
2026-08-19 02:54:11.223730: Pseudo dice [np.float32(0.0927)]
2026-08-19 02:54:11.223800: Epoch time: 30.48 s
2026-08-19 02:54:12.016671: 
2026-08-19 02:54:12.016816: Epoch 17
2026-08-19 02:54:12.016896: Current learning rate: 0.00969
2026-08-19 02:54:42.316058: train_loss -0.2909
2026-08-19 02:54:42.316266: val_loss -0.1436
2026-08-19 02:54:42.316325: Pseudo dice [np.float32(0.1613)]
2026-08-19 02:54:42.316394: Epoch time: 30.3 s
2026-08-19 02:54:42.316442: Yayy! New best EMA pseudo Dice: 0.11509999632835388
2026-08-19 02:54:43.468903: 
2026-08-19 02:54:43.469058: Epoch 18
2026-08-19 02:54:43.469131: Current learning rate: 0.00968
2026-08-19 02:55:13.920049: train_loss -0.3426
2026-08-19 02:55:13.920269: val_loss -0.1667
2026-08-19 02:55:13.920331: Pseudo dice [np.float32(0.1821)]
2026-08-19 02:55:13.920407: Epoch time: 30.45 s
2026-08-19 02:55:13.920456: Yayy! New best EMA pseudo Dice: 0.121799997985363
2026-08-19 02:55:15.280750: 
2026-08-19 02:55:15.280872: Epoch 19
2026-08-19 02:55:15.280947: Current learning rate: 0.00966
2026-08-19 02:55:45.723561: train_loss -0.2995
2026-08-19 02:55:45.723752: val_loss -0.1212
2026-08-19 02:55:45.723813: Pseudo dice [np.float32(0.1382)]
2026-08-19 02:55:45.723884: Epoch time: 30.44 s
2026-08-19 02:55:46.019218: Yayy! New best EMA pseudo Dice: 0.1234000027179718
2026-08-19 02:55:47.095402: 
2026-08-19 02:55:47.095526: Epoch 20
2026-08-19 02:55:47.095606: Current learning rate: 0.00964
2026-08-19 02:56:17.499527: train_loss -0.272
2026-08-19 02:56:17.499701: val_loss -0.1638
2026-08-19 02:56:17.499759: Pseudo dice [np.float32(0.2524)]
2026-08-19 02:56:17.499821: Epoch time: 30.41 s
2026-08-19 02:56:17.499871: Yayy! New best EMA pseudo Dice: 0.1362999975681305
2026-08-19 02:56:18.572879: 
2026-08-19 02:56:18.573073: Epoch 21
2026-08-19 02:56:18.573158: Current learning rate: 0.00962
2026-08-19 02:56:48.973112: train_loss -0.3006
2026-08-19 02:56:48.973291: val_loss -0.1528
2026-08-19 02:56:48.973349: Pseudo dice [np.float32(0.1426)]
2026-08-19 02:56:48.973412: Epoch time: 30.4 s
2026-08-19 02:56:48.973460: Yayy! New best EMA pseudo Dice: 0.13699999451637268
2026-08-19 02:56:50.191020: 
2026-08-19 02:56:50.191140: Epoch 22
2026-08-19 02:56:50.191214: Current learning rate: 0.0096
2026-08-19 02:57:20.639623: train_loss -0.3181
2026-08-19 02:57:20.639795: val_loss -0.2183
2026-08-19 02:57:20.639860: Pseudo dice [np.float32(0.2937)]
2026-08-19 02:57:20.639932: Epoch time: 30.45 s
2026-08-19 02:57:20.639980: Yayy! New best EMA pseudo Dice: 0.1526000052690506
2026-08-19 02:57:21.689131: 
2026-08-19 02:57:21.689241: Epoch 23
2026-08-19 02:57:21.689314: Current learning rate: 0.00959
2026-08-19 02:57:52.181385: train_loss -0.3275
2026-08-19 02:57:52.181565: val_loss -0.2155
2026-08-19 02:57:52.181626: Pseudo dice [np.float32(0.3084)]
2026-08-19 02:57:52.181688: Epoch time: 30.49 s
2026-08-19 02:57:52.181736: Yayy! New best EMA pseudo Dice: 0.16820000112056732
2026-08-19 02:57:53.229512: 
2026-08-19 02:57:53.229640: Epoch 24
2026-08-19 02:57:53.229714: Current learning rate: 0.00957
2026-08-19 02:58:23.728880: train_loss -0.3097
2026-08-19 02:58:23.729048: val_loss -0.1537
2026-08-19 02:58:23.729108: Pseudo dice [np.float32(0.1355)]
2026-08-19 02:58:23.729191: Epoch time: 30.5 s
2026-08-19 02:58:24.487334: 
2026-08-19 02:58:24.487507: Epoch 25
2026-08-19 02:58:24.487584: Current learning rate: 0.00955
2026-08-19 02:58:54.936156: train_loss -0.3449
2026-08-19 02:58:54.936337: val_loss -0.2948
2026-08-19 02:58:54.936392: Pseudo dice [np.float32(0.3473)]
2026-08-19 02:58:54.936451: Epoch time: 30.45 s
2026-08-19 02:58:54.936502: Yayy! New best EMA pseudo Dice: 0.18320000171661377
2026-08-19 02:58:56.029801: 
2026-08-19 02:58:56.029912: Epoch 26
2026-08-19 02:58:56.029982: Current learning rate: 0.00953
2026-08-19 02:59:26.520729: train_loss -0.3078
2026-08-19 02:59:26.520905: val_loss -0.2899
2026-08-19 02:59:26.520962: Pseudo dice [np.float32(0.2827)]
2026-08-19 02:59:26.521020: Epoch time: 30.49 s
2026-08-19 02:59:26.521065: Yayy! New best EMA pseudo Dice: 0.1931000053882599
2026-08-19 02:59:27.586803: 
2026-08-19 02:59:27.587029: Epoch 27
2026-08-19 02:59:27.587102: Current learning rate: 0.00951
2026-08-19 02:59:58.066322: train_loss -0.3088
2026-08-19 02:59:58.066494: val_loss -0.3506
2026-08-19 02:59:58.066550: Pseudo dice [np.float32(0.4828)]
2026-08-19 02:59:58.066612: Epoch time: 30.48 s
2026-08-19 02:59:58.066659: Yayy! New best EMA pseudo Dice: 0.22210000455379486
2026-08-19 02:59:59.112037: 
2026-08-19 02:59:59.112197: Epoch 28
2026-08-19 02:59:59.112271: Current learning rate: 0.00949
2026-08-19 03:00:29.586014: train_loss -0.3153
2026-08-19 03:00:29.586187: val_loss -0.3191
2026-08-19 03:00:29.586246: Pseudo dice [np.float32(0.2719)]
2026-08-19 03:00:29.586315: Epoch time: 30.47 s
2026-08-19 03:00:29.586364: Yayy! New best EMA pseudo Dice: 0.22709999978542328
2026-08-19 03:00:30.889206: 
2026-08-19 03:00:30.889350: Epoch 29
2026-08-19 03:00:30.889426: Current learning rate: 0.00948
2026-08-19 03:01:01.157862: train_loss -0.3077
2026-08-19 03:01:01.158041: val_loss -0.2275
2026-08-19 03:01:01.158099: Pseudo dice [np.float32(0.3268)]
2026-08-19 03:01:01.158169: Epoch time: 30.27 s
2026-08-19 03:01:01.436969: Yayy! New best EMA pseudo Dice: 0.2370000034570694
2026-08-19 03:01:02.906314: 
2026-08-19 03:01:02.906425: Epoch 30
2026-08-19 03:01:02.906498: Current learning rate: 0.00946
2026-08-19 03:01:33.182420: train_loss -0.338
2026-08-19 03:01:33.182594: val_loss -0.2506
2026-08-19 03:01:33.182651: Pseudo dice [np.float32(0.3456)]
2026-08-19 03:01:33.182715: Epoch time: 30.28 s
2026-08-19 03:01:33.182759: Yayy! New best EMA pseudo Dice: 0.24789999425411224
2026-08-19 03:01:34.553040: 
2026-08-19 03:01:34.553261: Epoch 31
2026-08-19 03:01:34.553347: Current learning rate: 0.00944
2026-08-19 03:02:04.945596: train_loss -0.3411
2026-08-19 03:02:04.945764: val_loss -0.2668
2026-08-19 03:02:04.945817: Pseudo dice [np.float32(0.2446)]
2026-08-19 03:02:04.945884: Epoch time: 30.39 s
2026-08-19 03:02:05.716618: 
2026-08-19 03:02:05.716805: Epoch 32
2026-08-19 03:02:05.716887: Current learning rate: 0.00942
2026-08-19 03:02:36.140076: train_loss -0.3401
2026-08-19 03:02:36.140249: val_loss -0.2344
2026-08-19 03:02:36.140306: Pseudo dice [np.float32(0.3333)]
2026-08-19 03:02:36.140369: Epoch time: 30.42 s
2026-08-19 03:02:36.140418: Yayy! New best EMA pseudo Dice: 0.25619998574256897
2026-08-19 03:02:37.325489: 
2026-08-19 03:02:37.325654: Epoch 33
2026-08-19 03:02:37.325751: Current learning rate: 0.0094
2026-08-19 03:03:07.812417: train_loss -0.3295
2026-08-19 03:03:07.812591: val_loss -0.1716
2026-08-19 03:03:07.812650: Pseudo dice [np.float32(0.1065)]
2026-08-19 03:03:07.812712: Epoch time: 30.49 s
2026-08-19 03:03:08.586787: 
2026-08-19 03:03:08.586930: Epoch 34
2026-08-19 03:03:08.587067: Current learning rate: 0.00939
2026-08-19 03:03:39.122002: train_loss -0.3488
2026-08-19 03:03:39.122178: val_loss -0.2339
2026-08-19 03:03:39.122238: Pseudo dice [np.float32(0.2482)]
2026-08-19 03:03:39.122304: Epoch time: 30.54 s
2026-08-19 03:03:39.898439: 
2026-08-19 03:03:39.898685: Epoch 35
2026-08-19 03:03:39.898769: Current learning rate: 0.00937
2026-08-19 03:04:10.351832: train_loss -0.3391
2026-08-19 03:04:10.352036: val_loss -0.2629
2026-08-19 03:04:10.352093: Pseudo dice [np.float32(0.2742)]
2026-08-19 03:04:10.352157: Epoch time: 30.45 s
2026-08-19 03:04:11.128858: 
2026-08-19 03:04:11.128959: Epoch 36
2026-08-19 03:04:11.129081: Current learning rate: 0.00935
2026-08-19 03:04:41.644918: train_loss -0.3515
2026-08-19 03:04:41.645101: val_loss -0.3105
2026-08-19 03:04:41.645156: Pseudo dice [np.float32(0.4079)]
2026-08-19 03:04:41.645217: Epoch time: 30.52 s
2026-08-19 03:04:41.645261: Yayy! New best EMA pseudo Dice: 0.2614000141620636
2026-08-19 03:04:42.704438: 
2026-08-19 03:04:42.704630: Epoch 37
2026-08-19 03:04:42.704707: Current learning rate: 0.00933
2026-08-19 03:05:13.135342: train_loss -0.3557
2026-08-19 03:05:13.135519: val_loss -0.1836
2026-08-19 03:05:13.135576: Pseudo dice [np.float32(0.172)]
2026-08-19 03:05:13.135638: Epoch time: 30.43 s
2026-08-19 03:05:13.918694: 
2026-08-19 03:05:13.918821: Epoch 38
2026-08-19 03:05:13.918898: Current learning rate: 0.00931
2026-08-19 03:05:44.364450: train_loss -0.3406
2026-08-19 03:05:44.364761: val_loss -0.2363
2026-08-19 03:05:44.364824: Pseudo dice [np.float32(0.2846)]
2026-08-19 03:05:44.364900: Epoch time: 30.45 s
2026-08-19 03:05:45.149874: 
2026-08-19 03:05:45.150048: Epoch 39
2026-08-19 03:05:45.150132: Current learning rate: 0.0093
2026-08-19 03:06:15.548969: train_loss -0.3459
2026-08-19 03:06:15.549158: val_loss -0.449
2026-08-19 03:06:15.549220: Pseudo dice [np.float32(0.505)]
2026-08-19 03:06:15.549292: Epoch time: 30.4 s
2026-08-19 03:06:15.835763: Yayy! New best EMA pseudo Dice: 0.28060001134872437
2026-08-19 03:06:16.899145: 
2026-08-19 03:06:16.899256: Epoch 40
2026-08-19 03:06:16.899327: Current learning rate: 0.00928
2026-08-19 03:06:47.377497: train_loss -0.342
2026-08-19 03:06:47.377677: val_loss -0.2528
2026-08-19 03:06:47.377740: Pseudo dice [np.float32(0.3284)]
2026-08-19 03:06:47.377810: Epoch time: 30.48 s
2026-08-19 03:06:47.377866: Yayy! New best EMA pseudo Dice: 0.28540000319480896
2026-08-19 03:06:48.458516: 
2026-08-19 03:06:48.458619: Epoch 41
2026-08-19 03:06:48.458692: Current learning rate: 0.00926
2026-08-19 03:07:18.784308: train_loss -0.3406
2026-08-19 03:07:18.784483: val_loss -0.3115
2026-08-19 03:07:18.784534: Pseudo dice [np.float32(0.4017)]
2026-08-19 03:07:18.784595: Epoch time: 30.33 s
2026-08-19 03:07:18.784637: Yayy! New best EMA pseudo Dice: 0.296999990940094
2026-08-19 03:07:19.827927: 
2026-08-19 03:07:19.828102: Epoch 42
2026-08-19 03:07:19.828185: Current learning rate: 0.00924
2026-08-19 03:07:50.361976: train_loss -0.3786
2026-08-19 03:07:50.362149: val_loss -0.2843
2026-08-19 03:07:50.362209: Pseudo dice [np.float32(0.4351)]
2026-08-19 03:07:50.362273: Epoch time: 30.53 s
2026-08-19 03:07:50.362319: Yayy! New best EMA pseudo Dice: 0.3107999861240387
2026-08-19 03:07:51.398494: 
2026-08-19 03:07:51.398604: Epoch 43
2026-08-19 03:07:51.398676: Current learning rate: 0.00922
2026-08-19 03:08:21.740008: train_loss -0.3582
2026-08-19 03:08:21.740268: val_loss -0.3524
2026-08-19 03:08:21.740330: Pseudo dice [np.float32(0.5332)]
2026-08-19 03:08:21.740395: Epoch time: 30.34 s
2026-08-19 03:08:21.740451: Yayy! New best EMA pseudo Dice: 0.33309999108314514
2026-08-19 03:08:22.832119: 
2026-08-19 03:08:22.832327: Epoch 44
2026-08-19 03:08:22.832402: Current learning rate: 0.0092
2026-08-19 03:08:53.307742: train_loss -0.3511
2026-08-19 03:08:53.307961: val_loss -0.178
2026-08-19 03:08:53.308022: Pseudo dice [np.float32(0.1342)]
2026-08-19 03:08:53.308094: Epoch time: 30.48 s
2026-08-19 03:08:54.079831: 
2026-08-19 03:08:54.080013: Epoch 45
2026-08-19 03:08:54.080087: Current learning rate: 0.00919
2026-08-19 03:09:24.583678: train_loss -0.3445
2026-08-19 03:09:24.583879: val_loss -0.2993
2026-08-19 03:09:24.583935: Pseudo dice [np.float32(0.2699)]
2026-08-19 03:09:24.584007: Epoch time: 30.5 s
2026-08-19 03:09:25.360187: 
2026-08-19 03:09:25.360347: Epoch 46
2026-08-19 03:09:25.360430: Current learning rate: 0.00917
2026-08-19 03:09:55.836488: train_loss -0.3614
2026-08-19 03:09:55.836725: val_loss -0.2918
2026-08-19 03:09:55.836786: Pseudo dice [np.float32(0.3797)]
2026-08-19 03:09:55.836852: Epoch time: 30.48 s
2026-08-19 03:09:56.598236: 
2026-08-19 03:09:56.598350: Epoch 47
2026-08-19 03:09:56.598423: Current learning rate: 0.00915
2026-08-19 03:10:27.103455: train_loss -0.379
2026-08-19 03:10:27.103711: val_loss -0.317
2026-08-19 03:10:27.103768: Pseudo dice [np.float32(0.3176)]
2026-08-19 03:10:27.103834: Epoch time: 30.51 s
2026-08-19 03:10:27.863500: 
2026-08-19 03:10:27.863700: Epoch 48
2026-08-19 03:10:27.863778: Current learning rate: 0.00913
2026-08-19 03:10:58.366827: train_loss -0.3526
2026-08-19 03:10:58.367037: val_loss -0.3186
2026-08-19 03:10:58.367095: Pseudo dice [np.float32(0.496)]
2026-08-19 03:10:58.367160: Epoch time: 30.5 s
2026-08-19 03:10:58.367210: Yayy! New best EMA pseudo Dice: 0.33410000801086426
2026-08-19 03:10:59.427331: 
2026-08-19 03:10:59.427440: Epoch 49
2026-08-19 03:10:59.427513: Current learning rate: 0.00911
2026-08-19 03:11:29.970650: train_loss -0.4005
2026-08-19 03:11:29.970872: val_loss -0.2829
2026-08-19 03:11:29.970935: Pseudo dice [np.float32(0.4494)]
2026-08-19 03:11:29.971005: Epoch time: 30.54 s
2026-08-19 03:11:30.270908: Yayy! New best EMA pseudo Dice: 0.3456000089645386
2026-08-19 03:11:31.324663: 
2026-08-19 03:11:31.324769: Epoch 50
2026-08-19 03:11:31.324844: Current learning rate: 0.0091
2026-08-19 03:12:01.837615: train_loss -0.3522
2026-08-19 03:12:01.837823: val_loss -0.2956
2026-08-19 03:12:01.837894: Pseudo dice [np.float32(0.5121)]
2026-08-19 03:12:01.837958: Epoch time: 30.51 s
2026-08-19 03:12:01.838002: Yayy! New best EMA pseudo Dice: 0.36230000853538513
2026-08-19 03:12:02.981327: 
2026-08-19 03:12:02.981521: Epoch 51
2026-08-19 03:12:02.981595: Current learning rate: 0.00908
2026-08-19 03:12:33.384914: train_loss -0.3603
2026-08-19 03:12:33.385081: val_loss -0.2506
2026-08-19 03:12:33.385136: Pseudo dice [np.float32(0.324)]
2026-08-19 03:12:33.385195: Epoch time: 30.4 s
2026-08-19 03:12:34.156169: 
2026-08-19 03:12:34.156378: Epoch 52
2026-08-19 03:12:34.156453: Current learning rate: 0.00906
2026-08-19 03:13:04.556810: train_loss -0.3635
2026-08-19 03:13:04.556985: val_loss -0.3384
2026-08-19 03:13:04.557046: Pseudo dice [np.float32(0.5625)]
2026-08-19 03:13:04.557111: Epoch time: 30.4 s
2026-08-19 03:13:04.557185: Yayy! New best EMA pseudo Dice: 0.37880000472068787
2026-08-19 03:13:05.620421: 
2026-08-19 03:13:05.620650: Epoch 53
2026-08-19 03:13:05.620752: Current learning rate: 0.00904
2026-08-19 03:13:35.932597: train_loss -0.3736
2026-08-19 03:13:35.932776: val_loss -0.2652
2026-08-19 03:13:35.932835: Pseudo dice [np.float32(0.4934)]
2026-08-19 03:13:35.932907: Epoch time: 30.31 s
2026-08-19 03:13:35.932958: Yayy! New best EMA pseudo Dice: 0.3903000056743622
2026-08-19 03:13:36.998035: 
2026-08-19 03:13:36.998143: Epoch 54
2026-08-19 03:13:36.998220: Current learning rate: 0.00902
2026-08-19 03:14:07.366379: train_loss -0.4208
2026-08-19 03:14:07.366553: val_loss -0.2941
2026-08-19 03:14:07.366612: Pseudo dice [np.float32(0.4589)]
2026-08-19 03:14:07.366678: Epoch time: 30.37 s
2026-08-19 03:14:07.366734: Yayy! New best EMA pseudo Dice: 0.39719998836517334
2026-08-19 03:14:08.763206: 
2026-08-19 03:14:08.763387: Epoch 55
2026-08-19 03:14:08.763461: Current learning rate: 0.009
2026-08-19 03:14:39.153348: train_loss -0.388
2026-08-19 03:14:39.153522: val_loss -0.3216
2026-08-19 03:14:39.153581: Pseudo dice [np.float32(0.3743)]
2026-08-19 03:14:39.153650: Epoch time: 30.39 s
2026-08-19 03:14:39.918455: 
2026-08-19 03:14:39.918611: Epoch 56
2026-08-19 03:14:39.918685: Current learning rate: 0.00899
2026-08-19 03:15:10.319332: train_loss -0.3856
2026-08-19 03:15:10.319532: val_loss -0.2756
2026-08-19 03:15:10.319590: Pseudo dice [np.float32(0.374)]
2026-08-19 03:15:10.319659: Epoch time: 30.4 s
2026-08-19 03:15:11.092705: 
2026-08-19 03:15:11.092844: Epoch 57
2026-08-19 03:15:11.092931: Current learning rate: 0.00897
2026-08-19 03:15:41.362492: train_loss -0.4118
2026-08-19 03:15:41.362706: val_loss -0.3422
2026-08-19 03:15:41.362765: Pseudo dice [np.float32(0.5561)]
2026-08-19 03:15:41.362835: Epoch time: 30.27 s
2026-08-19 03:15:41.362889: Yayy! New best EMA pseudo Dice: 0.4090999960899353
2026-08-19 03:15:42.423229: 
2026-08-19 03:15:42.423344: Epoch 58
2026-08-19 03:15:42.423610: Current learning rate: 0.00895
2026-08-19 03:16:12.770723: train_loss -0.3861
2026-08-19 03:16:12.770960: val_loss -0.3867
2026-08-19 03:16:12.771019: Pseudo dice [np.float32(0.6276)]
2026-08-19 03:16:12.771091: Epoch time: 30.35 s
2026-08-19 03:16:12.771136: Yayy! New best EMA pseudo Dice: 0.4309999942779541
2026-08-19 03:16:13.843557: 
2026-08-19 03:16:13.843720: Epoch 59
2026-08-19 03:16:13.843805: Current learning rate: 0.00893
2026-08-19 03:16:44.261084: train_loss -0.4006
2026-08-19 03:16:44.261282: val_loss -0.4394
2026-08-19 03:16:44.261344: Pseudo dice [np.float32(0.5945)]
2026-08-19 03:16:44.261411: Epoch time: 30.42 s
2026-08-19 03:16:44.576802: Yayy! New best EMA pseudo Dice: 0.447299987077713
2026-08-19 03:16:45.624199: 
2026-08-19 03:16:45.624324: Epoch 60
2026-08-19 03:16:45.624401: Current learning rate: 0.00891
2026-08-19 03:17:16.070360: train_loss -0.4129
2026-08-19 03:17:16.070612: val_loss -0.417
2026-08-19 03:17:16.070675: Pseudo dice [np.float32(0.6551)]
2026-08-19 03:17:16.070743: Epoch time: 30.45 s
2026-08-19 03:17:16.070790: Yayy! New best EMA pseudo Dice: 0.46810001134872437
2026-08-19 03:17:17.137998: 
2026-08-19 03:17:17.138210: Epoch 61
2026-08-19 03:17:17.138291: Current learning rate: 0.00889
2026-08-19 03:17:47.555367: train_loss -0.3751
2026-08-19 03:17:47.555640: val_loss -0.394
2026-08-19 03:17:47.555700: Pseudo dice [np.float32(0.5225)]
2026-08-19 03:17:47.555764: Epoch time: 30.42 s
2026-08-19 03:17:47.555810: Yayy! New best EMA pseudo Dice: 0.47350001335144043
2026-08-19 03:17:48.625630: 
2026-08-19 03:17:48.625821: Epoch 62
2026-08-19 03:17:48.625903: Current learning rate: 0.00888
2026-08-19 03:18:19.031879: train_loss -0.3785
2026-08-19 03:18:19.032087: val_loss -0.306
2026-08-19 03:18:19.032145: Pseudo dice [np.float32(0.5196)]
2026-08-19 03:18:19.032212: Epoch time: 30.41 s
2026-08-19 03:18:19.032257: Yayy! New best EMA pseudo Dice: 0.4781000018119812
2026-08-19 03:18:20.112843: 
2026-08-19 03:18:20.112964: Epoch 63
2026-08-19 03:18:20.113035: Current learning rate: 0.00886
2026-08-19 03:18:50.543752: train_loss -0.3647
2026-08-19 03:18:50.543951: val_loss -0.2894
2026-08-19 03:18:50.544010: Pseudo dice [np.float32(0.3573)]
2026-08-19 03:18:50.544073: Epoch time: 30.43 s
2026-08-19 03:18:51.328551: 
2026-08-19 03:18:51.328748: Epoch 64
2026-08-19 03:18:51.328863: Current learning rate: 0.00884
2026-08-19 03:19:21.599762: train_loss -0.4039
2026-08-19 03:19:21.599944: val_loss -0.3396
2026-08-19 03:19:21.600001: Pseudo dice [np.float32(0.4404)]
2026-08-19 03:19:21.600062: Epoch time: 30.27 s
2026-08-19 03:19:22.385468: 
2026-08-19 03:19:22.385619: Epoch 65
2026-08-19 03:19:22.385729: Current learning rate: 0.00882
2026-08-19 03:19:52.767347: train_loss -0.3871
2026-08-19 03:19:52.767548: val_loss -0.3825
2026-08-19 03:19:52.767606: Pseudo dice [np.float32(0.567)]
2026-08-19 03:19:52.767668: Epoch time: 30.38 s
2026-08-19 03:19:53.553064: 
2026-08-19 03:19:53.553298: Epoch 66
2026-08-19 03:19:53.553374: Current learning rate: 0.0088
2026-08-19 03:20:23.945557: train_loss -0.3766
2026-08-19 03:20:23.945735: val_loss -0.241
2026-08-19 03:20:23.945796: Pseudo dice [np.float32(0.2652)]
2026-08-19 03:20:23.945868: Epoch time: 30.39 s
2026-08-19 03:20:25.017218: 
2026-08-19 03:20:25.017421: Epoch 67
2026-08-19 03:20:25.017498: Current learning rate: 0.00879
2026-08-19 03:20:55.445953: train_loss -0.3915
2026-08-19 03:20:55.446167: val_loss -0.3832
2026-08-19 03:20:55.446225: Pseudo dice [np.float32(0.592)]
2026-08-19 03:20:55.446289: Epoch time: 30.43 s
2026-08-19 03:20:56.239552: 
2026-08-19 03:20:56.239768: Epoch 68
2026-08-19 03:20:56.239843: Current learning rate: 0.00877
2026-08-19 03:21:26.496690: train_loss -0.3956
2026-08-19 03:21:26.496903: val_loss -0.3583
2026-08-19 03:21:26.496961: Pseudo dice [np.float32(0.5537)]
2026-08-19 03:21:26.497028: Epoch time: 30.26 s
2026-08-19 03:21:27.280599: 
2026-08-19 03:21:27.280730: Epoch 69
2026-08-19 03:21:27.280801: Current learning rate: 0.00875
2026-08-19 03:21:57.532750: train_loss -0.4298
2026-08-19 03:21:57.532970: val_loss -0.3751
2026-08-19 03:21:57.533028: Pseudo dice [np.float32(0.5878)]
2026-08-19 03:21:57.533092: Epoch time: 30.25 s
2026-08-19 03:21:57.835079: Yayy! New best EMA pseudo Dice: 0.4867999851703644
2026-08-19 03:21:59.186531: 
2026-08-19 03:21:59.186707: Epoch 70
2026-08-19 03:21:59.186783: Current learning rate: 0.00873
2026-08-19 03:22:29.580348: train_loss -0.4213
2026-08-19 03:22:29.580555: val_loss -0.3566
2026-08-19 03:22:29.580618: Pseudo dice [np.float32(0.5386)]
2026-08-19 03:22:29.580682: Epoch time: 30.39 s
2026-08-19 03:22:29.580726: Yayy! New best EMA pseudo Dice: 0.492000013589859
2026-08-19 03:22:30.907888: 
2026-08-19 03:22:30.908049: Epoch 71
2026-08-19 03:22:30.908126: Current learning rate: 0.00871
2026-08-19 03:23:01.335384: train_loss -0.4029
2026-08-19 03:23:01.335559: val_loss -0.3613
2026-08-19 03:23:01.335685: Pseudo dice [np.float32(0.6058)]
2026-08-19 03:23:01.335753: Epoch time: 30.43 s
2026-08-19 03:23:01.335799: Yayy! New best EMA pseudo Dice: 0.5033000111579895
2026-08-19 03:23:02.420956: 
2026-08-19 03:23:02.421212: Epoch 72
2026-08-19 03:23:02.421287: Current learning rate: 0.00869
2026-08-19 03:23:32.879832: train_loss -0.4251
2026-08-19 03:23:32.880073: val_loss -0.4396
2026-08-19 03:23:32.880134: Pseudo dice [np.float32(0.6327)]
2026-08-19 03:23:32.880199: Epoch time: 30.46 s
2026-08-19 03:23:32.880243: Yayy! New best EMA pseudo Dice: 0.5163000226020813
2026-08-19 03:23:33.972479: 
2026-08-19 03:23:33.972672: Epoch 73
2026-08-19 03:23:33.972758: Current learning rate: 0.00868
2026-08-19 03:24:04.463733: train_loss -0.4277
2026-08-19 03:24:04.463932: val_loss -0.3396
2026-08-19 03:24:04.463988: Pseudo dice [np.float32(0.5419)]
2026-08-19 03:24:04.464048: Epoch time: 30.49 s
2026-08-19 03:24:04.464091: Yayy! New best EMA pseudo Dice: 0.5188000202178955
2026-08-19 03:24:05.544450: 
2026-08-19 03:24:05.544562: Epoch 74
2026-08-19 03:24:05.544632: Current learning rate: 0.00866
2026-08-19 03:24:35.860811: train_loss -0.4123
2026-08-19 03:24:35.861015: val_loss -0.319
2026-08-19 03:24:35.861075: Pseudo dice [np.float32(0.5098)]
2026-08-19 03:24:35.861137: Epoch time: 30.32 s
2026-08-19 03:24:36.654888: 
2026-08-19 03:24:36.655005: Epoch 75
2026-08-19 03:24:36.655078: Current learning rate: 0.00864
2026-08-19 03:25:07.033372: train_loss -0.4079
2026-08-19 03:25:07.033560: val_loss -0.3323
2026-08-19 03:25:07.033617: Pseudo dice [np.float32(0.5089)]
2026-08-19 03:25:07.033678: Epoch time: 30.38 s
2026-08-19 03:25:07.828135: 
2026-08-19 03:25:07.828236: Epoch 76
2026-08-19 03:25:07.828308: Current learning rate: 0.00862
2026-08-19 03:25:38.250669: train_loss -0.4087
2026-08-19 03:25:38.250842: val_loss -0.3726
2026-08-19 03:25:38.250928: Pseudo dice [np.float32(0.5794)]
2026-08-19 03:25:38.250991: Epoch time: 30.42 s
2026-08-19 03:25:38.251036: Yayy! New best EMA pseudo Dice: 0.5232999920845032
2026-08-19 03:25:39.328370: 
2026-08-19 03:25:39.328597: Epoch 77
2026-08-19 03:25:39.328675: Current learning rate: 0.0086
2026-08-19 03:26:09.600088: train_loss -0.4223
2026-08-19 03:26:09.600283: val_loss -0.4119
2026-08-19 03:26:09.600343: Pseudo dice [np.float32(0.6214)]
2026-08-19 03:26:09.600404: Epoch time: 30.27 s
2026-08-19 03:26:09.600451: Yayy! New best EMA pseudo Dice: 0.5331000089645386
2026-08-19 03:26:10.696006: 
2026-08-19 03:26:10.696189: Epoch 78
2026-08-19 03:26:10.696261: Current learning rate: 0.00858
2026-08-19 03:26:41.160401: train_loss -0.3792
2026-08-19 03:26:41.160572: val_loss -0.3594
2026-08-19 03:26:41.160630: Pseudo dice [np.float32(0.5661)]
2026-08-19 03:26:41.160698: Epoch time: 30.47 s
2026-08-19 03:26:41.160745: Yayy! New best EMA pseudo Dice: 0.5364000201225281
2026-08-19 03:26:42.561883: 
2026-08-19 03:26:42.562021: Epoch 79
2026-08-19 03:26:42.562133: Current learning rate: 0.00857
2026-08-19 03:27:13.006099: train_loss -0.4081
2026-08-19 03:27:13.006270: val_loss -0.3701
2026-08-19 03:27:13.006330: Pseudo dice [np.float32(0.5757)]
2026-08-19 03:27:13.006392: Epoch time: 30.45 s
2026-08-19 03:27:13.302638: Yayy! New best EMA pseudo Dice: 0.5403000116348267
2026-08-19 03:27:14.414762: 
2026-08-19 03:27:14.414898: Epoch 80
2026-08-19 03:27:14.414974: Current learning rate: 0.00855
2026-08-19 03:27:44.721369: train_loss -0.4195
2026-08-19 03:27:44.721618: val_loss -0.4653
2026-08-19 03:27:44.721680: Pseudo dice [np.float32(0.6962)]
2026-08-19 03:27:44.721748: Epoch time: 30.31 s
2026-08-19 03:27:44.721797: Yayy! New best EMA pseudo Dice: 0.555899977684021
2026-08-19 03:27:45.821209: 
2026-08-19 03:27:45.821471: Epoch 81
2026-08-19 03:27:45.821548: Current learning rate: 0.00853
2026-08-19 03:28:16.300457: train_loss -0.4153
2026-08-19 03:28:16.300630: val_loss -0.4439
2026-08-19 03:28:16.300686: Pseudo dice [np.float32(0.7047)]
2026-08-19 03:28:16.300747: Epoch time: 30.48 s
2026-08-19 03:28:16.300791: Yayy! New best EMA pseudo Dice: 0.5708000063896179
2026-08-19 03:28:17.398090: 
2026-08-19 03:28:17.398319: Epoch 82
2026-08-19 03:28:17.398404: Current learning rate: 0.00851
2026-08-19 03:28:47.863014: train_loss -0.3926
2026-08-19 03:28:47.863245: val_loss -0.3501
2026-08-19 03:28:47.863305: Pseudo dice [np.float32(0.559)]
2026-08-19 03:28:47.863369: Epoch time: 30.47 s
2026-08-19 03:28:48.645482: 
2026-08-19 03:28:48.645605: Epoch 83
2026-08-19 03:28:48.645724: Current learning rate: 0.00849
2026-08-19 03:29:19.031692: train_loss -0.4551
2026-08-19 03:29:19.031918: val_loss -0.4108
2026-08-19 03:29:19.032011: Pseudo dice [np.float32(0.6063)]
2026-08-19 03:29:19.032087: Epoch time: 30.39 s
2026-08-19 03:29:19.032135: Yayy! New best EMA pseudo Dice: 0.5733000040054321
2026-08-19 03:29:20.214154: 
2026-08-19 03:29:20.214360: Epoch 84
2026-08-19 03:29:20.214452: Current learning rate: 0.00847
2026-08-19 03:29:50.580935: train_loss -0.4522
2026-08-19 03:29:50.581143: val_loss -0.4017
2026-08-19 03:29:50.581204: Pseudo dice [np.float32(0.6562)]
2026-08-19 03:29:50.581272: Epoch time: 30.37 s
2026-08-19 03:29:50.581321: Yayy! New best EMA pseudo Dice: 0.58160001039505
2026-08-19 03:29:51.815704: 
2026-08-19 03:29:51.815824: Epoch 85
2026-08-19 03:29:51.815904: Current learning rate: 0.00846
2026-08-19 03:30:22.155520: train_loss -0.4072
2026-08-19 03:30:22.155771: val_loss -0.3862
2026-08-19 03:30:22.155831: Pseudo dice [np.float32(0.5948)]
2026-08-19 03:30:22.155903: Epoch time: 30.34 s
2026-08-19 03:30:22.155950: Yayy! New best EMA pseudo Dice: 0.5828999876976013
2026-08-19 03:30:23.230662: 
2026-08-19 03:30:23.230869: Epoch 86
2026-08-19 03:30:23.230957: Current learning rate: 0.00844
2026-08-19 03:30:53.673475: train_loss -0.4102
2026-08-19 03:30:53.673702: val_loss -0.3025
2026-08-19 03:30:53.673760: Pseudo dice [np.float32(0.5009)]
2026-08-19 03:30:53.673831: Epoch time: 30.44 s
2026-08-19 03:30:54.455169: 
2026-08-19 03:30:54.455279: Epoch 87
2026-08-19 03:30:54.455352: Current learning rate: 0.00842
2026-08-19 03:31:24.804353: train_loss -0.4007
2026-08-19 03:31:24.804655: val_loss -0.3398
2026-08-19 03:31:24.804717: Pseudo dice [np.float32(0.5206)]
2026-08-19 03:31:24.804781: Epoch time: 30.35 s
2026-08-19 03:31:25.587326: 
2026-08-19 03:31:25.587432: Epoch 88
2026-08-19 03:31:25.587503: Current learning rate: 0.0084
2026-08-19 03:31:56.060084: train_loss -0.4267
2026-08-19 03:31:56.060303: val_loss -0.3741
2026-08-19 03:31:56.060361: Pseudo dice [np.float32(0.5665)]
2026-08-19 03:31:56.060427: Epoch time: 30.47 s
2026-08-19 03:31:56.842439: 
2026-08-19 03:31:56.842695: Epoch 89
2026-08-19 03:31:56.842769: Current learning rate: 0.00838
2026-08-19 03:32:27.319094: train_loss -0.3652
2026-08-19 03:32:27.319316: val_loss -0.2783
2026-08-19 03:32:27.319379: Pseudo dice [np.float32(0.2676)]
2026-08-19 03:32:27.319448: Epoch time: 30.48 s
2026-08-19 03:32:28.687990: 
2026-08-19 03:32:28.688125: Epoch 90
2026-08-19 03:32:28.688217: Current learning rate: 0.00836
2026-08-19 03:32:59.116512: train_loss -0.4085
2026-08-19 03:32:59.116709: val_loss -0.3766
2026-08-19 03:32:59.116768: Pseudo dice [np.float32(0.547)]
2026-08-19 03:32:59.116833: Epoch time: 30.43 s
2026-08-19 03:32:59.892944: 
2026-08-19 03:32:59.893142: Epoch 91
2026-08-19 03:32:59.893219: Current learning rate: 0.00835
2026-08-19 03:33:30.194522: train_loss -0.4181
2026-08-19 03:33:30.194710: val_loss -0.4143
2026-08-19 03:33:30.194768: Pseudo dice [np.float32(0.5393)]
2026-08-19 03:33:30.194882: Epoch time: 30.3 s
2026-08-19 03:33:30.968730: 
2026-08-19 03:33:30.968860: Epoch 92
2026-08-19 03:33:30.968937: Current learning rate: 0.00833
2026-08-19 03:34:01.469996: train_loss -0.437
2026-08-19 03:34:01.470184: val_loss -0.4086
2026-08-19 03:34:01.470244: Pseudo dice [np.float32(0.6443)]
2026-08-19 03:34:01.470313: Epoch time: 30.5 s
2026-08-19 03:34:02.255664: 
2026-08-19 03:34:02.255940: Epoch 93
2026-08-19 03:34:02.256040: Current learning rate: 0.00831
2026-08-19 03:34:32.629451: train_loss -0.403
2026-08-19 03:34:32.629649: val_loss -0.354
2026-08-19 03:34:32.629706: Pseudo dice [np.float32(0.5337)]
2026-08-19 03:34:32.629805: Epoch time: 30.37 s
2026-08-19 03:34:33.416484: 
2026-08-19 03:34:33.416615: Epoch 94
2026-08-19 03:34:33.416693: Current learning rate: 0.00829
2026-08-19 03:35:03.834120: train_loss -0.4451
2026-08-19 03:35:03.834331: val_loss -0.448
2026-08-19 03:35:03.834393: Pseudo dice [np.float32(0.6785)]
2026-08-19 03:35:03.834460: Epoch time: 30.42 s
2026-08-19 03:35:04.622504: 
2026-08-19 03:35:04.622643: Epoch 95
2026-08-19 03:35:04.622719: Current learning rate: 0.00827
2026-08-19 03:35:34.917189: train_loss -0.4199
2026-08-19 03:35:34.917366: val_loss -0.427
2026-08-19 03:35:34.917447: Pseudo dice [np.float32(0.6515)]
2026-08-19 03:35:34.917526: Epoch time: 30.3 s
2026-08-19 03:35:35.714439: 
2026-08-19 03:35:35.714563: Epoch 96
2026-08-19 03:35:35.714641: Current learning rate: 0.00825
2026-08-19 03:36:06.006188: train_loss -0.427
2026-08-19 03:36:06.006413: val_loss -0.3446
2026-08-19 03:36:06.006472: Pseudo dice [np.float32(0.5059)]
2026-08-19 03:36:06.006546: Epoch time: 30.29 s
2026-08-19 03:36:06.819970: 
2026-08-19 03:36:06.820226: Epoch 97
2026-08-19 03:36:06.820308: Current learning rate: 0.00824
2026-08-19 03:36:37.183054: train_loss -0.3966
2026-08-19 03:36:37.183343: val_loss -0.4511
2026-08-19 03:36:37.183409: Pseudo dice [np.float32(0.6741)]
2026-08-19 03:36:37.183476: Epoch time: 30.36 s
2026-08-19 03:36:37.978960: 
2026-08-19 03:36:37.979210: Epoch 98
2026-08-19 03:36:37.979282: Current learning rate: 0.00822
2026-08-19 03:37:08.243788: train_loss -0.4202
2026-08-19 03:37:08.243968: val_loss -0.4141
2026-08-19 03:37:08.244027: Pseudo dice [np.float32(0.6437)]
2026-08-19 03:37:08.244089: Epoch time: 30.27 s
2026-08-19 03:37:09.037230: 
2026-08-19 03:37:09.037509: Epoch 99
2026-08-19 03:37:09.037589: Current learning rate: 0.0082
2026-08-19 03:37:39.268707: train_loss -0.4422
2026-08-19 03:37:39.268888: val_loss -0.3659
2026-08-19 03:37:39.268955: Pseudo dice [np.float32(0.5836)]
2026-08-19 03:37:39.269023: Epoch time: 30.23 s
2026-08-19 03:37:40.491698: 
2026-08-19 03:37:40.491827: Epoch 100
2026-08-19 03:37:40.491913: Current learning rate: 0.00818
2026-08-19 03:38:10.843836: train_loss -0.4502
2026-08-19 03:38:10.844033: val_loss -0.4248
2026-08-19 03:38:10.844095: Pseudo dice [np.float32(0.6634)]
2026-08-19 03:38:10.844163: Epoch time: 30.35 s
2026-08-19 03:38:10.844211: Yayy! New best EMA pseudo Dice: 0.5902000069618225
2026-08-19 03:38:11.950730: 
2026-08-19 03:38:11.950918: Epoch 101
2026-08-19 03:38:11.950992: Current learning rate: 0.00816
2026-08-19 03:38:42.243872: train_loss -0.4655
2026-08-19 03:38:42.244058: val_loss -0.4505
2026-08-19 03:38:42.244124: Pseudo dice [np.float32(0.6689)]
2026-08-19 03:38:42.244191: Epoch time: 30.29 s
2026-08-19 03:38:42.244239: Yayy! New best EMA pseudo Dice: 0.5981000065803528
2026-08-19 03:38:43.640796: 
2026-08-19 03:38:43.640928: Epoch 102
2026-08-19 03:38:43.641011: Current learning rate: 0.00814
2026-08-19 03:39:14.097214: train_loss -0.4268
2026-08-19 03:39:14.097388: val_loss -0.4318
2026-08-19 03:39:14.097442: Pseudo dice [np.float32(0.5571)]
2026-08-19 03:39:14.097502: Epoch time: 30.46 s
2026-08-19 03:39:14.879305: 
2026-08-19 03:39:14.879477: Epoch 103
2026-08-19 03:39:14.879564: Current learning rate: 0.00813
2026-08-19 03:39:45.299226: train_loss -0.423
2026-08-19 03:39:45.299398: val_loss -0.2765
2026-08-19 03:39:45.299455: Pseudo dice [np.float32(0.3468)]
2026-08-19 03:39:45.299515: Epoch time: 30.42 s
2026-08-19 03:39:46.085735: 
2026-08-19 03:39:46.085970: Epoch 104
2026-08-19 03:39:46.086069: Current learning rate: 0.00811
2026-08-19 03:40:16.513637: train_loss -0.4363
2026-08-19 03:40:16.513911: val_loss -0.3874
2026-08-19 03:40:16.513973: Pseudo dice [np.float32(0.6072)]
2026-08-19 03:40:16.514037: Epoch time: 30.43 s
2026-08-19 03:40:17.306550: 
2026-08-19 03:40:17.306690: Epoch 105
2026-08-19 03:40:17.306797: Current learning rate: 0.00809
2026-08-19 03:40:47.672798: train_loss -0.4065
2026-08-19 03:40:47.672977: val_loss -0.4234
2026-08-19 03:40:47.673035: Pseudo dice [np.float32(0.6159)]
2026-08-19 03:40:47.673096: Epoch time: 30.37 s
2026-08-19 03:40:48.467474: 
2026-08-19 03:40:48.467757: Epoch 106
2026-08-19 03:40:48.467840: Current learning rate: 0.00807
2026-08-19 03:41:18.912298: train_loss -0.4119
2026-08-19 03:41:18.912478: val_loss -0.3702
2026-08-19 03:41:18.912536: Pseudo dice [np.float32(0.5033)]
2026-08-19 03:41:18.912604: Epoch time: 30.45 s
2026-08-19 03:41:19.708022: 
2026-08-19 03:41:19.708140: Epoch 107
2026-08-19 03:41:19.708213: Current learning rate: 0.00805
2026-08-19 03:41:49.980740: train_loss -0.4501
2026-08-19 03:41:49.980962: val_loss -0.4438
2026-08-19 03:41:49.981040: Pseudo dice [np.float32(0.6364)]
2026-08-19 03:41:49.981133: Epoch time: 30.27 s
2026-08-19 03:41:50.780164: 
2026-08-19 03:41:50.780321: Epoch 108
2026-08-19 03:41:50.780395: Current learning rate: 0.00803
2026-08-19 03:42:21.090687: train_loss -0.4639
2026-08-19 03:42:21.090923: val_loss -0.4551
2026-08-19 03:42:21.091007: Pseudo dice [np.float32(0.7104)]
2026-08-19 03:42:21.091078: Epoch time: 30.31 s
2026-08-19 03:42:21.889900: 
2026-08-19 03:42:21.890144: Epoch 109
2026-08-19 03:42:21.890222: Current learning rate: 0.00801
2026-08-19 03:42:52.187120: train_loss -0.4305
2026-08-19 03:42:52.187346: val_loss -0.4634
2026-08-19 03:42:52.187406: Pseudo dice [np.float32(0.6603)]
2026-08-19 03:42:52.187472: Epoch time: 30.3 s
2026-08-19 03:42:53.282752: 
2026-08-19 03:42:53.282905: Epoch 110
2026-08-19 03:42:53.282982: Current learning rate: 0.008
2026-08-19 03:43:23.656344: train_loss -0.4613
2026-08-19 03:43:23.656586: val_loss -0.4822
2026-08-19 03:43:23.656643: Pseudo dice [np.float32(0.6728)]
2026-08-19 03:43:23.656705: Epoch time: 30.37 s
2026-08-19 03:43:23.656763: Yayy! New best EMA pseudo Dice: 0.6046000123023987
2026-08-19 03:43:24.738662: 
2026-08-19 03:43:24.738884: Epoch 111
2026-08-19 03:43:24.738963: Current learning rate: 0.00798
2026-08-19 03:43:55.075204: train_loss -0.455
2026-08-19 03:43:55.075409: val_loss -0.4327
2026-08-19 03:43:55.075465: Pseudo dice [np.float32(0.6066)]
2026-08-19 03:43:55.075530: Epoch time: 30.34 s
2026-08-19 03:43:55.075577: Yayy! New best EMA pseudo Dice: 0.6047999858856201
2026-08-19 03:43:56.449904: 
2026-08-19 03:43:56.450007: Epoch 112
2026-08-19 03:43:56.450080: Current learning rate: 0.00796
2026-08-19 03:44:26.797729: train_loss -0.4536
2026-08-19 03:44:26.798006: val_loss -0.4847
2026-08-19 03:44:26.798073: Pseudo dice [np.float32(0.73)]
2026-08-19 03:44:26.798147: Epoch time: 30.35 s
2026-08-19 03:44:26.798197: Yayy! New best EMA pseudo Dice: 0.6172999739646912
2026-08-19 03:44:27.975975: 
2026-08-19 03:44:27.976167: Epoch 113
2026-08-19 03:44:27.976248: Current learning rate: 0.00794
2026-08-19 03:44:58.408737: train_loss -0.4466
2026-08-19 03:44:58.408928: val_loss -0.4261
2026-08-19 03:44:58.408986: Pseudo dice [np.float32(0.6417)]
2026-08-19 03:44:58.409050: Epoch time: 30.43 s
2026-08-19 03:44:58.409095: Yayy! New best EMA pseudo Dice: 0.619700014591217
2026-08-19 03:44:59.497177: 
2026-08-19 03:44:59.497328: Epoch 114
2026-08-19 03:44:59.497410: Current learning rate: 0.00792
2026-08-19 03:45:29.910507: train_loss -0.4209
2026-08-19 03:45:29.910721: val_loss -0.4376
2026-08-19 03:45:29.910785: Pseudo dice [np.float32(0.6038)]
2026-08-19 03:45:29.910861: Epoch time: 30.41 s
2026-08-19 03:45:30.993176: 
2026-08-19 03:45:30.993288: Epoch 115
2026-08-19 03:45:30.993360: Current learning rate: 0.0079
2026-08-19 03:46:01.374866: train_loss -0.4323
2026-08-19 03:46:01.375075: val_loss -0.084
2026-08-19 03:46:01.375130: Pseudo dice [np.float32(0.0862)]
2026-08-19 03:46:01.375200: Epoch time: 30.38 s
2026-08-19 03:46:02.166317: 
2026-08-19 03:46:02.166452: Epoch 116
2026-08-19 03:46:02.166542: Current learning rate: 0.00789
2026-08-19 03:46:32.517135: train_loss -0.4191
2026-08-19 03:46:32.517365: val_loss -0.428
2026-08-19 03:46:32.517425: Pseudo dice [np.float32(0.4978)]
2026-08-19 03:46:32.517496: Epoch time: 30.35 s
2026-08-19 03:46:33.315678: 
2026-08-19 03:46:33.315841: Epoch 117
2026-08-19 03:46:33.315928: Current learning rate: 0.00787
2026-08-19 03:47:03.589144: train_loss -0.4199
2026-08-19 03:47:03.589360: val_loss -0.3911
2026-08-19 03:47:03.589420: Pseudo dice [np.float32(0.4392)]
2026-08-19 03:47:03.589494: Epoch time: 30.27 s
2026-08-19 03:47:04.391887: 
2026-08-19 03:47:04.392039: Epoch 118
2026-08-19 03:47:04.392112: Current learning rate: 0.00785
2026-08-19 03:47:34.800419: train_loss -0.4145
2026-08-19 03:47:34.800647: val_loss -0.4357
2026-08-19 03:47:34.800705: Pseudo dice [np.float32(0.5449)]
2026-08-19 03:47:34.800773: Epoch time: 30.41 s
2026-08-19 03:47:35.619397: 
2026-08-19 03:47:35.619529: Epoch 119
2026-08-19 03:47:35.619666: Current learning rate: 0.00783
2026-08-19 03:48:05.851021: train_loss -0.4367
2026-08-19 03:48:05.851257: val_loss -0.4131
2026-08-19 03:48:05.851319: Pseudo dice [np.float32(0.5822)]
2026-08-19 03:48:05.851382: Epoch time: 30.23 s
2026-08-19 03:48:06.933814: 
2026-08-19 03:48:06.933962: Epoch 120
2026-08-19 03:48:06.934035: Current learning rate: 0.00781
2026-08-19 03:48:37.174477: train_loss -0.403
2026-08-19 03:48:37.174647: val_loss -0.4208
2026-08-19 03:48:37.174702: Pseudo dice [np.float32(0.5216)]
2026-08-19 03:48:37.174763: Epoch time: 30.24 s
2026-08-19 03:48:37.969430: 
2026-08-19 03:48:37.969634: Epoch 121
2026-08-19 03:48:37.969707: Current learning rate: 0.00779
2026-08-19 03:49:08.294053: train_loss -0.4316
2026-08-19 03:49:08.294240: val_loss -0.3877
2026-08-19 03:49:08.294298: Pseudo dice [np.float32(0.5525)]
2026-08-19 03:49:08.294360: Epoch time: 30.33 s
2026-08-19 03:49:09.087633: 
2026-08-19 03:49:09.087742: Epoch 122
2026-08-19 03:49:09.087814: Current learning rate: 0.00777
2026-08-19 03:49:39.433395: train_loss -0.4497
2026-08-19 03:49:39.433568: val_loss -0.4933
2026-08-19 03:49:39.433626: Pseudo dice [np.float32(0.7058)]
2026-08-19 03:49:39.433689: Epoch time: 30.35 s
2026-08-19 03:49:40.227266: 
2026-08-19 03:49:40.227466: Epoch 123
2026-08-19 03:49:40.227547: Current learning rate: 0.00776
2026-08-19 03:50:10.613749: train_loss -0.468
2026-08-19 03:50:10.613925: val_loss -0.4865
2026-08-19 03:50:10.613982: Pseudo dice [np.float32(0.7375)]
2026-08-19 03:50:10.614042: Epoch time: 30.39 s
2026-08-19 03:50:11.411736: 
2026-08-19 03:50:11.411876: Epoch 124
2026-08-19 03:50:11.411983: Current learning rate: 0.00774
2026-08-19 03:50:41.805825: train_loss -0.449
2026-08-19 03:50:41.806003: val_loss -0.4674
2026-08-19 03:50:41.806058: Pseudo dice [np.float32(0.6992)]
2026-08-19 03:50:41.806120: Epoch time: 30.4 s
2026-08-19 03:50:42.597292: 
2026-08-19 03:50:42.597411: Epoch 125
2026-08-19 03:50:42.597516: Current learning rate: 0.00772
2026-08-19 03:51:13.032961: train_loss -0.4415
2026-08-19 03:51:13.033136: val_loss -0.4169
2026-08-19 03:51:13.033196: Pseudo dice [np.float32(0.6333)]
2026-08-19 03:51:13.033259: Epoch time: 30.44 s
2026-08-19 03:51:14.120063: 
2026-08-19 03:51:14.120209: Epoch 126
2026-08-19 03:51:14.120306: Current learning rate: 0.0077
2026-08-19 03:51:44.548324: train_loss -0.4439
2026-08-19 03:51:44.548549: val_loss -0.4132
2026-08-19 03:51:44.548607: Pseudo dice [np.float32(0.5956)]
2026-08-19 03:51:44.548675: Epoch time: 30.43 s
2026-08-19 03:51:45.342717: 
2026-08-19 03:51:45.342830: Epoch 127
2026-08-19 03:51:45.342906: Current learning rate: 0.00768
2026-08-19 03:52:15.804517: train_loss -0.4374
2026-08-19 03:52:15.804787: val_loss -0.4265
2026-08-19 03:52:15.804861: Pseudo dice [np.float32(0.6252)]
2026-08-19 03:52:15.804928: Epoch time: 30.46 s
2026-08-19 03:52:16.591797: 
2026-08-19 03:52:16.591919: Epoch 128
2026-08-19 03:52:16.591992: Current learning rate: 0.00766
2026-08-19 03:52:46.936599: train_loss -0.4507
2026-08-19 03:52:46.936782: val_loss -0.4391
2026-08-19 03:52:46.936876: Pseudo dice [np.float32(0.699)]
2026-08-19 03:52:46.936945: Epoch time: 30.35 s
2026-08-19 03:52:47.735032: 
2026-08-19 03:52:47.735156: Epoch 129
2026-08-19 03:52:47.735231: Current learning rate: 0.00764
2026-08-19 03:53:18.012936: train_loss -0.4222
2026-08-19 03:53:18.013126: val_loss -0.4032
2026-08-19 03:53:18.013184: Pseudo dice [np.float32(0.5503)]
2026-08-19 03:53:18.013247: Epoch time: 30.28 s
2026-08-19 03:53:19.213670: 
2026-08-19 03:53:19.213886: Epoch 130
2026-08-19 03:53:19.213962: Current learning rate: 0.00763
2026-08-19 03:53:49.655114: train_loss -0.4509
2026-08-19 03:53:49.655370: val_loss -0.4062
2026-08-19 03:53:49.655430: Pseudo dice [np.float32(0.6269)]
2026-08-19 03:53:49.655493: Epoch time: 30.44 s
2026-08-19 03:53:50.451829: 
2026-08-19 03:53:50.451982: Epoch 131
2026-08-19 03:53:50.452063: Current learning rate: 0.00761
2026-08-19 03:54:20.836418: train_loss -0.4613
2026-08-19 03:54:20.836653: val_loss -0.461
2026-08-19 03:54:20.836714: Pseudo dice [np.float32(0.6507)]
2026-08-19 03:54:20.836782: Epoch time: 30.39 s
2026-08-19 03:54:21.641022: 
2026-08-19 03:54:21.641182: Epoch 132
2026-08-19 03:54:21.641258: Current learning rate: 0.00759
2026-08-19 03:54:51.993474: train_loss -0.4478
2026-08-19 03:54:51.993742: val_loss -0.3704
2026-08-19 03:54:51.993801: Pseudo dice [np.float32(0.6346)]
2026-08-19 03:54:51.993872: Epoch time: 30.35 s
2026-08-19 03:54:52.794302: 
2026-08-19 03:54:52.794410: Epoch 133
2026-08-19 03:54:52.794481: Current learning rate: 0.00757
2026-08-19 03:55:23.115024: train_loss -0.439
2026-08-19 03:55:23.115249: val_loss -0.5117
2026-08-19 03:55:23.115307: Pseudo dice [np.float32(0.6933)]
2026-08-19 03:55:23.115375: Epoch time: 30.32 s
2026-08-19 03:55:23.115419: Yayy! New best EMA pseudo Dice: 0.6208000183105469
2026-08-19 03:55:24.433310: 
2026-08-19 03:55:24.433533: Epoch 134
2026-08-19 03:55:24.433613: Current learning rate: 0.00755
2026-08-19 03:55:54.678124: train_loss -0.4786
2026-08-19 03:55:54.678373: val_loss -0.4865
2026-08-19 03:55:54.678438: Pseudo dice [np.float32(0.6663)]
2026-08-19 03:55:54.678507: Epoch time: 30.25 s
2026-08-19 03:55:54.678552: Yayy! New best EMA pseudo Dice: 0.6254000067710876
2026-08-19 03:55:55.803241: 
2026-08-19 03:55:55.803538: Epoch 135
2026-08-19 03:55:55.803622: Current learning rate: 0.00753
2026-08-19 03:56:26.065294: train_loss -0.3843
2026-08-19 03:56:26.065518: val_loss -0.3937
2026-08-19 03:56:26.065617: Pseudo dice [np.float32(0.5916)]
2026-08-19 03:56:26.065761: Epoch time: 30.26 s
2026-08-19 03:56:26.887862: 
2026-08-19 03:56:26.887982: Epoch 136
2026-08-19 03:56:26.888060: Current learning rate: 0.00751
2026-08-19 03:56:57.205575: train_loss -0.4543
2026-08-19 03:56:57.205748: val_loss -0.4685
2026-08-19 03:56:57.205807: Pseudo dice [np.float32(0.6648)]
2026-08-19 03:56:57.205875: Epoch time: 30.32 s
2026-08-19 03:56:57.205924: Yayy! New best EMA pseudo Dice: 0.6262999773025513
2026-08-19 03:56:58.374434: 
2026-08-19 03:56:58.374613: Epoch 137
2026-08-19 03:56:58.374689: Current learning rate: 0.0075
2026-08-19 03:57:28.860346: train_loss -0.4374
2026-08-19 03:57:28.860550: val_loss -0.3511
2026-08-19 03:57:28.860608: Pseudo dice [np.float32(0.6116)]
2026-08-19 03:57:28.860676: Epoch time: 30.49 s
2026-08-19 03:57:29.999080: 
2026-08-19 03:57:29.999242: Epoch 138
2026-08-19 03:57:29.999396: Current learning rate: 0.00748
2026-08-19 03:58:00.456890: train_loss -0.4606
2026-08-19 03:58:00.457104: val_loss -0.4128
2026-08-19 03:58:00.457165: Pseudo dice [np.float32(0.5993)]
2026-08-19 03:58:00.457241: Epoch time: 30.46 s
2026-08-19 03:58:01.257674: 
2026-08-19 03:58:01.257816: Epoch 139
2026-08-19 03:58:01.257916: Current learning rate: 0.00746
2026-08-19 03:58:31.671850: train_loss -0.438
2026-08-19 03:58:31.672074: val_loss -0.4977
2026-08-19 03:58:31.672132: Pseudo dice [np.float32(0.677)]
2026-08-19 03:58:31.672261: Epoch time: 30.42 s
2026-08-19 03:58:31.963116: Yayy! New best EMA pseudo Dice: 0.6276999711990356
2026-08-19 03:58:33.523311: 
2026-08-19 03:58:33.523439: Epoch 140
2026-08-19 03:58:33.523513: Current learning rate: 0.00744
2026-08-19 03:59:03.891121: train_loss -0.4734
2026-08-19 03:59:03.891314: val_loss -0.4584
2026-08-19 03:59:03.891405: Pseudo dice [np.float32(0.6782)]
2026-08-19 03:59:03.891511: Epoch time: 30.37 s
2026-08-19 03:59:03.891562: Yayy! New best EMA pseudo Dice: 0.6327999830245972
2026-08-19 03:59:05.001092: 
2026-08-19 03:59:05.001365: Epoch 141
2026-08-19 03:59:05.001443: Current learning rate: 0.00742
2026-08-19 03:59:35.441537: train_loss -0.4775
2026-08-19 03:59:35.441728: val_loss -0.463
2026-08-19 03:59:35.441785: Pseudo dice [np.float32(0.6286)]
2026-08-19 03:59:35.441849: Epoch time: 30.44 s
2026-08-19 03:59:36.275265: 
2026-08-19 03:59:36.275397: Epoch 142
2026-08-19 03:59:36.275468: Current learning rate: 0.0074
2026-08-19 04:00:06.728801: train_loss -0.4725
2026-08-19 04:00:06.729000: val_loss -0.4316
2026-08-19 04:00:06.729058: Pseudo dice [np.float32(0.5997)]
2026-08-19 04:00:06.729124: Epoch time: 30.45 s
2026-08-19 04:00:07.544138: 
2026-08-19 04:00:07.544307: Epoch 143
2026-08-19 04:00:07.544379: Current learning rate: 0.00738
2026-08-19 04:00:37.976627: train_loss -0.4588
2026-08-19 04:00:37.976847: val_loss -0.3194
2026-08-19 04:00:37.976910: Pseudo dice [np.float32(0.4917)]
2026-08-19 04:00:37.976976: Epoch time: 30.43 s
2026-08-19 04:00:38.783329: 
2026-08-19 04:00:38.783541: Epoch 144
2026-08-19 04:00:38.783620: Current learning rate: 0.00737
2026-08-19 04:01:09.235475: train_loss -0.459
2026-08-19 04:01:09.235681: val_loss -0.4226
2026-08-19 04:01:09.235741: Pseudo dice [np.float32(0.6059)]
2026-08-19 04:01:09.235813: Epoch time: 30.45 s
2026-08-19 04:01:10.042174: 
2026-08-19 04:01:10.042315: Epoch 145
2026-08-19 04:01:10.042393: Current learning rate: 0.00735
2026-08-19 04:01:40.546398: train_loss -0.4584
2026-08-19 04:01:40.546596: val_loss -0.4469
2026-08-19 04:01:40.546658: Pseudo dice [np.float32(0.6716)]
2026-08-19 04:01:40.546723: Epoch time: 30.51 s
2026-08-19 04:01:41.352119: 
2026-08-19 04:01:41.352236: Epoch 146
2026-08-19 04:01:41.352305: Current learning rate: 0.00733
2026-08-19 04:02:11.820888: train_loss -0.4611
2026-08-19 04:02:11.821092: val_loss -0.448
2026-08-19 04:02:11.821187: Pseudo dice [np.float32(0.6708)]
2026-08-19 04:02:11.821253: Epoch time: 30.47 s
2026-08-19 04:02:12.625448: 
2026-08-19 04:02:12.625600: Epoch 147
2026-08-19 04:02:12.625674: Current learning rate: 0.00731
2026-08-19 04:02:42.891565: train_loss -0.4162
2026-08-19 04:02:42.891738: val_loss -0.4478
2026-08-19 04:02:42.891795: Pseudo dice [np.float32(0.6433)]
2026-08-19 04:02:42.891862: Epoch time: 30.27 s
2026-08-19 04:02:43.698457: 
2026-08-19 04:02:43.698650: Epoch 148
2026-08-19 04:02:43.698727: Current learning rate: 0.00729
2026-08-19 04:03:13.950554: train_loss -0.4365
2026-08-19 04:03:13.950728: val_loss -0.4497
2026-08-19 04:03:13.950807: Pseudo dice [np.float32(0.6764)]
2026-08-19 04:03:13.950878: Epoch time: 30.25 s
2026-08-19 04:03:14.763159: 
2026-08-19 04:03:14.763286: Epoch 149
2026-08-19 04:03:14.763391: Current learning rate: 0.00727
2026-08-19 04:03:45.203099: train_loss -0.4576
2026-08-19 04:03:45.203295: val_loss -0.5354
2026-08-19 04:03:45.203353: Pseudo dice [np.float32(0.7292)]
2026-08-19 04:03:45.203420: Epoch time: 30.44 s
2026-08-19 04:03:45.494596: Yayy! New best EMA pseudo Dice: 0.641700029373169
2026-08-19 04:03:46.963816: 
2026-08-19 04:03:46.964034: Epoch 150
2026-08-19 04:03:46.964109: Current learning rate: 0.00725
2026-08-19 04:04:17.377225: train_loss -0.4501
2026-08-19 04:04:17.377443: val_loss -0.3897
2026-08-19 04:04:17.377505: Pseudo dice [np.float32(0.5976)]
2026-08-19 04:04:17.377573: Epoch time: 30.41 s
2026-08-19 04:04:18.179636: 
2026-08-19 04:04:18.179986: Epoch 151
2026-08-19 04:04:18.180073: Current learning rate: 0.00724
2026-08-19 04:04:48.650901: train_loss -0.4631
2026-08-19 04:04:48.651079: val_loss -0.4619
2026-08-19 04:04:48.651135: Pseudo dice [np.float32(0.6896)]
2026-08-19 04:04:48.651198: Epoch time: 30.47 s
2026-08-19 04:04:48.651245: Yayy! New best EMA pseudo Dice: 0.6424999833106995
2026-08-19 04:04:49.826657: 
2026-08-19 04:04:49.826880: Epoch 152
2026-08-19 04:04:49.826969: Current learning rate: 0.00722
2026-08-19 04:05:20.199221: train_loss -0.4427
2026-08-19 04:05:20.199396: val_loss -0.49
2026-08-19 04:05:20.199500: Pseudo dice [np.float32(0.7215)]
2026-08-19 04:05:20.199561: Epoch time: 30.37 s
2026-08-19 04:05:20.199606: Yayy! New best EMA pseudo Dice: 0.6503999829292297
2026-08-19 04:05:21.289560: 
2026-08-19 04:05:21.289679: Epoch 153
2026-08-19 04:05:21.289751: Current learning rate: 0.0072
2026-08-19 04:05:51.726642: train_loss -0.4564
2026-08-19 04:05:51.726834: val_loss -0.4168
2026-08-19 04:05:51.726897: Pseudo dice [np.float32(0.6638)]
2026-08-19 04:05:51.726963: Epoch time: 30.44 s
2026-08-19 04:05:51.727009: Yayy! New best EMA pseudo Dice: 0.6517000198364258
2026-08-19 04:05:52.831627: 
2026-08-19 04:05:52.831886: Epoch 154
2026-08-19 04:05:52.831968: Current learning rate: 0.00718
2026-08-19 04:06:23.118818: train_loss -0.4723
2026-08-19 04:06:23.119059: val_loss -0.4678
2026-08-19 04:06:23.119115: Pseudo dice [np.float32(0.6833)]
2026-08-19 04:06:23.119179: Epoch time: 30.29 s
2026-08-19 04:06:23.119225: Yayy! New best EMA pseudo Dice: 0.6549000144004822
2026-08-19 04:06:24.225298: 
2026-08-19 04:06:24.225424: Epoch 155
2026-08-19 04:06:24.225500: Current learning rate: 0.00716
2026-08-19 04:06:54.607723: train_loss -0.4808
2026-08-19 04:06:54.607935: val_loss -0.4649
2026-08-19 04:06:54.607996: Pseudo dice [np.float32(0.6592)]
2026-08-19 04:06:54.608060: Epoch time: 30.38 s
2026-08-19 04:06:54.608109: Yayy! New best EMA pseudo Dice: 0.6553000211715698
2026-08-19 04:06:55.729782: 
2026-08-19 04:06:55.729969: Epoch 156
2026-08-19 04:06:55.730043: Current learning rate: 0.00714
2026-08-19 04:07:26.090397: train_loss -0.4676
2026-08-19 04:07:26.090610: val_loss -0.5249
2026-08-19 04:07:26.090710: Pseudo dice [np.float32(0.7377)]
2026-08-19 04:07:26.090774: Epoch time: 30.36 s
2026-08-19 04:07:26.090818: Yayy! New best EMA pseudo Dice: 0.6636000275611877
2026-08-19 04:07:27.218674: 
2026-08-19 04:07:27.218868: Epoch 157
2026-08-19 04:07:27.218946: Current learning rate: 0.00712
2026-08-19 04:07:57.664635: train_loss -0.482
2026-08-19 04:07:57.664831: val_loss -0.507
2026-08-19 04:07:57.664894: Pseudo dice [np.float32(0.6579)]
2026-08-19 04:07:57.664958: Epoch time: 30.45 s
2026-08-19 04:07:58.482588: 
2026-08-19 04:07:58.482764: Epoch 158
2026-08-19 04:07:58.482840: Current learning rate: 0.0071
2026-08-19 04:08:28.864288: train_loss -0.4677
2026-08-19 04:08:28.864483: val_loss -0.4235
2026-08-19 04:08:28.864541: Pseudo dice [np.float32(0.6803)]
2026-08-19 04:08:28.864605: Epoch time: 30.38 s
2026-08-19 04:08:28.864649: Yayy! New best EMA pseudo Dice: 0.6646999716758728
2026-08-19 04:08:30.036485: 
2026-08-19 04:08:30.036692: Epoch 159
2026-08-19 04:08:30.036771: Current learning rate: 0.00709
2026-08-19 04:09:00.485893: train_loss -0.503
2026-08-19 04:09:00.486094: val_loss -0.4687
2026-08-19 04:09:00.486149: Pseudo dice [np.float32(0.7274)]
2026-08-19 04:09:00.486214: Epoch time: 30.45 s
2026-08-19 04:09:00.797021: Yayy! New best EMA pseudo Dice: 0.6710000038146973
2026-08-19 04:09:02.342235: 
2026-08-19 04:09:02.342364: Epoch 160
2026-08-19 04:09:02.342437: Current learning rate: 0.00707
2026-08-19 04:09:32.815508: train_loss -0.4842
2026-08-19 04:09:32.815775: val_loss -0.5052
2026-08-19 04:09:32.815832: Pseudo dice [np.float32(0.7276)]
2026-08-19 04:09:32.815900: Epoch time: 30.47 s
2026-08-19 04:09:32.815945: Yayy! New best EMA pseudo Dice: 0.6766999959945679
2026-08-19 04:09:34.225007: 
2026-08-19 04:09:34.225265: Epoch 161
2026-08-19 04:09:34.225377: Current learning rate: 0.00705
2026-08-19 04:10:04.696732: train_loss -0.4839
2026-08-19 04:10:04.696982: val_loss -0.4651
2026-08-19 04:10:04.697044: Pseudo dice [np.float32(0.6618)]
2026-08-19 04:10:04.697115: Epoch time: 30.47 s
2026-08-19 04:10:05.507381: 
2026-08-19 04:10:05.507595: Epoch 162
2026-08-19 04:10:05.507672: Current learning rate: 0.00703
2026-08-19 04:10:35.929551: train_loss -0.4781
2026-08-19 04:10:35.929735: val_loss -0.4177
2026-08-19 04:10:35.929789: Pseudo dice [np.float32(0.678)]
2026-08-19 04:10:35.929860: Epoch time: 30.42 s
2026-08-19 04:10:36.741867: 
2026-08-19 04:10:36.742120: Epoch 163
2026-08-19 04:10:36.742204: Current learning rate: 0.00701
2026-08-19 04:11:07.115411: train_loss -0.4688
2026-08-19 04:11:07.115611: val_loss -0.5088
2026-08-19 04:11:07.115668: Pseudo dice [np.float32(0.6745)]
2026-08-19 04:11:07.115732: Epoch time: 30.37 s
2026-08-19 04:11:07.933708: 
2026-08-19 04:11:07.933827: Epoch 164
2026-08-19 04:11:07.933899: Current learning rate: 0.00699
2026-08-19 04:11:38.304827: train_loss -0.4655
2026-08-19 04:11:38.305049: val_loss -0.4801
2026-08-19 04:11:38.305110: Pseudo dice [np.float32(0.7211)]
2026-08-19 04:11:38.305169: Epoch time: 30.37 s
2026-08-19 04:11:38.305212: Yayy! New best EMA pseudo Dice: 0.6798999905586243
2026-08-19 04:11:39.454911: 
2026-08-19 04:11:39.455107: Epoch 165
2026-08-19 04:11:39.455190: Current learning rate: 0.00697
2026-08-19 04:12:09.816077: train_loss -0.4691
2026-08-19 04:12:09.816313: val_loss -0.5335
2026-08-19 04:12:09.816385: Pseudo dice [np.float32(0.7219)]
2026-08-19 04:12:09.816447: Epoch time: 30.36 s
2026-08-19 04:12:09.816495: Yayy! New best EMA pseudo Dice: 0.6840999722480774
2026-08-19 04:12:10.963616: 
2026-08-19 04:12:10.963827: Epoch 166
2026-08-19 04:12:10.963908: Current learning rate: 0.00696
2026-08-19 04:12:41.357430: train_loss -0.4704
2026-08-19 04:12:41.357599: val_loss -0.4112
2026-08-19 04:12:41.357656: Pseudo dice [np.float32(0.6661)]
2026-08-19 04:12:41.357721: Epoch time: 30.39 s
2026-08-19 04:12:42.159337: 
2026-08-19 04:12:42.159444: Epoch 167
2026-08-19 04:12:42.159514: Current learning rate: 0.00694
2026-08-19 04:13:12.445543: train_loss -0.4676
2026-08-19 04:13:12.445710: val_loss -0.4608
2026-08-19 04:13:12.445766: Pseudo dice [np.float32(0.6736)]
2026-08-19 04:13:12.445830: Epoch time: 30.29 s
2026-08-19 04:13:13.252134: 
2026-08-19 04:13:13.252320: Epoch 168
2026-08-19 04:13:13.252392: Current learning rate: 0.00692
2026-08-19 04:13:43.751093: train_loss -0.4789
2026-08-19 04:13:43.751337: val_loss -0.4688
2026-08-19 04:13:43.751398: Pseudo dice [np.float32(0.67)]
2026-08-19 04:13:43.751465: Epoch time: 30.5 s
2026-08-19 04:13:44.576895: 
2026-08-19 04:13:44.577186: Epoch 169
2026-08-19 04:13:44.577266: Current learning rate: 0.0069
2026-08-19 04:14:14.914410: train_loss -0.5058
2026-08-19 04:14:14.914662: val_loss -0.5005
2026-08-19 04:14:14.914721: Pseudo dice [np.float32(0.6705)]
2026-08-19 04:14:14.914791: Epoch time: 30.34 s
2026-08-19 04:14:16.041150: 
2026-08-19 04:14:16.041345: Epoch 170
2026-08-19 04:14:16.041461: Current learning rate: 0.00688
2026-08-19 04:14:46.390689: train_loss -0.4725
2026-08-19 04:14:46.391028: val_loss -0.5047
2026-08-19 04:14:46.391089: Pseudo dice [np.float32(0.6736)]
2026-08-19 04:14:46.391162: Epoch time: 30.35 s
2026-08-19 04:14:47.215804: 
2026-08-19 04:14:47.215940: Epoch 171
2026-08-19 04:14:47.216036: Current learning rate: 0.00686
2026-08-19 04:15:17.716511: train_loss -0.4767
2026-08-19 04:15:17.716721: val_loss -0.4962
2026-08-19 04:15:17.716782: Pseudo dice [np.float32(0.6885)]
2026-08-19 04:15:17.716849: Epoch time: 30.5 s
2026-08-19 04:15:18.525194: 
2026-08-19 04:15:18.525331: Epoch 172
2026-08-19 04:15:18.525414: Current learning rate: 0.00684
2026-08-19 04:15:48.956504: train_loss -0.4617
2026-08-19 04:15:48.956695: val_loss -0.4707
2026-08-19 04:15:48.956758: Pseudo dice [np.float32(0.7116)]
2026-08-19 04:15:48.956826: Epoch time: 30.43 s
2026-08-19 04:15:50.073288: 
2026-08-19 04:15:50.073432: Epoch 173
2026-08-19 04:15:50.073513: Current learning rate: 0.00682
2026-08-19 04:16:20.592917: train_loss -0.4791
2026-08-19 04:16:20.593402: val_loss -0.4995
2026-08-19 04:16:20.593473: Pseudo dice [np.float32(0.7214)]
2026-08-19 04:16:20.593540: Epoch time: 30.52 s
2026-08-19 04:16:20.593589: Yayy! New best EMA pseudo Dice: 0.6868000030517578
2026-08-19 04:16:21.730323: 
2026-08-19 04:16:21.730576: Epoch 174
2026-08-19 04:16:21.730661: Current learning rate: 0.0068
2026-08-19 04:16:52.158403: train_loss -0.4604
2026-08-19 04:16:52.158617: val_loss -0.4626
2026-08-19 04:16:52.158675: Pseudo dice [np.float32(0.6865)]
2026-08-19 04:16:52.158744: Epoch time: 30.43 s
2026-08-19 04:16:52.969098: 
2026-08-19 04:16:52.969346: Epoch 175
2026-08-19 04:16:52.969427: Current learning rate: 0.00679
2026-08-19 04:17:23.398852: train_loss -0.4798
2026-08-19 04:17:23.399101: val_loss -0.4326
2026-08-19 04:17:23.399162: Pseudo dice [np.float32(0.6769)]
2026-08-19 04:17:23.399229: Epoch time: 30.43 s
2026-08-19 04:17:24.228415: 
2026-08-19 04:17:24.228696: Epoch 176
2026-08-19 04:17:24.228770: Current learning rate: 0.00677
2026-08-19 04:17:54.637999: train_loss -0.4816
2026-08-19 04:17:54.638224: val_loss -0.4559
2026-08-19 04:17:54.638284: Pseudo dice [np.float32(0.7316)]
2026-08-19 04:17:54.638359: Epoch time: 30.41 s
2026-08-19 04:17:54.638422: Yayy! New best EMA pseudo Dice: 0.6902999877929688
2026-08-19 04:17:55.752197: 
2026-08-19 04:17:55.752408: Epoch 177
2026-08-19 04:17:55.752487: Current learning rate: 0.00675
2026-08-19 04:18:26.067014: train_loss -0.4601
2026-08-19 04:18:26.067227: val_loss -0.5055
2026-08-19 04:18:26.067286: Pseudo dice [np.float32(0.735)]
2026-08-19 04:18:26.067357: Epoch time: 30.32 s
2026-08-19 04:18:26.067403: Yayy! New best EMA pseudo Dice: 0.6948000192642212
2026-08-19 04:18:27.190989: 
2026-08-19 04:18:27.191161: Epoch 178
2026-08-19 04:18:27.191240: Current learning rate: 0.00673
2026-08-19 04:18:57.602390: train_loss -0.483
2026-08-19 04:18:57.602606: val_loss -0.4467
2026-08-19 04:18:57.602664: Pseudo dice [np.float32(0.6565)]
2026-08-19 04:18:57.602728: Epoch time: 30.41 s
2026-08-19 04:18:58.424272: 
2026-08-19 04:18:58.424428: Epoch 179
2026-08-19 04:18:58.424509: Current learning rate: 0.00671
2026-08-19 04:19:28.872147: train_loss -0.4552
2026-08-19 04:19:28.872376: val_loss -0.4329
2026-08-19 04:19:28.872433: Pseudo dice [np.float32(0.6839)]
2026-08-19 04:19:28.872506: Epoch time: 30.45 s
2026-08-19 04:19:30.039895: 
2026-08-19 04:19:30.040141: Epoch 180
2026-08-19 04:19:30.040221: Current learning rate: 0.00669
2026-08-19 04:20:00.343296: train_loss -0.464
2026-08-19 04:20:00.343538: val_loss -0.4396
2026-08-19 04:20:00.343603: Pseudo dice [np.float32(0.6811)]
2026-08-19 04:20:00.343679: Epoch time: 30.3 s
2026-08-19 04:20:01.161117: 
2026-08-19 04:20:01.161397: Epoch 181
2026-08-19 04:20:01.161531: Current learning rate: 0.00667
2026-08-19 04:20:31.485830: train_loss -0.4697
2026-08-19 04:20:31.486043: val_loss -0.5062
2026-08-19 04:20:31.486106: Pseudo dice [np.float32(0.7584)]
2026-08-19 04:20:31.486176: Epoch time: 30.33 s
2026-08-19 04:20:31.486228: Yayy! New best EMA pseudo Dice: 0.6963000297546387
2026-08-19 04:20:32.601169: 
2026-08-19 04:20:32.601271: Epoch 182
2026-08-19 04:20:32.601344: Current learning rate: 0.00665
2026-08-19 04:21:03.025104: train_loss -0.4791
2026-08-19 04:21:03.025311: val_loss -0.5291
2026-08-19 04:21:03.025371: Pseudo dice [np.float32(0.7763)]
2026-08-19 04:21:03.025435: Epoch time: 30.42 s
2026-08-19 04:21:03.025479: Yayy! New best EMA pseudo Dice: 0.7042999863624573
2026-08-19 04:21:04.139901: 
2026-08-19 04:21:04.140004: Epoch 183
2026-08-19 04:21:04.140084: Current learning rate: 0.00664
2026-08-19 04:21:34.374776: train_loss -0.4895
2026-08-19 04:21:34.374970: val_loss -0.505
2026-08-19 04:21:34.375028: Pseudo dice [np.float32(0.6305)]
2026-08-19 04:21:34.375094: Epoch time: 30.24 s
2026-08-19 04:21:35.490752: 
2026-08-19 04:21:35.490960: Epoch 184
2026-08-19 04:21:35.491050: Current learning rate: 0.00662
2026-08-19 04:22:05.725806: train_loss -0.4835
2026-08-19 04:22:05.726024: val_loss -0.5089
2026-08-19 04:22:05.726092: Pseudo dice [np.float32(0.7303)]
2026-08-19 04:22:05.726198: Epoch time: 30.24 s
2026-08-19 04:22:06.543294: 
2026-08-19 04:22:06.543447: Epoch 185
2026-08-19 04:22:06.543523: Current learning rate: 0.0066
2026-08-19 04:22:36.849555: train_loss -0.4831
2026-08-19 04:22:36.849816: val_loss -0.4764
2026-08-19 04:22:36.849885: Pseudo dice [np.float32(0.7339)]
2026-08-19 04:22:36.849946: Epoch time: 30.31 s
2026-08-19 04:22:37.664020: 
2026-08-19 04:22:37.664172: Epoch 186
2026-08-19 04:22:37.664252: Current learning rate: 0.00658
2026-08-19 04:23:08.161026: train_loss -0.4822
2026-08-19 04:23:08.161207: val_loss -0.4489
2026-08-19 04:23:08.161266: Pseudo dice [np.float32(0.673)]
2026-08-19 04:23:08.161333: Epoch time: 30.5 s
2026-08-19 04:23:09.002338: 
2026-08-19 04:23:09.002471: Epoch 187
2026-08-19 04:23:09.002553: Current learning rate: 0.00656
2026-08-19 04:23:39.441460: train_loss -0.4465
2026-08-19 04:23:39.441715: val_loss -0.4433
2026-08-19 04:23:39.441776: Pseudo dice [np.float32(0.661)]
2026-08-19 04:23:39.441848: Epoch time: 30.44 s
2026-08-19 04:23:40.261213: 
2026-08-19 04:23:40.261358: Epoch 188
2026-08-19 04:23:40.261429: Current learning rate: 0.00654
2026-08-19 04:24:10.668537: train_loss -0.4949
2026-08-19 04:24:10.668786: val_loss -0.4128
2026-08-19 04:24:10.668888: Pseudo dice [np.float32(0.6062)]
2026-08-19 04:24:10.669007: Epoch time: 30.41 s
2026-08-19 04:24:11.506933: 
2026-08-19 04:24:11.507073: Epoch 189
2026-08-19 04:24:11.507186: Current learning rate: 0.00652
2026-08-19 04:24:41.903208: train_loss -0.4617
2026-08-19 04:24:41.903422: val_loss -0.5078
2026-08-19 04:24:41.903489: Pseudo dice [np.float32(0.6951)]
2026-08-19 04:24:41.903563: Epoch time: 30.4 s
2026-08-19 04:24:43.065480: 
2026-08-19 04:24:43.065609: Epoch 190
2026-08-19 04:24:43.065684: Current learning rate: 0.0065
2026-08-19 04:25:13.506003: train_loss -0.45
2026-08-19 04:25:13.506208: val_loss -0.5295
2026-08-19 04:25:13.506266: Pseudo dice [np.float32(0.7482)]
2026-08-19 04:25:13.506345: Epoch time: 30.44 s
2026-08-19 04:25:14.324295: 
2026-08-19 04:25:14.324423: Epoch 191
2026-08-19 04:25:14.324493: Current learning rate: 0.00648
2026-08-19 04:25:44.855771: train_loss -0.4746
2026-08-19 04:25:44.855971: val_loss -0.4432
2026-08-19 04:25:44.856033: Pseudo dice [np.float32(0.7152)]
2026-08-19 04:25:44.856102: Epoch time: 30.53 s
2026-08-19 04:25:45.680784: 
2026-08-19 04:25:45.680925: Epoch 192
2026-08-19 04:25:45.680999: Current learning rate: 0.00647
2026-08-19 04:26:16.051916: train_loss -0.495
2026-08-19 04:26:16.052197: val_loss -0.4931
2026-08-19 04:26:16.052265: Pseudo dice [np.float32(0.7242)]
2026-08-19 04:26:16.052338: Epoch time: 30.37 s
2026-08-19 04:26:16.896380: 
2026-08-19 04:26:16.896479: Epoch 193
2026-08-19 04:26:16.896545: Current learning rate: 0.00645
2026-08-19 04:26:47.398097: train_loss -0.4629
2026-08-19 04:26:47.398288: val_loss -0.442
2026-08-19 04:26:47.398350: Pseudo dice [np.float32(0.6237)]
2026-08-19 04:26:47.398417: Epoch time: 30.5 s
2026-08-19 04:26:48.230165: 
2026-08-19 04:26:48.230439: Epoch 194
2026-08-19 04:26:48.230522: Current learning rate: 0.00643
2026-08-19 04:27:18.748524: train_loss -0.4734
2026-08-19 04:27:18.748698: val_loss -0.5111
2026-08-19 04:27:18.748751: Pseudo dice [np.float32(0.7301)]
2026-08-19 04:27:18.748814: Epoch time: 30.52 s
2026-08-19 04:27:19.588666: 
2026-08-19 04:27:19.588774: Epoch 195
2026-08-19 04:27:19.588864: Current learning rate: 0.00641
2026-08-19 04:27:50.057931: train_loss -0.4615
2026-08-19 04:27:50.058107: val_loss -0.5033
2026-08-19 04:27:50.058166: Pseudo dice [np.float32(0.7367)]
2026-08-19 04:27:50.058235: Epoch time: 30.47 s
2026-08-19 04:27:51.172457: 
2026-08-19 04:27:51.172610: Epoch 196
2026-08-19 04:27:51.172735: Current learning rate: 0.00639
2026-08-19 04:28:21.620088: train_loss -0.486
2026-08-19 04:28:21.620365: val_loss -0.5114
2026-08-19 04:28:21.620429: Pseudo dice [np.float32(0.6806)]
2026-08-19 04:28:21.620502: Epoch time: 30.45 s
2026-08-19 04:28:22.441430: 
2026-08-19 04:28:22.441550: Epoch 197
2026-08-19 04:28:22.441625: Current learning rate: 0.00637
2026-08-19 04:28:52.803367: train_loss -0.4632
2026-08-19 04:28:52.803585: val_loss -0.4809
2026-08-19 04:28:52.803644: Pseudo dice [np.float32(0.7241)]
2026-08-19 04:28:52.803717: Epoch time: 30.36 s
2026-08-19 04:28:53.623671: 
2026-08-19 04:28:53.623898: Epoch 198
2026-08-19 04:28:53.623975: Current learning rate: 0.00635
2026-08-19 04:29:24.027625: train_loss -0.4909
2026-08-19 04:29:24.027834: val_loss -0.5028
2026-08-19 04:29:24.027899: Pseudo dice [np.float32(0.7612)]
2026-08-19 04:29:24.027966: Epoch time: 30.4 s
2026-08-19 04:29:24.028014: Yayy! New best EMA pseudo Dice: 0.7063999772071838
2026-08-19 04:29:25.185539: 
2026-08-19 04:29:25.185753: Epoch 199
2026-08-19 04:29:25.185831: Current learning rate: 0.00633
2026-08-19 04:29:55.392628: train_loss -0.4491
2026-08-19 04:29:55.392841: val_loss -0.4279
2026-08-19 04:29:55.392909: Pseudo dice [np.float32(0.6405)]
2026-08-19 04:29:55.392982: Epoch time: 30.21 s
2026-08-19 04:29:56.540373: 
2026-08-19 04:29:56.540537: Epoch 200
2026-08-19 04:29:56.540627: Current learning rate: 0.00631
2026-08-19 04:30:26.787355: train_loss -0.4991
2026-08-19 04:30:26.787562: val_loss -0.4985
2026-08-19 04:30:26.787625: Pseudo dice [np.float32(0.7574)]
2026-08-19 04:30:26.787693: Epoch time: 30.25 s
2026-08-19 04:30:27.613223: 
2026-08-19 04:30:27.613438: Epoch 201
2026-08-19 04:30:27.613517: Current learning rate: 0.0063
2026-08-19 04:30:57.856590: train_loss -0.4788
2026-08-19 04:30:57.856828: val_loss -0.4985
2026-08-19 04:30:57.856896: Pseudo dice [np.float32(0.6964)]
2026-08-19 04:30:57.856961: Epoch time: 30.24 s
2026-08-19 04:30:58.681847: 
2026-08-19 04:30:58.682148: Epoch 202
2026-08-19 04:30:58.682230: Current learning rate: 0.00628
2026-08-19 04:31:28.937482: train_loss -0.4662
2026-08-19 04:31:28.937663: val_loss -0.5352
2026-08-19 04:31:28.937719: Pseudo dice [np.float32(0.7587)]
2026-08-19 04:31:28.937789: Epoch time: 30.26 s
2026-08-19 04:31:28.937832: Yayy! New best EMA pseudo Dice: 0.710099995136261
2026-08-19 04:31:30.054017: 
2026-08-19 04:31:30.054204: Epoch 203
2026-08-19 04:31:30.054277: Current learning rate: 0.00626
2026-08-19 04:32:00.488005: train_loss -0.5084
2026-08-19 04:32:00.488184: val_loss -0.5151
2026-08-19 04:32:00.488243: Pseudo dice [np.float32(0.7506)]
2026-08-19 04:32:00.488307: Epoch time: 30.43 s
2026-08-19 04:32:00.488356: Yayy! New best EMA pseudo Dice: 0.7141000032424927
2026-08-19 04:32:01.605487: 
2026-08-19 04:32:01.605657: Epoch 204
2026-08-19 04:32:01.605731: Current learning rate: 0.00624
2026-08-19 04:32:32.062292: train_loss -0.4827
2026-08-19 04:32:32.062464: val_loss -0.5095
2026-08-19 04:32:32.062522: Pseudo dice [np.float32(0.7597)]
2026-08-19 04:32:32.062585: Epoch time: 30.46 s
2026-08-19 04:32:32.062628: Yayy! New best EMA pseudo Dice: 0.7186999917030334
2026-08-19 04:32:33.182804: 
2026-08-19 04:32:33.183012: Epoch 205
2026-08-19 04:32:33.183087: Current learning rate: 0.00622
2026-08-19 04:33:03.465080: train_loss -0.4725
2026-08-19 04:33:03.465255: val_loss -0.5454
2026-08-19 04:33:03.465314: Pseudo dice [np.float32(0.7303)]
2026-08-19 04:33:03.465382: Epoch time: 30.28 s
2026-08-19 04:33:03.465430: Yayy! New best EMA pseudo Dice: 0.7197999954223633
2026-08-19 04:33:04.712554: 
2026-08-19 04:33:04.712678: Epoch 206
2026-08-19 04:33:04.712752: Current learning rate: 0.0062
2026-08-19 04:33:35.007600: train_loss -0.4995
2026-08-19 04:33:35.007776: val_loss -0.5411
2026-08-19 04:33:35.007833: Pseudo dice [np.float32(0.7412)]
2026-08-19 04:33:35.007947: Epoch time: 30.3 s
2026-08-19 04:33:35.007994: Yayy! New best EMA pseudo Dice: 0.722000002861023
2026-08-19 04:33:36.387836: 
2026-08-19 04:33:36.388066: Epoch 207
2026-08-19 04:33:36.388159: Current learning rate: 0.00618
2026-08-19 04:34:06.842304: train_loss -0.4986
2026-08-19 04:34:06.842533: val_loss -0.5133
2026-08-19 04:34:06.842590: Pseudo dice [np.float32(0.7363)]
2026-08-19 04:34:06.842652: Epoch time: 30.46 s
2026-08-19 04:34:06.842697: Yayy! New best EMA pseudo Dice: 0.7233999967575073
2026-08-19 04:34:07.909524: 
2026-08-19 04:34:07.909661: Epoch 208
2026-08-19 04:34:07.909759: Current learning rate: 0.00616
2026-08-19 04:34:38.183201: train_loss -0.4861
2026-08-19 04:34:38.183415: val_loss -0.4864
2026-08-19 04:34:38.183472: Pseudo dice [np.float32(0.6929)]
2026-08-19 04:34:38.183534: Epoch time: 30.27 s
2026-08-19 04:34:38.977332: 
2026-08-19 04:34:38.977456: Epoch 209
2026-08-19 04:34:38.977535: Current learning rate: 0.00614
2026-08-19 04:35:09.329653: train_loss -0.491
2026-08-19 04:35:09.329819: val_loss -0.4749
2026-08-19 04:35:09.329881: Pseudo dice [np.float32(0.7004)]
2026-08-19 04:35:09.329945: Epoch time: 30.35 s
2026-08-19 04:35:10.429384: 
2026-08-19 04:35:10.429624: Epoch 210
2026-08-19 04:35:10.429705: Current learning rate: 0.00612
2026-08-19 04:35:40.873909: train_loss -0.4893
2026-08-19 04:35:40.874116: val_loss -0.4524
2026-08-19 04:35:40.874183: Pseudo dice [np.float32(0.7154)]
2026-08-19 04:35:40.874252: Epoch time: 30.45 s
2026-08-19 04:35:41.679878: 
2026-08-19 04:35:41.680052: Epoch 211
2026-08-19 04:35:41.680132: Current learning rate: 0.00611
2026-08-19 04:36:12.108070: train_loss -0.4801
2026-08-19 04:36:12.108247: val_loss -0.5202
2026-08-19 04:36:12.108304: Pseudo dice [np.float32(0.7678)]
2026-08-19 04:36:12.108370: Epoch time: 30.43 s
2026-08-19 04:36:12.913221: 
2026-08-19 04:36:12.913400: Epoch 212
2026-08-19 04:36:12.913480: Current learning rate: 0.00609
2026-08-19 04:36:43.433115: train_loss -0.4816
2026-08-19 04:36:43.433284: val_loss -0.5451
2026-08-19 04:36:43.433340: Pseudo dice [np.float32(0.7599)]
2026-08-19 04:36:43.433401: Epoch time: 30.52 s
2026-08-19 04:36:43.433487: Yayy! New best EMA pseudo Dice: 0.7267000079154968
2026-08-19 04:36:44.528556: 
2026-08-19 04:36:44.528702: Epoch 213
2026-08-19 04:36:44.528812: Current learning rate: 0.00607
2026-08-19 04:37:14.838051: train_loss -0.4645
2026-08-19 04:37:14.838228: val_loss -0.4671
2026-08-19 04:37:14.838314: Pseudo dice [np.float32(0.665)]
2026-08-19 04:37:14.838381: Epoch time: 30.31 s
2026-08-19 04:37:15.641203: 
2026-08-19 04:37:15.641356: Epoch 214
2026-08-19 04:37:15.641436: Current learning rate: 0.00605
2026-08-19 04:37:46.091378: train_loss -0.496
2026-08-19 04:37:46.091645: val_loss -0.4808
2026-08-19 04:37:46.091711: Pseudo dice [np.float32(0.7526)]
2026-08-19 04:37:46.091775: Epoch time: 30.45 s
2026-08-19 04:37:46.892601: 
2026-08-19 04:37:46.892862: Epoch 215
2026-08-19 04:37:46.892936: Current learning rate: 0.00603
2026-08-19 04:38:17.316937: train_loss -0.4674
2026-08-19 04:38:17.317136: val_loss -0.5381
2026-08-19 04:38:17.317194: Pseudo dice [np.float32(0.7205)]
2026-08-19 04:38:17.317263: Epoch time: 30.43 s
2026-08-19 04:38:18.118996: 
2026-08-19 04:38:18.119123: Epoch 216
2026-08-19 04:38:18.119215: Current learning rate: 0.00601
2026-08-19 04:38:48.582018: train_loss -0.4698
2026-08-19 04:38:48.582214: val_loss -0.496
2026-08-19 04:38:48.582273: Pseudo dice [np.float32(0.6968)]
2026-08-19 04:38:48.582339: Epoch time: 30.46 s
2026-08-19 04:38:49.386033: 
2026-08-19 04:38:49.386243: Epoch 217
2026-08-19 04:38:49.386360: Current learning rate: 0.00599
2026-08-19 04:39:19.842579: train_loss -0.4709
2026-08-19 04:39:19.842810: val_loss -0.4651
2026-08-19 04:39:19.842880: Pseudo dice [np.float32(0.7093)]
2026-08-19 04:39:19.842949: Epoch time: 30.46 s
2026-08-19 04:39:20.656701: 
2026-08-19 04:39:20.656908: Epoch 218
2026-08-19 04:39:20.656990: Current learning rate: 0.00597
2026-08-19 04:39:51.131702: train_loss -0.489
2026-08-19 04:39:51.131931: val_loss -0.3913
2026-08-19 04:39:51.132001: Pseudo dice [np.float32(0.6652)]
2026-08-19 04:39:51.132068: Epoch time: 30.48 s
2026-08-19 04:39:52.212482: 
2026-08-19 04:39:52.212616: Epoch 219
2026-08-19 04:39:52.212692: Current learning rate: 0.00595
2026-08-19 04:40:22.574646: train_loss -0.493
2026-08-19 04:40:22.574867: val_loss -0.3761
2026-08-19 04:40:22.574931: Pseudo dice [np.float32(0.4961)]
2026-08-19 04:40:22.575003: Epoch time: 30.36 s
2026-08-19 04:40:23.673231: 
2026-08-19 04:40:23.673497: Epoch 220
2026-08-19 04:40:23.673580: Current learning rate: 0.00593
2026-08-19 04:40:54.076020: train_loss -0.4974
2026-08-19 04:40:54.076232: val_loss -0.4414
2026-08-19 04:40:54.076316: Pseudo dice [np.float32(0.688)]
2026-08-19 04:40:54.076389: Epoch time: 30.4 s
2026-08-19 04:40:54.873188: 
2026-08-19 04:40:54.873401: Epoch 221
2026-08-19 04:40:54.873477: Current learning rate: 0.00592
2026-08-19 04:41:25.272145: train_loss -0.4991
2026-08-19 04:41:25.272374: val_loss -0.444
2026-08-19 04:41:25.272437: Pseudo dice [np.float32(0.7153)]
2026-08-19 04:41:25.272511: Epoch time: 30.4 s
2026-08-19 04:41:26.081499: 
2026-08-19 04:41:26.081665: Epoch 222
2026-08-19 04:41:26.081744: Current learning rate: 0.0059
2026-08-19 04:41:56.501026: train_loss -0.4677
2026-08-19 04:41:56.501233: val_loss -0.4686
2026-08-19 04:41:56.501289: Pseudo dice [np.float32(0.7468)]
2026-08-19 04:41:56.501356: Epoch time: 30.42 s
2026-08-19 04:41:57.296075: 
2026-08-19 04:41:57.296311: Epoch 223
2026-08-19 04:41:57.296385: Current learning rate: 0.00588
2026-08-19 04:42:27.681461: train_loss -0.498
2026-08-19 04:42:27.681722: val_loss -0.4937
2026-08-19 04:42:27.681785: Pseudo dice [np.float32(0.7443)]
2026-08-19 04:42:27.681859: Epoch time: 30.39 s
2026-08-19 04:42:28.475262: 
2026-08-19 04:42:28.475387: Epoch 224
2026-08-19 04:42:28.475457: Current learning rate: 0.00586
2026-08-19 04:42:58.745713: train_loss -0.5185
2026-08-19 04:42:58.745907: val_loss -0.4636
2026-08-19 04:42:58.745962: Pseudo dice [np.float32(0.7586)]
2026-08-19 04:42:58.746022: Epoch time: 30.27 s
2026-08-19 04:42:59.539368: 
2026-08-19 04:42:59.539589: Epoch 225
2026-08-19 04:42:59.539660: Current learning rate: 0.00584
2026-08-19 04:43:29.904875: train_loss -0.4873
2026-08-19 04:43:29.905066: val_loss -0.4799
2026-08-19 04:43:29.905133: Pseudo dice [np.float32(0.691)]
2026-08-19 04:43:29.905198: Epoch time: 30.37 s
2026-08-19 04:43:30.701383: 
2026-08-19 04:43:30.701545: Epoch 226
2026-08-19 04:43:30.701630: Current learning rate: 0.00582
2026-08-19 04:44:01.144419: train_loss -0.463
2026-08-19 04:44:01.144611: val_loss -0.5218
2026-08-19 04:44:01.144668: Pseudo dice [np.float32(0.7243)]
2026-08-19 04:44:01.144731: Epoch time: 30.44 s
2026-08-19 04:44:01.938601: 
2026-08-19 04:44:01.938723: Epoch 227
2026-08-19 04:44:01.938804: Current learning rate: 0.0058
2026-08-19 04:44:32.391932: train_loss -0.4895
2026-08-19 04:44:32.392125: val_loss -0.3145
2026-08-19 04:44:32.392185: Pseudo dice [np.float32(0.2787)]
2026-08-19 04:44:32.392252: Epoch time: 30.45 s
2026-08-19 04:44:33.187588: 
2026-08-19 04:44:33.187786: Epoch 228
2026-08-19 04:44:33.187867: Current learning rate: 0.00578
2026-08-19 04:45:03.543220: train_loss -0.4912
2026-08-19 04:45:03.543436: val_loss -0.4591
2026-08-19 04:45:03.543496: Pseudo dice [np.float32(0.7073)]
2026-08-19 04:45:03.543565: Epoch time: 30.36 s
2026-08-19 04:45:04.341156: 
2026-08-19 04:45:04.341381: Epoch 229
2026-08-19 04:45:04.341495: Current learning rate: 0.00576
2026-08-19 04:45:34.888599: train_loss -0.4938
2026-08-19 04:45:34.888840: val_loss -0.5407
2026-08-19 04:45:34.888930: Pseudo dice [np.float32(0.7193)]
2026-08-19 04:45:34.889017: Epoch time: 30.55 s
2026-08-19 04:45:36.001484: 
2026-08-19 04:45:36.001595: Epoch 230
2026-08-19 04:45:36.001691: Current learning rate: 0.00574
2026-08-19 04:46:06.408501: train_loss -0.4823
2026-08-19 04:46:06.408753: val_loss -0.5001
2026-08-19 04:46:06.408817: Pseudo dice [np.float32(0.7036)]
2026-08-19 04:46:06.408897: Epoch time: 30.41 s
2026-08-19 04:46:07.517146: 
2026-08-19 04:46:07.517331: Epoch 231
2026-08-19 04:46:07.517420: Current learning rate: 0.00572
2026-08-19 04:46:37.843039: train_loss -0.4946
2026-08-19 04:46:37.843248: val_loss -0.4828
2026-08-19 04:46:37.843309: Pseudo dice [np.float32(0.6876)]
2026-08-19 04:46:37.843377: Epoch time: 30.33 s
2026-08-19 04:46:38.630251: 
2026-08-19 04:46:38.630375: Epoch 232
2026-08-19 04:46:38.630451: Current learning rate: 0.0057
2026-08-19 04:47:09.136275: train_loss -0.5029
2026-08-19 04:47:09.136485: val_loss -0.5253
2026-08-19 04:47:09.136545: Pseudo dice [np.float32(0.6959)]
2026-08-19 04:47:09.136614: Epoch time: 30.51 s
2026-08-19 04:47:09.930146: 
2026-08-19 04:47:09.930282: Epoch 233
2026-08-19 04:47:09.930361: Current learning rate: 0.00569
2026-08-19 04:47:40.486691: train_loss -0.4942
2026-08-19 04:47:40.486950: val_loss -0.459
2026-08-19 04:47:40.487014: Pseudo dice [np.float32(0.7145)]
2026-08-19 04:47:40.487083: Epoch time: 30.56 s
2026-08-19 04:47:41.281932: 
2026-08-19 04:47:41.282190: Epoch 234
2026-08-19 04:47:41.282267: Current learning rate: 0.00567
2026-08-19 04:48:11.757529: train_loss -0.5085
2026-08-19 04:48:11.757716: val_loss -0.5271
2026-08-19 04:48:11.757774: Pseudo dice [np.float32(0.7669)]
2026-08-19 04:48:11.757837: Epoch time: 30.48 s
2026-08-19 04:48:12.556749: 
2026-08-19 04:48:12.556987: Epoch 235
2026-08-19 04:48:12.557071: Current learning rate: 0.00565
2026-08-19 04:48:42.996964: train_loss -0.4781
2026-08-19 04:48:42.997164: val_loss -0.4993
2026-08-19 04:48:42.997226: Pseudo dice [np.float32(0.7117)]
2026-08-19 04:48:42.997295: Epoch time: 30.44 s
2026-08-19 04:48:43.795273: 
2026-08-19 04:48:43.795409: Epoch 236
2026-08-19 04:48:43.795480: Current learning rate: 0.00563
2026-08-19 04:49:14.138443: train_loss -0.4785
2026-08-19 04:49:14.138624: val_loss -0.5035
2026-08-19 04:49:14.138683: Pseudo dice [np.float32(0.7452)]
2026-08-19 04:49:14.138748: Epoch time: 30.34 s
2026-08-19 04:49:14.932335: 
2026-08-19 04:49:14.932468: Epoch 237
2026-08-19 04:49:14.932544: Current learning rate: 0.00561
2026-08-19 04:49:45.398795: train_loss -0.4931
2026-08-19 04:49:45.398998: val_loss -0.5364
2026-08-19 04:49:45.399059: Pseudo dice [np.float32(0.7492)]
2026-08-19 04:49:45.399124: Epoch time: 30.47 s
2026-08-19 04:49:46.213863: 
2026-08-19 04:49:46.213996: Epoch 238
2026-08-19 04:49:46.214075: Current learning rate: 0.00559
2026-08-19 04:50:16.579553: train_loss -0.4822
2026-08-19 04:50:16.579775: val_loss -0.4846
2026-08-19 04:50:16.579834: Pseudo dice [np.float32(0.6781)]
2026-08-19 04:50:16.579911: Epoch time: 30.37 s
2026-08-19 04:50:17.379888: 
2026-08-19 04:50:17.380122: Epoch 239
2026-08-19 04:50:17.380201: Current learning rate: 0.00557
2026-08-19 04:50:47.716188: train_loss -0.4932
2026-08-19 04:50:47.716416: val_loss -0.3733
2026-08-19 04:50:47.716476: Pseudo dice [np.float32(0.5567)]
2026-08-19 04:50:47.716552: Epoch time: 30.34 s
2026-08-19 04:50:48.837703: 
2026-08-19 04:50:48.837862: Epoch 240
2026-08-19 04:50:48.837938: Current learning rate: 0.00555
2026-08-19 04:51:19.343584: train_loss -0.5011
2026-08-19 04:51:19.343796: val_loss -0.5002
2026-08-19 04:51:19.343862: Pseudo dice [np.float32(0.6165)]
2026-08-19 04:51:19.343962: Epoch time: 30.51 s
2026-08-19 04:51:20.154418: 
2026-08-19 04:51:20.154653: Epoch 241
2026-08-19 04:51:20.154781: Current learning rate: 0.00553
2026-08-19 04:51:50.653825: train_loss -0.4927
2026-08-19 04:51:50.654080: val_loss -0.4895
2026-08-19 04:51:50.654145: Pseudo dice [np.float32(0.7334)]
2026-08-19 04:51:50.654217: Epoch time: 30.5 s
2026-08-19 04:51:51.457610: 
2026-08-19 04:51:51.457813: Epoch 242
2026-08-19 04:51:51.457901: Current learning rate: 0.00551
2026-08-19 04:52:21.951565: train_loss -0.5195
2026-08-19 04:52:21.951790: val_loss -0.5208
2026-08-19 04:52:21.951850: Pseudo dice [np.float32(0.7347)]
2026-08-19 04:52:21.951925: Epoch time: 30.49 s
2026-08-19 04:52:22.755399: 
2026-08-19 04:52:22.755537: Epoch 243
2026-08-19 04:52:22.755619: Current learning rate: 0.00549
2026-08-19 04:52:53.215173: train_loss -0.5083
2026-08-19 04:52:53.215377: val_loss -0.4232
2026-08-19 04:52:53.215440: Pseudo dice [np.float32(0.6518)]
2026-08-19 04:52:53.215508: Epoch time: 30.46 s
2026-08-19 04:52:54.322016: 
2026-08-19 04:52:54.322237: Epoch 244
2026-08-19 04:52:54.322322: Current learning rate: 0.00547
2026-08-19 04:53:24.804059: train_loss -0.4968
2026-08-19 04:53:24.804326: val_loss -0.4699
2026-08-19 04:53:24.804388: Pseudo dice [np.float32(0.7346)]
2026-08-19 04:53:24.804460: Epoch time: 30.48 s
2026-08-19 04:53:25.606532: 
2026-08-19 04:53:25.606698: Epoch 245
2026-08-19 04:53:25.606771: Current learning rate: 0.00546
2026-08-19 04:53:55.910830: train_loss -0.4979
2026-08-19 04:53:55.911084: val_loss -0.5268
2026-08-19 04:53:55.911142: Pseudo dice [np.float32(0.7333)]
2026-08-19 04:53:55.911204: Epoch time: 30.31 s
2026-08-19 04:53:56.705945: 
2026-08-19 04:53:56.706054: Epoch 246
2026-08-19 04:53:56.706123: Current learning rate: 0.00544
2026-08-19 04:54:27.127782: train_loss -0.4918
2026-08-19 04:54:27.128007: val_loss -0.5235
2026-08-19 04:54:27.128070: Pseudo dice [np.float32(0.7504)]
2026-08-19 04:54:27.128133: Epoch time: 30.42 s
2026-08-19 04:54:27.953081: 
2026-08-19 04:54:27.953301: Epoch 247
2026-08-19 04:54:27.953387: Current learning rate: 0.00542
2026-08-19 04:54:58.323842: train_loss -0.5036
2026-08-19 04:54:58.324026: val_loss -0.5173
2026-08-19 04:54:58.324083: Pseudo dice [np.float32(0.6981)]
2026-08-19 04:54:58.324144: Epoch time: 30.37 s
2026-08-19 04:54:59.128172: 
2026-08-19 04:54:59.128293: Epoch 248
2026-08-19 04:54:59.128366: Current learning rate: 0.0054
2026-08-19 04:55:29.505838: train_loss -0.4852
2026-08-19 04:55:29.506016: val_loss -0.5
2026-08-19 04:55:29.506118: Pseudo dice [np.float32(0.7583)]
2026-08-19 04:55:29.506181: Epoch time: 30.38 s
2026-08-19 04:55:30.313026: 
2026-08-19 04:55:30.313198: Epoch 249
2026-08-19 04:55:30.313281: Current learning rate: 0.00538
2026-08-19 04:56:00.750126: train_loss -0.487
2026-08-19 04:56:00.750323: val_loss -0.5054
2026-08-19 04:56:00.750382: Pseudo dice [np.float32(0.7519)]
2026-08-19 04:56:00.750446: Epoch time: 30.44 s
2026-08-19 04:56:01.849536: 
2026-08-19 04:56:01.849691: Epoch 250
2026-08-19 04:56:01.849773: Current learning rate: 0.00536
2026-08-19 04:56:32.213562: train_loss -0.4985
2026-08-19 04:56:32.213789: val_loss -0.3967
2026-08-19 04:56:32.213851: Pseudo dice [np.float32(0.6826)]
2026-08-19 04:56:32.213930: Epoch time: 30.36 s
2026-08-19 04:56:33.023050: 
2026-08-19 04:56:33.023282: Epoch 251
2026-08-19 04:56:33.023364: Current learning rate: 0.00534
2026-08-19 04:57:03.436772: train_loss -0.4643
2026-08-19 04:57:03.436969: val_loss -0.4593
2026-08-19 04:57:03.437027: Pseudo dice [np.float32(0.7125)]
2026-08-19 04:57:03.437089: Epoch time: 30.41 s
2026-08-19 04:57:04.245951: 
2026-08-19 04:57:04.246098: Epoch 252
2026-08-19 04:57:04.246171: Current learning rate: 0.00532
2026-08-19 04:57:34.480349: train_loss -0.4755
2026-08-19 04:57:34.480542: val_loss -0.3987
2026-08-19 04:57:34.480594: Pseudo dice [np.float32(0.6003)]
2026-08-19 04:57:34.480654: Epoch time: 30.24 s
2026-08-19 04:57:35.281779: 
2026-08-19 04:57:35.281891: Epoch 253
2026-08-19 04:57:35.281965: Current learning rate: 0.0053
2026-08-19 04:58:05.644179: train_loss -0.5038
2026-08-19 04:58:05.644376: val_loss -0.4335
2026-08-19 04:58:05.644434: Pseudo dice [np.float32(0.6636)]
2026-08-19 04:58:05.644499: Epoch time: 30.36 s
2026-08-19 04:58:06.447752: 
2026-08-19 04:58:06.447857: Epoch 254
2026-08-19 04:58:06.447926: Current learning rate: 0.00528
2026-08-19 04:58:36.858869: train_loss -0.4984
2026-08-19 04:58:36.859047: val_loss -0.5347
2026-08-19 04:58:36.859105: Pseudo dice [np.float32(0.7727)]
2026-08-19 04:58:36.859169: Epoch time: 30.41 s
2026-08-19 04:58:37.664330: 
2026-08-19 04:58:37.664432: Epoch 255
2026-08-19 04:58:37.664501: Current learning rate: 0.00526
2026-08-19 04:59:07.990242: train_loss -0.5011
2026-08-19 04:59:07.990442: val_loss -0.5654
2026-08-19 04:59:07.990502: Pseudo dice [np.float32(0.7533)]
2026-08-19 04:59:07.990564: Epoch time: 30.33 s
2026-08-19 04:59:09.108319: 
2026-08-19 04:59:09.108534: Epoch 256
2026-08-19 04:59:09.108619: Current learning rate: 0.00524
2026-08-19 04:59:39.472997: train_loss -0.5206
2026-08-19 04:59:39.473171: val_loss -0.5391
2026-08-19 04:59:39.473229: Pseudo dice [np.float32(0.7876)]
2026-08-19 04:59:39.473290: Epoch time: 30.37 s
2026-08-19 04:59:40.263953: 
2026-08-19 04:59:40.264134: Epoch 257
2026-08-19 04:59:40.264216: Current learning rate: 0.00522
2026-08-19 05:00:10.641738: train_loss -0.4929
2026-08-19 05:00:10.642036: val_loss -0.4666
2026-08-19 05:00:10.642101: Pseudo dice [np.float32(0.7147)]
2026-08-19 05:00:10.642166: Epoch time: 30.38 s
2026-08-19 05:00:11.441478: 
2026-08-19 05:00:11.441722: Epoch 258
2026-08-19 05:00:11.441804: Current learning rate: 0.0052
2026-08-19 05:00:41.917198: train_loss -0.4884
2026-08-19 05:00:41.917367: val_loss -0.4797
2026-08-19 05:00:41.917425: Pseudo dice [np.float32(0.7243)]
2026-08-19 05:00:41.917488: Epoch time: 30.48 s
2026-08-19 05:00:42.721081: 
2026-08-19 05:00:42.721191: Epoch 259
2026-08-19 05:00:42.721259: Current learning rate: 0.00518
2026-08-19 05:01:13.086321: train_loss -0.503
2026-08-19 05:01:13.086532: val_loss -0.5399
2026-08-19 05:01:13.086586: Pseudo dice [np.float32(0.7538)]
2026-08-19 05:01:13.086651: Epoch time: 30.37 s
2026-08-19 05:01:14.216071: 
2026-08-19 05:01:14.216307: Epoch 260
2026-08-19 05:01:14.216461: Current learning rate: 0.00517
2026-08-19 05:01:44.620880: train_loss -0.5214
2026-08-19 05:01:44.621096: val_loss -0.4733
2026-08-19 05:01:44.621170: Pseudo dice [np.float32(0.725)]
2026-08-19 05:01:44.621238: Epoch time: 30.41 s
2026-08-19 05:01:45.428387: 
2026-08-19 05:01:45.428537: Epoch 261
2026-08-19 05:01:45.428607: Current learning rate: 0.00515
2026-08-19 05:02:15.745483: train_loss -0.4968
2026-08-19 05:02:15.745767: val_loss -0.4738
2026-08-19 05:02:15.745825: Pseudo dice [np.float32(0.6782)]
2026-08-19 05:02:15.745899: Epoch time: 30.32 s
2026-08-19 05:02:16.571155: 
2026-08-19 05:02:16.571376: Epoch 262
2026-08-19 05:02:16.571454: Current learning rate: 0.00513
2026-08-19 05:02:46.828148: train_loss -0.4727
2026-08-19 05:02:46.828397: val_loss -0.4757
2026-08-19 05:02:46.828486: Pseudo dice [np.float32(0.702)]
2026-08-19 05:02:46.828554: Epoch time: 30.26 s
2026-08-19 05:02:47.643950: 
2026-08-19 05:02:47.644196: Epoch 263
2026-08-19 05:02:47.644269: Current learning rate: 0.00511
2026-08-19 05:03:18.070714: train_loss -0.5096
2026-08-19 05:03:18.070916: val_loss -0.5241
2026-08-19 05:03:18.070972: Pseudo dice [np.float32(0.7434)]
2026-08-19 05:03:18.071072: Epoch time: 30.43 s
2026-08-19 05:03:18.882598: 
2026-08-19 05:03:18.882843: Epoch 264
2026-08-19 05:03:18.882935: Current learning rate: 0.00509
2026-08-19 05:03:49.340171: train_loss -0.5019
2026-08-19 05:03:49.340378: val_loss -0.5587
2026-08-19 05:03:49.340440: Pseudo dice [np.float32(0.7731)]
2026-08-19 05:03:49.340507: Epoch time: 30.46 s
2026-08-19 05:03:50.144910: 
2026-08-19 05:03:50.145012: Epoch 265
2026-08-19 05:03:50.145084: Current learning rate: 0.00507
2026-08-19 05:04:20.572422: train_loss -0.5208
2026-08-19 05:04:20.572733: val_loss -0.5858
2026-08-19 05:04:20.572795: Pseudo dice [np.float32(0.8028)]
2026-08-19 05:04:20.572869: Epoch time: 30.43 s
2026-08-19 05:04:20.572919: Yayy! New best EMA pseudo Dice: 0.7311999797821045
2026-08-19 05:04:21.684988: 
2026-08-19 05:04:21.685129: Epoch 266
2026-08-19 05:04:21.685210: Current learning rate: 0.00505
2026-08-19 05:04:52.026320: train_loss -0.5224
2026-08-19 05:04:52.026551: val_loss -0.4584
2026-08-19 05:04:52.026630: Pseudo dice [np.float32(0.671)]
2026-08-19 05:04:52.026697: Epoch time: 30.34 s
2026-08-19 05:04:52.839884: 
2026-08-19 05:04:52.840130: Epoch 267
2026-08-19 05:04:52.840204: Current learning rate: 0.00503
2026-08-19 05:05:23.261682: train_loss -0.4938
2026-08-19 05:05:23.261925: val_loss -0.5364
2026-08-19 05:05:23.261989: Pseudo dice [np.float32(0.7534)]
2026-08-19 05:05:23.262050: Epoch time: 30.42 s
2026-08-19 05:05:24.362483: 
2026-08-19 05:05:24.362594: Epoch 268
2026-08-19 05:05:24.362665: Current learning rate: 0.00501
2026-08-19 05:05:54.814532: train_loss -0.5347
2026-08-19 05:05:54.814727: val_loss -0.4934
2026-08-19 05:05:54.814785: Pseudo dice [np.float32(0.7779)]
2026-08-19 05:05:54.814850: Epoch time: 30.45 s
2026-08-19 05:05:54.814903: Yayy! New best EMA pseudo Dice: 0.7329999804496765
2026-08-19 05:05:55.917395: 
2026-08-19 05:05:55.917534: Epoch 269
2026-08-19 05:05:55.917634: Current learning rate: 0.00499
2026-08-19 05:06:26.289467: train_loss -0.5397
2026-08-19 05:06:26.289652: val_loss -0.4539
2026-08-19 05:06:26.289713: Pseudo dice [np.float32(0.7021)]
2026-08-19 05:06:26.289778: Epoch time: 30.37 s
2026-08-19 05:06:27.381940: 
2026-08-19 05:06:27.382206: Epoch 270
2026-08-19 05:06:27.382322: Current learning rate: 0.00497
2026-08-19 05:06:57.816865: train_loss -0.5228
2026-08-19 05:06:57.817035: val_loss -0.5878
2026-08-19 05:06:57.817095: Pseudo dice [np.float32(0.8242)]
2026-08-19 05:06:57.817159: Epoch time: 30.44 s
2026-08-19 05:06:57.817204: Yayy! New best EMA pseudo Dice: 0.739300012588501
2026-08-19 05:06:58.957134: 
2026-08-19 05:06:58.957331: Epoch 271
2026-08-19 05:06:58.957406: Current learning rate: 0.00495
2026-08-19 05:07:29.446760: train_loss -0.5131
2026-08-19 05:07:29.446936: val_loss -0.4871
2026-08-19 05:07:29.446994: Pseudo dice [np.float32(0.7174)]
2026-08-19 05:07:29.447058: Epoch time: 30.49 s
2026-08-19 05:07:30.244339: 
2026-08-19 05:07:30.244463: Epoch 272
2026-08-19 05:07:30.244535: Current learning rate: 0.00493
2026-08-19 05:08:00.732390: train_loss -0.5009
2026-08-19 05:08:00.732604: val_loss -0.5514
2026-08-19 05:08:00.732676: Pseudo dice [np.float32(0.7794)]
2026-08-19 05:08:00.732742: Epoch time: 30.49 s
2026-08-19 05:08:00.732790: Yayy! New best EMA pseudo Dice: 0.7412999868392944
2026-08-19 05:08:01.825689: 
2026-08-19 05:08:01.825878: Epoch 273
2026-08-19 05:08:01.825953: Current learning rate: 0.00491
2026-08-19 05:08:32.118930: train_loss -0.5111
2026-08-19 05:08:32.119164: val_loss -0.5268
2026-08-19 05:08:32.119220: Pseudo dice [np.float32(0.7373)]
2026-08-19 05:08:32.119290: Epoch time: 30.29 s
2026-08-19 05:08:32.914235: 
2026-08-19 05:08:32.914368: Epoch 274
2026-08-19 05:08:32.914439: Current learning rate: 0.00489
2026-08-19 05:09:03.271726: train_loss -0.5286
2026-08-19 05:09:03.271959: val_loss -0.4936
2026-08-19 05:09:03.272021: Pseudo dice [np.float32(0.719)]
2026-08-19 05:09:03.272084: Epoch time: 30.36 s
2026-08-19 05:09:04.067176: 
2026-08-19 05:09:04.067360: Epoch 275
2026-08-19 05:09:04.067434: Current learning rate: 0.00487
2026-08-19 05:09:34.485318: train_loss -0.5007
2026-08-19 05:09:34.485502: val_loss -0.5259
2026-08-19 05:09:34.485560: Pseudo dice [np.float32(0.7582)]
2026-08-19 05:09:34.485629: Epoch time: 30.42 s
2026-08-19 05:09:35.281543: 
2026-08-19 05:09:35.281673: Epoch 276
2026-08-19 05:09:35.281744: Current learning rate: 0.00485
2026-08-19 05:10:05.506374: train_loss -0.5094
2026-08-19 05:10:05.506635: val_loss -0.5287
2026-08-19 05:10:05.506703: Pseudo dice [np.float32(0.7627)]
2026-08-19 05:10:05.506777: Epoch time: 30.23 s
2026-08-19 05:10:05.506828: Yayy! New best EMA pseudo Dice: 0.742900013923645
2026-08-19 05:10:06.636156: 
2026-08-19 05:10:06.636397: Epoch 277
2026-08-19 05:10:06.636476: Current learning rate: 0.00484
2026-08-19 05:10:36.878781: train_loss -0.5233
2026-08-19 05:10:36.879013: val_loss -0.5236
2026-08-19 05:10:36.879077: Pseudo dice [np.float32(0.7254)]
2026-08-19 05:10:36.879151: Epoch time: 30.24 s
2026-08-19 05:10:37.678651: 
2026-08-19 05:10:37.678776: Epoch 278
2026-08-19 05:10:37.678846: Current learning rate: 0.00482
2026-08-19 05:11:08.047286: train_loss -0.4809
2026-08-19 05:11:08.047530: val_loss -0.4505
2026-08-19 05:11:08.047594: Pseudo dice [np.float32(0.6285)]
2026-08-19 05:11:08.047660: Epoch time: 30.37 s
2026-08-19 05:11:08.846033: 
2026-08-19 05:11:08.846243: Epoch 279
2026-08-19 05:11:08.846321: Current learning rate: 0.0048
2026-08-19 05:11:39.262961: train_loss -0.4917
2026-08-19 05:11:39.263258: val_loss -0.5284
2026-08-19 05:11:39.263320: Pseudo dice [np.float32(0.7287)]
2026-08-19 05:11:39.263385: Epoch time: 30.42 s
2026-08-19 05:11:40.836695: 
2026-08-19 05:11:40.836894: Epoch 280
2026-08-19 05:11:40.836967: Current learning rate: 0.00478
2026-08-19 05:12:11.147822: train_loss -0.5169
2026-08-19 05:12:11.148091: val_loss -0.5214
2026-08-19 05:12:11.148153: Pseudo dice [np.float32(0.7191)]
2026-08-19 05:12:11.148220: Epoch time: 30.31 s
2026-08-19 05:12:11.927588: 
2026-08-19 05:12:11.927737: Epoch 281
2026-08-19 05:12:11.927811: Current learning rate: 0.00476
2026-08-19 05:12:42.371789: train_loss -0.519
2026-08-19 05:12:42.372015: val_loss -0.4758
2026-08-19 05:12:42.372077: Pseudo dice [np.float32(0.7454)]
2026-08-19 05:12:42.372145: Epoch time: 30.45 s
2026-08-19 05:12:43.167358: 
2026-08-19 05:12:43.167639: Epoch 282
2026-08-19 05:12:43.167718: Current learning rate: 0.00474
2026-08-19 05:13:13.582299: train_loss -0.5129
2026-08-19 05:13:13.582564: val_loss -0.5436
2026-08-19 05:13:13.582622: Pseudo dice [np.float32(0.7723)]
2026-08-19 05:13:13.582691: Epoch time: 30.42 s
2026-08-19 05:13:14.383573: 
2026-08-19 05:13:14.383795: Epoch 283
2026-08-19 05:13:14.383884: Current learning rate: 0.00472
2026-08-19 05:13:44.837984: train_loss -0.4776
2026-08-19 05:13:44.838244: val_loss -0.548
2026-08-19 05:13:44.838304: Pseudo dice [np.float32(0.7606)]
2026-08-19 05:13:44.838372: Epoch time: 30.46 s
2026-08-19 05:13:45.638132: 
2026-08-19 05:13:45.638296: Epoch 284
2026-08-19 05:13:45.638374: Current learning rate: 0.0047
2026-08-19 05:14:16.091279: train_loss -0.4966
2026-08-19 05:14:16.091448: val_loss -0.5196
2026-08-19 05:14:16.091504: Pseudo dice [np.float32(0.7599)]
2026-08-19 05:14:16.091582: Epoch time: 30.45 s
2026-08-19 05:14:16.892278: 
2026-08-19 05:14:16.892426: Epoch 285
2026-08-19 05:14:16.892497: Current learning rate: 0.00468
2026-08-19 05:14:47.370244: train_loss -0.5586
2026-08-19 05:14:47.370465: val_loss -0.5464
2026-08-19 05:14:47.370525: Pseudo dice [np.float32(0.7424)]
2026-08-19 05:14:47.370595: Epoch time: 30.48 s
2026-08-19 05:14:48.170330: 
2026-08-19 05:14:48.170544: Epoch 286
2026-08-19 05:14:48.170622: Current learning rate: 0.00466
2026-08-19 05:15:18.676426: train_loss -0.5229
2026-08-19 05:15:18.676592: val_loss -0.5083
2026-08-19 05:15:18.676650: Pseudo dice [np.float32(0.7298)]
2026-08-19 05:15:18.676713: Epoch time: 30.51 s
2026-08-19 05:15:19.496289: 
2026-08-19 05:15:19.496426: Epoch 287
2026-08-19 05:15:19.496505: Current learning rate: 0.00464
2026-08-19 05:15:49.927405: train_loss -0.5009
2026-08-19 05:15:49.927579: val_loss -0.5491
2026-08-19 05:15:49.927638: Pseudo dice [np.float32(0.7934)]
2026-08-19 05:15:49.927701: Epoch time: 30.43 s
2026-08-19 05:15:49.927824: Yayy! New best EMA pseudo Dice: 0.7441999912261963
2026-08-19 05:15:51.134467: 
2026-08-19 05:15:51.134595: Epoch 288
2026-08-19 05:15:51.134672: Current learning rate: 0.00462
2026-08-19 05:16:21.624513: train_loss -0.5262
2026-08-19 05:16:21.624690: val_loss -0.5028
2026-08-19 05:16:21.624746: Pseudo dice [np.float32(0.7455)]
2026-08-19 05:16:21.624809: Epoch time: 30.49 s
2026-08-19 05:16:21.624889: Yayy! New best EMA pseudo Dice: 0.7443000078201294
2026-08-19 05:16:22.721045: 
2026-08-19 05:16:22.721166: Epoch 289
2026-08-19 05:16:22.721246: Current learning rate: 0.0046
2026-08-19 05:16:53.006829: train_loss -0.5258
2026-08-19 05:16:53.007021: val_loss -0.4738
2026-08-19 05:16:53.007139: Pseudo dice [np.float32(0.673)]
2026-08-19 05:16:53.007204: Epoch time: 30.29 s
2026-08-19 05:16:54.138204: 
2026-08-19 05:16:54.138333: Epoch 290
2026-08-19 05:16:54.138414: Current learning rate: 0.00458
2026-08-19 05:17:24.520459: train_loss -0.4876
2026-08-19 05:17:24.520660: val_loss -0.5116
2026-08-19 05:17:24.520721: Pseudo dice [np.float32(0.7511)]
2026-08-19 05:17:24.520786: Epoch time: 30.38 s
2026-08-19 05:17:25.328524: 
2026-08-19 05:17:25.328623: Epoch 291
2026-08-19 05:17:25.328689: Current learning rate: 0.00456
2026-08-19 05:17:55.651815: train_loss -0.483
2026-08-19 05:17:55.652002: val_loss -0.5052
2026-08-19 05:17:55.652097: Pseudo dice [np.float32(0.7533)]
2026-08-19 05:17:55.652162: Epoch time: 30.32 s
2026-08-19 05:17:56.726430: 
2026-08-19 05:17:56.726612: Epoch 292
2026-08-19 05:17:56.726682: Current learning rate: 0.00454
2026-08-19 05:18:27.068636: train_loss -0.5021
2026-08-19 05:18:27.068839: val_loss -0.5189
2026-08-19 05:18:27.068908: Pseudo dice [np.float32(0.7779)]
2026-08-19 05:18:27.068976: Epoch time: 30.34 s
2026-08-19 05:18:27.865268: 
2026-08-19 05:18:27.865394: Epoch 293
2026-08-19 05:18:27.865467: Current learning rate: 0.00452
2026-08-19 05:18:58.215659: train_loss -0.5105
2026-08-19 05:18:58.215848: val_loss -0.5331
2026-08-19 05:18:58.215916: Pseudo dice [np.float32(0.76)]
2026-08-19 05:18:58.216283: Epoch time: 30.35 s
2026-08-19 05:18:58.216354: Yayy! New best EMA pseudo Dice: 0.7455000281333923
2026-08-19 05:18:59.304270: 
2026-08-19 05:18:59.304395: Epoch 294
2026-08-19 05:18:59.304469: Current learning rate: 0.0045
2026-08-19 05:19:29.596140: train_loss -0.5085
2026-08-19 05:19:29.596303: val_loss -0.4909
2026-08-19 05:19:29.596363: Pseudo dice [np.float32(0.7373)]
2026-08-19 05:19:29.596427: Epoch time: 30.29 s
2026-08-19 05:19:30.402882: 
2026-08-19 05:19:30.403024: Epoch 295
2026-08-19 05:19:30.403107: Current learning rate: 0.00448
2026-08-19 05:20:00.851105: train_loss -0.514
2026-08-19 05:20:00.851278: val_loss -0.5614
2026-08-19 05:20:00.851334: Pseudo dice [np.float32(0.7658)]
2026-08-19 05:20:00.851398: Epoch time: 30.45 s
2026-08-19 05:20:00.851442: Yayy! New best EMA pseudo Dice: 0.7468000054359436
2026-08-19 05:20:02.003262: 
2026-08-19 05:20:02.003374: Epoch 296
2026-08-19 05:20:02.003444: Current learning rate: 0.00446
2026-08-19 05:20:32.294372: train_loss -0.506
2026-08-19 05:20:32.294557: val_loss -0.5302
2026-08-19 05:20:32.294614: Pseudo dice [np.float32(0.7665)]
2026-08-19 05:20:32.294697: Epoch time: 30.29 s
2026-08-19 05:20:32.294763: Yayy! New best EMA pseudo Dice: 0.7487000226974487
2026-08-19 05:20:33.392725: 
2026-08-19 05:20:33.392835: Epoch 297
2026-08-19 05:20:33.392910: Current learning rate: 0.00444
2026-08-19 05:21:03.784548: train_loss -0.5009
2026-08-19 05:21:03.784723: val_loss -0.549
2026-08-19 05:21:03.784777: Pseudo dice [np.float32(0.7588)]
2026-08-19 05:21:03.784837: Epoch time: 30.39 s
2026-08-19 05:21:03.784887: Yayy! New best EMA pseudo Dice: 0.7497000098228455
2026-08-19 05:21:04.877719: 
2026-08-19 05:21:04.877833: Epoch 298
2026-08-19 05:21:04.877912: Current learning rate: 0.00442
2026-08-19 05:21:35.280596: train_loss -0.5272
2026-08-19 05:21:35.280768: val_loss -0.5535
2026-08-19 05:21:35.280822: Pseudo dice [np.float32(0.7719)]
2026-08-19 05:21:35.280890: Epoch time: 30.4 s
2026-08-19 05:21:35.280934: Yayy! New best EMA pseudo Dice: 0.7519999742507935
2026-08-19 05:21:36.406408: 
2026-08-19 05:21:36.406597: Epoch 299
2026-08-19 05:21:36.406671: Current learning rate: 0.0044
2026-08-19 05:22:06.716765: train_loss -0.5067
2026-08-19 05:22:06.716945: val_loss -0.5179
2026-08-19 05:22:06.717003: Pseudo dice [np.float32(0.7307)]
2026-08-19 05:22:06.717068: Epoch time: 30.31 s
2026-08-19 05:22:07.820208: 
2026-08-19 05:22:07.820391: Epoch 300
2026-08-19 05:22:07.820469: Current learning rate: 0.00438
2026-08-19 05:22:38.272174: train_loss -0.5096
2026-08-19 05:22:38.272348: val_loss -0.5759
2026-08-19 05:22:38.272402: Pseudo dice [np.float32(0.7743)]
2026-08-19 05:22:38.272464: Epoch time: 30.45 s
2026-08-19 05:22:38.272508: Yayy! New best EMA pseudo Dice: 0.7523000240325928
2026-08-19 05:22:39.410707: 
2026-08-19 05:22:39.410933: Epoch 301
2026-08-19 05:22:39.411029: Current learning rate: 0.00436
2026-08-19 05:23:09.879803: train_loss -0.5409
2026-08-19 05:23:09.880060: val_loss -0.5019
2026-08-19 05:23:09.880123: Pseudo dice [np.float32(0.6787)]
2026-08-19 05:23:09.880195: Epoch time: 30.47 s
2026-08-19 05:23:10.693329: 
2026-08-19 05:23:10.693468: Epoch 302
2026-08-19 05:23:10.693575: Current learning rate: 0.00434
2026-08-19 05:23:41.123939: train_loss -0.5209
2026-08-19 05:23:41.124162: val_loss -0.5122
2026-08-19 05:23:41.124223: Pseudo dice [np.float32(0.7765)]
2026-08-19 05:23:41.124294: Epoch time: 30.43 s
2026-08-19 05:23:42.216263: 
2026-08-19 05:23:42.216375: Epoch 303
2026-08-19 05:23:42.216445: Current learning rate: 0.00432
2026-08-19 05:24:12.502044: train_loss -0.5052
2026-08-19 05:24:12.502235: val_loss -0.5275
2026-08-19 05:24:12.502299: Pseudo dice [np.float32(0.7439)]
2026-08-19 05:24:12.502367: Epoch time: 30.29 s
2026-08-19 05:24:13.314964: 
2026-08-19 05:24:13.315117: Epoch 304
2026-08-19 05:24:13.315228: Current learning rate: 0.0043
2026-08-19 05:24:43.781319: train_loss -0.5147
2026-08-19 05:24:43.781498: val_loss -0.5617
2026-08-19 05:24:43.781558: Pseudo dice [np.float32(0.7765)]
2026-08-19 05:24:43.781627: Epoch time: 30.47 s
2026-08-19 05:24:44.580511: 
2026-08-19 05:24:44.580633: Epoch 305
2026-08-19 05:24:44.580760: Current learning rate: 0.00429
2026-08-19 05:25:14.920563: train_loss -0.5273
2026-08-19 05:25:14.920732: val_loss -0.543
2026-08-19 05:25:14.920788: Pseudo dice [np.float32(0.7478)]
2026-08-19 05:25:14.920849: Epoch time: 30.34 s
2026-08-19 05:25:15.722173: 
2026-08-19 05:25:15.722368: Epoch 306
2026-08-19 05:25:15.722439: Current learning rate: 0.00427
2026-08-19 05:25:46.168063: train_loss -0.5167
2026-08-19 05:25:46.168231: val_loss -0.4825
2026-08-19 05:25:46.168290: Pseudo dice [np.float32(0.7083)]
2026-08-19 05:25:46.168353: Epoch time: 30.45 s
2026-08-19 05:25:46.976402: 
2026-08-19 05:25:46.976580: Epoch 307
2026-08-19 05:25:46.976658: Current learning rate: 0.00425
2026-08-19 05:26:17.470667: train_loss -0.5174
2026-08-19 05:26:17.470845: val_loss -0.5376
2026-08-19 05:26:17.470912: Pseudo dice [np.float32(0.7538)]
2026-08-19 05:26:17.470975: Epoch time: 30.5 s
2026-08-19 05:26:18.278567: 
2026-08-19 05:26:18.278702: Epoch 308
2026-08-19 05:26:18.278802: Current learning rate: 0.00423
2026-08-19 05:26:48.739442: train_loss -0.5225
2026-08-19 05:26:48.739618: val_loss -0.5332
2026-08-19 05:26:48.739713: Pseudo dice [np.float32(0.7661)]
2026-08-19 05:26:48.739780: Epoch time: 30.46 s
2026-08-19 05:26:49.551483: 
2026-08-19 05:26:49.551674: Epoch 309
2026-08-19 05:26:49.551754: Current learning rate: 0.00421
2026-08-19 05:27:20.001321: train_loss -0.5302
2026-08-19 05:27:20.001581: val_loss -0.5278
2026-08-19 05:27:20.001635: Pseudo dice [np.float32(0.7333)]
2026-08-19 05:27:20.001699: Epoch time: 30.45 s
2026-08-19 05:27:21.134241: 
2026-08-19 05:27:21.134400: Epoch 310
2026-08-19 05:27:21.134470: Current learning rate: 0.00419
2026-08-19 05:27:51.435136: train_loss -0.5308
2026-08-19 05:27:51.435334: val_loss -0.5327
2026-08-19 05:27:51.435418: Pseudo dice [np.float32(0.7427)]
2026-08-19 05:27:51.435483: Epoch time: 30.3 s
2026-08-19 05:27:52.244770: 
2026-08-19 05:27:52.244999: Epoch 311
2026-08-19 05:27:52.245071: Current learning rate: 0.00417
2026-08-19 05:28:22.730816: train_loss -0.549
2026-08-19 05:28:22.731115: val_loss -0.5146
2026-08-19 05:28:22.731175: Pseudo dice [np.float32(0.7229)]
2026-08-19 05:28:22.731234: Epoch time: 30.49 s
2026-08-19 05:28:23.539804: 
2026-08-19 05:28:23.540019: Epoch 312
2026-08-19 05:28:23.540098: Current learning rate: 0.00415
2026-08-19 05:28:53.954292: train_loss -0.5504
2026-08-19 05:28:53.954486: val_loss -0.4956
2026-08-19 05:28:53.954551: Pseudo dice [np.float32(0.7461)]
2026-08-19 05:28:53.954621: Epoch time: 30.42 s
2026-08-19 05:28:54.760485: 
2026-08-19 05:28:54.760621: Epoch 313
2026-08-19 05:28:54.760699: Current learning rate: 0.00413
2026-08-19 05:29:25.037481: train_loss -0.527
2026-08-19 05:29:25.037659: val_loss -0.575
2026-08-19 05:29:25.037717: Pseudo dice [np.float32(0.7777)]
2026-08-19 05:29:25.037784: Epoch time: 30.28 s
2026-08-19 05:29:25.847668: 
2026-08-19 05:29:25.847841: Epoch 314
2026-08-19 05:29:25.847927: Current learning rate: 0.00411
2026-08-19 05:29:56.294342: train_loss -0.5186
2026-08-19 05:29:56.294549: val_loss -0.5269
2026-08-19 05:29:56.294605: Pseudo dice [np.float32(0.7929)]
2026-08-19 05:29:56.294668: Epoch time: 30.45 s
2026-08-19 05:29:56.294713: Yayy! New best EMA pseudo Dice: 0.7523999810218811
2026-08-19 05:29:57.671526: 
2026-08-19 05:29:57.671794: Epoch 315
2026-08-19 05:29:57.671903: Current learning rate: 0.00409
2026-08-19 05:30:28.008734: train_loss -0.5298
2026-08-19 05:30:28.008914: val_loss -0.5255
2026-08-19 05:30:28.008968: Pseudo dice [np.float32(0.7484)]
2026-08-19 05:30:28.009027: Epoch time: 30.34 s
2026-08-19 05:30:28.801495: 
2026-08-19 05:30:28.801613: Epoch 316
2026-08-19 05:30:28.801687: Current learning rate: 0.00407
2026-08-19 05:30:59.227712: train_loss -0.5201
2026-08-19 05:30:59.228041: val_loss -0.479
2026-08-19 05:30:59.228106: Pseudo dice [np.float32(0.6938)]
2026-08-19 05:30:59.228182: Epoch time: 30.43 s
2026-08-19 05:31:00.041383: 
2026-08-19 05:31:00.042104: Epoch 317
2026-08-19 05:31:00.042262: Current learning rate: 0.00405
2026-08-19 05:31:30.504589: train_loss -0.527
2026-08-19 05:31:30.504799: val_loss -0.4836
2026-08-19 05:31:30.504865: Pseudo dice [np.float32(0.7365)]
2026-08-19 05:31:30.504934: Epoch time: 30.46 s
2026-08-19 05:31:31.310814: 
2026-08-19 05:31:31.310963: Epoch 318
2026-08-19 05:31:31.311040: Current learning rate: 0.00403
2026-08-19 05:32:01.741621: train_loss -0.5406
2026-08-19 05:32:01.741833: val_loss -0.4467
2026-08-19 05:32:01.741899: Pseudo dice [np.float32(0.7142)]
2026-08-19 05:32:01.741972: Epoch time: 30.43 s
2026-08-19 05:32:02.561086: 
2026-08-19 05:32:02.561368: Epoch 319
2026-08-19 05:32:02.561451: Current learning rate: 0.00401
2026-08-19 05:32:32.935044: train_loss -0.4967
2026-08-19 05:32:32.935261: val_loss -0.5463
2026-08-19 05:32:32.935343: Pseudo dice [np.float32(0.7737)]
2026-08-19 05:32:32.935415: Epoch time: 30.37 s
2026-08-19 05:32:34.061088: 
2026-08-19 05:32:34.061224: Epoch 320
2026-08-19 05:32:34.061297: Current learning rate: 0.00399
2026-08-19 05:33:04.422535: train_loss -0.5433
2026-08-19 05:33:04.422728: val_loss -0.502
2026-08-19 05:33:04.422789: Pseudo dice [np.float32(0.7584)]
2026-08-19 05:33:04.422865: Epoch time: 30.36 s
2026-08-19 05:33:05.231993: 
2026-08-19 05:33:05.232183: Epoch 321
2026-08-19 05:33:05.232258: Current learning rate: 0.00397
2026-08-19 05:33:35.690059: train_loss -0.548
2026-08-19 05:33:35.690293: val_loss -0.5037
2026-08-19 05:33:35.690355: Pseudo dice [np.float32(0.7934)]
2026-08-19 05:33:35.690446: Epoch time: 30.46 s
2026-08-19 05:33:36.509041: 
2026-08-19 05:33:36.509259: Epoch 322
2026-08-19 05:33:36.509340: Current learning rate: 0.00395
2026-08-19 05:34:06.903902: train_loss -0.5333
2026-08-19 05:34:06.904118: val_loss -0.5517
2026-08-19 05:34:06.904174: Pseudo dice [np.float32(0.7978)]
2026-08-19 05:34:06.904246: Epoch time: 30.4 s
2026-08-19 05:34:06.904291: Yayy! New best EMA pseudo Dice: 0.7559000253677368
2026-08-19 05:34:08.057290: 
2026-08-19 05:34:08.057407: Epoch 323
2026-08-19 05:34:08.057481: Current learning rate: 0.00393
2026-08-19 05:34:38.447332: train_loss -0.5427
2026-08-19 05:34:38.447601: val_loss -0.5206
2026-08-19 05:34:38.447663: Pseudo dice [np.float32(0.7282)]
2026-08-19 05:34:38.447740: Epoch time: 30.39 s
2026-08-19 05:34:39.257468: 
2026-08-19 05:34:39.257657: Epoch 324
2026-08-19 05:34:39.257744: Current learning rate: 0.00391
2026-08-19 05:35:09.558038: train_loss -0.5336
2026-08-19 05:35:09.558262: val_loss -0.52
2026-08-19 05:35:09.558326: Pseudo dice [np.float32(0.7591)]
2026-08-19 05:35:09.558397: Epoch time: 30.3 s
2026-08-19 05:35:10.369659: 
2026-08-19 05:35:10.369865: Epoch 325
2026-08-19 05:35:10.369943: Current learning rate: 0.00389
2026-08-19 05:35:40.813762: train_loss -0.5484
2026-08-19 05:35:40.813951: val_loss -0.5616
2026-08-19 05:35:40.814008: Pseudo dice [np.float32(0.7662)]
2026-08-19 05:35:40.814070: Epoch time: 30.44 s
2026-08-19 05:35:41.624941: 
2026-08-19 05:35:41.625127: Epoch 326
2026-08-19 05:35:41.625200: Current learning rate: 0.00387
2026-08-19 05:36:12.105288: train_loss -0.5347
2026-08-19 05:36:12.105498: val_loss -0.5399
2026-08-19 05:36:12.105556: Pseudo dice [np.float32(0.7827)]
2026-08-19 05:36:12.105618: Epoch time: 30.48 s
2026-08-19 05:36:12.105661: Yayy! New best EMA pseudo Dice: 0.7577999830245972
2026-08-19 05:36:13.513862: 
2026-08-19 05:36:13.513983: Epoch 327
2026-08-19 05:36:13.514057: Current learning rate: 0.00385
2026-08-19 05:36:43.923210: train_loss -0.5265
2026-08-19 05:36:43.923450: val_loss -0.5062
2026-08-19 05:36:43.923510: Pseudo dice [np.float32(0.7736)]
2026-08-19 05:36:43.923579: Epoch time: 30.41 s
2026-08-19 05:36:43.923625: Yayy! New best EMA pseudo Dice: 0.7592999935150146
2026-08-19 05:36:45.028003: 
2026-08-19 05:36:45.028178: Epoch 328
2026-08-19 05:36:45.028264: Current learning rate: 0.00383
2026-08-19 05:37:15.303130: train_loss -0.5387
2026-08-19 05:37:15.303314: val_loss -0.5233
2026-08-19 05:37:15.303377: Pseudo dice [np.float32(0.7886)]
2026-08-19 05:37:15.303443: Epoch time: 30.28 s
2026-08-19 05:37:15.303491: Yayy! New best EMA pseudo Dice: 0.7623000144958496
2026-08-19 05:37:16.388177: 
2026-08-19 05:37:16.388301: Epoch 329
2026-08-19 05:37:16.388373: Current learning rate: 0.00381
2026-08-19 05:37:46.715239: train_loss -0.5029
2026-08-19 05:37:46.715416: val_loss -0.4945
2026-08-19 05:37:46.715480: Pseudo dice [np.float32(0.719)]
2026-08-19 05:37:46.715543: Epoch time: 30.33 s
2026-08-19 05:37:47.816603: 
2026-08-19 05:37:47.816801: Epoch 330
2026-08-19 05:37:47.816878: Current learning rate: 0.00379
2026-08-19 05:38:18.230385: train_loss -0.5192
2026-08-19 05:38:18.230555: val_loss -0.5076
2026-08-19 05:38:18.230612: Pseudo dice [np.float32(0.7729)]
2026-08-19 05:38:18.230675: Epoch time: 30.41 s
2026-08-19 05:38:19.041479: 
2026-08-19 05:38:19.041587: Epoch 331
2026-08-19 05:38:19.041654: Current learning rate: 0.00377
2026-08-19 05:38:49.547441: train_loss -0.5292
2026-08-19 05:38:49.547614: val_loss -0.4803
2026-08-19 05:38:49.547674: Pseudo dice [np.float32(0.6814)]
2026-08-19 05:38:49.547757: Epoch time: 30.51 s
2026-08-19 05:38:50.357099: 
2026-08-19 05:38:50.357225: Epoch 332
2026-08-19 05:38:50.357298: Current learning rate: 0.00375
2026-08-19 05:39:20.903673: train_loss -0.5357
2026-08-19 05:39:20.903847: val_loss -0.5333
2026-08-19 05:39:20.903956: Pseudo dice [np.float32(0.7799)]
2026-08-19 05:39:20.904063: Epoch time: 30.55 s
2026-08-19 05:39:21.715426: 
2026-08-19 05:39:21.715665: Epoch 333
2026-08-19 05:39:21.715741: Current learning rate: 0.00373
2026-08-19 05:39:52.107491: train_loss -0.5356
2026-08-19 05:39:52.107664: val_loss -0.5559
2026-08-19 05:39:52.107722: Pseudo dice [np.float32(0.7562)]
2026-08-19 05:39:52.107788: Epoch time: 30.39 s
2026-08-19 05:39:52.920624: 
2026-08-19 05:39:52.920818: Epoch 334
2026-08-19 05:39:52.920915: Current learning rate: 0.00371
2026-08-19 05:40:23.406807: train_loss -0.5437
2026-08-19 05:40:23.406988: val_loss -0.5902
2026-08-19 05:40:23.407048: Pseudo dice [np.float32(0.7379)]
2026-08-19 05:40:23.407115: Epoch time: 30.49 s
2026-08-19 05:40:24.235867: 
2026-08-19 05:40:24.236063: Epoch 335
2026-08-19 05:40:24.236140: Current learning rate: 0.00369
2026-08-19 05:40:54.694536: train_loss -0.5063
2026-08-19 05:40:54.694712: val_loss -0.5441
2026-08-19 05:40:54.694801: Pseudo dice [np.float32(0.7593)]
2026-08-19 05:40:54.694876: Epoch time: 30.46 s
2026-08-19 05:40:55.509023: 
2026-08-19 05:40:55.509144: Epoch 336
2026-08-19 05:40:55.509216: Current learning rate: 0.00367
2026-08-19 05:41:25.985527: train_loss -0.5281
2026-08-19 05:41:25.985702: val_loss -0.6083
2026-08-19 05:41:25.985759: Pseudo dice [np.float32(0.7924)]
2026-08-19 05:41:25.985818: Epoch time: 30.48 s
2026-08-19 05:41:26.797868: 
2026-08-19 05:41:26.797983: Epoch 337
2026-08-19 05:41:26.798059: Current learning rate: 0.00365
2026-08-19 05:41:57.248495: train_loss -0.5445
2026-08-19 05:41:57.248682: val_loss -0.5483
2026-08-19 05:41:57.248740: Pseudo dice [np.float32(0.7766)]
2026-08-19 05:41:57.248803: Epoch time: 30.45 s
2026-08-19 05:41:58.062721: 
2026-08-19 05:41:58.062960: Epoch 338
2026-08-19 05:41:58.063035: Current learning rate: 0.00363
2026-08-19 05:42:28.473397: train_loss -0.5378
2026-08-19 05:42:28.473567: val_loss -0.5226
2026-08-19 05:42:28.473619: Pseudo dice [np.float32(0.7621)]
2026-08-19 05:42:28.473677: Epoch time: 30.41 s
2026-08-19 05:42:29.574073: 
2026-08-19 05:42:29.574272: Epoch 339
2026-08-19 05:42:29.574349: Current learning rate: 0.00361
2026-08-19 05:43:00.030098: train_loss -0.5238
2026-08-19 05:43:00.030316: val_loss -0.5487
2026-08-19 05:43:00.030405: Pseudo dice [np.float32(0.7403)]
2026-08-19 05:43:00.030521: Epoch time: 30.46 s
2026-08-19 05:43:01.182761: 
2026-08-19 05:43:01.182917: Epoch 340
2026-08-19 05:43:01.183000: Current learning rate: 0.00359
2026-08-19 05:43:31.600422: train_loss -0.5563
2026-08-19 05:43:31.600611: val_loss -0.4968
2026-08-19 05:43:31.600672: Pseudo dice [np.float32(0.7753)]
2026-08-19 05:43:31.600737: Epoch time: 30.42 s
2026-08-19 05:43:32.407145: 
2026-08-19 05:43:32.407257: Epoch 341
2026-08-19 05:43:32.407514: Current learning rate: 0.00357
2026-08-19 05:44:02.744872: train_loss -0.5461
2026-08-19 05:44:02.745097: val_loss -0.5471
2026-08-19 05:44:02.745157: Pseudo dice [np.float32(0.7669)]
2026-08-19 05:44:02.745232: Epoch time: 30.34 s
2026-08-19 05:44:03.561769: 
2026-08-19 05:44:03.561945: Epoch 342
2026-08-19 05:44:03.562021: Current learning rate: 0.00355
2026-08-19 05:44:33.996113: train_loss -0.5443
2026-08-19 05:44:33.996293: val_loss -0.5335
2026-08-19 05:44:33.996351: Pseudo dice [np.float32(0.7508)]
2026-08-19 05:44:33.996420: Epoch time: 30.44 s
2026-08-19 05:44:34.812027: 
2026-08-19 05:44:34.812177: Epoch 343
2026-08-19 05:44:34.812257: Current learning rate: 0.00353
2026-08-19 05:45:05.104040: train_loss -0.5311
2026-08-19 05:45:05.104263: val_loss -0.5746
2026-08-19 05:45:05.104324: Pseudo dice [np.float32(0.8221)]
2026-08-19 05:45:05.104398: Epoch time: 30.29 s
2026-08-19 05:45:05.104446: Yayy! New best EMA pseudo Dice: 0.7656000256538391
2026-08-19 05:45:06.228002: 
2026-08-19 05:45:06.228141: Epoch 344
2026-08-19 05:45:06.228221: Current learning rate: 0.00351
2026-08-19 05:45:36.557867: train_loss -0.5293
2026-08-19 05:45:36.558177: val_loss -0.5533
2026-08-19 05:45:36.558240: Pseudo dice [np.float32(0.7934)]
2026-08-19 05:45:36.558320: Epoch time: 30.33 s
2026-08-19 05:45:36.558367: Yayy! New best EMA pseudo Dice: 0.7682999968528748
2026-08-19 05:45:37.846185: 
2026-08-19 05:45:37.846418: Epoch 345
2026-08-19 05:45:37.846496: Current learning rate: 0.00349
2026-08-19 05:46:08.175621: train_loss -0.5473
2026-08-19 05:46:08.175829: val_loss -0.4846
2026-08-19 05:46:08.175898: Pseudo dice [np.float32(0.7215)]
2026-08-19 05:46:08.175966: Epoch time: 30.33 s
2026-08-19 05:46:08.992106: 
2026-08-19 05:46:08.992267: Epoch 346
2026-08-19 05:46:08.992338: Current learning rate: 0.00346
2026-08-19 05:46:39.448200: train_loss -0.5358
2026-08-19 05:46:39.448411: val_loss -0.5376
2026-08-19 05:46:39.448470: Pseudo dice [np.float32(0.7388)]
2026-08-19 05:46:39.448535: Epoch time: 30.46 s
2026-08-19 05:46:40.277467: 
2026-08-19 05:46:40.277596: Epoch 347
2026-08-19 05:46:40.277675: Current learning rate: 0.00344
2026-08-19 05:47:10.642125: train_loss -0.5213
2026-08-19 05:47:10.642327: val_loss -0.4873
2026-08-19 05:47:10.642389: Pseudo dice [np.float32(0.7151)]
2026-08-19 05:47:10.642456: Epoch time: 30.37 s
2026-08-19 05:47:11.457908: 
2026-08-19 05:47:11.458018: Epoch 348
2026-08-19 05:47:11.458094: Current learning rate: 0.00342
2026-08-19 05:47:41.902669: train_loss -0.5174
2026-08-19 05:47:41.902899: val_loss -0.4979
2026-08-19 05:47:41.902963: Pseudo dice [np.float32(0.7006)]
2026-08-19 05:47:41.903028: Epoch time: 30.45 s
2026-08-19 05:47:42.719350: 
2026-08-19 05:47:42.719459: Epoch 349
2026-08-19 05:47:42.719532: Current learning rate: 0.0034
2026-08-19 05:48:13.125623: train_loss -0.5214
2026-08-19 05:48:13.125818: val_loss -0.4972
2026-08-19 05:48:13.125882: Pseudo dice [np.float32(0.7532)]
2026-08-19 05:48:13.125945: Epoch time: 30.41 s
2026-08-19 05:48:14.233702: 
2026-08-19 05:48:14.233825: Epoch 350
2026-08-19 05:48:14.233902: Current learning rate: 0.00338
2026-08-19 05:48:44.672448: train_loss -0.5362
2026-08-19 05:48:44.672637: val_loss -0.5488
2026-08-19 05:48:44.672694: Pseudo dice [np.float32(0.7543)]
2026-08-19 05:48:44.672757: Epoch time: 30.44 s
2026-08-19 05:48:45.789327: 
2026-08-19 05:48:45.789490: Epoch 351
2026-08-19 05:48:45.789565: Current learning rate: 0.00336
2026-08-19 05:49:16.249424: train_loss -0.5466
2026-08-19 05:49:16.249634: val_loss -0.4579
2026-08-19 05:49:16.249694: Pseudo dice [np.float32(0.6419)]
2026-08-19 05:49:16.249766: Epoch time: 30.46 s
2026-08-19 05:49:17.061559: 
2026-08-19 05:49:17.061727: Epoch 352
2026-08-19 05:49:17.061808: Current learning rate: 0.00334
2026-08-19 05:49:47.562432: train_loss -0.5201
2026-08-19 05:49:47.562618: val_loss -0.5622
2026-08-19 05:49:47.562678: Pseudo dice [np.float32(0.7908)]
2026-08-19 05:49:47.562746: Epoch time: 30.5 s
2026-08-19 05:49:48.372630: 
2026-08-19 05:49:48.372785: Epoch 353
2026-08-19 05:49:48.372873: Current learning rate: 0.00332
2026-08-19 05:50:18.802781: train_loss -0.5235
2026-08-19 05:50:18.803023: val_loss -0.5402
2026-08-19 05:50:18.803085: Pseudo dice [np.float32(0.7391)]
2026-08-19 05:50:18.803149: Epoch time: 30.43 s
2026-08-19 05:50:19.628886: 
2026-08-19 05:50:19.629023: Epoch 354
2026-08-19 05:50:19.629136: Current learning rate: 0.0033
2026-08-19 05:50:50.068899: train_loss -0.5148
2026-08-19 05:50:50.069102: val_loss -0.4789
2026-08-19 05:50:50.069162: Pseudo dice [np.float32(0.6746)]
2026-08-19 05:50:50.069229: Epoch time: 30.44 s
2026-08-19 05:50:50.895211: 
2026-08-19 05:50:50.895423: Epoch 355
2026-08-19 05:50:50.895498: Current learning rate: 0.00328
2026-08-19 05:51:21.283262: train_loss -0.5144
2026-08-19 05:51:21.283474: val_loss -0.5259
2026-08-19 05:51:21.283539: Pseudo dice [np.float32(0.7882)]
2026-08-19 05:51:21.283608: Epoch time: 30.39 s
2026-08-19 05:51:22.103313: 
2026-08-19 05:51:22.103500: Epoch 356
2026-08-19 05:51:22.103579: Current learning rate: 0.00326
2026-08-19 05:51:52.585761: train_loss -0.5531
2026-08-19 05:51:52.585974: val_loss -0.5054
2026-08-19 05:51:52.586031: Pseudo dice [np.float32(0.7229)]
2026-08-19 05:51:52.586092: Epoch time: 30.48 s
2026-08-19 05:51:53.407683: 
2026-08-19 05:51:53.407893: Epoch 357
2026-08-19 05:51:53.407989: Current learning rate: 0.00324
2026-08-19 05:52:23.837415: train_loss -0.5339
2026-08-19 05:52:23.837620: val_loss -0.5356
2026-08-19 05:52:23.837677: Pseudo dice [np.float32(0.782)]
2026-08-19 05:52:23.837742: Epoch time: 30.43 s
2026-08-19 05:52:24.684432: 
2026-08-19 05:52:24.684696: Epoch 358
2026-08-19 05:52:24.684809: Current learning rate: 0.00322
2026-08-19 05:52:55.122765: train_loss -0.5211
2026-08-19 05:52:55.122976: val_loss -0.5235
2026-08-19 05:52:55.123035: Pseudo dice [np.float32(0.7478)]
2026-08-19 05:52:55.123099: Epoch time: 30.44 s
2026-08-19 05:52:55.945418: 
2026-08-19 05:52:55.945646: Epoch 359
2026-08-19 05:52:55.945724: Current learning rate: 0.0032
2026-08-19 05:53:26.268433: train_loss -0.536
2026-08-19 05:53:26.268723: val_loss -0.5601
2026-08-19 05:53:26.268785: Pseudo dice [np.float32(0.7541)]
2026-08-19 05:53:26.268852: Epoch time: 30.32 s
2026-08-19 05:53:27.439714: 
2026-08-19 05:53:27.439834: Epoch 360
2026-08-19 05:53:27.439914: Current learning rate: 0.00318
2026-08-19 05:53:57.887048: train_loss -0.5424
2026-08-19 05:53:57.887260: val_loss -0.5292
2026-08-19 05:53:57.887326: Pseudo dice [np.float32(0.7538)]
2026-08-19 05:53:57.887399: Epoch time: 30.45 s
2026-08-19 05:53:58.713000: 
2026-08-19 05:53:58.713300: Epoch 361
2026-08-19 05:53:58.713383: Current learning rate: 0.00316
2026-08-19 05:54:29.038350: train_loss -0.547
2026-08-19 05:54:29.038546: val_loss -0.5651
2026-08-19 05:54:29.038606: Pseudo dice [np.float32(0.7689)]
2026-08-19 05:54:29.038670: Epoch time: 30.33 s
2026-08-19 05:54:29.859559: 
2026-08-19 05:54:29.859725: Epoch 362
2026-08-19 05:54:29.859798: Current learning rate: 0.00314
2026-08-19 05:55:00.372145: train_loss -0.5589
2026-08-19 05:55:00.372319: val_loss -0.543
2026-08-19 05:55:00.372373: Pseudo dice [np.float32(0.7801)]
2026-08-19 05:55:00.372437: Epoch time: 30.51 s
2026-08-19 05:55:01.490647: 
2026-08-19 05:55:01.490763: Epoch 363
2026-08-19 05:55:01.490835: Current learning rate: 0.00312
2026-08-19 05:55:32.040694: train_loss -0.5664
2026-08-19 05:55:32.040903: val_loss -0.4717
2026-08-19 05:55:32.040964: Pseudo dice [np.float32(0.7381)]
2026-08-19 05:55:32.041035: Epoch time: 30.55 s
2026-08-19 05:55:32.855640: 
2026-08-19 05:55:32.855774: Epoch 364
2026-08-19 05:55:32.855847: Current learning rate: 0.0031
2026-08-19 05:56:03.352480: train_loss -0.5565
2026-08-19 05:56:03.352824: val_loss -0.5463
2026-08-19 05:56:03.352892: Pseudo dice [np.float32(0.7853)]
2026-08-19 05:56:03.352960: Epoch time: 30.5 s
2026-08-19 05:56:04.176404: 
2026-08-19 05:56:04.176522: Epoch 365
2026-08-19 05:56:04.176593: Current learning rate: 0.00308
2026-08-19 05:56:34.620634: train_loss -0.5402
2026-08-19 05:56:34.620811: val_loss -0.5544
2026-08-19 05:56:34.620876: Pseudo dice [np.float32(0.7516)]
2026-08-19 05:56:34.621235: Epoch time: 30.45 s
2026-08-19 05:56:35.442895: 
2026-08-19 05:56:35.443011: Epoch 366
2026-08-19 05:56:35.443083: Current learning rate: 0.00306
2026-08-19 05:57:05.954367: train_loss -0.5547
2026-08-19 05:57:05.954551: val_loss -0.5202
2026-08-19 05:57:05.954610: Pseudo dice [np.float32(0.7554)]
2026-08-19 05:57:05.954676: Epoch time: 30.51 s
2026-08-19 05:57:06.777587: 
2026-08-19 05:57:06.777813: Epoch 367
2026-08-19 05:57:06.777897: Current learning rate: 0.00304
2026-08-19 05:57:37.303253: train_loss -0.5383
2026-08-19 05:57:37.303441: val_loss -0.5408
2026-08-19 05:57:37.303502: Pseudo dice [np.float32(0.7758)]
2026-08-19 05:57:37.303569: Epoch time: 30.53 s
2026-08-19 05:57:38.123166: 
2026-08-19 05:57:38.123360: Epoch 368
2026-08-19 05:57:38.123436: Current learning rate: 0.00302
2026-08-19 05:58:08.545154: train_loss -0.5183
2026-08-19 05:58:08.545387: val_loss -0.563
2026-08-19 05:58:08.545448: Pseudo dice [np.float32(0.7716)]
2026-08-19 05:58:08.545514: Epoch time: 30.42 s
2026-08-19 05:58:09.366133: 
2026-08-19 05:58:09.366271: Epoch 369
2026-08-19 05:58:09.366346: Current learning rate: 0.003
2026-08-19 05:58:39.664297: train_loss -0.5331
2026-08-19 05:58:39.664541: val_loss -0.5608
2026-08-19 05:58:39.664600: Pseudo dice [np.float32(0.7717)]
2026-08-19 05:58:39.664665: Epoch time: 30.3 s
2026-08-19 05:58:40.796875: 
2026-08-19 05:58:40.797014: Epoch 370
2026-08-19 05:58:40.797094: Current learning rate: 0.00297
2026-08-19 05:59:11.163279: train_loss -0.5348
2026-08-19 05:59:11.163464: val_loss -0.5466
2026-08-19 05:59:11.163517: Pseudo dice [np.float32(0.8039)]
2026-08-19 05:59:11.163579: Epoch time: 30.37 s
2026-08-19 05:59:11.982681: 
2026-08-19 05:59:11.982787: Epoch 371
2026-08-19 05:59:11.982860: Current learning rate: 0.00295
2026-08-19 05:59:42.432149: train_loss -0.5418
2026-08-19 05:59:42.432342: val_loss -0.5832
2026-08-19 05:59:42.432403: Pseudo dice [np.float32(0.7393)]
2026-08-19 05:59:42.432470: Epoch time: 30.45 s
2026-08-19 05:59:43.251835: 
2026-08-19 05:59:43.251938: Epoch 372
2026-08-19 05:59:43.252009: Current learning rate: 0.00293
2026-08-19 06:00:13.618160: train_loss -0.5356
2026-08-19 06:00:13.618337: val_loss -0.4905
2026-08-19 06:00:13.618397: Pseudo dice [np.float32(0.767)]
2026-08-19 06:00:13.618459: Epoch time: 30.37 s
2026-08-19 06:00:14.441920: 
2026-08-19 06:00:14.442161: Epoch 373
2026-08-19 06:00:14.442237: Current learning rate: 0.00291
2026-08-19 06:00:44.872094: train_loss -0.5392
2026-08-19 06:00:44.872311: val_loss -0.4631
2026-08-19 06:00:44.872374: Pseudo dice [np.float32(0.6865)]
2026-08-19 06:00:44.872445: Epoch time: 30.43 s
2026-08-19 06:00:45.693492: 
2026-08-19 06:00:45.693639: Epoch 374
2026-08-19 06:00:45.693711: Current learning rate: 0.00289
2026-08-19 06:01:16.107691: train_loss -0.5508
2026-08-19 06:01:16.107965: val_loss -0.5812
2026-08-19 06:01:16.108027: Pseudo dice [np.float32(0.7335)]
2026-08-19 06:01:16.108096: Epoch time: 30.42 s
2026-08-19 06:01:17.221403: 
2026-08-19 06:01:17.221615: Epoch 375
2026-08-19 06:01:17.221687: Current learning rate: 0.00287
2026-08-19 06:01:47.752254: train_loss -0.5483
2026-08-19 06:01:47.752462: val_loss -0.5501
2026-08-19 06:01:47.752517: Pseudo dice [np.float32(0.7486)]
2026-08-19 06:01:47.752577: Epoch time: 30.53 s
2026-08-19 06:01:48.568310: 
2026-08-19 06:01:48.568533: Epoch 376
2026-08-19 06:01:48.568609: Current learning rate: 0.00285
2026-08-19 06:02:19.044310: train_loss -0.5088
2026-08-19 06:02:19.044526: val_loss -0.5337
2026-08-19 06:02:19.044584: Pseudo dice [np.float32(0.7574)]
2026-08-19 06:02:19.044650: Epoch time: 30.48 s
2026-08-19 06:02:19.867939: 
2026-08-19 06:02:19.868168: Epoch 377
2026-08-19 06:02:19.868249: Current learning rate: 0.00283
2026-08-19 06:02:50.341872: train_loss -0.5489
2026-08-19 06:02:50.342088: val_loss -0.5132
2026-08-19 06:02:50.342150: Pseudo dice [np.float32(0.7574)]
2026-08-19 06:02:50.342221: Epoch time: 30.47 s
2026-08-19 06:02:51.167705: 
2026-08-19 06:02:51.167861: Epoch 378
2026-08-19 06:02:51.167940: Current learning rate: 0.00281
2026-08-19 06:03:21.683337: train_loss -0.5457
2026-08-19 06:03:21.683541: val_loss -0.5222
2026-08-19 06:03:21.683650: Pseudo dice [np.float32(0.732)]
2026-08-19 06:03:21.683719: Epoch time: 30.52 s
2026-08-19 06:03:22.504288: 
2026-08-19 06:03:22.504457: Epoch 379
2026-08-19 06:03:22.504529: Current learning rate: 0.00279
2026-08-19 06:03:52.825293: train_loss -0.5504
2026-08-19 06:03:52.825476: val_loss -0.5104
2026-08-19 06:03:52.825538: Pseudo dice [np.float32(0.7562)]
2026-08-19 06:03:52.825604: Epoch time: 30.32 s
2026-08-19 06:03:54.033527: 
2026-08-19 06:03:54.033739: Epoch 380
2026-08-19 06:03:54.033814: Current learning rate: 0.00277
2026-08-19 06:04:24.481242: train_loss -0.528
2026-08-19 06:04:24.481462: val_loss -0.4934
2026-08-19 06:04:24.481521: Pseudo dice [np.float32(0.7413)]
2026-08-19 06:04:24.481584: Epoch time: 30.45 s
2026-08-19 06:04:25.306075: 
2026-08-19 06:04:25.306329: Epoch 381
2026-08-19 06:04:25.306415: Current learning rate: 0.00275
2026-08-19 06:04:55.780681: train_loss -0.5481
2026-08-19 06:04:55.780903: val_loss -0.535
2026-08-19 06:04:55.780967: Pseudo dice [np.float32(0.7276)]
2026-08-19 06:04:55.781084: Epoch time: 30.48 s
2026-08-19 06:04:56.615196: 
2026-08-19 06:04:56.615356: Epoch 382
2026-08-19 06:04:56.615437: Current learning rate: 0.00273
2026-08-19 06:05:26.923113: train_loss -0.5717
2026-08-19 06:05:26.923338: val_loss -0.5162
2026-08-19 06:05:26.923398: Pseudo dice [np.float32(0.7715)]
2026-08-19 06:05:26.923464: Epoch time: 30.31 s
2026-08-19 06:05:27.754330: 
2026-08-19 06:05:27.754487: Epoch 383
2026-08-19 06:05:27.754612: Current learning rate: 0.00271
2026-08-19 06:05:58.138871: train_loss -0.5485
2026-08-19 06:05:58.139072: val_loss -0.5685
2026-08-19 06:05:58.139132: Pseudo dice [np.float32(0.7997)]
2026-08-19 06:05:58.139202: Epoch time: 30.39 s
2026-08-19 06:05:58.966465: 
2026-08-19 06:05:58.966697: Epoch 384
2026-08-19 06:05:58.966774: Current learning rate: 0.00268
2026-08-19 06:06:29.372070: train_loss -0.5606
2026-08-19 06:06:29.372274: val_loss -0.437
2026-08-19 06:06:29.372334: Pseudo dice [np.float32(0.7342)]
2026-08-19 06:06:29.372399: Epoch time: 30.41 s
2026-08-19 06:06:30.201797: 
2026-08-19 06:06:30.201900: Epoch 385
2026-08-19 06:06:30.201966: Current learning rate: 0.00266
2026-08-19 06:07:00.610822: train_loss -0.5384
2026-08-19 06:07:00.611002: val_loss -0.534
2026-08-19 06:07:00.611057: Pseudo dice [np.float32(0.7578)]
2026-08-19 06:07:00.611117: Epoch time: 30.41 s
2026-08-19 06:07:01.720826: 
2026-08-19 06:07:01.720941: Epoch 386
2026-08-19 06:07:01.721022: Current learning rate: 0.00264
2026-08-19 06:07:32.233600: train_loss -0.5612
2026-08-19 06:07:32.233825: val_loss -0.5906
2026-08-19 06:07:32.233929: Pseudo dice [np.float32(0.7921)]
2026-08-19 06:07:32.234036: Epoch time: 30.51 s
2026-08-19 06:07:33.056278: 
2026-08-19 06:07:33.056504: Epoch 387
2026-08-19 06:07:33.056580: Current learning rate: 0.00262
2026-08-19 06:08:03.462811: train_loss -0.541
2026-08-19 06:08:03.462987: val_loss -0.5312
2026-08-19 06:08:03.463045: Pseudo dice [np.float32(0.7533)]
2026-08-19 06:08:03.463108: Epoch time: 30.41 s
2026-08-19 06:08:04.282339: 
2026-08-19 06:08:04.282490: Epoch 388
2026-08-19 06:08:04.282562: Current learning rate: 0.0026
2026-08-19 06:08:34.723761: train_loss -0.56
2026-08-19 06:08:34.723934: val_loss -0.5686
2026-08-19 06:08:34.723989: Pseudo dice [np.float32(0.7438)]
2026-08-19 06:08:34.724049: Epoch time: 30.44 s
2026-08-19 06:08:35.549038: 
2026-08-19 06:08:35.549152: Epoch 389
2026-08-19 06:08:35.549272: Current learning rate: 0.00258
2026-08-19 06:09:05.966343: train_loss -0.5553
2026-08-19 06:09:05.966561: val_loss -0.5478
2026-08-19 06:09:05.966619: Pseudo dice [np.float32(0.7349)]
2026-08-19 06:09:05.966683: Epoch time: 30.42 s
2026-08-19 06:09:07.095018: 
2026-08-19 06:09:07.095330: Epoch 390
2026-08-19 06:09:07.095415: Current learning rate: 0.00256
2026-08-19 06:09:37.495151: train_loss -0.5357
2026-08-19 06:09:37.495344: val_loss -0.5576
2026-08-19 06:09:37.495438: Pseudo dice [np.float32(0.8006)]
2026-08-19 06:09:37.495662: Epoch time: 30.4 s
2026-08-19 06:09:38.321906: 
2026-08-19 06:09:38.322022: Epoch 391
2026-08-19 06:09:38.322091: Current learning rate: 0.00254
2026-08-19 06:10:08.682463: train_loss -0.551
2026-08-19 06:10:08.682642: val_loss -0.5282
2026-08-19 06:10:08.682695: Pseudo dice [np.float32(0.7461)]
2026-08-19 06:10:08.682757: Epoch time: 30.36 s
2026-08-19 06:10:09.510359: 
2026-08-19 06:10:09.510492: Epoch 392
2026-08-19 06:10:09.510569: Current learning rate: 0.00252
2026-08-19 06:10:40.024085: train_loss -0.5488
2026-08-19 06:10:40.024274: val_loss -0.5376
2026-08-19 06:10:40.024335: Pseudo dice [np.float32(0.7216)]
2026-08-19 06:10:40.024406: Epoch time: 30.51 s
2026-08-19 06:10:40.850095: 
2026-08-19 06:10:40.850201: Epoch 393
2026-08-19 06:10:40.850269: Current learning rate: 0.0025
2026-08-19 06:11:11.344539: train_loss -0.5347
2026-08-19 06:11:11.344712: val_loss -0.4982
2026-08-19 06:11:11.344774: Pseudo dice [np.float32(0.7719)]
2026-08-19 06:11:11.344836: Epoch time: 30.5 s
2026-08-19 06:11:12.172381: 
2026-08-19 06:11:12.172506: Epoch 394
2026-08-19 06:11:12.172582: Current learning rate: 0.00248
2026-08-19 06:11:42.668013: train_loss -0.5409
2026-08-19 06:11:42.668237: val_loss -0.6103
2026-08-19 06:11:42.668331: Pseudo dice [np.float32(0.7939)]
2026-08-19 06:11:42.668432: Epoch time: 30.5 s
2026-08-19 06:11:43.520870: 
2026-08-19 06:11:43.520979: Epoch 395
2026-08-19 06:11:43.521058: Current learning rate: 0.00245
2026-08-19 06:12:13.857757: train_loss -0.5504
2026-08-19 06:12:13.857976: val_loss -0.536
2026-08-19 06:12:13.858054: Pseudo dice [np.float32(0.766)]
2026-08-19 06:12:13.858122: Epoch time: 30.34 s
2026-08-19 06:12:14.687042: 
2026-08-19 06:12:14.687282: Epoch 396
2026-08-19 06:12:14.687361: Current learning rate: 0.00243
2026-08-19 06:12:45.081777: train_loss -0.5611
2026-08-19 06:12:45.082034: val_loss -0.5437
2026-08-19 06:12:45.082096: Pseudo dice [np.float32(0.7612)]
2026-08-19 06:12:45.082165: Epoch time: 30.4 s
2026-08-19 06:12:45.903508: 
2026-08-19 06:12:45.903682: Epoch 397
2026-08-19 06:12:45.903754: Current learning rate: 0.00241
2026-08-19 06:13:16.418722: train_loss -0.5579
2026-08-19 06:13:16.418963: val_loss -0.5331
2026-08-19 06:13:16.419027: Pseudo dice [np.float32(0.723)]
2026-08-19 06:13:16.419092: Epoch time: 30.52 s
2026-08-19 06:13:17.529221: 
2026-08-19 06:13:17.529457: Epoch 398
2026-08-19 06:13:17.529550: Current learning rate: 0.00239
2026-08-19 06:13:48.013067: train_loss -0.5678
2026-08-19 06:13:48.013277: val_loss -0.5116
2026-08-19 06:13:48.013341: Pseudo dice [np.float32(0.758)]
2026-08-19 06:13:48.013416: Epoch time: 30.48 s
2026-08-19 06:13:48.837467: 
2026-08-19 06:13:48.837738: Epoch 399
2026-08-19 06:13:48.837814: Current learning rate: 0.00237
2026-08-19 06:14:19.239447: train_loss -0.5858
2026-08-19 06:14:19.239673: val_loss -0.4947
2026-08-19 06:14:19.239735: Pseudo dice [np.float32(0.7666)]
2026-08-19 06:14:19.239806: Epoch time: 30.4 s
2026-08-19 06:14:20.574053: 
2026-08-19 06:14:20.574302: Epoch 400
2026-08-19 06:14:20.574384: Current learning rate: 0.00235
2026-08-19 06:14:51.153658: train_loss -0.5741
2026-08-19 06:14:51.153870: val_loss -0.5546
2026-08-19 06:14:51.153932: Pseudo dice [np.float32(0.7835)]
2026-08-19 06:14:51.153999: Epoch time: 30.58 s
2026-08-19 06:14:51.986106: 
2026-08-19 06:14:51.986360: Epoch 401
2026-08-19 06:14:51.986434: Current learning rate: 0.00233
2026-08-19 06:15:22.502600: train_loss -0.5901
2026-08-19 06:15:22.502847: val_loss -0.5101
2026-08-19 06:15:22.502913: Pseudo dice [np.float32(0.7535)]
2026-08-19 06:15:22.502976: Epoch time: 30.52 s
2026-08-19 06:15:23.331278: 
2026-08-19 06:15:23.331471: Epoch 402
2026-08-19 06:15:23.331542: Current learning rate: 0.00231
2026-08-19 06:15:53.816577: train_loss -0.5716
2026-08-19 06:15:53.816790: val_loss -0.5472
2026-08-19 06:15:53.816850: Pseudo dice [np.float32(0.7639)]
2026-08-19 06:15:53.816920: Epoch time: 30.49 s
2026-08-19 06:15:54.645587: 
2026-08-19 06:15:54.645823: Epoch 403
2026-08-19 06:15:54.645904: Current learning rate: 0.00229
2026-08-19 06:16:25.244553: train_loss -0.5773
2026-08-19 06:16:25.244727: val_loss -0.5358
2026-08-19 06:16:25.244787: Pseudo dice [np.float32(0.7554)]
2026-08-19 06:16:25.244877: Epoch time: 30.6 s
2026-08-19 06:16:26.073305: 
2026-08-19 06:16:26.073427: Epoch 404
2026-08-19 06:16:26.073505: Current learning rate: 0.00226
2026-08-19 06:16:56.508350: train_loss -0.56
2026-08-19 06:16:56.508521: val_loss -0.5402
2026-08-19 06:16:56.508576: Pseudo dice [np.float32(0.7863)]
2026-08-19 06:16:56.508640: Epoch time: 30.44 s
2026-08-19 06:16:57.336587: 
2026-08-19 06:16:57.336811: Epoch 405
2026-08-19 06:16:57.336900: Current learning rate: 0.00224
2026-08-19 06:17:27.827815: train_loss -0.5542
2026-08-19 06:17:27.828020: val_loss -0.5559
2026-08-19 06:17:27.828081: Pseudo dice [np.float32(0.7788)]
2026-08-19 06:17:27.828141: Epoch time: 30.49 s
2026-08-19 06:17:28.659423: 
2026-08-19 06:17:28.659585: Epoch 406
2026-08-19 06:17:28.659669: Current learning rate: 0.00222
2026-08-19 06:17:59.142852: train_loss -0.5654
2026-08-19 06:17:59.143035: val_loss -0.5736
2026-08-19 06:17:59.143097: Pseudo dice [np.float32(0.7993)]
2026-08-19 06:17:59.143167: Epoch time: 30.48 s
2026-08-19 06:17:59.973166: 
2026-08-19 06:17:59.973376: Epoch 407
2026-08-19 06:17:59.973471: Current learning rate: 0.0022
2026-08-19 06:18:30.465225: train_loss -0.5761
2026-08-19 06:18:30.465453: val_loss -0.5792
2026-08-19 06:18:30.465512: Pseudo dice [np.float32(0.7669)]
2026-08-19 06:18:30.465578: Epoch time: 30.49 s
2026-08-19 06:18:31.298190: 
2026-08-19 06:18:31.298326: Epoch 408
2026-08-19 06:18:31.298428: Current learning rate: 0.00218
2026-08-19 06:19:01.832851: train_loss -0.5775
2026-08-19 06:19:01.833053: val_loss -0.5716
2026-08-19 06:19:01.833111: Pseudo dice [np.float32(0.774)]
2026-08-19 06:19:01.833174: Epoch time: 30.54 s
2026-08-19 06:19:02.950384: 
2026-08-19 06:19:02.950641: Epoch 409
2026-08-19 06:19:02.950735: Current learning rate: 0.00216
2026-08-19 06:19:33.532504: train_loss -0.5882
2026-08-19 06:19:33.532726: val_loss -0.554
2026-08-19 06:19:33.532792: Pseudo dice [np.float32(0.7473)]
2026-08-19 06:19:33.532865: Epoch time: 30.58 s
2026-08-19 06:19:34.678202: 
2026-08-19 06:19:34.678394: Epoch 410
2026-08-19 06:19:34.678478: Current learning rate: 0.00214
2026-08-19 06:20:05.166399: train_loss -0.5809
2026-08-19 06:20:05.166600: val_loss -0.4928
2026-08-19 06:20:05.166669: Pseudo dice [np.float32(0.7602)]
2026-08-19 06:20:05.166743: Epoch time: 30.49 s
2026-08-19 06:20:05.973947: 
2026-08-19 06:20:05.974099: Epoch 411
2026-08-19 06:20:05.974204: Current learning rate: 0.00212
2026-08-19 06:20:36.433372: train_loss -0.5698
2026-08-19 06:20:36.433602: val_loss -0.5441
2026-08-19 06:20:36.433668: Pseudo dice [np.float32(0.7577)]
2026-08-19 06:20:36.433741: Epoch time: 30.46 s
2026-08-19 06:20:37.274288: 
2026-08-19 06:20:37.274499: Epoch 412
2026-08-19 06:20:37.274581: Current learning rate: 0.00209
2026-08-19 06:21:07.690482: train_loss -0.5823
2026-08-19 06:21:07.690680: val_loss -0.5587
2026-08-19 06:21:07.690741: Pseudo dice [np.float32(0.7802)]
2026-08-19 06:21:07.690808: Epoch time: 30.42 s
2026-08-19 06:21:08.501301: 
2026-08-19 06:21:08.501479: Epoch 413
2026-08-19 06:21:08.501558: Current learning rate: 0.00207
2026-08-19 06:21:38.763395: train_loss -0.5572
2026-08-19 06:21:38.763670: val_loss -0.522
2026-08-19 06:21:38.763729: Pseudo dice [np.float32(0.7281)]
2026-08-19 06:21:38.763806: Epoch time: 30.26 s
2026-08-19 06:21:39.569358: 
2026-08-19 06:21:39.569543: Epoch 414
2026-08-19 06:21:39.569613: Current learning rate: 0.00205
2026-08-19 06:22:09.847316: train_loss -0.5621
2026-08-19 06:22:09.847533: val_loss -0.5275
2026-08-19 06:22:09.847594: Pseudo dice [np.float32(0.7756)]
2026-08-19 06:22:09.847670: Epoch time: 30.28 s
2026-08-19 06:22:10.653601: 
2026-08-19 06:22:10.653820: Epoch 415
2026-08-19 06:22:10.653905: Current learning rate: 0.00203
2026-08-19 06:22:41.111778: train_loss -0.5829
2026-08-19 06:22:41.111996: val_loss -0.582
2026-08-19 06:22:41.112053: Pseudo dice [np.float32(0.7921)]
2026-08-19 06:22:41.112124: Epoch time: 30.46 s
2026-08-19 06:22:41.916668: 
2026-08-19 06:22:41.916886: Epoch 416
2026-08-19 06:22:41.916957: Current learning rate: 0.00201
2026-08-19 06:23:12.233791: train_loss -0.5755
2026-08-19 06:23:12.234075: val_loss -0.5395
2026-08-19 06:23:12.234134: Pseudo dice [np.float32(0.769)]
2026-08-19 06:23:12.234206: Epoch time: 30.32 s
2026-08-19 06:23:13.041585: 
2026-08-19 06:23:13.041708: Epoch 417
2026-08-19 06:23:13.041779: Current learning rate: 0.00199
2026-08-19 06:23:43.517104: train_loss -0.5688
2026-08-19 06:23:43.517286: val_loss -0.5693
2026-08-19 06:23:43.517341: Pseudo dice [np.float32(0.7956)]
2026-08-19 06:23:43.517406: Epoch time: 30.48 s
2026-08-19 06:23:43.517450: Yayy! New best EMA pseudo Dice: 0.7696999907493591
2026-08-19 06:23:44.621553: 
2026-08-19 06:23:44.621664: Epoch 418
2026-08-19 06:23:44.621734: Current learning rate: 0.00196
2026-08-19 06:24:14.999446: train_loss -0.5875
2026-08-19 06:24:14.999637: val_loss -0.5747
2026-08-19 06:24:14.999695: Pseudo dice [np.float32(0.7922)]
2026-08-19 06:24:14.999762: Epoch time: 30.38 s
2026-08-19 06:24:14.999808: Yayy! New best EMA pseudo Dice: 0.7718999981880188
2026-08-19 06:24:16.156082: 
2026-08-19 06:24:16.156280: Epoch 419
2026-08-19 06:24:16.156352: Current learning rate: 0.00194
2026-08-19 06:24:46.471809: train_loss -0.5849
2026-08-19 06:24:46.472013: val_loss -0.5902
2026-08-19 06:24:46.472068: Pseudo dice [np.float32(0.7684)]
2026-08-19 06:24:46.472134: Epoch time: 30.32 s
2026-08-19 06:24:47.590436: 
2026-08-19 06:24:47.590623: Epoch 420
2026-08-19 06:24:47.590696: Current learning rate: 0.00192
2026-08-19 06:25:17.853822: train_loss -0.5813
2026-08-19 06:25:17.854028: val_loss -0.5657
2026-08-19 06:25:17.854089: Pseudo dice [np.float32(0.787)]
2026-08-19 06:25:17.854160: Epoch time: 30.26 s
2026-08-19 06:25:17.854209: Yayy! New best EMA pseudo Dice: 0.7731000185012817
2026-08-19 06:25:19.266001: 
2026-08-19 06:25:19.266218: Epoch 421
2026-08-19 06:25:19.266300: Current learning rate: 0.0019
2026-08-19 06:25:49.702538: train_loss -0.5728
2026-08-19 06:25:49.702746: val_loss -0.6071
2026-08-19 06:25:49.702805: Pseudo dice [np.float32(0.8063)]
2026-08-19 06:25:49.702964: Epoch time: 30.44 s
2026-08-19 06:25:49.703016: Yayy! New best EMA pseudo Dice: 0.7764000296592712
2026-08-19 06:25:50.931538: 
2026-08-19 06:25:50.931791: Epoch 422
2026-08-19 06:25:50.931918: Current learning rate: 0.00188
2026-08-19 06:26:21.374192: train_loss -0.5849
2026-08-19 06:26:21.374411: val_loss -0.5304
2026-08-19 06:26:21.374473: Pseudo dice [np.float32(0.7799)]
2026-08-19 06:26:21.374542: Epoch time: 30.44 s
2026-08-19 06:26:21.374588: Yayy! New best EMA pseudo Dice: 0.7767999768257141
2026-08-19 06:26:22.489663: 
2026-08-19 06:26:22.489780: Epoch 423
2026-08-19 06:26:22.489851: Current learning rate: 0.00186
2026-08-19 06:26:52.888969: train_loss -0.5751
2026-08-19 06:26:52.889181: val_loss -0.4947
2026-08-19 06:26:52.889243: Pseudo dice [np.float32(0.759)]
2026-08-19 06:26:52.889315: Epoch time: 30.4 s
2026-08-19 06:26:53.719998: 
2026-08-19 06:26:53.720208: Epoch 424
2026-08-19 06:26:53.720367: Current learning rate: 0.00184
2026-08-19 06:27:24.270988: train_loss -0.5747
2026-08-19 06:27:24.271278: val_loss -0.5824
2026-08-19 06:27:24.271338: Pseudo dice [np.float32(0.7862)]
2026-08-19 06:27:24.271405: Epoch time: 30.55 s
2026-08-19 06:27:25.080731: 
2026-08-19 06:27:25.080880: Epoch 425
2026-08-19 06:27:25.080959: Current learning rate: 0.00181
2026-08-19 06:27:55.545085: train_loss -0.5633
2026-08-19 06:27:55.545284: val_loss -0.5872
2026-08-19 06:27:55.545363: Pseudo dice [np.float32(0.7884)]
2026-08-19 06:27:55.545432: Epoch time: 30.47 s
2026-08-19 06:27:55.545478: Yayy! New best EMA pseudo Dice: 0.777400016784668
2026-08-19 06:27:56.831563: 
2026-08-19 06:27:56.831686: Epoch 426
2026-08-19 06:27:56.831763: Current learning rate: 0.00179
2026-08-19 06:28:27.320654: train_loss -0.5646
2026-08-19 06:28:27.320839: val_loss -0.5786
2026-08-19 06:28:27.320906: Pseudo dice [np.float32(0.7948)]
2026-08-19 06:28:27.320970: Epoch time: 30.49 s
2026-08-19 06:28:27.321017: Yayy! New best EMA pseudo Dice: 0.7791000008583069
2026-08-19 06:28:28.406554: 
2026-08-19 06:28:28.406677: Epoch 427
2026-08-19 06:28:28.406747: Current learning rate: 0.00177
2026-08-19 06:28:58.843263: train_loss -0.5945
2026-08-19 06:28:58.843440: val_loss -0.507
2026-08-19 06:28:58.843499: Pseudo dice [np.float32(0.7685)]
2026-08-19 06:28:58.843564: Epoch time: 30.44 s
2026-08-19 06:28:59.636627: 
2026-08-19 06:28:59.636733: Epoch 428
2026-08-19 06:28:59.636802: Current learning rate: 0.00175
2026-08-19 06:29:30.154667: train_loss -0.5817
2026-08-19 06:29:30.154840: val_loss -0.5472
2026-08-19 06:29:30.154904: Pseudo dice [np.float32(0.7872)]
2026-08-19 06:29:30.154970: Epoch time: 30.52 s
2026-08-19 06:29:30.947328: 
2026-08-19 06:29:30.947440: Epoch 429
2026-08-19 06:29:30.947518: Current learning rate: 0.00173
2026-08-19 06:30:01.452485: train_loss -0.5877
2026-08-19 06:30:01.452708: val_loss -0.5848
2026-08-19 06:30:01.452765: Pseudo dice [np.float32(0.7935)]
2026-08-19 06:30:01.452825: Epoch time: 30.51 s
2026-08-19 06:30:01.747190: Yayy! New best EMA pseudo Dice: 0.7803999781608582
2026-08-19 06:30:02.823884: 
2026-08-19 06:30:02.824014: Epoch 430
2026-08-19 06:30:02.824086: Current learning rate: 0.0017
2026-08-19 06:30:33.360173: train_loss -0.5942
2026-08-19 06:30:33.360350: val_loss -0.5688
2026-08-19 06:30:33.360415: Pseudo dice [np.float32(0.7634)]
2026-08-19 06:30:33.360514: Epoch time: 30.54 s
2026-08-19 06:30:34.169089: 
2026-08-19 06:30:34.169211: Epoch 431
2026-08-19 06:30:34.169286: Current learning rate: 0.00168
2026-08-19 06:31:04.669580: train_loss -0.6001
2026-08-19 06:31:04.669753: val_loss -0.5356
2026-08-19 06:31:04.669811: Pseudo dice [np.float32(0.755)]
2026-08-19 06:31:04.669878: Epoch time: 30.5 s
2026-08-19 06:31:05.461895: 
2026-08-19 06:31:05.462072: Epoch 432
2026-08-19 06:31:05.462147: Current learning rate: 0.00166
2026-08-19 06:31:35.982452: train_loss -0.5892
2026-08-19 06:31:35.982629: val_loss -0.558
2026-08-19 06:31:35.982687: Pseudo dice [np.float32(0.7609)]
2026-08-19 06:31:35.982751: Epoch time: 30.52 s
2026-08-19 06:31:36.777315: 
2026-08-19 06:31:36.777494: Epoch 433
2026-08-19 06:31:36.777570: Current learning rate: 0.00164
2026-08-19 06:32:07.161862: train_loss -0.5714
2026-08-19 06:32:07.162043: val_loss -0.5841
2026-08-19 06:32:07.162104: Pseudo dice [np.float32(0.7838)]
2026-08-19 06:32:07.162171: Epoch time: 30.39 s
2026-08-19 06:32:08.250988: 
2026-08-19 06:32:08.251129: Epoch 434
2026-08-19 06:32:08.251213: Current learning rate: 0.00162
2026-08-19 06:32:38.634515: train_loss -0.5923
2026-08-19 06:32:38.634702: val_loss -0.6003
2026-08-19 06:32:38.634760: Pseudo dice [np.float32(0.7896)]
2026-08-19 06:32:38.634834: Epoch time: 30.38 s
2026-08-19 06:32:39.423130: 
2026-08-19 06:32:39.423277: Epoch 435
2026-08-19 06:32:39.423368: Current learning rate: 0.00159
2026-08-19 06:33:09.919501: train_loss -0.5809
2026-08-19 06:33:09.919709: val_loss -0.5903
2026-08-19 06:33:09.919769: Pseudo dice [np.float32(0.784)]
2026-08-19 06:33:09.919836: Epoch time: 30.5 s
2026-08-19 06:33:10.717142: 
2026-08-19 06:33:10.717389: Epoch 436
2026-08-19 06:33:10.717475: Current learning rate: 0.00157
2026-08-19 06:33:41.175758: train_loss -0.5878
2026-08-19 06:33:41.175959: val_loss -0.5674
2026-08-19 06:33:41.176013: Pseudo dice [np.float32(0.7816)]
2026-08-19 06:33:41.176077: Epoch time: 30.46 s
2026-08-19 06:33:41.976399: 
2026-08-19 06:33:41.976549: Epoch 437
2026-08-19 06:33:41.976620: Current learning rate: 0.00155
2026-08-19 06:34:12.312239: train_loss -0.5735
2026-08-19 06:34:12.312460: val_loss -0.5523
2026-08-19 06:34:12.312517: Pseudo dice [np.float32(0.7365)]
2026-08-19 06:34:12.312582: Epoch time: 30.34 s
2026-08-19 06:34:13.108680: 
2026-08-19 06:34:13.108806: Epoch 438
2026-08-19 06:34:13.108883: Current learning rate: 0.00153
2026-08-19 06:34:43.451473: train_loss -0.5808
2026-08-19 06:34:43.451924: val_loss -0.5618
2026-08-19 06:34:43.452020: Pseudo dice [np.float32(0.7819)]
2026-08-19 06:34:43.452121: Epoch time: 30.34 s
2026-08-19 06:34:44.261198: 
2026-08-19 06:34:44.261683: Epoch 439
2026-08-19 06:34:44.261765: Current learning rate: 0.00151
2026-08-19 06:35:14.704788: train_loss -0.5895
2026-08-19 06:35:14.704998: val_loss -0.569
2026-08-19 06:35:14.705058: Pseudo dice [np.float32(0.7879)]
2026-08-19 06:35:14.705128: Epoch time: 30.44 s
2026-08-19 06:35:15.800876: 
2026-08-19 06:35:15.801128: Epoch 440
2026-08-19 06:35:15.801269: Current learning rate: 0.00148
2026-08-19 06:35:46.106585: train_loss -0.5861
2026-08-19 06:35:46.106873: val_loss -0.5973
2026-08-19 06:35:46.106935: Pseudo dice [np.float32(0.8155)]
2026-08-19 06:35:46.107007: Epoch time: 30.31 s
2026-08-19 06:35:46.908888: 
2026-08-19 06:35:46.909089: Epoch 441
2026-08-19 06:35:46.909164: Current learning rate: 0.00146
2026-08-19 06:36:17.409941: train_loss -0.5708
2026-08-19 06:36:17.410168: val_loss -0.5445
2026-08-19 06:36:17.410226: Pseudo dice [np.float32(0.7452)]
2026-08-19 06:36:17.410302: Epoch time: 30.5 s
2026-08-19 06:36:18.220592: 
2026-08-19 06:36:18.220843: Epoch 442
2026-08-19 06:36:18.220952: Current learning rate: 0.00144
2026-08-19 06:36:48.714875: train_loss -0.5834
2026-08-19 06:36:48.715079: val_loss -0.5749
2026-08-19 06:36:48.715137: Pseudo dice [np.float32(0.8018)]
2026-08-19 06:36:48.715207: Epoch time: 30.5 s
2026-08-19 06:36:49.516502: 
2026-08-19 06:36:49.516629: Epoch 443
2026-08-19 06:36:49.516708: Current learning rate: 0.00142
2026-08-19 06:37:19.955480: train_loss -0.5828
2026-08-19 06:37:19.955655: val_loss -0.5783
2026-08-19 06:37:19.955713: Pseudo dice [np.float32(0.783)]
2026-08-19 06:37:19.955775: Epoch time: 30.44 s
2026-08-19 06:37:20.751755: 
2026-08-19 06:37:20.751978: Epoch 444
2026-08-19 06:37:20.752057: Current learning rate: 0.00139
2026-08-19 06:37:51.276271: train_loss -0.5802
2026-08-19 06:37:51.276500: val_loss -0.5531
2026-08-19 06:37:51.276559: Pseudo dice [np.float32(0.7763)]
2026-08-19 06:37:51.276624: Epoch time: 30.53 s
2026-08-19 06:37:52.073384: 
2026-08-19 06:37:52.073495: Epoch 445
2026-08-19 06:37:52.073572: Current learning rate: 0.00137
2026-08-19 06:38:22.558289: train_loss -0.609
2026-08-19 06:38:22.558505: val_loss -0.5503
2026-08-19 06:38:22.558564: Pseudo dice [np.float32(0.8055)]
2026-08-19 06:38:22.558673: Epoch time: 30.49 s
2026-08-19 06:38:22.558749: Yayy! New best EMA pseudo Dice: 0.7817999720573425
2026-08-19 06:38:23.967426: 
2026-08-19 06:38:23.967590: Epoch 446
2026-08-19 06:38:23.967710: Current learning rate: 0.00135
2026-08-19 06:38:54.396167: train_loss -0.5841
2026-08-19 06:38:54.396358: val_loss -0.5387
2026-08-19 06:38:54.396413: Pseudo dice [np.float32(0.7537)]
2026-08-19 06:38:54.396479: Epoch time: 30.43 s
2026-08-19 06:38:55.184358: 
2026-08-19 06:38:55.184533: Epoch 447
2026-08-19 06:38:55.184605: Current learning rate: 0.00133
2026-08-19 06:39:25.635205: train_loss -0.5754
2026-08-19 06:39:25.635473: val_loss -0.575
2026-08-19 06:39:25.635534: Pseudo dice [np.float32(0.7729)]
2026-08-19 06:39:25.635600: Epoch time: 30.45 s
2026-08-19 06:39:26.427766: 
2026-08-19 06:39:26.427881: Epoch 448
2026-08-19 06:39:26.427950: Current learning rate: 0.0013
2026-08-19 06:39:56.841225: train_loss -0.6018
2026-08-19 06:39:56.841515: val_loss -0.5915
2026-08-19 06:39:56.841578: Pseudo dice [np.float32(0.7772)]
2026-08-19 06:39:56.841650: Epoch time: 30.41 s
2026-08-19 06:39:57.641734: 
2026-08-19 06:39:57.641859: Epoch 449
2026-08-19 06:39:57.641967: Current learning rate: 0.00128
2026-08-19 06:40:28.154794: train_loss -0.5994
2026-08-19 06:40:28.154978: val_loss -0.5646
2026-08-19 06:40:28.155039: Pseudo dice [np.float32(0.7836)]
2026-08-19 06:40:28.155104: Epoch time: 30.51 s
2026-08-19 06:40:29.252278: 
2026-08-19 06:40:29.252480: Epoch 450
2026-08-19 06:40:29.252556: Current learning rate: 0.00126
2026-08-19 06:40:59.738911: train_loss -0.5815
2026-08-19 06:40:59.739087: val_loss -0.5383
2026-08-19 06:40:59.739145: Pseudo dice [np.float32(0.7809)]
2026-08-19 06:40:59.739210: Epoch time: 30.49 s
2026-08-19 06:41:00.536864: 
2026-08-19 06:41:00.536975: Epoch 451
2026-08-19 06:41:00.537093: Current learning rate: 0.00124
2026-08-19 06:41:30.981263: train_loss -0.5924
2026-08-19 06:41:30.981447: val_loss -0.5704
2026-08-19 06:41:30.981507: Pseudo dice [np.float32(0.8)]
2026-08-19 06:41:30.981572: Epoch time: 30.45 s
2026-08-19 06:41:31.780386: 
2026-08-19 06:41:31.780643: Epoch 452
2026-08-19 06:41:31.780725: Current learning rate: 0.00121
2026-08-19 06:42:02.213583: train_loss -0.5994
2026-08-19 06:42:02.213760: val_loss -0.5687
2026-08-19 06:42:02.213814: Pseudo dice [np.float32(0.81)]
2026-08-19 06:42:02.213885: Epoch time: 30.43 s
2026-08-19 06:42:02.213931: Yayy! New best EMA pseudo Dice: 0.7839999794960022
2026-08-19 06:42:03.321483: 
2026-08-19 06:42:03.321644: Epoch 453
2026-08-19 06:42:03.321725: Current learning rate: 0.00119
2026-08-19 06:42:33.648978: train_loss -0.6132
2026-08-19 06:42:33.649197: val_loss -0.5789
2026-08-19 06:42:33.649257: Pseudo dice [np.float32(0.7864)]
2026-08-19 06:42:33.649320: Epoch time: 30.33 s
2026-08-19 06:42:33.649364: Yayy! New best EMA pseudo Dice: 0.7842000126838684
2026-08-19 06:42:34.754330: 
2026-08-19 06:42:34.754562: Epoch 454
2026-08-19 06:42:34.754634: Current learning rate: 0.00117
2026-08-19 06:43:05.107352: train_loss -0.5974
2026-08-19 06:43:05.107606: val_loss -0.562
2026-08-19 06:43:05.107668: Pseudo dice [np.float32(0.7577)]
2026-08-19 06:43:05.107745: Epoch time: 30.35 s
2026-08-19 06:43:05.908282: 
2026-08-19 06:43:05.908407: Epoch 455
2026-08-19 06:43:05.908478: Current learning rate: 0.00115
2026-08-19 06:43:36.460850: train_loss -0.6138
2026-08-19 06:43:36.461079: val_loss -0.602
2026-08-19 06:43:36.461135: Pseudo dice [np.float32(0.8118)]
2026-08-19 06:43:36.461209: Epoch time: 30.55 s
2026-08-19 06:43:36.461254: Yayy! New best EMA pseudo Dice: 0.784600019454956
2026-08-19 06:43:37.606786: 
2026-08-19 06:43:37.607101: Epoch 456
2026-08-19 06:43:37.607308: Current learning rate: 0.00112
2026-08-19 06:44:08.125388: train_loss -0.6005
2026-08-19 06:44:08.125605: val_loss -0.6321
2026-08-19 06:44:08.125669: Pseudo dice [np.float32(0.8108)]
2026-08-19 06:44:08.125746: Epoch time: 30.52 s
2026-08-19 06:44:08.125798: Yayy! New best EMA pseudo Dice: 0.7871999740600586
2026-08-19 06:44:09.252449: 
2026-08-19 06:44:09.252655: Epoch 457
2026-08-19 06:44:09.252730: Current learning rate: 0.0011
2026-08-19 06:44:39.769744: train_loss -0.6122
2026-08-19 06:44:39.770004: val_loss -0.6245
2026-08-19 06:44:39.770069: Pseudo dice [np.float32(0.7981)]
2026-08-19 06:44:39.770146: Epoch time: 30.52 s
2026-08-19 06:44:39.770193: Yayy! New best EMA pseudo Dice: 0.7882999777793884
2026-08-19 06:44:40.870377: 
2026-08-19 06:44:40.870669: Epoch 458
2026-08-19 06:44:40.870759: Current learning rate: 0.00108
2026-08-19 06:45:11.208569: train_loss -0.6179
2026-08-19 06:45:11.208784: val_loss -0.5368
2026-08-19 06:45:11.208846: Pseudo dice [np.float32(0.7947)]
2026-08-19 06:45:11.208924: Epoch time: 30.34 s
2026-08-19 06:45:11.208972: Yayy! New best EMA pseudo Dice: 0.7889999747276306
2026-08-19 06:45:12.635680: 
2026-08-19 06:45:12.635828: Epoch 459
2026-08-19 06:45:12.635928: Current learning rate: 0.00105
2026-08-19 06:45:43.036445: train_loss -0.6138
2026-08-19 06:45:43.036644: val_loss -0.6049
2026-08-19 06:45:43.036699: Pseudo dice [np.float32(0.7846)]
2026-08-19 06:45:43.036764: Epoch time: 30.4 s
2026-08-19 06:45:44.156096: 
2026-08-19 06:45:44.156326: Epoch 460
2026-08-19 06:45:44.156408: Current learning rate: 0.00103
2026-08-19 06:46:14.671571: train_loss -0.6056
2026-08-19 06:46:14.671741: val_loss -0.5733
2026-08-19 06:46:14.671799: Pseudo dice [np.float32(0.7895)]
2026-08-19 06:46:14.671868: Epoch time: 30.52 s
2026-08-19 06:46:15.473036: 
2026-08-19 06:46:15.473212: Epoch 461
2026-08-19 06:46:15.473287: Current learning rate: 0.00101
2026-08-19 06:46:45.939969: train_loss -0.6157
2026-08-19 06:46:45.940147: val_loss -0.5487
2026-08-19 06:46:45.940202: Pseudo dice [np.float32(0.7832)]
2026-08-19 06:46:45.940264: Epoch time: 30.47 s
2026-08-19 06:46:46.737821: 
2026-08-19 06:46:46.738078: Epoch 462
2026-08-19 06:46:46.738152: Current learning rate: 0.00098
2026-08-19 06:47:17.201586: train_loss -0.5984
2026-08-19 06:47:17.202025: val_loss -0.5524
2026-08-19 06:47:17.202093: Pseudo dice [np.float32(0.7768)]
2026-08-19 06:47:17.202157: Epoch time: 30.46 s
2026-08-19 06:47:18.002428: 
2026-08-19 06:47:18.002700: Epoch 463
2026-08-19 06:47:18.002784: Current learning rate: 0.00096
2026-08-19 06:47:48.339500: train_loss -0.6067
2026-08-19 06:47:48.339672: val_loss -0.5616
2026-08-19 06:47:48.339726: Pseudo dice [np.float32(0.7701)]
2026-08-19 06:47:48.339786: Epoch time: 30.34 s
2026-08-19 06:47:49.144079: 
2026-08-19 06:47:49.144246: Epoch 464
2026-08-19 06:47:49.144323: Current learning rate: 0.00094
2026-08-19 06:48:19.577845: train_loss -0.6223
2026-08-19 06:48:19.578063: val_loss -0.5686
2026-08-19 06:48:19.578122: Pseudo dice [np.float32(0.8098)]
2026-08-19 06:48:19.578187: Epoch time: 30.43 s
2026-08-19 06:48:20.376328: 
2026-08-19 06:48:20.376443: Epoch 465
2026-08-19 06:48:20.376516: Current learning rate: 0.00091
2026-08-19 06:48:50.654467: train_loss -0.6126
2026-08-19 06:48:50.654642: val_loss -0.5953
2026-08-19 06:48:50.654706: Pseudo dice [np.float32(0.7865)]
2026-08-19 06:48:50.654861: Epoch time: 30.28 s
2026-08-19 06:48:51.455285: 
2026-08-19 06:48:51.455532: Epoch 466
2026-08-19 06:48:51.455612: Current learning rate: 0.00089
2026-08-19 06:49:21.783648: train_loss -0.6126
2026-08-19 06:49:21.783877: val_loss -0.5896
2026-08-19 06:49:21.783954: Pseudo dice [np.float32(0.8009)]
2026-08-19 06:49:21.784094: Epoch time: 30.33 s
2026-08-19 06:49:22.596424: 
2026-08-19 06:49:22.596724: Epoch 467
2026-08-19 06:49:22.596804: Current learning rate: 0.00087
2026-08-19 06:49:53.045279: train_loss -0.6162
2026-08-19 06:49:53.045492: val_loss -0.5911
2026-08-19 06:49:53.045551: Pseudo dice [np.float32(0.8012)]
2026-08-19 06:49:53.045623: Epoch time: 30.45 s
2026-08-19 06:49:53.045672: Yayy! New best EMA pseudo Dice: 0.7901999950408936
2026-08-19 06:49:54.140850: 
2026-08-19 06:49:54.141037: Epoch 468
2026-08-19 06:49:54.141108: Current learning rate: 0.00084
2026-08-19 06:50:24.598530: train_loss -0.6049
2026-08-19 06:50:24.598774: val_loss -0.544
2026-08-19 06:50:24.598834: Pseudo dice [np.float32(0.7589)]
2026-08-19 06:50:24.598909: Epoch time: 30.46 s
2026-08-19 06:50:25.397514: 
2026-08-19 06:50:25.397669: Epoch 469
2026-08-19 06:50:25.397748: Current learning rate: 0.00082
2026-08-19 06:50:55.717770: train_loss -0.6036
2026-08-19 06:50:55.717995: val_loss -0.5873
2026-08-19 06:50:55.718081: Pseudo dice [np.float32(0.8014)]
2026-08-19 06:50:55.718157: Epoch time: 30.32 s
2026-08-19 06:50:56.837118: 
2026-08-19 06:50:56.837341: Epoch 470
2026-08-19 06:50:56.837424: Current learning rate: 0.00079
2026-08-19 06:51:27.164818: train_loss -0.6054
2026-08-19 06:51:27.165027: val_loss -0.549
2026-08-19 06:51:27.165087: Pseudo dice [np.float32(0.7899)]
2026-08-19 06:51:27.165157: Epoch time: 30.33 s
2026-08-19 06:51:28.262480: 
2026-08-19 06:51:28.262695: Epoch 471
2026-08-19 06:51:28.262775: Current learning rate: 0.00077
2026-08-19 06:51:58.619089: train_loss -0.633
2026-08-19 06:51:58.619325: val_loss -0.5442
2026-08-19 06:51:58.619386: Pseudo dice [np.float32(0.7918)]
2026-08-19 06:51:58.619461: Epoch time: 30.36 s
2026-08-19 06:51:59.412970: 
2026-08-19 06:51:59.413134: Epoch 472
2026-08-19 06:51:59.413212: Current learning rate: 0.00075
2026-08-19 06:52:29.889398: train_loss -0.6035
2026-08-19 06:52:29.889609: val_loss -0.5179
2026-08-19 06:52:29.889671: Pseudo dice [np.float32(0.7419)]
2026-08-19 06:52:29.889742: Epoch time: 30.48 s
2026-08-19 06:52:30.678046: 
2026-08-19 06:52:30.678278: Epoch 473
2026-08-19 06:52:30.678356: Current learning rate: 0.00072
2026-08-19 06:53:01.230330: train_loss -0.6027
2026-08-19 06:53:01.230543: val_loss -0.6079
2026-08-19 06:53:01.230602: Pseudo dice [np.float32(0.7933)]
2026-08-19 06:53:01.230672: Epoch time: 30.55 s
2026-08-19 06:53:02.028754: 
2026-08-19 06:53:02.028975: Epoch 474
2026-08-19 06:53:02.029051: Current learning rate: 0.0007
2026-08-19 06:53:32.566207: train_loss -0.6094
2026-08-19 06:53:32.566503: val_loss -0.5166
2026-08-19 06:53:32.566568: Pseudo dice [np.float32(0.7576)]
2026-08-19 06:53:32.566640: Epoch time: 30.54 s
2026-08-19 06:53:33.364770: 
2026-08-19 06:53:33.364951: Epoch 475
2026-08-19 06:53:33.365031: Current learning rate: 0.00067
2026-08-19 06:54:03.873899: train_loss -0.6233
2026-08-19 06:54:03.874109: val_loss -0.5703
2026-08-19 06:54:03.874170: Pseudo dice [np.float32(0.8004)]
2026-08-19 06:54:03.874283: Epoch time: 30.51 s
2026-08-19 06:54:04.669871: 
2026-08-19 06:54:04.670068: Epoch 476
2026-08-19 06:54:04.670141: Current learning rate: 0.00065
2026-08-19 06:54:35.110999: train_loss -0.6093
2026-08-19 06:54:35.111192: val_loss -0.6098
2026-08-19 06:54:35.111248: Pseudo dice [np.float32(0.7902)]
2026-08-19 06:54:35.111313: Epoch time: 30.44 s
2026-08-19 06:54:35.906967: 
2026-08-19 06:54:35.907162: Epoch 477
2026-08-19 06:54:35.907236: Current learning rate: 0.00063
2026-08-19 06:55:06.222145: train_loss -0.6304
2026-08-19 06:55:06.222360: val_loss -0.5631
2026-08-19 06:55:06.222427: Pseudo dice [np.float32(0.7977)]
2026-08-19 06:55:06.222490: Epoch time: 30.32 s
2026-08-19 06:55:07.039404: 
2026-08-19 06:55:07.039510: Epoch 478
2026-08-19 06:55:07.039587: Current learning rate: 0.0006
2026-08-19 06:55:37.532811: train_loss -0.6201
2026-08-19 06:55:37.532981: val_loss -0.5884
2026-08-19 06:55:37.533039: Pseudo dice [np.float32(0.8014)]
2026-08-19 06:55:37.533103: Epoch time: 30.49 s
2026-08-19 06:55:38.334239: 
2026-08-19 06:55:38.334388: Epoch 479
2026-08-19 06:55:38.334462: Current learning rate: 0.00058
2026-08-19 06:56:08.822751: train_loss -0.6124
2026-08-19 06:56:08.823015: val_loss -0.6319
2026-08-19 06:56:08.823076: Pseudo dice [np.float32(0.8061)]
2026-08-19 06:56:08.823140: Epoch time: 30.49 s
2026-08-19 06:56:09.938942: 
2026-08-19 06:56:09.939138: Epoch 480
2026-08-19 06:56:09.939238: Current learning rate: 0.00055
2026-08-19 06:56:40.267748: train_loss -0.609
2026-08-19 06:56:40.267962: val_loss -0.5878
2026-08-19 06:56:40.268019: Pseudo dice [np.float32(0.8137)]
2026-08-19 06:56:40.268086: Epoch time: 30.33 s
2026-08-19 06:56:40.268131: Yayy! New best EMA pseudo Dice: 0.7918999791145325
2026-08-19 06:56:41.484608: 
2026-08-19 06:56:41.484771: Epoch 481
2026-08-19 06:56:41.484848: Current learning rate: 0.00053
2026-08-19 06:57:11.818799: train_loss -0.6218
2026-08-19 06:57:11.819069: val_loss -0.5554
2026-08-19 06:57:11.819130: Pseudo dice [np.float32(0.7885)]
2026-08-19 06:57:11.819197: Epoch time: 30.34 s
2026-08-19 06:57:12.619530: 
2026-08-19 06:57:12.619649: Epoch 482
2026-08-19 06:57:12.619721: Current learning rate: 0.0005
2026-08-19 06:57:43.109603: train_loss -0.6096
2026-08-19 06:57:43.109808: val_loss -0.5841
2026-08-19 06:57:43.109872: Pseudo dice [np.float32(0.8165)]
2026-08-19 06:57:43.109937: Epoch time: 30.49 s
2026-08-19 06:57:43.109982: Yayy! New best EMA pseudo Dice: 0.7940000295639038
2026-08-19 06:57:44.394352: 
2026-08-19 06:57:44.394523: Epoch 483
2026-08-19 06:57:44.394595: Current learning rate: 0.00048
2026-08-19 06:58:14.872944: train_loss -0.6251
2026-08-19 06:58:14.873131: val_loss -0.6278
2026-08-19 06:58:14.873186: Pseudo dice [np.float32(0.8336)]
2026-08-19 06:58:14.873250: Epoch time: 30.48 s
2026-08-19 06:58:14.873296: Yayy! New best EMA pseudo Dice: 0.7979999780654907
2026-08-19 06:58:16.295909: 
2026-08-19 06:58:16.296101: Epoch 484
2026-08-19 06:58:16.296178: Current learning rate: 0.00045
2026-08-19 06:58:46.879142: train_loss -0.6254
2026-08-19 06:58:46.879377: val_loss -0.5185
2026-08-19 06:58:46.879439: Pseudo dice [np.float32(0.7676)]
2026-08-19 06:58:46.879512: Epoch time: 30.58 s
2026-08-19 06:58:47.692782: 
2026-08-19 06:58:47.693050: Epoch 485
2026-08-19 06:58:47.693127: Current learning rate: 0.00043
2026-08-19 06:59:18.041701: train_loss -0.6152
2026-08-19 06:59:18.041919: val_loss -0.5518
2026-08-19 06:59:18.041976: Pseudo dice [np.float32(0.7762)]
2026-08-19 06:59:18.042086: Epoch time: 30.35 s
2026-08-19 06:59:18.841471: 
2026-08-19 06:59:18.841637: Epoch 486
2026-08-19 06:59:18.841711: Current learning rate: 0.0004
2026-08-19 06:59:49.193714: train_loss -0.6325
2026-08-19 06:59:49.194233: val_loss -0.579
2026-08-19 06:59:49.194301: Pseudo dice [np.float32(0.7849)]
2026-08-19 06:59:49.194369: Epoch time: 30.35 s
2026-08-19 06:59:50.002419: 
2026-08-19 06:59:50.002631: Epoch 487
2026-08-19 06:59:50.002709: Current learning rate: 0.00037
2026-08-19 07:00:20.560936: train_loss -0.6211
2026-08-19 07:00:20.561180: val_loss -0.6009
2026-08-19 07:00:20.561241: Pseudo dice [np.float32(0.8101)]
2026-08-19 07:00:20.561308: Epoch time: 30.56 s
2026-08-19 07:00:21.367642: 
2026-08-19 07:00:21.367867: Epoch 488
2026-08-19 07:00:21.367945: Current learning rate: 0.00035
2026-08-19 07:00:51.890056: train_loss -0.6269
2026-08-19 07:00:51.890257: val_loss -0.5657
2026-08-19 07:00:51.890317: Pseudo dice [np.float32(0.7807)]
2026-08-19 07:00:51.890382: Epoch time: 30.52 s
2026-08-19 07:00:52.698851: 
2026-08-19 07:00:52.699009: Epoch 489
2026-08-19 07:00:52.699087: Current learning rate: 0.00032
2026-08-19 07:01:23.226451: train_loss -0.6072
2026-08-19 07:01:23.226641: val_loss -0.5467
2026-08-19 07:01:23.226697: Pseudo dice [np.float32(0.788)]
2026-08-19 07:01:23.226760: Epoch time: 30.53 s
2026-08-19 07:01:24.333076: 
2026-08-19 07:01:24.333266: Epoch 490
2026-08-19 07:01:24.333338: Current learning rate: 0.0003
2026-08-19 07:01:54.645496: train_loss -0.6252
2026-08-19 07:01:54.645753: val_loss -0.6124
2026-08-19 07:01:54.645812: Pseudo dice [np.float32(0.8418)]
2026-08-19 07:01:54.645887: Epoch time: 30.31 s
2026-08-19 07:01:55.452339: 
2026-08-19 07:01:55.452484: Epoch 491
2026-08-19 07:01:55.452559: Current learning rate: 0.00027
2026-08-19 07:02:25.908757: train_loss -0.637
2026-08-19 07:02:25.908950: val_loss -0.6241
2026-08-19 07:02:25.909010: Pseudo dice [np.float32(0.8123)]
2026-08-19 07:02:25.909077: Epoch time: 30.46 s
2026-08-19 07:02:25.909126: Yayy! New best EMA pseudo Dice: 0.7986999750137329
2026-08-19 07:02:27.013038: 
2026-08-19 07:02:27.013223: Epoch 492
2026-08-19 07:02:27.013298: Current learning rate: 0.00024
2026-08-19 07:02:57.440099: train_loss -0.6173
2026-08-19 07:02:57.440389: val_loss -0.5848
2026-08-19 07:02:57.440448: Pseudo dice [np.float32(0.7929)]
2026-08-19 07:02:57.440519: Epoch time: 30.43 s
2026-08-19 07:02:58.244062: 
2026-08-19 07:02:58.244293: Epoch 493
2026-08-19 07:02:58.244365: Current learning rate: 0.00021
2026-08-19 07:03:28.656231: train_loss -0.6145
2026-08-19 07:03:28.656461: val_loss -0.5477
2026-08-19 07:03:28.656519: Pseudo dice [np.float32(0.79)]
2026-08-19 07:03:28.656587: Epoch time: 30.41 s
2026-08-19 07:03:29.488307: 
2026-08-19 07:03:29.488461: Epoch 494
2026-08-19 07:03:29.488547: Current learning rate: 0.00019
2026-08-19 07:03:59.918883: train_loss -0.6331
2026-08-19 07:03:59.919121: val_loss -0.6084
2026-08-19 07:03:59.919189: Pseudo dice [np.float32(0.8055)]
2026-08-19 07:03:59.919260: Epoch time: 30.43 s
2026-08-19 07:04:00.724775: 
2026-08-19 07:04:00.724965: Epoch 495
2026-08-19 07:04:00.725039: Current learning rate: 0.00016
2026-08-19 07:04:31.154192: train_loss -0.6259
2026-08-19 07:04:31.154397: val_loss -0.5775
2026-08-19 07:04:31.154459: Pseudo dice [np.float32(0.8021)]
2026-08-19 07:04:31.154529: Epoch time: 30.43 s
2026-08-19 07:04:31.960094: 
2026-08-19 07:04:31.960313: Epoch 496
2026-08-19 07:04:31.960396: Current learning rate: 0.00013
2026-08-19 07:05:02.673711: train_loss -0.6157
2026-08-19 07:05:02.673899: val_loss -0.5081
2026-08-19 07:05:02.673959: Pseudo dice [np.float32(0.793)]
2026-08-19 07:05:02.674022: Epoch time: 30.71 s
2026-08-19 07:05:03.473814: 
2026-08-19 07:05:03.474055: Epoch 497
2026-08-19 07:05:03.474137: Current learning rate: 0.0001
2026-08-19 07:05:33.948657: train_loss -0.6352
2026-08-19 07:05:33.948840: val_loss -0.5732
2026-08-19 07:05:33.948946: Pseudo dice [np.float32(0.7824)]
2026-08-19 07:05:33.949007: Epoch time: 30.48 s
2026-08-19 07:05:34.750048: 
2026-08-19 07:05:34.750163: Epoch 498
2026-08-19 07:05:34.750231: Current learning rate: 7e-05
2026-08-19 07:06:05.213332: train_loss -0.6217
2026-08-19 07:06:05.213572: val_loss -0.5768
2026-08-19 07:06:05.213631: Pseudo dice [np.float32(0.7874)]
2026-08-19 07:06:05.213713: Epoch time: 30.46 s
2026-08-19 07:06:06.016341: 
2026-08-19 07:06:06.016487: Epoch 499
2026-08-19 07:06:06.016557: Current learning rate: 4e-05
2026-08-19 07:06:36.379874: train_loss -0.6476
2026-08-19 07:06:36.380091: val_loss -0.5619
2026-08-19 07:06:36.380148: Pseudo dice [np.float32(0.7801)]
2026-08-19 07:06:36.380219: Epoch time: 30.36 s
2026-08-19 07:06:37.647782: Training done.
2026-08-19 07:06:37.657619: Using splits from existing split file: /home/galia/ISLES2026/nnUNet_preprocessed/Dataset002_ATLAS/splits_final.json
2026-08-19 07:06:37.657883: The split file contains 1 splits.
2026-08-19 07:06:37.657927: Desired fold for training: 0
2026-08-19 07:06:37.657958: This split has 842 training and 120 validation cases.
2026-08-19 07:06:37.658872: predicting ATLAS_r001s003_ses1
2026-08-19 07:06:37.670465: ATLAS_r001s003_ses1, shape torch.Size([1, 151, 177, 141]), rank 0
2026-08-19 07:06:41.544032: predicting ATLAS_r001s012_ses1
2026-08-19 07:06:41.566208: ATLAS_r001s012_ses1, shape torch.Size([1, 154, 169, 139]), rank 0
2026-08-19 07:06:42.560019: predicting ATLAS_r002s009_ses1
2026-08-19 07:06:42.568314: ATLAS_r002s009_ses1, shape torch.Size([1, 143, 165, 140]), rank 0
2026-08-19 07:06:43.562217: predicting ATLAS_r002s010_ses1
2026-08-19 07:06:43.573142: ATLAS_r002s010_ses1, shape torch.Size([1, 147, 179, 134]), rank 0
2026-08-19 07:06:44.567957: predicting ATLAS_r003s009_ses1
2026-08-19 07:06:44.577346: ATLAS_r003s009_ses1, shape torch.Size([1, 142, 166, 135]), rank 0
2026-08-19 07:06:45.573071: predicting ATLAS_r004s020_ses1
2026-08-19 07:06:45.582529: ATLAS_r004s020_ses1, shape torch.Size([1, 150, 173, 135]), rank 0
2026-08-19 07:06:46.579890: predicting ATLAS_r004s037_ses1
2026-08-19 07:06:46.591937: ATLAS_r004s037_ses1, shape torch.Size([1, 146, 176, 146]), rank 0
2026-08-19 07:06:47.591196: predicting ATLAS_r009s022_ses1
2026-08-19 07:06:47.603612: ATLAS_r009s022_ses1, shape torch.Size([1, 149, 175, 144]), rank 0
2026-08-19 07:06:48.600845: predicting ATLAS_r009s029_ses1
2026-08-19 07:06:48.611263: ATLAS_r009s029_ses1, shape torch.Size([1, 150, 159, 135]), rank 0
2026-08-19 07:06:49.610164: predicting ATLAS_r009s030_ses1
2026-08-19 07:06:49.622415: ATLAS_r009s030_ses1, shape torch.Size([1, 156, 161, 149]), rank 0
2026-08-19 07:06:50.621693: predicting ATLAS_r009s038_ses1
2026-08-19 07:06:50.634313: ATLAS_r009s038_ses1, shape torch.Size([1, 147, 176, 142]), rank 0
2026-08-19 07:06:51.632074: predicting ATLAS_r009s040_ses1
2026-08-19 07:06:51.643619: ATLAS_r009s040_ses1, shape torch.Size([1, 153, 179, 146]), rank 0
2026-08-19 07:06:52.651969: predicting ATLAS_r009s044_ses1
2026-08-19 07:06:52.662100: ATLAS_r009s044_ses1, shape torch.Size([1, 153, 163, 138]), rank 0
2026-08-19 07:06:53.663042: predicting ATLAS_r009s046_ses1
2026-08-19 07:06:53.672809: ATLAS_r009s046_ses1, shape torch.Size([1, 145, 171, 138]), rank 0
2026-08-19 07:06:54.673410: predicting ATLAS_r009s052_ses1
2026-08-19 07:06:54.685288: ATLAS_r009s052_ses1, shape torch.Size([1, 156, 171, 145]), rank 0
2026-08-19 07:06:55.686942: predicting ATLAS_r009s054_ses1
2026-08-19 07:06:55.697905: ATLAS_r009s054_ses1, shape torch.Size([1, 152, 172, 135]), rank 0
2026-08-19 07:06:56.701608: predicting ATLAS_r009s055_ses1
2026-08-19 07:06:56.713968: ATLAS_r009s055_ses1, shape torch.Size([1, 157, 179, 144]), rank 0
2026-08-19 07:06:57.716670: predicting ATLAS_r009s066_ses1
2026-08-19 07:06:57.728058: ATLAS_r009s066_ses1, shape torch.Size([1, 159, 172, 147]), rank 0
2026-08-19 07:06:58.730721: predicting ATLAS_r009s074_ses1
2026-08-19 07:06:58.741246: ATLAS_r009s074_ses1, shape torch.Size([1, 149, 184, 141]), rank 0
2026-08-19 07:06:59.747218: predicting ATLAS_r009s076_ses1
2026-08-19 07:06:59.762936: ATLAS_r009s076_ses1, shape torch.Size([1, 150, 161, 143]), rank 0
2026-08-19 07:07:00.767435: predicting ATLAS_r009s085_ses1
2026-08-19 07:07:00.779664: ATLAS_r009s085_ses1, shape torch.Size([1, 156, 181, 141]), rank 0
2026-08-19 07:07:01.782961: predicting ATLAS_r009s088_ses1
2026-08-19 07:07:01.795801: ATLAS_r009s088_ses1, shape torch.Size([1, 152, 184, 141]), rank 0
2026-08-19 07:07:02.799177: predicting ATLAS_r009s098_ses1
2026-08-19 07:07:02.811782: ATLAS_r009s098_ses1, shape torch.Size([1, 150, 173, 143]), rank 0
2026-08-19 07:07:03.815220: predicting ATLAS_r009s117_ses1
2026-08-19 07:07:03.824227: ATLAS_r009s117_ses1, shape torch.Size([1, 145, 158, 136]), rank 0
2026-08-19 07:07:04.827536: predicting ATLAS_r009s125_ses1
2026-08-19 07:07:04.837330: ATLAS_r009s125_ses1, shape torch.Size([1, 148, 172, 137]), rank 0
2026-08-19 07:07:05.840011: predicting ATLAS_r010s006_ses1
2026-08-19 07:07:05.850020: ATLAS_r010s006_ses1, shape torch.Size([1, 150, 170, 144]), rank 0
2026-08-19 07:07:06.852208: predicting ATLAS_r010s009_ses1
2026-08-19 07:07:06.863589: ATLAS_r010s009_ses1, shape torch.Size([1, 149, 178, 143]), rank 0
2026-08-19 07:07:07.866524: predicting ATLAS_r011s014_ses1
2026-08-19 07:07:07.877282: ATLAS_r011s014_ses1, shape torch.Size([1, 152, 165, 150]), rank 0
2026-08-19 07:07:08.879627: predicting ATLAS_r011s026_ses1
2026-08-19 07:07:08.892444: ATLAS_r011s026_ses1, shape torch.Size([1, 155, 170, 148]), rank 0
2026-08-19 07:07:09.901207: predicting ATLAS_r011s027_ses1
2026-08-19 07:07:09.909993: ATLAS_r011s027_ses1, shape torch.Size([1, 140, 154, 131]), rank 0
2026-08-19 07:07:10.912079: predicting ATLAS_r015s003_ses1
2026-08-19 07:07:10.923615: ATLAS_r015s003_ses1, shape torch.Size([1, 146, 160, 138]), rank 0
2026-08-19 07:07:11.928009: predicting ATLAS_r015s006_ses1
2026-08-19 07:07:11.943175: ATLAS_r015s006_ses1, shape torch.Size([1, 154, 188, 138]), rank 0
2026-08-19 07:07:12.950937: predicting ATLAS_r017s101_ses1
2026-08-19 07:07:12.962637: ATLAS_r017s101_ses1, shape torch.Size([1, 154, 189, 137]), rank 0
2026-08-19 07:07:13.961850: predicting ATLAS_r017s116_ses1
2026-08-19 07:07:13.972587: ATLAS_r017s116_ses1, shape torch.Size([1, 143, 176, 134]), rank 0
2026-08-19 07:07:14.979928: predicting ATLAS_r019s007_ses1
2026-08-19 07:07:14.990172: ATLAS_r019s007_ses1, shape torch.Size([1, 155, 149, 144]), rank 0
2026-08-19 07:07:15.989358: predicting ATLAS_r019s008_ses1
2026-08-19 07:07:15.998671: ATLAS_r019s008_ses1, shape torch.Size([1, 148, 159, 139]), rank 0
2026-08-19 07:07:16.997177: predicting ATLAS_r023s004_ses1
2026-08-19 07:07:17.009698: ATLAS_r023s004_ses1, shape torch.Size([1, 160, 167, 145]), rank 0
2026-08-19 07:07:18.015966: predicting ATLAS_r023s010_ses1
2026-08-19 07:07:18.027985: ATLAS_r023s010_ses1, shape torch.Size([1, 160, 164, 131]), rank 0
2026-08-19 07:07:19.025244: predicting ATLAS_r023s015_ses1
2026-08-19 07:07:19.035791: ATLAS_r023s015_ses1, shape torch.Size([1, 148, 159, 121]), rank 0
2026-08-19 07:07:19.541750: predicting ATLAS_r024s002_ses1
2026-08-19 07:07:19.553807: ATLAS_r024s002_ses1, shape torch.Size([1, 156, 176, 138]), rank 0
2026-08-19 07:07:20.549160: predicting ATLAS_r024s009_ses1
2026-08-19 07:07:20.559266: ATLAS_r024s009_ses1, shape torch.Size([1, 143, 170, 126]), rank 0
2026-08-19 07:07:21.064127: predicting ATLAS_r024s013_ses1
2026-08-19 07:07:21.075189: ATLAS_r024s013_ses1, shape torch.Size([1, 148, 174, 137]), rank 0
2026-08-19 07:07:22.070557: predicting ATLAS_r028s007_ses1
2026-08-19 07:07:22.078780: ATLAS_r028s007_ses1, shape torch.Size([1, 145, 164, 136]), rank 0
2026-08-19 07:07:23.075037: predicting ATLAS_r028s015_ses1
2026-08-19 07:07:23.084238: ATLAS_r028s015_ses1, shape torch.Size([1, 146, 166, 137]), rank 0
2026-08-19 07:07:24.078916: predicting ATLAS_r028s020_ses1
2026-08-19 07:07:24.087520: ATLAS_r028s020_ses1, shape torch.Size([1, 143, 171, 143]), rank 0
2026-08-19 07:07:25.083737: predicting ATLAS_r030s002_ses1
2026-08-19 07:07:25.092406: ATLAS_r030s002_ses1, shape torch.Size([1, 150, 176, 136]), rank 0
2026-08-19 07:07:26.086911: predicting ATLAS_r030s003_ses1
2026-08-19 07:07:26.097636: ATLAS_r030s003_ses1, shape torch.Size([1, 145, 170, 147]), rank 0
2026-08-19 07:07:27.092309: predicting ATLAS_r030s011_ses1
2026-08-19 07:07:27.102135: ATLAS_r030s011_ses1, shape torch.Size([1, 142, 153, 143]), rank 0
2026-08-19 07:07:28.094987: predicting ATLAS_r030s013_ses1
2026-08-19 07:07:28.104308: ATLAS_r030s013_ses1, shape torch.Size([1, 148, 159, 140]), rank 0
2026-08-19 07:07:29.096974: predicting ATLAS_r030s014_ses1
2026-08-19 07:07:29.105331: ATLAS_r030s014_ses1, shape torch.Size([1, 143, 164, 134]), rank 0
2026-08-19 07:07:30.097860: predicting ATLAS_r030s019_ses1
2026-08-19 07:07:30.106975: ATLAS_r030s019_ses1, shape torch.Size([1, 139, 163, 146]), rank 0
2026-08-19 07:07:31.099664: predicting ATLAS_r030s023_ses1
2026-08-19 07:07:31.108404: ATLAS_r030s023_ses1, shape torch.Size([1, 137, 173, 139]), rank 0
2026-08-19 07:07:32.100281: predicting ATLAS_r031s023_ses1
2026-08-19 07:07:32.109122: ATLAS_r031s023_ses1, shape torch.Size([1, 134, 161, 141]), rank 0
2026-08-19 07:07:33.100551: predicting ATLAS_r032s013_ses1
2026-08-19 07:07:33.115358: ATLAS_r032s013_ses1, shape torch.Size([1, 137, 306, 134]), rank 0
2026-08-19 07:07:35.104890: predicting ATLAS_r032s014_ses1
2026-08-19 07:07:35.118387: ATLAS_r032s014_ses1, shape torch.Size([1, 137, 312, 139]), rank 0
2026-08-19 07:07:37.108133: predicting ATLAS_r032s039_ses1
2026-08-19 07:07:37.124712: ATLAS_r032s039_ses1, shape torch.Size([1, 133, 303, 131]), rank 0
2026-08-19 07:07:39.110392: predicting ATLAS_r032s043_ses1
2026-08-19 07:07:39.130577: ATLAS_r032s043_ses1, shape torch.Size([1, 142, 315, 144]), rank 0
2026-08-19 07:07:41.118536: predicting ATLAS_r034s008_ses1
2026-08-19 07:07:41.126923: ATLAS_r034s008_ses1, shape torch.Size([1, 135, 158, 126]), rank 0
2026-08-19 07:07:41.628541: predicting ATLAS_r038s013_ses1
2026-08-19 07:07:41.638481: ATLAS_r038s013_ses1, shape torch.Size([1, 147, 157, 131]), rank 0
2026-08-19 07:07:42.632193: predicting ATLAS_r038s017_ses1
2026-08-19 07:07:42.644633: ATLAS_r038s017_ses1, shape torch.Size([1, 153, 167, 141]), rank 0
2026-08-19 07:07:43.638877: predicting ATLAS_r038s018_ses1
2026-08-19 07:07:43.647233: ATLAS_r038s018_ses1, shape torch.Size([1, 144, 148, 134]), rank 0
2026-08-19 07:07:44.640939: predicting ATLAS_r038s027_ses1
2026-08-19 07:07:44.650345: ATLAS_r038s027_ses1, shape torch.Size([1, 157, 151, 134]), rank 0
2026-08-19 07:07:45.644527: predicting ATLAS_r038s029_ses1
2026-08-19 07:07:45.652549: ATLAS_r038s029_ses1, shape torch.Size([1, 150, 150, 143]), rank 0
2026-08-19 07:07:46.646003: predicting ATLAS_r038s032_ses1
2026-08-19 07:07:46.655265: ATLAS_r038s032_ses1, shape torch.Size([1, 143, 160, 136]), rank 0
2026-08-19 07:07:47.649097: predicting ATLAS_r038s055_ses1
2026-08-19 07:07:47.656414: ATLAS_r038s055_ses1, shape torch.Size([1, 138, 161, 130]), rank 0
2026-08-19 07:07:48.649060: predicting ATLAS_r038s081_ses1
2026-08-19 07:07:48.656832: ATLAS_r038s081_ses1, shape torch.Size([1, 147, 155, 133]), rank 0
2026-08-19 07:07:49.649949: predicting ATLAS_r040s027_ses1
2026-08-19 07:07:49.657482: ATLAS_r040s027_ses1, shape torch.Size([1, 145, 143, 130]), rank 0
2026-08-19 07:07:50.650179: predicting ATLAS_r040s028_ses1
2026-08-19 07:07:50.656849: ATLAS_r040s028_ses1, shape torch.Size([1, 138, 152, 129]), rank 0
2026-08-19 07:07:51.649400: predicting ATLAS_r040s030_ses1
2026-08-19 07:07:51.658974: ATLAS_r040s030_ses1, shape torch.Size([1, 146, 164, 130]), rank 0
2026-08-19 07:07:52.652577: predicting ATLAS_r040s031_ses1
2026-08-19 07:07:52.661391: ATLAS_r040s031_ses1, shape torch.Size([1, 151, 172, 138]), rank 0
2026-08-19 07:07:53.655314: predicting ATLAS_r040s066_ses1
2026-08-19 07:07:53.664248: ATLAS_r040s066_ses1, shape torch.Size([1, 145, 162, 143]), rank 0
2026-08-19 07:07:54.658371: predicting ATLAS_r040s069_ses1
2026-08-19 07:07:54.666198: ATLAS_r040s069_ses1, shape torch.Size([1, 151, 155, 138]), rank 0
2026-08-19 07:07:55.660913: predicting ATLAS_r040s080_ses1
2026-08-19 07:07:55.667330: ATLAS_r040s080_ses1, shape torch.Size([1, 140, 150, 126]), rank 0
2026-08-19 07:07:56.170590: predicting ATLAS_r045s004_ses1
2026-08-19 07:07:56.178099: ATLAS_r045s004_ses1, shape torch.Size([1, 142, 160, 124]), rank 0
2026-08-19 07:07:56.682294: predicting ATLAS_r047s003_ses1
2026-08-19 07:07:56.690799: ATLAS_r047s003_ses1, shape torch.Size([1, 145, 161, 136]), rank 0
2026-08-19 07:07:57.681899: predicting ATLAS_r047s015_ses1
2026-08-19 07:07:57.694961: ATLAS_r047s015_ses1, shape torch.Size([1, 153, 170, 144]), rank 0
2026-08-19 07:07:58.686028: predicting ATLAS_r047s019_ses1
2026-08-19 07:07:58.697342: ATLAS_r047s019_ses1, shape torch.Size([1, 151, 182, 139]), rank 0
2026-08-19 07:07:59.688818: predicting ATLAS_r047s043_ses1
2026-08-19 07:07:59.701118: ATLAS_r047s043_ses1, shape torch.Size([1, 149, 171, 143]), rank 0
2026-08-19 07:08:00.691512: predicting ATLAS_r047s048_ses1
2026-08-19 07:08:00.706381: ATLAS_r047s048_ses1, shape torch.Size([1, 161, 188, 141]), rank 0
2026-08-19 07:08:01.699184: predicting ATLAS_r048s003_ses1
2026-08-19 07:08:01.709260: ATLAS_r048s003_ses1, shape torch.Size([1, 142, 174, 133]), rank 0
2026-08-19 07:08:02.700368: predicting ATLAS_r048s006_ses1
2026-08-19 07:08:02.711062: ATLAS_r048s006_ses1, shape torch.Size([1, 147, 174, 147]), rank 0
2026-08-19 07:08:03.701662: predicting ATLAS_r048s020_ses1
2026-08-19 07:08:03.710509: ATLAS_r048s020_ses1, shape torch.Size([1, 145, 163, 132]), rank 0
2026-08-19 07:08:04.700660: predicting ATLAS_r048s024_ses1
2026-08-19 07:08:04.709601: ATLAS_r048s024_ses1, shape torch.Size([1, 139, 163, 138]), rank 0
2026-08-19 07:08:05.699390: predicting ATLAS_r048s030_ses1
2026-08-19 07:08:05.708453: ATLAS_r048s030_ses1, shape torch.Size([1, 152, 173, 141]), rank 0
2026-08-19 07:08:06.699158: predicting ATLAS_r048s039_ses1
2026-08-19 07:08:06.707135: ATLAS_r048s039_ses1, shape torch.Size([1, 144, 168, 139]), rank 0
2026-08-19 07:08:07.696578: predicting ATLAS_r048s043_ses1
2026-08-19 07:08:07.704957: ATLAS_r048s043_ses1, shape torch.Size([1, 150, 178, 137]), rank 0
2026-08-19 07:08:08.695464: predicting ATLAS_r049s011_ses1
2026-08-19 07:08:08.703924: ATLAS_r049s011_ses1, shape torch.Size([1, 153, 166, 134]), rank 0
2026-08-19 07:08:09.695636: predicting ATLAS_r049s020_ses1
2026-08-19 07:08:09.703734: ATLAS_r049s020_ses1, shape torch.Size([1, 150, 158, 130]), rank 0
2026-08-19 07:08:10.695402: predicting ATLAS_r050s011_ses1
2026-08-19 07:08:10.704740: ATLAS_r050s011_ses1, shape torch.Size([1, 143, 158, 134]), rank 0
2026-08-19 07:08:11.696643: predicting ATLAS_r052s005_ses1
2026-08-19 07:08:11.707125: ATLAS_r052s005_ses1, shape torch.Size([1, 150, 176, 140]), rank 0
2026-08-19 07:08:12.698802: predicting ATLAS_r052s008_ses1
2026-08-19 07:08:12.707210: ATLAS_r052s008_ses1, shape torch.Size([1, 150, 157, 131]), rank 0
2026-08-19 07:08:13.697954: predicting ATLAS_r052s017_ses1
2026-08-19 07:08:13.706868: ATLAS_r052s017_ses1, shape torch.Size([1, 152, 173, 135]), rank 0
2026-08-19 07:08:14.698589: predicting ATLAS_r052s019_ses1
2026-08-19 07:08:14.708016: ATLAS_r052s019_ses1, shape torch.Size([1, 151, 161, 140]), rank 0
2026-08-19 07:08:15.700897: predicting ATLAS_r052s028_ses1
2026-08-19 07:08:15.708220: ATLAS_r052s028_ses1, shape torch.Size([1, 148, 156, 130]), rank 0
2026-08-19 07:08:16.699850: predicting ATLAS_r052s031_ses1
2026-08-19 07:08:16.709504: ATLAS_r052s031_ses1, shape torch.Size([1, 155, 187, 138]), rank 0
2026-08-19 07:08:17.701191: predicting ATLAS_r052s033_ses1
2026-08-19 07:08:17.708809: ATLAS_r052s033_ses1, shape torch.Size([1, 148, 157, 124]), rank 0
2026-08-19 07:08:18.211730: predicting ATLAS_r053s016_ses1
2026-08-19 07:08:18.221464: ATLAS_r053s016_ses1, shape torch.Size([1, 149, 167, 145]), rank 0
2026-08-19 07:08:19.213323: predicting ATLAS_r053s053_ses1
2026-08-19 07:08:19.222619: ATLAS_r053s053_ses1, shape torch.Size([1, 161, 171, 138]), rank 0
2026-08-19 07:08:20.214499: predicting ATLAS_r056s002_ses1
2026-08-19 07:08:20.228769: ATLAS_r056s002_ses1, shape torch.Size([1, 157, 152, 147]), rank 0
2026-08-19 07:08:21.221254: predicting ATLAS_r056s009_ses1
2026-08-19 07:08:21.233827: ATLAS_r056s009_ses1, shape torch.Size([1, 158, 179, 140]), rank 0
2026-08-19 07:08:22.225872: predicting ATLAS_r056s010_ses1
2026-08-19 07:08:22.235916: ATLAS_r056s010_ses1, shape torch.Size([1, 147, 150, 136]), rank 0
2026-08-19 07:08:23.228241: predicting ATLAS_r057s047_ses1
2026-08-19 07:08:23.239290: ATLAS_r057s047_ses1, shape torch.Size([1, 158, 165, 137]), rank 0
2026-08-19 07:08:24.231351: predicting ATLAS_r058s035_ses1
2026-08-19 07:08:24.241963: ATLAS_r058s035_ses1, shape torch.Size([1, 141, 170, 130]), rank 0
2026-08-19 07:08:25.233724: predicting ATLAS_r059s028_ses1
2026-08-19 07:08:25.247527: ATLAS_r059s028_ses1, shape torch.Size([1, 146, 171, 134]), rank 0
2026-08-19 07:08:26.238459: predicting ATLAS_r059s037_ses1
2026-08-19 07:08:26.249294: ATLAS_r059s037_ses1, shape torch.Size([1, 154, 178, 137]), rank 0
2026-08-19 07:08:27.241743: predicting ATLAS_r061s001_ses1
2026-08-19 07:08:27.250032: ATLAS_r061s001_ses1, shape torch.Size([1, 148, 170, 137]), rank 0
2026-08-19 07:08:28.241412: predicting ATLAS_r061s007_ses1
2026-08-19 07:08:28.255731: ATLAS_r061s007_ses1, shape torch.Size([1, 156, 173, 139]), rank 0
2026-08-19 07:08:29.247612: predicting ATLAS_r061s008_ses1
2026-08-19 07:08:29.257670: ATLAS_r061s008_ses1, shape torch.Size([1, 148, 163, 142]), rank 0
2026-08-19 07:08:30.249426: predicting ATLAS_r061s012_ses1
2026-08-19 07:08:30.257271: ATLAS_r061s012_ses1, shape torch.Size([1, 154, 158, 139]), rank 0
2026-08-19 07:08:31.249315: predicting ATLAS_r062s007_ses1
2026-08-19 07:08:31.261237: ATLAS_r062s007_ses1, shape torch.Size([1, 149, 183, 135]), rank 0
2026-08-19 07:08:32.252926: predicting ATLAS_r065s015_ses1
2026-08-19 07:08:32.262943: ATLAS_r065s015_ses1, shape torch.Size([1, 146, 153, 135]), rank 0
2026-08-19 07:08:33.253665: predicting ATLAS_r065s021_ses1
2026-08-19 07:08:33.263808: ATLAS_r065s021_ses1, shape torch.Size([1, 143, 166, 134]), rank 0
2026-08-19 07:08:34.255459: predicting ATLAS_r067s039_ses1
2026-08-19 07:08:34.265503: ATLAS_r067s039_ses1, shape torch.Size([1, 154, 169, 138]), rank 0
2026-08-19 07:08:35.256439: predicting ATLAS_r067s041_ses1
2026-08-19 07:08:35.267732: ATLAS_r067s041_ses1, shape torch.Size([1, 156, 166, 137]), rank 0
2026-08-19 07:08:36.261419: predicting ATLAS_r067s043_ses1
2026-08-19 07:08:36.270347: ATLAS_r067s043_ses1, shape torch.Size([1, 153, 159, 127]), rank 0
2026-08-19 07:08:36.773399: predicting ATLAS_r069s029_ses1
2026-08-19 07:08:36.782601: ATLAS_r069s029_ses1, shape torch.Size([1, 147, 155, 132]), rank 0
2026-08-19 07:08:37.774648: predicting ATLAS_r069s034_ses1
2026-08-19 07:08:37.784967: ATLAS_r069s034_ses1, shape torch.Size([1, 147, 177, 133]), rank 0
2026-08-19 07:08:38.778614: predicting ATLAS_r069s040_ses1
2026-08-19 07:08:38.788465: ATLAS_r069s040_ses1, shape torch.Size([1, 151, 179, 137]), rank 0
2026-08-19 07:08:39.781315: predicting ATLAS_r071s026_ses1
2026-08-19 07:08:39.791896: ATLAS_r071s026_ses1, shape torch.Size([1, 146, 166, 138]), rank 0
2026-08-19 07:08:40.783971: predicting ATLAS_r071s036_ses1
2026-08-19 07:08:40.793510: ATLAS_r071s036_ses1, shape torch.Size([1, 145, 158, 131]), rank 0
2026-08-19 07:08:47.276364: Validation complete
2026-08-19 07:08:47.276467: Mean Validation Dice:  0.6149337510894047

== nnUNetTrainerLesionAwareSamplingPow_500epochs_full ==
[run_id] nnUNetTrainerLesionAwareSamplingPow_500epochs_full__3d_fullres__fold0__fpfda38a2498
$ nnUNetv2_train 2 3d_fullres 0 -tr nnUNetTrainerLesionAwareSamplingPow_500epochs_full
[2026-08-19 07:08:48] --- predict held-out test set (sampling-pow-500) ---

#######################################################################
Please cite the following paper when using nnU-Net:
Isensee, F., Jaeger, P. F., Kohl, S. A., Petersen, J., & Maier-Hein, K. H. (2021). nnU-Net: a self-configuring method for deep learning-based biomedical image segmentation. Nature methods, 18(2), 203-211.
#######################################################################

Trainer 'nnUNetTrainerLesionAwareSamplingPow_500epochs_full' not found in nnunetv2.training.nnUNetTrainer.
Searching in external trainer paths from environment variable 'nnUNet_extTrainer'...
Searching in: /home/galia/ISLES2026/isles26_project_simplified
Searching for class nnUNetTrainerLesionAwareSamplingPow_500epochs_full in folder /home/galia/ISLES2026/isles26_project_simplified with current module None
  Inspecting module: isles26
  Inspecting module: custom_trainers.install_custom_trainers
  Inspecting module: custom_trainers.losses
  Inspecting module: custom_trainers.nnUNetTrainer500epochs
Found class nnUNetTrainerLesionAwareSamplingPow_500epochs_full in custom_trainers.nnUNetTrainer500epochs
Using trainer 'nnUNetTrainerLesionAwareSamplingPow_500epochs_full' from: /home/galia/ISLES2026/isles26_project_simplified
There are 250 cases in the source folder
I am process 0 out of 1 (max process ID is 0, we start counting with 0!)
There are 250 cases that I would like to predict

Predicting ATLAS_r001s002_ses1:
perform_everything_on_device: True
  0%|          | 0/8 [00:00<?, ?it/s] 12%|█▎        | 1/8 [00:00<00:05,  1.31it/s] 38%|███▊      | 3/8 [00:01<00:01,  3.44it/s] 50%|█████     | 4/8 [00:01<00:00,  4.03it/s] 62%|██████▎   | 5/8 [00:01<00:00,  4.52it/s] 75%|███████▌  | 6/8 [00:01<00:00,  4.91it/s] 88%|████████▊ | 7/8 [00:01<00:00,  5.20it/s]100%|██████████| 8/8 [00:01<00:00,  5.42it/s]100%|██████████| 8/8 [00:01<00:00,  4.33it/s]
sending off prediction to background worker for resampling and export
done with ATLAS_r001s002_ses1

Predicting ATLAS_r001s006_ses1:
perform_everything_on_device: True
  0%|          | 0/8 [00:00<?, ?it/s] 25%|██▌       | 2/8 [00:00<00:00,  7.99it/s] 38%|███▊      | 3/8 [00:00<00:00,  7.01it/s] 50%|█████     | 4/8 [00:00<00:00,  6.59it/s] 62%|██████▎   | 5/8 [00:00<00:00,  6.37it/s] 75%|███████▌  | 6/8 [00:00<00:00,  6.23it/s] 88%|████████▊ | 7/8 [00:01<00:00,  6.15it/s]100%|██████████| 8/8 [00:01<00:00,  6.10it/s]100%|██████████| 8/8 [00:01<00:00,  6.38it/s]
sending off prediction to background worker for resampling and export
done with ATLAS_r001s006_ses1

Predicting ATLAS_r001s027_ses1:
perform_everything_on_device: True
  0%|          | 0/8 [00:00<?, ?it/s] 25%|██▌       | 2/8 [00:00<00:00,  7.94it/s] 38%|███▊      | 3/8 [00:00<00:00,  6.97it/s] 50%|█████     | 4/8 [00:00<00:00,  6.57it/s] 62%|██████▎   | 5/8 [00:00<00:00,  6.35it/s] 75%|███████▌  | 6/8 [00:00<00:00,  6.22it/s] 88%|████████▊ | 7/8 [00:01<00:00,  6.14it/s]100%|██████████| 8/8 [00:01<00:00,  6.09it/s]100%|██████████| 8/8 [00:01<00:00,  6.37it/s]
sending off prediction to background worker for resampling and export
done with ATLAS_r001s027_ses1

Predicting ATLAS_r001s029_ses1:
perform_everything_on_device: True
  0%|          | 0/8 [00:00<?, ?it/s] 25%|██▌       | 2/8 [00:00<00:00,  7.96it/s] 38%|███▊      | 3/8 [00:00<00:00,  7.00it/s] 50%|█████     | 4/8 [00:00<00:00,  6.58it/s] 62%|██████▎   | 5/8 [00:00<00:00,  6.35it/s] 75%|███████▌  | 6/8 [00:00<00:00,  6.23it/s] 88%|████████▊ | 7/8 [00:01<00:00,  6.14it/s]100%|██████████| 8/8 [00:01<00:00,  6.09it/s]100%|██████████| 8/8 [00:01<00:00,  6.38it/s]
sending off prediction to background worker for resampling and export
done with ATLAS_r001s029_ses1

Predicting ATLAS_r002s004_ses1:
perform_everything_on_device: True
  0%|          | 0/8 [00:00<?, ?it/s] 25%|██▌       | 2/8 [00:00<00:00,  7.99it/s] 38%|███▊      | 3/8 [00:00<00:00,  7.01it/s] 50%|█████     | 4/8 [00:00<00:00,  6.59it/s] 62%|██████▎   | 5/8 [00:00<00:00,  6.37it/s] 75%|███████▌  | 6/8 [00:00<00:00,  6.23it/s] 88%|████████▊ | 7/8 [00:01<00:00,  6.15it/s]100%|██████████| 8/8 [00:01<00:00,  6.10it/s]100%|██████████| 8/8 [00:01<00:00,  6.39it/s]
sending off prediction to background worker for resampling and export
done with ATLAS_r002s004_ses1

Predicting ATLAS_r003s011_ses1:
perform_everything_on_device: True
  0%|          | 0/8 [00:00<?, ?it/s] 25%|██▌       | 2/8 [00:00<00:00,  7.95it/s] 38%|███▊      | 3/8 [00:00<00:00,  6.99it/s] 50%|█████     | 4/8 [00:00<00:00,  6.57it/s] 62%|██████▎   | 5/8 [00:00<00:00,  6.35it/s] 75%|███████▌  | 6/8 [00:00<00:00,  6.22it/s] 88%|████████▊ | 7/8 [00:01<00:00,  6.14it/s]100%|██████████| 8/8 [00:01<00:00,  6.09it/s]100%|██████████| 8/8 [00:01<00:00,  6.37it/s]
sending off prediction to background worker for resampling and export
done with ATLAS_r003s011_ses1

Predicting ATLAS_r003s012_ses1:
perform_everything_on_device: True
  0%|          | 0/8 [00:00<?, ?it/s] 25%|██▌       | 2/8 [00:00<00:00,  7.97it/s] 38%|███▊      | 3/8 [00:00<00:00,  6.99it/s] 50%|█████     | 4/8 [00:00<00:00,  6.58it/s] 62%|██████▎   | 5/8 [00:00<00:00,  6.35it/s] 75%|███████▌  | 6/8 [00:00<00:00,  6.21it/s] 88%|████████▊ | 7/8 [00:01<00:00,  6.14it/s]100%|██████████| 8/8 [00:01<00:00,  6.09it/s]100%|██████████| 8/8 [00:01<00:00,  6.37it/s]
sending off prediction to background worker for resampling and export
done with ATLAS_r003s012_ses1

Predicting ATLAS_r004s027_ses1:
perform_everything_on_device: True
  0%|          | 0/8 [00:00<?, ?it/s] 25%|██▌       | 2/8 [00:00<00:00,  7.97it/s] 38%|███▊      | 3/8 [00:00<00:00,  7.01it/s] 50%|█████     | 4/8 [00:00<00:00,  6.58it/s] 62%|██████▎   | 5/8 [00:00<00:00,  6.35it/s] 75%|███████▌  | 6/8 [00:00<00:00,  6.22it/s] 88%|████████▊ | 7/8 [00:01<00:00,  6.14it/s]100%|██████████| 8/8 [00:01<00:00,  6.09it/s]100%|██████████| 8/8 [00:01<00:00,  6.37it/s]
sending off prediction to background worker for resampling and export
done with ATLAS_r004s027_ses1

Predicting ATLAS_r004s030_ses1:
perform_everything_on_device: True
  0%|          | 0/8 [00:00<?, ?it/s] 25%|██▌       | 2/8 [00:00<00:00,  7.96it/s] 38%|███▊      | 3/8 [00:00<00:00,  6.98it/s] 50%|█████     | 4/8 [00:00<00:00,  6.57it/s] 62%|██████▎   | 5/8 [00:00<00:00,  6.34it/s] 75%|███████▌  | 6/8 [00:00<00:00,  6.21it/s] 88%|████████▊ | 7/8 [00:01<00:00,  6.14it/s]100%|██████████| 8/8 [00:01<00:00,  6.09it/s]100%|██████████| 8/8 [00:01<00:00,  6.37it/s]
sending off prediction to background worker for resampling and export
done with ATLAS_r004s030_ses1

Predicting ATLAS_r004s031_ses1:
perform_everything_on_device: True
  0%|          | 0/8 [00:00<?, ?it/s] 25%|██▌       | 2/8 [00:00<00:00,  8.00it/s] 38%|███▊      | 3/8 [00:00<00:00,  7.01it/s] 50%|█████     | 4/8 [00:00<00:00,  6.60it/s] 62%|██████▎   | 5/8 [00:00<00:00,  6.37it/s] 75%|███████▌  | 6/8 [00:00<00:00,  6.24it/s] 88%|████████▊ | 7/8 [00:01<00:00,  6.16it/s]100%|██████████| 8/8 [00:01<00:00,  6.10it/s]100%|██████████| 8/8 [00:01<00:00,  6.39it/s]
sending off prediction to background worker for resampling and export
done with ATLAS_r004s031_ses1

Predicting ATLAS_r005s015_ses1:
perform_everything_on_device: True
  0%|          | 0/8 [00:00<?, ?it/s] 25%|██▌       | 2/8 [00:00<00:00,  8.00it/s] 38%|███▊      | 3/8 [00:00<00:00,  7.02it/s] 50%|█████     | 4/8 [00:00<00:00,  6.59it/s] 62%|██████▎   | 5/8 [00:00<00:00,  6.37it/s] 75%|███████▌  | 6/8 [00:00<00:00,  6.23it/s] 88%|████████▊ | 7/8 [00:01<00:00,  6.15it/s]100%|██████████| 8/8 [00:01<00:00,  6.10it/s]100%|██████████| 8/8 [00:01<00:00,  6.39it/s]
sending off prediction to background worker for resampling and export
done with ATLAS_r005s015_ses1

Predicting ATLAS_r005s016_ses1:
perform_everything_on_device: True
  0%|          | 0/8 [00:00<?, ?it/s] 25%|██▌       | 2/8 [00:00<00:00,  7.96it/s] 38%|███▊      | 3/8 [00:00<00:00,  6.99it/s] 50%|█████     | 4/8 [00:00<00:00,  6.58it/s] 62%|██████▎   | 5/8 [00:00<00:00,  6.35it/s] 75%|███████▌  | 6/8 [00:00<00:00,  6.23it/s] 88%|████████▊ | 7/8 [00:01<00:00,  6.14it/s]100%|██████████| 8/8 [00:01<00:00,  6.09it/s]100%|██████████| 8/8 [00:01<00:00,  6.38it/s]
sending off prediction to background worker for resampling and export
done with ATLAS_r005s016_ses1

Predicting ATLAS_r005s025_ses1:
perform_everything_on_device: True
  0%|          | 0/8 [00:00<?, ?it/s] 25%|██▌       | 2/8 [00:00<00:00,  7.99it/s] 38%|███▊      | 3/8 [00:00<00:00,  7.01it/s] 50%|█████     | 4/8 [00:00<00:00,  6.59it/s] 62%|██████▎   | 5/8 [00:00<00:00,  6.36it/s] 75%|███████▌  | 6/8 [00:00<00:00,  6.22it/s] 88%|████████▊ | 7/8 [00:01<00:00,  6.15it/s]100%|██████████| 8/8 [00:01<00:00,  6.10it/s]100%|██████████| 8/8 [00:01<00:00,  6.38it/s]
sending off prediction to background worker for resampling and export
done with ATLAS_r005s025_ses1

Predicting ATLAS_r005s026_ses1:
perform_everything_on_device: True
  0%|          | 0/8 [00:00<?, ?it/s] 25%|██▌       | 2/8 [00:00<00:00,  7.97it/s] 38%|███▊      | 3/8 [00:00<00:00,  7.00it/s] 50%|█████     | 4/8 [00:00<00:00,  6.58it/s] 62%|██████▎   | 5/8 [00:00<00:00,  6.36it/s] 75%|███████▌  | 6/8 [00:00<00:00,  6.22it/s] 88%|████████▊ | 7/8 [00:01<00:00,  6.14it/s]100%|██████████| 8/8 [00:01<00:00,  6.09it/s]100%|██████████| 8/8 [00:01<00:00,  6.38it/s]
sending off prediction to background worker for resampling and export
done with ATLAS_r005s026_ses1

Predicting ATLAS_r005s030_ses1:
perform_everything_on_device: True
  0%|          | 0/8 [00:00<?, ?it/s] 25%|██▌       | 2/8 [00:00<00:00,  7.95it/s] 38%|███▊      | 3/8 [00:00<00:00,  6.99it/s] 50%|█████     | 4/8 [00:00<00:00,  6.57it/s] 62%|██████▎   | 5/8 [00:00<00:00,  6.34it/s] 75%|███████▌  | 6/8 [00:00<00:00,  6.21it/s] 88%|████████▊ | 7/8 [00:01<00:00,  6.13it/s]100%|██████████| 8/8 [00:01<00:00,  6.08it/s]100%|██████████| 8/8 [00:01<00:00,  6.37it/s]
sending off prediction to background worker for resampling and export
done with ATLAS_r005s030_ses1

Predicting ATLAS_r005s031_ses1:
perform_everything_on_device: True
  0%|          | 0/8 [00:00<?, ?it/s] 25%|██▌       | 2/8 [00:00<00:00,  7.97it/s] 38%|███▊      | 3/8 [00:00<00:00,  6.99it/s] 50%|█████     | 4/8 [00:00<00:00,  6.58it/s] 62%|██████▎   | 5/8 [00:00<00:00,  6.35it/s] 75%|███████▌  | 6/8 [00:00<00:00,  6.22it/s] 88%|████████▊ | 7/8 [00:01<00:00,  6.14it/s]100%|██████████| 8/8 [00:01<00:00,  6.09it/s]100%|██████████| 8/8 [00:01<00:00,  6.37it/s]
sending off prediction to background worker for resampling and export
done with ATLAS_r005s031_ses1

Predicting ATLAS_r005s034_ses1:
perform_everything_on_device: True
  0%|          | 0/4 [00:00<?, ?it/s] 50%|█████     | 2/4 [00:00<00:00,  7.97it/s] 75%|███████▌  | 3/4 [00:00<00:00,  7.00it/s]100%|██████████| 4/4 [00:00<00:00,  6.58it/s]100%|██████████| 4/4 [00:00<00:00,  6.83it/s]
sending off prediction to background worker for resampling and export
done with ATLAS_r005s034_ses1

Predicting ATLAS_r005s044_ses1:
perform_everything_on_device: True
  0%|          | 0/8 [00:00<?, ?it/s] 25%|██▌       | 2/8 [00:00<00:00,  7.96it/s] 38%|███▊      | 3/8 [00:00<00:00,  6.98it/s] 50%|█████     | 4/8 [00:00<00:00,  6.57it/s] 62%|██████▎   | 5/8 [00:00<00:00,  6.34it/s] 75%|███████▌  | 6/8 [00:00<00:00,  6.22it/s] 88%|████████▊ | 7/8 [00:01<00:00,  6.14it/s]100%|██████████| 8/8 [00:01<00:00,  6.08it/s]100%|██████████| 8/8 [00:01<00:00,  6.37it/s]
sending off prediction to background worker for resampling and export
done with ATLAS_r005s044_ses1

Predicting ATLAS_r005s045_ses1:
perform_everything_on_device: True
  0%|          | 0/8 [00:00<?, ?it/s] 25%|██▌       | 2/8 [00:00<00:00,  7.96it/s] 38%|███▊      | 3/8 [00:00<00:00,  6.98it/s] 50%|█████     | 4/8 [00:00<00:00,  6.57it/s] 62%|██████▎   | 5/8 [00:00<00:00,  6.34it/s] 75%|███████▌  | 6/8 [00:00<00:00,  6.21it/s] 88%|████████▊ | 7/8 [00:01<00:00,  6.13it/s]100%|██████████| 8/8 [00:01<00:00,  6.08it/s]100%|██████████| 8/8 [00:01<00:00,  6.36it/s]
sending off prediction to background worker for resampling and export
done with ATLAS_r005s045_ses1

Predicting ATLAS_r005s046_ses1:
perform_everything_on_device: True
  0%|          | 0/8 [00:00<?, ?it/s] 25%|██▌       | 2/8 [00:00<00:00,  7.96it/s] 38%|███▊      | 3/8 [00:00<00:00,  6.99it/s] 50%|█████     | 4/8 [00:00<00:00,  6.56it/s] 62%|██████▎   | 5/8 [00:00<00:00,  6.34it/s] 75%|███████▌  | 6/8 [00:00<00:00,  6.21it/s] 88%|████████▊ | 7/8 [00:01<00:00,  6.13it/s]100%|██████████| 8/8 [00:01<00:00,  6.08it/s]100%|██████████| 8/8 [00:01<00:00,  6.36it/s]
sending off prediction to background worker for resampling and export
done with ATLAS_r005s046_ses1

Predicting ATLAS_r005s047_ses1:
perform_everything_on_device: True
  0%|          | 0/8 [00:00<?, ?it/s] 25%|██▌       | 2/8 [00:00<00:00,  7.97it/s] 38%|███▊      | 3/8 [00:00<00:00,  6.99it/s] 50%|█████     | 4/8 [00:00<00:00,  6.58it/s] 62%|██████▎   | 5/8 [00:00<00:00,  6.35it/s] 75%|███████▌  | 6/8 [00:00<00:00,  6.22it/s] 88%|████████▊ | 7/8 [00:01<00:00,  6.14it/s]100%|██████████| 8/8 [00:01<00:00,  6.09it/s]100%|██████████| 8/8 [00:01<00:00,  6.37it/s]
sending off prediction to background worker for resampling and export
done with ATLAS_r005s047_ses1

Predicting ATLAS_r005s048_ses1:
perform_everything_on_device: True
  0%|          | 0/8 [00:00<?, ?it/s] 25%|██▌       | 2/8 [00:00<00:00,  7.95it/s] 38%|███▊      | 3/8 [00:00<00:00,  6.98it/s] 50%|█████     | 4/8 [00:00<00:00,  6.56it/s] 62%|██████▎   | 5/8 [00:00<00:00,  6.34it/s] 75%|███████▌  | 6/8 [00:00<00:00,  6.21it/s] 88%|████████▊ | 7/8 [00:01<00:00,  6.12it/s]100%|██████████| 8/8 [00:01<00:00,  6.08it/s]100%|██████████| 8/8 [00:01<00:00,  6.36it/s]
sending off prediction to background worker for resampling and export
done with ATLAS_r005s048_ses1

Predicting ATLAS_r005s049_ses1:
perform_everything_on_device: True
  0%|          | 0/8 [00:00<?, ?it/s] 25%|██▌       | 2/8 [00:00<00:00,  7.94it/s] 38%|███▊      | 3/8 [00:00<00:00,  6.97it/s] 50%|█████     | 4/8 [00:00<00:00,  6.55it/s] 62%|██████▎   | 5/8 [00:00<00:00,  6.33it/s] 75%|███████▌  | 6/8 [00:00<00:00,  6.20it/s] 88%|████████▊ | 7/8 [00:01<00:00,  6.12it/s]100%|██████████| 8/8 [00:01<00:00,  6.07it/s]100%|██████████| 8/8 [00:01<00:00,  6.35it/s]
sending off prediction to background worker for resampling and export
done with ATLAS_r005s049_ses1

Predicting ATLAS_r005s054_ses1:
perform_everything_on_device: True
  0%|          | 0/8 [00:00<?, ?it/s] 25%|██▌       | 2/8 [00:00<00:00,  7.95it/s] 38%|███▊      | 3/8 [00:00<00:00,  6.97it/s] 50%|█████     | 4/8 [00:00<00:00,  6.56it/s] 62%|██████▎   | 5/8 [00:00<00:00,  6.33it/s] 75%|███████▌  | 6/8 [00:00<00:00,  6.20it/s] 88%|████████▊ | 7/8 [00:01<00:00,  6.12it/s]100%|██████████| 8/8 [00:01<00:00,  6.07it/s]100%|██████████| 8/8 [00:01<00:00,  6.35it/s]
sending off prediction to background worker for resampling and export
done with ATLAS_r005s054_ses1

Predicting ATLAS_r005s055_ses1:
perform_everything_on_device: True
  0%|          | 0/8 [00:00<?, ?it/s] 25%|██▌       | 2/8 [00:00<00:00,  7.95it/s] 38%|███▊      | 3/8 [00:00<00:00,  6.97it/s] 50%|█████     | 4/8 [00:00<00:00,  6.56it/s] 62%|██████▎   | 5/8 [00:00<00:00,  6.33it/s] 75%|███████▌  | 6/8 [00:00<00:00,  6.20it/s] 88%|████████▊ | 7/8 [00:01<00:00,  6.12it/s]100%|██████████| 8/8 [00:01<00:00,  6.06it/s]100%|██████████| 8/8 [00:01<00:00,  6.35it/s]
sending off prediction to background worker for resampling and export
done with ATLAS_r005s055_ses1

Predicting ATLAS_r005s056_ses1:
perform_everything_on_device: True
  0%|          | 0/8 [00:00<?, ?it/s] 25%|██▌       | 2/8 [00:00<00:00,  7.95it/s] 38%|███▊      | 3/8 [00:00<00:00,  6.97it/s] 50%|█████     | 4/8 [00:00<00:00,  6.55it/s] 62%|██████▎   | 5/8 [00:00<00:00,  6.33it/s] 75%|███████▌  | 6/8 [00:00<00:00,  6.20it/s] 88%|████████▊ | 7/8 [00:01<00:00,  6.12it/s]100%|██████████| 8/8 [00:01<00:00,  6.07it/s]100%|██████████| 8/8 [00:01<00:00,  6.35it/s]
sending off prediction to background worker for resampling and export
done with ATLAS_r005s056_ses1

Predicting ATLAS_r005s057_ses1:
perform_everything_on_device: True
  0%|          | 0/4 [00:00<?, ?it/s] 50%|█████     | 2/4 [00:00<00:00,  7.95it/s] 75%|███████▌  | 3/4 [00:00<00:00,  6.97it/s]100%|██████████| 4/4 [00:00<00:00,  6.55it/s]100%|██████████| 4/4 [00:00<00:00,  6.80it/s]
sending off prediction to background worker for resampling and export
done with ATLAS_r005s057_ses1

Predicting ATLAS_r005s058_ses1:
perform_everything_on_device: True
  0%|          | 0/8 [00:00<?, ?it/s] 25%|██▌       | 2/8 [00:00<00:00,  7.96it/s] 38%|███▊      | 3/8 [00:00<00:00,  6.97it/s] 50%|█████     | 4/8 [00:00<00:00,  6.56it/s] 62%|██████▎   | 5/8 [00:00<00:00,  6.33it/s] 75%|███████▌  | 6/8 [00:00<00:00,  6.20it/s] 88%|████████▊ | 7/8 [00:01<00:00,  6.12it/s]100%|██████████| 8/8 [00:01<00:00,  6.06it/s]100%|██████████| 8/8 [00:01<00:00,  6.35it/s]
sending off prediction to background worker for resampling and export
done with ATLAS_r005s058_ses1

Predicting ATLAS_r005s059_ses1:
perform_everything_on_device: True
  0%|          | 0/8 [00:00<?, ?it/s] 25%|██▌       | 2/8 [00:00<00:00,  7.94it/s] 38%|███▊      | 3/8 [00:00<00:00,  6.95it/s] 50%|█████     | 4/8 [00:00<00:00,  6.54it/s] 62%|██████▎   | 5/8 [00:00<00:00,  6.32it/s] 75%|███████▌  | 6/8 [00:00<00:00,  6.19it/s] 88%|████████▊ | 7/8 [00:01<00:00,  6.11it/s]100%|██████████| 8/8 [00:01<00:00,  6.06it/s]100%|██████████| 8/8 [00:01<00:00,  6.34it/s]
sending off prediction to background worker for resampling and export
done with ATLAS_r005s059_ses1

Predicting ATLAS_r005s068_ses1:
perform_everything_on_device: True
  0%|          | 0/8 [00:00<?, ?it/s] 25%|██▌       | 2/8 [00:00<00:00,  7.91it/s] 38%|███▊      | 3/8 [00:00<00:00,  6.95it/s] 50%|█████     | 4/8 [00:00<00:00,  6.53it/s] 62%|██████▎   | 5/8 [00:00<00:00,  6.31it/s] 75%|███████▌  | 6/8 [00:00<00:00,  6.18it/s] 88%|████████▊ | 7/8 [00:01<00:00,  6.10it/s]100%|██████████| 8/8 [00:01<00:00,  6.05it/s]100%|██████████| 8/8 [00:01<00:00,  6.33it/s]
sending off prediction to background worker for resampling and export
done with ATLAS_r005s068_ses1

Predicting ATLAS_r005s069_ses1:
perform_everything_on_device: True
  0%|          | 0/8 [00:00<?, ?it/s] 25%|██▌       | 2/8 [00:00<00:00,  7.92it/s] 38%|███▊      | 3/8 [00:00<00:00,  6.95it/s] 50%|█████     | 4/8 [00:00<00:00,  6.52it/s] 62%|██████▎   | 5/8 [00:00<00:00,  6.31it/s] 75%|███████▌  | 6/8 [00:00<00:00,  6.17it/s] 88%|████████▊ | 7/8 [00:01<00:00,  6.10it/s]100%|██████████| 8/8 [00:01<00:00,  6.05it/s]100%|██████████| 8/8 [00:01<00:00,  6.33it/s]
sending off prediction to background worker for resampling and export
done with ATLAS_r005s069_ses1

Predicting ATLAS_r005s070_ses1:
perform_everything_on_device: True
  0%|          | 0/8 [00:00<?, ?it/s] 25%|██▌       | 2/8 [00:00<00:00,  7.92it/s] 38%|███▊      | 3/8 [00:00<00:00,  6.95it/s] 50%|█████     | 4/8 [00:00<00:00,  6.53it/s] 62%|██████▎   | 5/8 [00:00<00:00,  6.31it/s] 75%|███████▌  | 6/8 [00:00<00:00,  6.17it/s] 88%|████████▊ | 7/8 [00:01<00:00,  6.10it/s]100%|██████████| 8/8 [00:01<00:00,  6.04it/s]100%|██████████| 8/8 [00:01<00:00,  6.32it/s]
sending off prediction to background worker for resampling and export
done with ATLAS_r005s070_ses1

Predicting ATLAS_r005s071_ses1:
perform_everything_on_device: True
  0%|          | 0/8 [00:00<?, ?it/s] 25%|██▌       | 2/8 [00:00<00:00,  7.92it/s] 38%|███▊      | 3/8 [00:00<00:00,  6.96it/s] 50%|█████     | 4/8 [00:00<00:00,  6.53it/s] 62%|██████▎   | 5/8 [00:00<00:00,  6.31it/s] 75%|███████▌  | 6/8 [00:00<00:00,  6.17it/s] 88%|████████▊ | 7/8 [00:01<00:00,  6.09it/s]100%|██████████| 8/8 [00:01<00:00,  6.04it/s]100%|██████████| 8/8 [00:01<00:00,  6.32it/s]
sending off prediction to background worker for resampling and export
done with ATLAS_r005s071_ses1

Predicting ATLAS_r005s072_ses1:
perform_everything_on_device: True
  0%|          | 0/8 [00:00<?, ?it/s] 25%|██▌       | 2/8 [00:00<00:00,  7.92it/s] 38%|███▊      | 3/8 [00:00<00:00,  6.94it/s] 50%|█████     | 4/8 [00:00<00:00,  6.53it/s] 62%|██████▎   | 5/8 [00:00<00:00,  6.30it/s] 75%|███████▌  | 6/8 [00:00<00:00,  6.17it/s] 88%|████████▊ | 7/8 [00:01<00:00,  6.09it/s]100%|██████████| 8/8 [00:01<00:00,  6.04it/s]100%|██████████| 8/8 [00:01<00:00,  6.32it/s]
sending off prediction to background worker for resampling and export
done with ATLAS_r005s072_ses1

Predicting ATLAS_r005s073_ses1:
perform_everything_on_device: True
  0%|          | 0/8 [00:00<?, ?it/s] 25%|██▌       | 2/8 [00:00<00:00,  7.92it/s] 38%|███▊      | 3/8 [00:00<00:00,  6.94it/s] 50%|█████     | 4/8 [00:00<00:00,  6.53it/s] 62%|██████▎   | 5/8 [00:00<00:00,  6.30it/s] 75%|███████▌  | 6/8 [00:00<00:00,  6.17it/s] 88%|████████▊ | 7/8 [00:01<00:00,  6.09it/s]100%|██████████| 8/8 [00:01<00:00,  6.04it/s]100%|██████████| 8/8 [00:01<00:00,  6.32it/s]
sending off prediction to background worker for resampling and export
done with ATLAS_r005s073_ses1

Predicting ATLAS_r005s074_ses1:
perform_everything_on_device: True
  0%|          | 0/8 [00:00<?, ?it/s] 25%|██▌       | 2/8 [00:00<00:00,  7.89it/s] 38%|███▊      | 3/8 [00:00<00:00,  6.92it/s] 50%|█████     | 4/8 [00:00<00:00,  6.51it/s] 62%|██████▎   | 5/8 [00:00<00:00,  6.29it/s] 75%|███████▌  | 6/8 [00:00<00:00,  6.16it/s] 88%|████████▊ | 7/8 [00:01<00:00,  6.08it/s]100%|██████████| 8/8 [00:01<00:00,  6.03it/s]100%|██████████| 8/8 [00:01<00:00,  6.31it/s]
sending off prediction to background worker for resampling and export
done with ATLAS_r005s074_ses1

Predicting ATLAS_r005s075_ses1:
perform_everything_on_device: True
  0%|          | 0/8 [00:00<?, ?it/s] 25%|██▌       | 2/8 [00:00<00:00,  7.92it/s] 38%|███▊      | 3/8 [00:00<00:00,  6.94it/s] 50%|█████     | 4/8 [00:00<00:00,  6.53it/s] 62%|██████▎   | 5/8 [00:00<00:00,  6.31it/s] 75%|███████▌  | 6/8 [00:00<00:00,  6.18it/s] 88%|████████▊ | 7/8 [00:01<00:00,  6.10it/s]100%|██████████| 8/8 [00:01<00:00,  6.04it/s]100%|██████████| 8/8 [00:01<00:00,  6.33it/s]
sending off prediction to background worker for resampling and export
done with ATLAS_r005s075_ses1

Predicting ATLAS_r005s076_ses1:
perform_everything_on_device: True
  0%|          | 0/4 [00:00<?, ?it/s] 50%|█████     | 2/4 [00:00<00:00,  7.90it/s] 75%|███████▌  | 3/4 [00:00<00:00,  6.94it/s]100%|██████████| 4/4 [00:00<00:00,  6.53it/s]100%|██████████| 4/4 [00:00<00:00,  6.77it/s]
sending off prediction to background worker for resampling and export
done with ATLAS_r005s076_ses1

Predicting ATLAS_r005s077_ses1:
perform_everything_on_device: True
  0%|          | 0/8 [00:00<?, ?it/s] 25%|██▌       | 2/8 [00:00<00:00,  7.91it/s] 38%|███▊      | 3/8 [00:00<00:00,  6.93it/s] 50%|█████     | 4/8 [00:00<00:00,  6.52it/s] 62%|██████▎   | 5/8 [00:00<00:00,  6.29it/s] 75%|███████▌  | 6/8 [00:00<00:00,  6.16it/s] 88%|████████▊ | 7/8 [00:01<00:00,  6.08it/s]100%|██████████| 8/8 [00:01<00:00,  6.03it/s]100%|██████████| 8/8 [00:01<00:00,  6.31it/s]
sending off prediction to background worker for resampling and export
done with ATLAS_r005s077_ses1

Predicting ATLAS_r005s078_ses1:
perform_everything_on_device: True
  0%|          | 0/8 [00:00<?, ?it/s] 25%|██▌       | 2/8 [00:00<00:00,  7.92it/s] 38%|███▊      | 3/8 [00:00<00:00,  6.95it/s] 50%|█████     | 4/8 [00:00<00:00,  6.52it/s] 62%|██████▎   | 5/8 [00:00<00:00,  6.31it/s] 75%|███████▌  | 6/8 [00:00<00:00,  6.17it/s] 88%|████████▊ | 7/8 [00:01<00:00,  6.09it/s]100%|██████████| 8/8 [00:01<00:00,  6.04it/s]100%|██████████| 8/8 [00:01<00:00,  6.32it/s]
sending off prediction to background worker for resampling and export
done with ATLAS_r005s078_ses1

Predicting ATLAS_r005s079_ses1:
perform_everything_on_device: True
  0%|          | 0/8 [00:00<?, ?it/s] 25%|██▌       | 2/8 [00:00<00:00,  7.93it/s] 38%|███▊      | 3/8 [00:00<00:00,  6.96it/s] 50%|█████     | 4/8 [00:00<00:00,  6.53it/s] 62%|██████▎   | 5/8 [00:00<00:00,  6.31it/s] 75%|███████▌  | 6/8 [00:00<00:00,  6.17it/s] 88%|████████▊ | 7/8 [00:01<00:00,  6.10it/s]100%|██████████| 8/8 [00:01<00:00,  6.04it/s]100%|██████████| 8/8 [00:01<00:00,  6.33it/s]
sending off prediction to background worker for resampling and export
done with ATLAS_r005s079_ses1

Predicting ATLAS_r005s080_ses1:
perform_everything_on_device: True
  0%|          | 0/8 [00:00<?, ?it/s] 25%|██▌       | 2/8 [00:00<00:00,  7.92it/s] 38%|███▊      | 3/8 [00:00<00:00,  6.94it/s] 50%|█████     | 4/8 [00:00<00:00,  6.53it/s] 62%|██████▎   | 5/8 [00:00<00:00,  6.30it/s] 75%|███████▌  | 6/8 [00:00<00:00,  6.17it/s] 88%|████████▊ | 7/8 [00:01<00:00,  6.09it/s]100%|██████████| 8/8 [00:01<00:00,  6.04it/s]100%|██████████| 8/8 [00:01<00:00,  6.32it/s]
sending off prediction to background worker for resampling and export
done with ATLAS_r005s080_ses1

Predicting ATLAS_r005s081_ses1:
perform_everything_on_device: True
  0%|          | 0/8 [00:00<?, ?it/s] 25%|██▌       | 2/8 [00:00<00:00,  7.92it/s] 38%|███▊      | 3/8 [00:00<00:00,  6.94it/s] 50%|█████     | 4/8 [00:00<00:00,  6.53it/s] 62%|██████▎   | 5/8 [00:00<00:00,  6.30it/s] 75%|███████▌  | 6/8 [00:00<00:00,  6.17it/s] 88%|████████▊ | 7/8 [00:01<00:00,  6.09it/s]100%|██████████| 8/8 [00:01<00:00,  6.04it/s]100%|██████████| 8/8 [00:01<00:00,  6.32it/s]
sending off prediction to background worker for resampling and export
done with ATLAS_r005s081_ses1

Predicting ATLAS_r005s082_ses1:
perform_everything_on_device: True
  0%|          | 0/4 [00:00<?, ?it/s] 50%|█████     | 2/4 [00:00<00:00,  7.86it/s] 75%|███████▌  | 3/4 [00:00<00:00,  6.96it/s]100%|██████████| 4/4 [00:00<00:00,  6.54it/s]100%|██████████| 4/4 [00:00<00:00,  6.78it/s]
sending off prediction to background worker for resampling and export
done with ATLAS_r005s082_ses1

Predicting ATLAS_r005s084_ses1:
perform_everything_on_device: True
  0%|          | 0/8 [00:00<?, ?it/s] 25%|██▌       | 2/8 [00:00<00:00,  7.90it/s] 38%|███▊      | 3/8 [00:00<00:00,  6.94it/s] 50%|█████     | 4/8 [00:00<00:00,  6.52it/s] 62%|██████▎   | 5/8 [00:00<00:00,  6.30it/s] 75%|███████▌  | 6/8 [00:00<00:00,  6.17it/s] 88%|████████▊ | 7/8 [00:01<00:00,  6.09it/s]100%|██████████| 8/8 [00:01<00:00,  6.04it/s]100%|██████████| 8/8 [00:01<00:00,  6.32it/s]
sending off prediction to background worker for resampling and export
done with ATLAS_r005s084_ses1

Predicting ATLAS_r005s085_ses1:
perform_everything_on_device: True
  0%|          | 0/4 [00:00<?, ?it/s] 50%|█████     | 2/4 [00:00<00:00,  7.91it/s] 75%|███████▌  | 3/4 [00:00<00:00,  6.95it/s]100%|██████████| 4/4 [00:00<00:00,  6.53it/s]100%|██████████| 4/4 [00:00<00:00,  6.78it/s]
sending off prediction to background worker for resampling and export
done with ATLAS_r005s085_ses1

Predicting ATLAS_r005s086_ses1:
perform_everything_on_device: True
  0%|          | 0/8 [00:00<?, ?it/s] 25%|██▌       | 2/8 [00:00<00:00,  7.92it/s] 38%|███▊      | 3/8 [00:00<00:00,  6.94it/s] 50%|█████     | 4/8 [00:00<00:00,  6.53it/s] 62%|██████▎   | 5/8 [00:00<00:00,  6.30it/s] 75%|███████▌  | 6/8 [00:00<00:00,  6.17it/s] 88%|████████▊ | 7/8 [00:01<00:00,  6.09it/s]100%|██████████| 8/8 [00:01<00:00,  6.04it/s]100%|██████████| 8/8 [00:01<00:00,  6.32it/s]
sending off prediction to background worker for resampling and export
done with ATLAS_r005s086_ses1

Predicting ATLAS_r008s001_ses1:
perform_everything_on_device: True
  0%|          | 0/8 [00:00<?, ?it/s] 25%|██▌       | 2/8 [00:00<00:00,  7.91it/s] 38%|███▊      | 3/8 [00:00<00:00,  6.93it/s] 50%|█████     | 4/8 [00:00<00:00,  6.52it/s] 62%|██████▎   | 5/8 [00:00<00:00,  6.30it/s] 75%|███████▌  | 6/8 [00:00<00:00,  6.17it/s] 88%|████████▊ | 7/8 [00:01<00:00,  6.09it/s]100%|██████████| 8/8 [00:01<00:00,  6.04it/s]100%|██████████| 8/8 [00:01<00:00,  6.32it/s]
sending off prediction to background worker for resampling and export
done with ATLAS_r008s001_ses1

Predicting ATLAS_r008s002_ses1:
perform_everything_on_device: True
  0%|          | 0/8 [00:00<?, ?it/s] 25%|██▌       | 2/8 [00:00<00:00,  7.90it/s] 38%|███▊      | 3/8 [00:00<00:00,  6.94it/s] 50%|█████     | 4/8 [00:00<00:00,  6.52it/s] 62%|██████▎   | 5/8 [00:00<00:00,  6.30it/s] 75%|███████▌  | 6/8 [00:00<00:00,  6.17it/s] 88%|████████▊ | 7/8 [00:01<00:00,  6.09it/s]100%|██████████| 8/8 [00:01<00:00,  6.04it/s]100%|██████████| 8/8 [00:01<00:00,  6.32it/s]
sending off prediction to background worker for resampling and export
done with ATLAS_r008s002_ses1

Predicting ATLAS_r008s003_ses1:
perform_everything_on_device: True
  0%|          | 0/8 [00:00<?, ?it/s] 25%|██▌       | 2/8 [00:00<00:00,  7.91it/s] 38%|███▊      | 3/8 [00:00<00:00,  6.94it/s] 50%|█████     | 4/8 [00:00<00:00,  6.52it/s] 62%|██████▎   | 5/8 [00:00<00:00,  6.31it/s] 75%|███████▌  | 6/8 [00:00<00:00,  6.17it/s] 88%|████████▊ | 7/8 [00:01<00:00,  6.10it/s]100%|██████████| 8/8 [00:01<00:00,  6.04it/s]100%|██████████| 8/8 [00:01<00:00,  6.32it/s]
sending off prediction to background worker for resampling and export
done with ATLAS_r008s003_ses1

Predicting ATLAS_r008s004_ses1:
perform_everything_on_device: True
  0%|          | 0/8 [00:00<?, ?it/s] 25%|██▌       | 2/8 [00:00<00:00,  7.91it/s] 38%|███▊      | 3/8 [00:00<00:00,  6.93it/s] 50%|█████     | 4/8 [00:00<00:00,  6.52it/s] 62%|██████▎   | 5/8 [00:00<00:00,  6.29it/s] 75%|███████▌  | 6/8 [00:00<00:00,  6.16it/s] 88%|████████▊ | 7/8 [00:01<00:00,  6.08it/s]100%|██████████| 8/8 [00:01<00:00,  6.03it/s]100%|██████████| 8/8 [00:01<00:00,  6.32it/s]
sending off prediction to background worker for resampling and export
done with ATLAS_r008s004_ses1

Predicting ATLAS_r008s006_ses1:
perform_everything_on_device: True
  0%|          | 0/4 [00:00<?, ?it/s] 50%|█████     | 2/4 [00:00<00:00,  7.91it/s] 75%|███████▌  | 3/4 [00:00<00:00,  6.95it/s]100%|██████████| 4/4 [00:00<00:00,  6.53it/s]100%|██████████| 4/4 [00:00<00:00,  6.78it/s]
sending off prediction to background worker for resampling and export
done with ATLAS_r008s006_ses1

Predicting ATLAS_r008s007_ses1:
perform_everything_on_device: True
  0%|          | 0/8 [00:00<?, ?it/s] 25%|██▌       | 2/8 [00:00<00:00,  7.91it/s] 38%|███▊      | 3/8 [00:00<00:00,  6.95it/s] 50%|█████     | 4/8 [00:00<00:00,  6.54it/s] 62%|██████▎   | 5/8 [00:00<00:00,  6.32it/s] 75%|███████▌  | 6/8 [00:00<00:00,  6.18it/s] 88%|████████▊ | 7/8 [00:01<00:00,  6.10it/s]100%|██████████| 8/8 [00:01<00:00,  6.05it/s]100%|██████████| 8/8 [00:01<00:00,  6.33it/s]
sending off prediction to background worker for resampling and export
done with ATLAS_r008s007_ses1

Predicting ATLAS_r008s008_ses1:
perform_everything_on_device: True
  0%|          | 0/8 [00:00<?, ?it/s] 25%|██▌       | 2/8 [00:00<00:00,  7.90it/s] 38%|███▊      | 3/8 [00:00<00:00,  6.94it/s] 50%|█████     | 4/8 [00:00<00:00,  6.52it/s] 62%|██████▎   | 5/8 [00:00<00:00,  6.30it/s] 75%|███████▌  | 6/8 [00:00<00:00,  6.18it/s] 88%|████████▊ | 7/8 [00:01<00:00,  6.09it/s]100%|██████████| 8/8 [00:01<00:00,  6.05it/s]100%|██████████| 8/8 [00:01<00:00,  6.32it/s]
sending off prediction to background worker for resampling and export
done with ATLAS_r008s008_ses1

Predicting ATLAS_r009s007_ses1:
perform_everything_on_device: True
  0%|          | 0/8 [00:00<?, ?it/s] 25%|██▌       | 2/8 [00:00<00:00,  7.90it/s] 38%|███▊      | 3/8 [00:00<00:00,  6.95it/s] 50%|█████     | 4/8 [00:00<00:00,  6.52it/s] 62%|██████▎   | 5/8 [00:00<00:00,  6.30it/s] 75%|███████▌  | 6/8 [00:00<00:00,  6.17it/s] 88%|████████▊ | 7/8 [00:01<00:00,  6.09it/s]100%|██████████| 8/8 [00:01<00:00,  6.04it/s]100%|██████████| 8/8 [00:01<00:00,  6.32it/s]
sending off prediction to background worker for resampling and export
done with ATLAS_r009s007_ses1

Predicting ATLAS_r009s024_ses1:
perform_everything_on_device: True
  0%|          | 0/8 [00:00<?, ?it/s] 25%|██▌       | 2/8 [00:00<00:00,  7.93it/s] 38%|███▊      | 3/8 [00:00<00:00,  6.95it/s] 50%|█████     | 4/8 [00:00<00:00,  6.53it/s] 62%|██████▎   | 5/8 [00:00<00:00,  6.32it/s] 75%|███████▌  | 6/8 [00:00<00:00,  6.18it/s] 88%|████████▊ | 7/8 [00:01<00:00,  6.10it/s]100%|██████████| 8/8 [00:01<00:00,  6.05it/s]100%|██████████| 8/8 [00:01<00:00,  6.33it/s]
sending off prediction to background worker for resampling and export
done with ATLAS_r009s024_ses1

Predicting ATLAS_r009s071_ses1:
perform_everything_on_device: True
  0%|          | 0/8 [00:00<?, ?it/s] 25%|██▌       | 2/8 [00:00<00:00,  7.92it/s] 38%|███▊      | 3/8 [00:00<00:00,  6.95it/s] 50%|█████     | 4/8 [00:00<00:00,  6.53it/s] 62%|██████▎   | 5/8 [00:00<00:00,  6.32it/s] 75%|███████▌  | 6/8 [00:00<00:00,  6.18it/s] 88%|████████▊ | 7/8 [00:01<00:00,  6.11it/s]100%|██████████| 8/8 [00:01<00:00,  6.05it/s]100%|██████████| 8/8 [00:01<00:00,  6.33it/s]
sending off prediction to background worker for resampling and export
done with ATLAS_r009s071_ses1

Predicting ATLAS_r009s083_ses1:
perform_everything_on_device: True
  0%|          | 0/8 [00:00<?, ?it/s] 25%|██▌       | 2/8 [00:00<00:00,  7.92it/s] 38%|███▊      | 3/8 [00:00<00:00,  6.95it/s] 50%|█████     | 4/8 [00:00<00:00,  6.53it/s] 62%|██████▎   | 5/8 [00:00<00:00,  6.31it/s] 75%|███████▌  | 6/8 [00:00<00:00,  6.18it/s] 88%|████████▊ | 7/8 [00:01<00:00,  6.10it/s]100%|██████████| 8/8 [00:01<00:00,  6.04it/s]100%|██████████| 8/8 [00:01<00:00,  6.33it/s]
sending off prediction to background worker for resampling and export
done with ATLAS_r009s083_ses1

Predicting ATLAS_r009s089_ses1:
perform_everything_on_device: True
  0%|          | 0/8 [00:00<?, ?it/s] 25%|██▌       | 2/8 [00:00<00:00,  7.92it/s] 38%|███▊      | 3/8 [00:00<00:00,  6.96it/s] 50%|█████     | 4/8 [00:00<00:00,  6.54it/s] 62%|██████▎   | 5/8 [00:00<00:00,  6.31it/s] 75%|███████▌  | 6/8 [00:00<00:00,  6.18it/s] 88%|████████▊ | 7/8 [00:01<00:00,  6.10it/s]100%|██████████| 8/8 [00:01<00:00,  6.06it/s]100%|██████████| 8/8 [00:01<00:00,  6.34it/s]
sending off prediction to background worker for resampling and export
done with ATLAS_r009s089_ses1

Predicting ATLAS_r009s090_ses1:
perform_everything_on_device: True
  0%|          | 0/8 [00:00<?, ?it/s] 25%|██▌       | 2/8 [00:00<00:00,  7.94it/s] 38%|███▊      | 3/8 [00:00<00:00,  6.96it/s] 50%|█████     | 4/8 [00:00<00:00,  6.55it/s] 62%|██████▎   | 5/8 [00:00<00:00,  6.32it/s] 75%|███████▌  | 6/8 [00:00<00:00,  6.19it/s] 88%|████████▊ | 7/8 [00:01<00:00,  6.11it/s]100%|██████████| 8/8 [00:01<00:00,  6.06it/s]100%|██████████| 8/8 [00:01<00:00,  6.34it/s]
sending off prediction to background worker for resampling and export
done with ATLAS_r009s090_ses1

Predicting ATLAS_r009s099_ses1:
perform_everything_on_device: True
  0%|          | 0/8 [00:00<?, ?it/s] 25%|██▌       | 2/8 [00:00<00:00,  7.94it/s] 38%|███▊      | 3/8 [00:00<00:00,  6.96it/s] 50%|█████     | 4/8 [00:00<00:00,  6.54it/s] 62%|██████▎   | 5/8 [00:00<00:00,  6.32it/s] 75%|███████▌  | 6/8 [00:00<00:00,  6.19it/s] 88%|████████▊ | 7/8 [00:01<00:00,  6.11it/s]100%|██████████| 8/8 [00:01<00:00,  6.05it/s]100%|██████████| 8/8 [00:01<00:00,  6.34it/s]
sending off prediction to background worker for resampling and export
done with ATLAS_r009s099_ses1

Predicting ATLAS_r009s110_ses1:
perform_everything_on_device: True
  0%|          | 0/8 [00:00<?, ?it/s] 25%|██▌       | 2/8 [00:00<00:00,  7.93it/s] 38%|███▊      | 3/8 [00:00<00:00,  6.96it/s] 50%|█████     | 4/8 [00:00<00:00,  6.54it/s] 62%|██████▎   | 5/8 [00:00<00:00,  6.32it/s] 75%|███████▌  | 6/8 [00:00<00:00,  6.18it/s] 88%|████████▊ | 7/8 [00:01<00:00,  6.11it/s]100%|██████████| 8/8 [00:01<00:00,  6.05it/s]100%|██████████| 8/8 [00:01<00:00,  6.34it/s]
sending off prediction to background worker for resampling and export
done with ATLAS_r009s110_ses1

Predicting ATLAS_r009s121_ses1:
perform_everything_on_device: True
  0%|          | 0/8 [00:00<?, ?it/s] 25%|██▌       | 2/8 [00:00<00:00,  7.94it/s] 38%|███▊      | 3/8 [00:00<00:00,  6.96it/s] 50%|█████     | 4/8 [00:00<00:00,  6.54it/s] 62%|██████▎   | 5/8 [00:00<00:00,  6.32it/s] 75%|███████▌  | 6/8 [00:00<00:00,  6.19it/s] 88%|████████▊ | 7/8 [00:01<00:00,  6.11it/s]100%|██████████| 8/8 [00:01<00:00,  6.06it/s]100%|██████████| 8/8 [00:01<00:00,  6.34it/s]
sending off prediction to background worker for resampling and export
done with ATLAS_r009s121_ses1

Predicting ATLAS_r010s011_ses1:
perform_everything_on_device: True
  0%|          | 0/8 [00:00<?, ?it/s] 25%|██▌       | 2/8 [00:00<00:00,  7.94it/s] 38%|███▊      | 3/8 [00:00<00:00,  6.97it/s] 50%|█████     | 4/8 [00:00<00:00,  6.54it/s] 62%|██████▎   | 5/8 [00:00<00:00,  6.32it/s] 75%|███████▌  | 6/8 [00:00<00:00,  6.19it/s] 88%|████████▊ | 7/8 [00:01<00:00,  6.11it/s]100%|██████████| 8/8 [00:01<00:00,  6.06it/s]100%|██████████| 8/8 [00:01<00:00,  6.34it/s]
sending off prediction to background worker for resampling and export
done with ATLAS_r010s011_ses1

Predicting ATLAS_r010s022_ses1:
perform_everything_on_device: True
  0%|          | 0/8 [00:00<?, ?it/s] 25%|██▌       | 2/8 [00:00<00:00,  7.92it/s] 38%|███▊      | 3/8 [00:00<00:00,  6.97it/s] 50%|█████     | 4/8 [00:00<00:00,  6.54it/s] 62%|██████▎   | 5/8 [00:00<00:00,  6.33it/s] 75%|███████▌  | 6/8 [00:00<00:00,  6.19it/s] 88%|████████▊ | 7/8 [00:01<00:00,  6.12it/s]100%|██████████| 8/8 [00:01<00:00,  6.06it/s]100%|██████████| 8/8 [00:01<00:00,  6.34it/s]
sending off prediction to background worker for resampling and export
done with ATLAS_r010s022_ses1

Predicting ATLAS_r010s024_ses1:
perform_everything_on_device: True
  0%|          | 0/8 [00:00<?, ?it/s] 25%|██▌       | 2/8 [00:00<00:00,  7.93it/s] 38%|███▊      | 3/8 [00:00<00:00,  6.95it/s] 50%|█████     | 4/8 [00:00<00:00,  6.53it/s] 62%|██████▎   | 5/8 [00:00<00:00,  6.31it/s] 75%|███████▌  | 6/8 [00:00<00:00,  6.18it/s] 88%|████████▊ | 7/8 [00:01<00:00,  6.10it/s]100%|██████████| 8/8 [00:01<00:00,  6.05it/s]100%|██████████| 8/8 [00:01<00:00,  6.33it/s]
sending off prediction to background worker for resampling and export
done with ATLAS_r010s024_ses1

Predicting ATLAS_r010s029_ses1:
perform_everything_on_device: True
  0%|          | 0/8 [00:00<?, ?it/s] 25%|██▌       | 2/8 [00:00<00:00,  7.93it/s] 38%|███▊      | 3/8 [00:00<00:00,  6.96it/s] 50%|█████     | 4/8 [00:00<00:00,  6.55it/s] 62%|██████▎   | 5/8 [00:00<00:00,  6.32it/s] 75%|███████▌  | 6/8 [00:00<00:00,  6.19it/s] 88%|████████▊ | 7/8 [00:01<00:00,  6.11it/s]100%|██████████| 8/8 [00:01<00:00,  6.05it/s]100%|██████████| 8/8 [00:01<00:00,  6.34it/s]
sending off prediction to background worker for resampling and export
done with ATLAS_r010s029_ses1

Predicting ATLAS_r011s018_ses1:
perform_everything_on_device: True
  0%|          | 0/8 [00:00<?, ?it/s] 25%|██▌       | 2/8 [00:00<00:00,  7.93it/s] 38%|███▊      | 3/8 [00:00<00:00,  6.96it/s] 50%|█████     | 4/8 [00:00<00:00,  6.54it/s] 62%|██████▎   | 5/8 [00:00<00:00,  6.32it/s] 75%|███████▌  | 6/8 [00:00<00:00,  6.19it/s] 88%|████████▊ | 7/8 [00:01<00:00,  6.11it/s]100%|██████████| 8/8 [00:01<00:00,  6.06it/s]100%|██████████| 8/8 [00:01<00:00,  6.34it/s]
sending off prediction to background worker for resampling and export
done with ATLAS_r011s018_ses1

Predicting ATLAS_r015s011_ses1:
perform_everything_on_device: True
  0%|          | 0/8 [00:00<?, ?it/s] 25%|██▌       | 2/8 [00:00<00:00,  7.94it/s] 38%|███▊      | 3/8 [00:00<00:00,  6.96it/s] 50%|█████     | 4/8 [00:00<00:00,  6.55it/s] 62%|██████▎   | 5/8 [00:00<00:00,  6.32it/s] 75%|███████▌  | 6/8 [00:00<00:00,  6.20it/s] 88%|████████▊ | 7/8 [00:01<00:00,  6.11it/s]100%|██████████| 8/8 [00:01<00:00,  6.06it/s]100%|██████████| 8/8 [00:01<00:00,  6.34it/s]
sending off prediction to background worker for resampling and export
done with ATLAS_r015s011_ses1

Predicting ATLAS_r015s018_ses1:
perform_everything_on_device: True
  0%|          | 0/8 [00:00<?, ?it/s] 25%|██▌       | 2/8 [00:00<00:00,  7.94it/s] 38%|███▊      | 3/8 [00:00<00:00,  6.96it/s] 50%|█████     | 4/8 [00:00<00:00,  6.55it/s] 62%|██████▎   | 5/8 [00:00<00:00,  6.32it/s] 75%|███████▌  | 6/8 [00:00<00:00,  6.19it/s] 88%|████████▊ | 7/8 [00:01<00:00,  6.11it/s]100%|██████████| 8/8 [00:01<00:00,  6.06it/s]100%|██████████| 8/8 [00:01<00:00,  6.34it/s]
sending off prediction to background worker for resampling and export
done with ATLAS_r015s018_ses1

Predicting ATLAS_r017s103_ses1:
perform_everything_on_device: True
  0%|          | 0/8 [00:00<?, ?it/s] 25%|██▌       | 2/8 [00:00<00:00,  7.94it/s] 38%|███▊      | 3/8 [00:00<00:00,  6.96it/s] 50%|█████     | 4/8 [00:00<00:00,  6.55it/s] 62%|██████▎   | 5/8 [00:00<00:00,  6.32it/s] 75%|███████▌  | 6/8 [00:00<00:00,  6.19it/s] 88%|████████▊ | 7/8 [00:01<00:00,  6.11it/s]100%|██████████| 8/8 [00:01<00:00,  6.06it/s]100%|██████████| 8/8 [00:01<00:00,  6.34it/s]
sending off prediction to background worker for resampling and export
done with ATLAS_r017s103_ses1

Predicting ATLAS_r017s119_ses1:
perform_everything_on_device: True
  0%|          | 0/8 [00:00<?, ?it/s] 25%|██▌       | 2/8 [00:00<00:00,  7.94it/s] 38%|███▊      | 3/8 [00:00<00:00,  6.96it/s] 50%|█████     | 4/8 [00:00<00:00,  6.54it/s] 62%|██████▎   | 5/8 [00:00<00:00,  6.32it/s] 75%|███████▌  | 6/8 [00:00<00:00,  6.18it/s] 88%|████████▊ | 7/8 [00:01<00:00,  6.11it/s]100%|██████████| 8/8 [00:01<00:00,  6.05it/s]100%|██████████| 8/8 [00:01<00:00,  6.34it/s]
sending off prediction to background worker for resampling and export
done with ATLAS_r017s119_ses1

Predicting ATLAS_r018s010_ses1:
perform_everything_on_device: True
  0%|          | 0/4 [00:00<?, ?it/s] 50%|█████     | 2/4 [00:00<00:00,  7.94it/s] 75%|███████▌  | 3/4 [00:00<00:00,  6.96it/s]100%|██████████| 4/4 [00:00<00:00,  6.54it/s]100%|██████████| 4/4 [00:00<00:00,  6.80it/s]
sending off prediction to background worker for resampling and export
done with ATLAS_r018s010_ses1

Predicting ATLAS_r019s004_ses1:
perform_everything_on_device: True
  0%|          | 0/8 [00:00<?, ?it/s] 25%|██▌       | 2/8 [00:00<00:00,  7.92it/s] 38%|███▊      | 3/8 [00:00<00:00,  6.95it/s] 50%|█████     | 4/8 [00:00<00:00,  6.53it/s] 62%|██████▎   | 5/8 [00:00<00:00,  6.31it/s] 75%|███████▌  | 6/8 [00:00<00:00,  6.18it/s] 88%|████████▊ | 7/8 [00:01<00:00,  6.10it/s]100%|██████████| 8/8 [00:01<00:00,  6.05it/s]100%|██████████| 8/8 [00:01<00:00,  6.33it/s]
sending off prediction to background worker for resampling and export
done with ATLAS_r019s004_ses1

Predicting ATLAS_r019s014_ses1:
perform_everything_on_device: True
  0%|          | 0/8 [00:00<?, ?it/s] 25%|██▌       | 2/8 [00:00<00:00,  7.91it/s] 38%|███▊      | 3/8 [00:00<00:00,  6.95it/s] 50%|█████     | 4/8 [00:00<00:00,  6.53it/s] 62%|██████▎   | 5/8 [00:00<00:00,  6.31it/s] 75%|███████▌  | 6/8 [00:00<00:00,  6.18it/s] 88%|████████▊ | 7/8 [00:01<00:00,  6.10it/s]100%|██████████| 8/8 [00:01<00:00,  6.05it/s]100%|██████████| 8/8 [00:01<00:00,  6.33it/s]
sending off prediction to background worker for resampling and export
done with ATLAS_r019s014_ses1

Predicting ATLAS_r023s001_ses1:
perform_everything_on_device: True
  0%|          | 0/8 [00:00<?, ?it/s] 25%|██▌       | 2/8 [00:00<00:00,  7.90it/s] 38%|███▊      | 3/8 [00:00<00:00,  6.95it/s] 50%|█████     | 4/8 [00:00<00:00,  6.53it/s] 62%|██████▎   | 5/8 [00:00<00:00,  6.31it/s] 75%|███████▌  | 6/8 [00:00<00:00,  6.18it/s] 88%|████████▊ | 7/8 [00:01<00:00,  6.10it/s]100%|██████████| 8/8 [00:01<00:00,  6.05it/s]100%|██████████| 8/8 [00:01<00:00,  6.33it/s]
sending off prediction to background worker for resampling and export
done with ATLAS_r023s001_ses1

Predicting ATLAS_r023s017_ses1:
perform_everything_on_device: True
  0%|          | 0/8 [00:00<?, ?it/s] 25%|██▌       | 2/8 [00:00<00:00,  7.94it/s] 38%|███▊      | 3/8 [00:00<00:00,  6.95it/s] 50%|█████     | 4/8 [00:00<00:00,  6.54it/s] 62%|██████▎   | 5/8 [00:00<00:00,  6.32it/s] 75%|███████▌  | 6/8 [00:00<00:00,  6.18it/s] 88%|████████▊ | 7/8 [00:01<00:00,  6.10it/s]100%|██████████| 8/8 [00:01<00:00,  6.04it/s]100%|██████████| 8/8 [00:01<00:00,  6.33it/s]
sending off prediction to background worker for resampling and export
done with ATLAS_r023s017_ses1

Predicting ATLAS_r027s001_ses1:
perform_everything_on_device: True
  0%|          | 0/4 [00:00<?, ?it/s] 50%|█████     | 2/4 [00:00<00:00,  7.92it/s] 75%|███████▌  | 3/4 [00:00<00:00,  6.95it/s]100%|██████████| 4/4 [00:00<00:00,  6.54it/s]100%|██████████| 4/4 [00:00<00:00,  6.79it/s]
sending off prediction to background worker for resampling and export
done with ATLAS_r027s001_ses1

Predicting ATLAS_r027s002_ses1:
perform_everything_on_device: True
  0%|          | 0/8 [00:00<?, ?it/s] 25%|██▌       | 2/8 [00:00<00:00,  7.90it/s] 38%|███▊      | 3/8 [00:00<00:00,  6.95it/s] 50%|█████     | 4/8 [00:00<00:00,  6.53it/s] 62%|██████▎   | 5/8 [00:00<00:00,  6.31it/s] 75%|███████▌  | 6/8 [00:00<00:00,  6.18it/s] 88%|████████▊ | 7/8 [00:01<00:00,  6.09it/s]100%|██████████| 8/8 [00:01<00:00,  6.05it/s]100%|██████████| 8/8 [00:01<00:00,  6.33it/s]
sending off prediction to background worker for resampling and export
done with ATLAS_r027s002_ses1

Predicting ATLAS_r027s006_ses1:
perform_everything_on_device: True
  0%|          | 0/8 [00:00<?, ?it/s] 25%|██▌       | 2/8 [00:00<00:00,  7.91it/s] 38%|███▊      | 3/8 [00:00<00:00,  6.95it/s] 50%|█████     | 4/8 [00:00<00:00,  6.53it/s] 62%|██████▎   | 5/8 [00:00<00:00,  6.30it/s] 75%|███████▌  | 6/8 [00:00<00:00,  6.17it/s] 88%|████████▊ | 7/8 [00:01<00:00,  6.09it/s]100%|██████████| 8/8 [00:01<00:00,  6.04it/s]100%|██████████| 8/8 [00:01<00:00,  6.32it/s]
sending off prediction to background worker for resampling and export
done with ATLAS_r027s006_ses1

Predicting ATLAS_r027s009_ses1:
perform_everything_on_device: True
  0%|          | 0/8 [00:00<?, ?it/s] 25%|██▌       | 2/8 [00:00<00:00,  7.90it/s] 38%|███▊      | 3/8 [00:00<00:00,  6.93it/s] 50%|█████     | 4/8 [00:00<00:00,  6.52it/s] 62%|██████▎   | 5/8 [00:00<00:00,  6.29it/s] 75%|███████▌  | 6/8 [00:00<00:00,  6.17it/s] 88%|████████▊ | 7/8 [00:01<00:00,  6.09it/s]100%|██████████| 8/8 [00:01<00:00,  6.04it/s]100%|██████████| 8/8 [00:01<00:00,  6.32it/s]
sending off prediction to background worker for resampling and export
done with ATLAS_r027s009_ses1

Predicting ATLAS_r027s012_ses1:
perform_everything_on_device: True
  0%|          | 0/8 [00:00<?, ?it/s] 25%|██▌       | 2/8 [00:00<00:00,  7.90it/s] 38%|███▊      | 3/8 [00:00<00:00,  6.93it/s] 50%|█████     | 4/8 [00:00<00:00,  6.52it/s] 62%|██████▎   | 5/8 [00:00<00:00,  6.29it/s] 75%|███████▌  | 6/8 [00:00<00:00,  6.17it/s] 88%|████████▊ | 7/8 [00:01<00:00,  6.08it/s]100%|██████████| 8/8 [00:01<00:00,  6.04it/s]100%|██████████| 8/8 [00:01<00:00,  6.32it/s]
sending off prediction to background worker for resampling and export
done with ATLAS_r027s012_ses1

Predicting ATLAS_r027s013_ses1:
perform_everything_on_device: True
  0%|          | 0/8 [00:00<?, ?it/s] 25%|██▌       | 2/8 [00:00<00:00,  7.92it/s] 38%|███▊      | 3/8 [00:00<00:00,  6.94it/s] 50%|█████     | 4/8 [00:00<00:00,  6.53it/s] 62%|██████▎   | 5/8 [00:00<00:00,  6.31it/s] 75%|███████▌  | 6/8 [00:00<00:00,  6.18it/s] 88%|████████▊ | 7/8 [00:01<00:00,  6.09it/s]100%|██████████| 8/8 [00:01<00:00,  6.05it/s]100%|██████████| 8/8 [00:01<00:00,  6.33it/s]
sending off prediction to background worker for resampling and export
done with ATLAS_r027s013_ses1

Predicting ATLAS_r027s014_ses1:
perform_everything_on_device: True
  0%|          | 0/8 [00:00<?, ?it/s] 25%|██▌       | 2/8 [00:00<00:00,  7.92it/s] 38%|███▊      | 3/8 [00:00<00:00,  6.94it/s] 50%|█████     | 4/8 [00:00<00:00,  6.53it/s] 62%|██████▎   | 5/8 [00:00<00:00,  6.30it/s] 75%|███████▌  | 6/8 [00:00<00:00,  6.17it/s] 88%|████████▊ | 7/8 [00:01<00:00,  6.09it/s]100%|██████████| 8/8 [00:01<00:00,  6.04it/s]100%|██████████| 8/8 [00:01<00:00,  6.32it/s]
sending off prediction to background worker for resampling and export
done with ATLAS_r027s014_ses1

Predicting ATLAS_r027s015_ses1:
perform_everything_on_device: True
  0%|          | 0/8 [00:00<?, ?it/s] 25%|██▌       | 2/8 [00:00<00:00,  7.92it/s] 38%|███▊      | 3/8 [00:00<00:00,  6.94it/s] 50%|█████     | 4/8 [00:00<00:00,  6.53it/s] 62%|██████▎   | 5/8 [00:00<00:00,  6.30it/s] 75%|███████▌  | 6/8 [00:00<00:00,  6.17it/s] 88%|████████▊ | 7/8 [00:01<00:00,  6.09it/s]100%|██████████| 8/8 [00:01<00:00,  6.04it/s]100%|██████████| 8/8 [00:01<00:00,  6.32it/s]
sending off prediction to background worker for resampling and export
done with ATLAS_r027s015_ses1

Predicting ATLAS_r027s017_ses1:
perform_everything_on_device: True
  0%|          | 0/8 [00:00<?, ?it/s] 25%|██▌       | 2/8 [00:00<00:00,  7.91it/s] 38%|███▊      | 3/8 [00:00<00:00,  6.94it/s] 50%|█████     | 4/8 [00:00<00:00,  6.52it/s] 62%|██████▎   | 5/8 [00:00<00:00,  6.31it/s] 75%|███████▌  | 6/8 [00:00<00:00,  6.17it/s] 88%|████████▊ | 7/8 [00:01<00:00,  6.09it/s]100%|██████████| 8/8 [00:01<00:00,  6.04it/s]100%|██████████| 8/8 [00:01<00:00,  6.32it/s]
sending off prediction to background worker for resampling and export
done with ATLAS_r027s017_ses1

Predicting ATLAS_r027s019_ses1:
perform_everything_on_device: True
  0%|          | 0/8 [00:00<?, ?it/s] 25%|██▌       | 2/8 [00:00<00:00,  7.90it/s] 38%|███▊      | 3/8 [00:00<00:00,  6.94it/s] 50%|█████     | 4/8 [00:00<00:00,  6.52it/s] 62%|██████▎   | 5/8 [00:00<00:00,  6.31it/s] 75%|███████▌  | 6/8 [00:00<00:00,  6.17it/s] 88%|████████▊ | 7/8 [00:01<00:00,  6.10it/s]100%|██████████| 8/8 [00:01<00:00,  6.04it/s]100%|██████████| 8/8 [00:01<00:00,  6.32it/s]
sending off prediction to background worker for resampling and export
done with ATLAS_r027s019_ses1

Predicting ATLAS_r027s023_ses1:
perform_everything_on_device: True
  0%|          | 0/8 [00:00<?, ?it/s] 25%|██▌       | 2/8 [00:00<00:00,  7.91it/s] 38%|███▊      | 3/8 [00:00<00:00,  6.95it/s] 50%|█████     | 4/8 [00:00<00:00,  6.52it/s] 62%|██████▎   | 5/8 [00:00<00:00,  6.30it/s] 75%|███████▌  | 6/8 [00:00<00:00,  6.17it/s] 88%|████████▊ | 7/8 [00:01<00:00,  6.10it/s]100%|██████████| 8/8 [00:01<00:00,  6.04it/s]100%|██████████| 8/8 [00:01<00:00,  6.32it/s]
sending off prediction to background worker for resampling and export
done with ATLAS_r027s023_ses1

Predicting ATLAS_r027s026_ses1:
perform_everything_on_device: True
  0%|          | 0/8 [00:00<?, ?it/s] 25%|██▌       | 2/8 [00:00<00:00,  7.92it/s] 38%|███▊      | 3/8 [00:00<00:00,  6.95it/s] 50%|█████     | 4/8 [00:00<00:00,  6.53it/s] 62%|██████▎   | 5/8 [00:00<00:00,  6.31it/s] 75%|███████▌  | 6/8 [00:00<00:00,  6.18it/s] 88%|████████▊ | 7/8 [00:01<00:00,  6.10it/s]100%|██████████| 8/8 [00:01<00:00,  6.05it/s]100%|██████████| 8/8 [00:01<00:00,  6.33it/s]
sending off prediction to background worker for resampling and export
done with ATLAS_r027s026_ses1

Predicting ATLAS_r027s028_ses1:
perform_everything_on_device: True
  0%|          | 0/8 [00:00<?, ?it/s] 25%|██▌       | 2/8 [00:00<00:00,  7.92it/s] 38%|███▊      | 3/8 [00:00<00:00,  6.96it/s] 50%|█████     | 4/8 [00:00<00:00,  6.54it/s] 62%|██████▎   | 5/8 [00:00<00:00,  6.32it/s] 75%|███████▌  | 6/8 [00:00<00:00,  6.19it/s] 88%|████████▊ | 7/8 [00:01<00:00,  6.10it/s]100%|██████████| 8/8 [00:01<00:00,  6.06it/s]100%|██████████| 8/8 [00:01<00:00,  6.34it/s]
sending off prediction to background worker for resampling and export
done with ATLAS_r027s028_ses1

Predicting ATLAS_r027s029_ses1:
perform_everything_on_device: True
  0%|          | 0/8 [00:00<?, ?it/s] 25%|██▌       | 2/8 [00:00<00:00,  7.92it/s] 38%|███▊      | 3/8 [00:00<00:00,  6.96it/s] 50%|█████     | 4/8 [00:00<00:00,  6.54it/s] 62%|██████▎   | 5/8 [00:00<00:00,  6.32it/s] 75%|███████▌  | 6/8 [00:00<00:00,  6.19it/s] 88%|████████▊ | 7/8 [00:01<00:00,  6.11it/s]100%|██████████| 8/8 [00:01<00:00,  6.06it/s]100%|██████████| 8/8 [00:01<00:00,  6.34it/s]
sending off prediction to background worker for resampling and export
done with ATLAS_r027s029_ses1

Predicting ATLAS_r027s030_ses1:
perform_everything_on_device: True
  0%|          | 0/8 [00:00<?, ?it/s] 25%|██▌       | 2/8 [00:00<00:00,  7.93it/s] 38%|███▊      | 3/8 [00:00<00:00,  6.97it/s] 50%|█████     | 4/8 [00:00<00:00,  6.55it/s] 62%|██████▎   | 5/8 [00:00<00:00,  6.33it/s] 75%|███████▌  | 6/8 [00:00<00:00,  6.20it/s] 88%|████████▊ | 7/8 [00:01<00:00,  6.12it/s]100%|██████████| 8/8 [00:01<00:00,  6.07it/s]100%|██████████| 8/8 [00:01<00:00,  6.35it/s]
sending off prediction to background worker for resampling and export
done with ATLAS_r027s030_ses1

Predicting ATLAS_r027s031_ses1:
perform_everything_on_device: True
  0%|          | 0/8 [00:00<?, ?it/s] 25%|██▌       | 2/8 [00:00<00:00,  7.95it/s] 38%|███▊      | 3/8 [00:00<00:00,  6.97it/s] 50%|█████     | 4/8 [00:00<00:00,  6.55it/s] 62%|██████▎   | 5/8 [00:00<00:00,  6.33it/s] 75%|███████▌  | 6/8 [00:00<00:00,  6.20it/s] 88%|████████▊ | 7/8 [00:01<00:00,  6.12it/s]100%|██████████| 8/8 [00:01<00:00,  6.06it/s]100%|██████████| 8/8 [00:01<00:00,  6.35it/s]
sending off prediction to background worker for resampling and export
done with ATLAS_r027s031_ses1

Predicting ATLAS_r027s032_ses1:
perform_everything_on_device: True
  0%|          | 0/8 [00:00<?, ?it/s] 25%|██▌       | 2/8 [00:00<00:00,  7.97it/s] 38%|███▊      | 3/8 [00:00<00:00,  6.99it/s] 50%|█████     | 4/8 [00:00<00:00,  6.57it/s] 62%|██████▎   | 5/8 [00:00<00:00,  6.34it/s] 75%|███████▌  | 6/8 [00:00<00:00,  6.21it/s] 88%|████████▊ | 7/8 [00:01<00:00,  6.13it/s]100%|██████████| 8/8 [00:01<00:00,  6.08it/s]100%|██████████| 8/8 [00:01<00:00,  6.36it/s]
sending off prediction to background worker for resampling and export
done with ATLAS_r027s032_ses1

Predicting ATLAS_r027s033_ses1:
perform_everything_on_device: True
  0%|          | 0/8 [00:00<?, ?it/s] 25%|██▌       | 2/8 [00:00<00:00,  7.95it/s] 38%|███▊      | 3/8 [00:00<00:00,  6.97it/s] 50%|█████     | 4/8 [00:00<00:00,  6.55it/s] 62%|██████▎   | 5/8 [00:00<00:00,  6.34it/s] 75%|███████▌  | 6/8 [00:00<00:00,  6.20it/s] 88%|████████▊ | 7/8 [00:01<00:00,  6.12it/s]100%|██████████| 8/8 [00:01<00:00,  6.07it/s]100%|██████████| 8/8 [00:01<00:00,  6.35it/s]
sending off prediction to background worker for resampling and export
done with ATLAS_r027s033_ses1

Predicting ATLAS_r027s035_ses1:
perform_everything_on_device: True
  0%|          | 0/8 [00:00<?, ?it/s] 25%|██▌       | 2/8 [00:00<00:00,  7.95it/s] 38%|███▊      | 3/8 [00:00<00:00,  6.98it/s] 50%|█████     | 4/8 [00:00<00:00,  6.56it/s] 62%|██████▎   | 5/8 [00:00<00:00,  6.34it/s] 75%|███████▌  | 6/8 [00:00<00:00,  6.20it/s] 88%|████████▊ | 7/8 [00:01<00:00,  6.12it/s]100%|██████████| 8/8 [00:01<00:00,  6.08it/s]100%|██████████| 8/8 [00:01<00:00,  6.36it/s]
sending off prediction to background worker for resampling and export
done with ATLAS_r027s035_ses1

Predicting ATLAS_r027s037_ses1:
perform_everything_on_device: True
  0%|          | 0/4 [00:00<?, ?it/s] 50%|█████     | 2/4 [00:00<00:00,  7.98it/s] 75%|███████▌  | 3/4 [00:00<00:00,  7.00it/s]100%|██████████| 4/4 [00:00<00:00,  6.58it/s]100%|██████████| 4/4 [00:00<00:00,  6.84it/s]
sending off prediction to background worker for resampling and export
done with ATLAS_r027s037_ses1

Predicting ATLAS_r027s041_ses1:
perform_everything_on_device: True
  0%|          | 0/8 [00:00<?, ?it/s] 25%|██▌       | 2/8 [00:00<00:00,  7.97it/s] 38%|███▊      | 3/8 [00:00<00:00,  6.98it/s] 50%|█████     | 4/8 [00:00<00:00,  6.57it/s] 62%|██████▎   | 5/8 [00:00<00:00,  6.35it/s] 75%|███████▌  | 6/8 [00:00<00:00,  6.21it/s] 88%|████████▊ | 7/8 [00:01<00:00,  6.14it/s]100%|██████████| 8/8 [00:01<00:00,  6.08it/s]100%|██████████| 8/8 [00:01<00:00,  6.37it/s]
sending off prediction to background worker for resampling and export
done with ATLAS_r027s041_ses1

Predicting ATLAS_r027s042_ses1:
perform_everything_on_device: True
  0%|          | 0/8 [00:00<?, ?it/s] 25%|██▌       | 2/8 [00:00<00:00,  7.96it/s] 38%|███▊      | 3/8 [00:00<00:00,  6.99it/s] 50%|█████     | 4/8 [00:00<00:00,  6.57it/s] 62%|██████▎   | 5/8 [00:00<00:00,  6.35it/s] 75%|███████▌  | 6/8 [00:00<00:00,  6.22it/s] 88%|████████▊ | 7/8 [00:01<00:00,  6.13it/s]100%|██████████| 8/8 [00:01<00:00,  6.09it/s]100%|██████████| 8/8 [00:01<00:00,  6.37it/s]
sending off prediction to background worker for resampling and export
done with ATLAS_r027s042_ses1

Predicting ATLAS_r027s046_ses1:
perform_everything_on_device: True
  0%|          | 0/8 [00:00<?, ?it/s] 25%|██▌       | 2/8 [00:00<00:00,  7.96it/s] 38%|███▊      | 3/8 [00:00<00:00,  6.98it/s] 50%|█████     | 4/8 [00:00<00:00,  6.57it/s] 62%|██████▎   | 5/8 [00:00<00:00,  6.34it/s] 75%|███████▌  | 6/8 [00:00<00:00,  6.21it/s] 88%|████████▊ | 7/8 [00:01<00:00,  6.14it/s]100%|██████████| 8/8 [00:01<00:00,  6.08it/s]100%|██████████| 8/8 [00:01<00:00,  6.36it/s]
sending off prediction to background worker for resampling and export
done with ATLAS_r027s046_ses1

Predicting ATLAS_r027s047_ses1:
perform_everything_on_device: True
  0%|          | 0/8 [00:00<?, ?it/s] 25%|██▌       | 2/8 [00:00<00:00,  7.97it/s] 38%|███▊      | 3/8 [00:00<00:00,  6.99it/s] 50%|█████     | 4/8 [00:00<00:00,  6.57it/s] 62%|██████▎   | 5/8 [00:00<00:00,  6.35it/s] 75%|███████▌  | 6/8 [00:00<00:00,  6.21it/s] 88%|████████▊ | 7/8 [00:01<00:00,  6.13it/s]100%|██████████| 8/8 [00:01<00:00,  6.08it/s]100%|██████████| 8/8 [00:01<00:00,  6.37it/s]
sending off prediction to background worker for resampling and export
done with ATLAS_r027s047_ses1

Predicting ATLAS_r027s048_ses1:
perform_everything_on_device: True
  0%|          | 0/8 [00:00<?, ?it/s] 25%|██▌       | 2/8 [00:00<00:00,  7.95it/s] 38%|███▊      | 3/8 [00:00<00:00,  6.98it/s] 50%|█████     | 4/8 [00:00<00:00,  6.56it/s] 62%|██████▎   | 5/8 [00:00<00:00,  6.34it/s] 75%|███████▌  | 6/8 [00:00<00:00,  6.21it/s] 88%|████████▊ | 7/8 [00:01<00:00,  6.13it/s]100%|██████████| 8/8 [00:01<00:00,  6.08it/s]100%|██████████| 8/8 [00:01<00:00,  6.36it/s]
sending off prediction to background worker for resampling and export
done with ATLAS_r027s048_ses1

Predicting ATLAS_r027s050_ses1:
perform_everything_on_device: True
  0%|          | 0/4 [00:00<?, ?it/s] 50%|█████     | 2/4 [00:00<00:00,  7.97it/s] 75%|███████▌  | 3/4 [00:00<00:00,  6.99it/s]100%|██████████| 4/4 [00:00<00:00,  6.57it/s]100%|██████████| 4/4 [00:00<00:00,  6.82it/s]
sending off prediction to background worker for resampling and export
done with ATLAS_r027s050_ses1

Predicting ATLAS_r027s051_ses1:
perform_everything_on_device: True
  0%|          | 0/8 [00:00<?, ?it/s] 25%|██▌       | 2/8 [00:00<00:00,  7.94it/s] 38%|███▊      | 3/8 [00:00<00:00,  6.98it/s] 50%|█████     | 4/8 [00:00<00:00,  6.56it/s] 62%|██████▎   | 5/8 [00:00<00:00,  6.34it/s] 75%|███████▌  | 6/8 [00:00<00:00,  6.20it/s] 88%|████████▊ | 7/8 [00:01<00:00,  6.12it/s]100%|██████████| 8/8 [00:01<00:00,  6.07it/s]100%|██████████| 8/8 [00:01<00:00,  6.35it/s]
sending off prediction to background worker for resampling and export
done with ATLAS_r027s051_ses1

Predicting ATLAS_r027s052_ses1:
perform_everything_on_device: True
  0%|          | 0/8 [00:00<?, ?it/s] 25%|██▌       | 2/8 [00:00<00:00,  7.94it/s] 38%|███▊      | 3/8 [00:00<00:00,  6.98it/s] 50%|█████     | 4/8 [00:00<00:00,  6.55it/s] 62%|██████▎   | 5/8 [00:00<00:00,  6.33it/s] 75%|███████▌  | 6/8 [00:00<00:00,  6.20it/s] 88%|████████▊ | 7/8 [00:01<00:00,  6.12it/s]100%|██████████| 8/8 [00:01<00:00,  6.07it/s]100%|██████████| 8/8 [00:01<00:00,  6.35it/s]
sending off prediction to background worker for resampling and export
done with ATLAS_r027s052_ses1

Predicting ATLAS_r027s053_ses1:
perform_everything_on_device: True
  0%|          | 0/8 [00:00<?, ?it/s] 25%|██▌       | 2/8 [00:00<00:00,  7.94it/s] 38%|███▊      | 3/8 [00:00<00:00,  6.97it/s] 50%|█████     | 4/8 [00:00<00:00,  6.56it/s] 62%|██████▎   | 5/8 [00:00<00:00,  6.33it/s] 75%|███████▌  | 6/8 [00:00<00:00,  6.20it/s] 88%|████████▊ | 7/8 [00:01<00:00,  6.12it/s]100%|██████████| 8/8 [00:01<00:00,  6.07it/s]100%|██████████| 8/8 [00:01<00:00,  6.35it/s]
sending off prediction to background worker for resampling and export
done with ATLAS_r027s053_ses1

Predicting ATLAS_r027s054_ses1:
perform_everything_on_device: True
  0%|          | 0/8 [00:00<?, ?it/s] 25%|██▌       | 2/8 [00:00<00:00,  7.94it/s] 38%|███▊      | 3/8 [00:00<00:00,  6.96it/s] 50%|█████     | 4/8 [00:00<00:00,  6.54it/s] 62%|██████▎   | 5/8 [00:00<00:00,  6.33it/s] 75%|███████▌  | 6/8 [00:00<00:00,  6.19it/s] 88%|████████▊ | 7/8 [00:01<00:00,  6.11it/s]100%|██████████| 8/8 [00:01<00:00,  6.06it/s]100%|██████████| 8/8 [00:01<00:00,  6.34it/s]
sending off prediction to background worker for resampling and export
done with ATLAS_r027s054_ses1

Predicting ATLAS_r027s057_ses1:
perform_everything_on_device: True
  0%|          | 0/8 [00:00<?, ?it/s] 25%|██▌       | 2/8 [00:00<00:00,  7.92it/s] 38%|███▊      | 3/8 [00:00<00:00,  6.96it/s] 50%|█████     | 4/8 [00:00<00:00,  6.54it/s] 62%|██████▎   | 5/8 [00:00<00:00,  6.32it/s] 75%|███████▌  | 6/8 [00:00<00:00,  6.19it/s] 88%|████████▊ | 7/8 [00:01<00:00,  6.11it/s]100%|██████████| 8/8 [00:01<00:00,  6.06it/s]100%|██████████| 8/8 [00:01<00:00,  6.34it/s]
sending off prediction to background worker for resampling and export
done with ATLAS_r027s057_ses1

Predicting ATLAS_r027s058_ses1:
perform_everything_on_device: True
  0%|          | 0/8 [00:00<?, ?it/s] 25%|██▌       | 2/8 [00:00<00:00,  7.89it/s] 38%|███▊      | 3/8 [00:00<00:00,  6.95it/s] 50%|█████     | 4/8 [00:00<00:00,  6.53it/s] 62%|██████▎   | 5/8 [00:00<00:00,  6.32it/s] 75%|███████▌  | 6/8 [00:00<00:00,  6.19it/s] 88%|████████▊ | 7/8 [00:01<00:00,  6.11it/s]100%|██████████| 8/8 [00:01<00:00,  6.06it/s]100%|██████████| 8/8 [00:01<00:00,  6.34it/s]
sending off prediction to background worker for resampling and export
done with ATLAS_r027s058_ses1

Predicting ATLAS_r028s009_ses1:
perform_everything_on_device: True
  0%|          | 0/8 [00:00<?, ?it/s] 25%|██▌       | 2/8 [00:00<00:00,  7.93it/s] 38%|███▊      | 3/8 [00:00<00:00,  6.96it/s] 50%|█████     | 4/8 [00:00<00:00,  6.54it/s] 62%|██████▎   | 5/8 [00:00<00:00,  6.31it/s] 75%|███████▌  | 6/8 [00:00<00:00,  6.19it/s] 88%|████████▊ | 7/8 [00:01<00:00,  6.11it/s]100%|██████████| 8/8 [00:01<00:00,  6.05it/s]100%|██████████| 8/8 [00:01<00:00,  6.34it/s]
sending off prediction to background worker for resampling and export
done with ATLAS_r028s009_ses1

Predicting ATLAS_r028s013_ses1:
perform_everything_on_device: True
  0%|          | 0/8 [00:00<?, ?it/s] 25%|██▌       | 2/8 [00:00<00:00,  7.92it/s] 38%|███▊      | 3/8 [00:00<00:00,  6.95it/s] 50%|█████     | 4/8 [00:00<00:00,  6.54it/s] 62%|██████▎   | 5/8 [00:00<00:00,  6.31it/s] 75%|███████▌  | 6/8 [00:00<00:00,  6.18it/s] 88%|████████▊ | 7/8 [00:01<00:00,  6.10it/s]100%|██████████| 8/8 [00:01<00:00,  6.05it/s]100%|██████████| 8/8 [00:01<00:00,  6.33it/s]
sending off prediction to background worker for resampling and export
done with ATLAS_r028s013_ses1

Predicting ATLAS_r028s018_ses1:
perform_everything_on_device: True
  0%|          | 0/4 [00:00<?, ?it/s] 50%|█████     | 2/4 [00:00<00:00,  7.93it/s] 75%|███████▌  | 3/4 [00:00<00:00,  6.96it/s]100%|██████████| 4/4 [00:00<00:00,  6.55it/s]100%|██████████| 4/4 [00:00<00:00,  6.80it/s]
sending off prediction to background worker for resampling and export
done with ATLAS_r028s018_ses1

Predicting ATLAS_r028s021_ses1:
perform_everything_on_device: True
  0%|          | 0/8 [00:00<?, ?it/s] 25%|██▌       | 2/8 [00:00<00:00,  7.93it/s] 38%|███▊      | 3/8 [00:00<00:00,  6.95it/s] 50%|█████     | 4/8 [00:00<00:00,  6.53it/s] 62%|██████▎   | 5/8 [00:00<00:00,  6.31it/s] 75%|███████▌  | 6/8 [00:00<00:00,  6.17it/s] 88%|████████▊ | 7/8 [00:01<00:00,  6.10it/s]100%|██████████| 8/8 [00:01<00:00,  6.04it/s]100%|██████████| 8/8 [00:01<00:00,  6.33it/s]
sending off prediction to background worker for resampling and export
done with ATLAS_r028s021_ses1

Predicting ATLAS_r028s026_ses1:
perform_everything_on_device: True
  0%|          | 0/8 [00:00<?, ?it/s] 25%|██▌       | 2/8 [00:00<00:00,  7.93it/s] 38%|███▊      | 3/8 [00:00<00:00,  6.94it/s] 50%|█████     | 4/8 [00:00<00:00,  6.53it/s] 62%|██████▎   | 5/8 [00:00<00:00,  6.30it/s] 75%|███████▌  | 6/8 [00:00<00:00,  6.17it/s] 88%|████████▊ | 7/8 [00:01<00:00,  6.10it/s]100%|██████████| 8/8 [00:01<00:00,  6.04it/s]100%|██████████| 8/8 [00:01<00:00,  6.33it/s]
sending off prediction to background worker for resampling and export
done with ATLAS_r028s026_ses1

Predicting ATLAS_r029s001_ses1:
perform_everything_on_device: True
  0%|          | 0/18 [00:00<?, ?it/s] 11%|█         | 2/18 [00:00<00:02,  7.93it/s] 17%|█▋        | 3/18 [00:00<00:02,  6.95it/s] 22%|██▏       | 4/18 [00:00<00:02,  6.53it/s] 28%|██▊       | 5/18 [00:00<00:02,  6.30it/s] 33%|███▎      | 6/18 [00:00<00:01,  6.18it/s] 39%|███▉      | 7/18 [00:01<00:01,  6.09it/s] 44%|████▍     | 8/18 [00:01<00:01,  6.05it/s] 50%|█████     | 9/18 [00:01<00:01,  6.01it/s] 56%|█████▌    | 10/18 [00:01<00:01,  5.99it/s] 61%|██████    | 11/18 [00:01<00:01,  5.97it/s] 67%|██████▋   | 12/18 [00:01<00:01,  5.96it/s] 72%|███████▏  | 13/18 [00:02<00:00,  5.95it/s] 78%|███████▊  | 14/18 [00:02<00:00,  5.94it/s] 83%|████████▎ | 15/18 [00:02<00:00,  5.93it/s] 89%|████████▉ | 16/18 [00:02<00:00,  5.93it/s] 94%|█████████▍| 17/18 [00:02<00:00,  5.94it/s]100%|██████████| 18/18 [00:02<00:00,  5.94it/s]100%|██████████| 18/18 [00:02<00:00,  6.10it/s]
sending off prediction to background worker for resampling and export
done with ATLAS_r029s001_ses1

Predicting ATLAS_r029s002_ses1:
perform_everything_on_device: True
  0%|          | 0/18 [00:00<?, ?it/s] 11%|█         | 2/18 [00:00<00:02,  7.92it/s] 17%|█▋        | 3/18 [00:00<00:02,  6.95it/s] 22%|██▏       | 4/18 [00:00<00:02,  6.53it/s] 28%|██▊       | 5/18 [00:00<00:02,  6.31it/s] 33%|███▎      | 6/18 [00:00<00:01,  6.17it/s] 39%|███▉      | 7/18 [00:01<00:01,  6.10it/s] 44%|████▍     | 8/18 [00:01<00:01,  6.05it/s] 50%|█████     | 9/18 [00:01<00:01,  6.01it/s] 56%|█████▌    | 10/18 [00:01<00:01,  5.99it/s] 61%|██████    | 11/18 [00:01<00:01,  5.97it/s] 67%|██████▋   | 12/18 [00:01<00:01,  5.96it/s] 72%|███████▏  | 13/18 [00:02<00:00,  5.94it/s] 78%|███████▊  | 14/18 [00:02<00:00,  5.94it/s] 83%|████████▎ | 15/18 [00:02<00:00,  5.93it/s] 89%|████████▉ | 16/18 [00:02<00:00,  5.93it/s] 94%|█████████▍| 17/18 [00:02<00:00,  5.94it/s]100%|██████████| 18/18 [00:02<00:00,  5.94it/s]100%|██████████| 18/18 [00:02<00:00,  6.10it/s]
sending off prediction to background worker for resampling and export
done with ATLAS_r029s002_ses1

Predicting ATLAS_r029s003_ses1:
perform_everything_on_device: True
  0%|          | 0/18 [00:00<?, ?it/s] 11%|█         | 2/18 [00:00<00:02,  7.89it/s] 17%|█▋        | 3/18 [00:00<00:02,  6.93it/s] 22%|██▏       | 4/18 [00:00<00:02,  6.51it/s] 28%|██▊       | 5/18 [00:00<00:02,  6.29it/s] 33%|███▎      | 6/18 [00:00<00:01,  6.16it/s] 39%|███▉      | 7/18 [00:01<00:01,  6.08it/s] 44%|████▍     | 8/18 [00:01<00:01,  6.03it/s] 50%|█████     | 9/18 [00:01<00:01,  6.00it/s] 56%|█████▌    | 10/18 [00:01<00:01,  5.98it/s] 61%|██████    | 11/18 [00:01<00:01,  5.96it/s] 67%|██████▋   | 12/18 [00:01<00:01,  5.95it/s] 72%|███████▏  | 13/18 [00:02<00:00,  5.93it/s] 78%|███████▊  | 14/18 [00:02<00:00,  5.93it/s] 83%|████████▎ | 15/18 [00:02<00:00,  5.92it/s] 89%|████████▉ | 16/18 [00:02<00:00,  5.92it/s] 94%|█████████▍| 17/18 [00:02<00:00,  5.93it/s]100%|██████████| 18/18 [00:02<00:00,  5.93it/s]100%|██████████| 18/18 [00:02<00:00,  6.09it/s]
sending off prediction to background worker for resampling and export
done with ATLAS_r029s003_ses1

Predicting ATLAS_r029s004_ses1:
perform_everything_on_device: True
  0%|          | 0/18 [00:00<?, ?it/s] 11%|█         | 2/18 [00:00<00:02,  7.90it/s] 17%|█▋        | 3/18 [00:00<00:02,  6.94it/s] 22%|██▏       | 4/18 [00:00<00:02,  6.51it/s] 28%|██▊       | 5/18 [00:00<00:02,  6.30it/s] 33%|███▎      | 6/18 [00:00<00:01,  6.16it/s] 39%|███▉      | 7/18 [00:01<00:01,  6.09it/s] 44%|████▍     | 8/18 [00:01<00:01,  6.03it/s] 50%|█████     | 9/18 [00:01<00:01,  6.00it/s] 56%|█████▌    | 10/18 [00:01<00:01,  5.98it/s] 61%|██████    | 11/18 [00:01<00:01,  5.96it/s] 67%|██████▋   | 12/18 [00:01<00:01,  5.95it/s] 72%|███████▏  | 13/18 [00:02<00:00,  5.94it/s] 78%|███████▊  | 14/18 [00:02<00:00,  5.93it/s] 83%|████████▎ | 15/18 [00:02<00:00,  5.92it/s] 89%|████████▉ | 16/18 [00:02<00:00,  5.93it/s] 94%|█████████▍| 17/18 [00:02<00:00,  5.92it/s]100%|██████████| 18/18 [00:02<00:00,  5.93it/s]100%|██████████| 18/18 [00:02<00:00,  6.09it/s]
sending off prediction to background worker for resampling and export
done with ATLAS_r029s004_ses1

Predicting ATLAS_r029s005_ses1:
perform_everything_on_device: True
  0%|          | 0/18 [00:00<?, ?it/s] 11%|█         | 2/18 [00:00<00:02,  7.91it/s] 17%|█▋        | 3/18 [00:00<00:02,  6.95it/s] 22%|██▏       | 4/18 [00:00<00:02,  6.53it/s] 28%|██▊       | 5/18 [00:00<00:02,  6.30it/s] 33%|███▎      | 6/18 [00:00<00:01,  6.17it/s] 39%|███▉      | 7/18 [00:01<00:01,  6.09it/s] 44%|████▍     | 8/18 [00:01<00:01,  6.04it/s] 50%|█████     | 9/18 [00:01<00:01,  6.00it/s] 56%|█████▌    | 10/18 [00:01<00:01,  5.99it/s] 61%|██████    | 11/18 [00:01<00:01,  5.97it/s] 67%|██████▋   | 12/18 [00:01<00:01,  5.95it/s] 72%|███████▏  | 13/18 [00:02<00:00,  5.94it/s] 78%|███████▊  | 14/18 [00:02<00:00,  5.94it/s] 83%|████████▎ | 15/18 [00:02<00:00,  5.93it/s] 89%|████████▉ | 16/18 [00:02<00:00,  5.93it/s] 94%|█████████▍| 17/18 [00:02<00:00,  5.94it/s]100%|██████████| 18/18 [00:02<00:00,  5.94it/s]100%|██████████| 18/18 [00:02<00:00,  6.10it/s]
sending off prediction to background worker for resampling and export
done with ATLAS_r029s005_ses1

Predicting ATLAS_r029s006_ses1:
perform_everything_on_device: True
  0%|          | 0/18 [00:00<?, ?it/s] 11%|█         | 2/18 [00:00<00:02,  7.95it/s] 17%|█▋        | 3/18 [00:00<00:02,  6.96it/s] 22%|██▏       | 4/18 [00:00<00:02,  6.55it/s] 28%|██▊       | 5/18 [00:00<00:02,  6.33it/s] 33%|███▎      | 6/18 [00:00<00:01,  6.19it/s] 39%|███▉      | 7/18 [00:01<00:01,  6.11it/s] 44%|████▍     | 8/18 [00:01<00:01,  6.06it/s] 50%|█████     | 9/18 [00:01<00:01,  6.02it/s] 56%|█████▌    | 10/18 [00:01<00:01,  6.00it/s] 61%|██████    | 11/18 [00:01<00:01,  5.98it/s] 67%|██████▋   | 12/18 [00:01<00:01,  5.97it/s] 72%|███████▏  | 13/18 [00:02<00:00,  5.96it/s] 78%|███████▊  | 14/18 [00:02<00:00,  5.96it/s] 83%|████████▎ | 15/18 [00:02<00:00,  5.95it/s] 89%|████████▉ | 16/18 [00:02<00:00,  5.95it/s] 94%|█████████▍| 17/18 [00:02<00:00,  5.96it/s]100%|██████████| 18/18 [00:02<00:00,  5.96it/s]100%|██████████| 18/18 [00:02<00:00,  6.12it/s]
sending off prediction to background worker for resampling and export
done with ATLAS_r029s006_ses1

Predicting ATLAS_r029s007_ses1:
perform_everything_on_device: True
  0%|          | 0/18 [00:00<?, ?it/s] 11%|█         | 2/18 [00:00<00:02,  7.95it/s] 17%|█▋        | 3/18 [00:00<00:02,  6.96it/s] 22%|██▏       | 4/18 [00:00<00:02,  6.54it/s] 28%|██▊       | 5/18 [00:00<00:02,  6.32it/s] 33%|███▎      | 6/18 [00:00<00:01,  6.18it/s] 39%|███▉      | 7/18 [00:01<00:01,  6.11it/s] 44%|████▍     | 8/18 [00:01<00:01,  6.05it/s] 50%|█████     | 9/18 [00:01<00:01,  6.02it/s] 56%|█████▌    | 10/18 [00:01<00:01,  6.00it/s] 61%|██████    | 11/18 [00:01<00:01,  5.98it/s] 67%|██████▋   | 12/18 [00:01<00:01,  5.97it/s] 72%|███████▏  | 13/18 [00:02<00:00,  5.96it/s] 78%|███████▊  | 14/18 [00:02<00:00,  5.95it/s] 83%|████████▎ | 15/18 [00:02<00:00,  5.94it/s] 89%|████████▉ | 16/18 [00:02<00:00,  5.95it/s] 94%|█████████▍| 17/18 [00:02<00:00,  5.95it/s]100%|██████████| 18/18 [00:02<00:00,  5.95it/s]100%|██████████| 18/18 [00:02<00:00,  6.11it/s]
sending off prediction to background worker for resampling and export
done with ATLAS_r029s007_ses1

Predicting ATLAS_r029s008_ses1:
perform_everything_on_device: True
  0%|          | 0/18 [00:00<?, ?it/s] 11%|█         | 2/18 [00:00<00:02,  7.94it/s] 17%|█▋        | 3/18 [00:00<00:02,  6.97it/s] 22%|██▏       | 4/18 [00:00<00:02,  6.55it/s] 28%|██▊       | 5/18 [00:00<00:02,  6.32it/s] 33%|███▎      | 6/18 [00:00<00:01,  6.20it/s] 39%|███▉      | 7/18 [00:01<00:01,  6.12it/s] 44%|████▍     | 8/18 [00:01<00:01,  6.07it/s] 50%|█████     | 9/18 [00:01<00:01,  6.04it/s] 56%|█████▌    | 10/18 [00:01<00:01,  6.01it/s] 61%|██████    | 11/18 [00:01<00:01,  6.00it/s] 67%|██████▋   | 12/18 [00:01<00:01,  5.98it/s] 72%|███████▏  | 13/18 [00:02<00:00,  5.98it/s] 78%|███████▊  | 14/18 [00:02<00:00,  5.97it/s] 83%|████████▎ | 15/18 [00:02<00:00,  5.96it/s] 89%|████████▉ | 16/18 [00:02<00:00,  5.97it/s] 94%|█████████▍| 17/18 [00:02<00:00,  5.97it/s]100%|██████████| 18/18 [00:02<00:00,  5.97it/s]100%|██████████| 18/18 [00:02<00:00,  6.13it/s]
sending off prediction to background worker for resampling and export
done with ATLAS_r029s008_ses1

Predicting ATLAS_r029s009_ses1:
perform_everything_on_device: True
  0%|          | 0/18 [00:00<?, ?it/s] 11%|█         | 2/18 [00:00<00:02,  7.93it/s] 17%|█▋        | 3/18 [00:00<00:02,  6.96it/s] 22%|██▏       | 4/18 [00:00<00:02,  6.55it/s] 28%|██▊       | 5/18 [00:00<00:02,  6.33it/s] 33%|███▎      | 6/18 [00:00<00:01,  6.20it/s] 39%|███▉      | 7/18 [00:01<00:01,  6.12it/s] 44%|████▍     | 8/18 [00:01<00:01,  6.08it/s] 50%|█████     | 9/18 [00:01<00:01,  6.04it/s] 56%|█████▌    | 10/18 [00:01<00:01,  6.02it/s] 61%|██████    | 11/18 [00:01<00:01,  6.00it/s] 67%|██████▋   | 12/18 [00:01<00:01,  5.98it/s] 72%|███████▏  | 13/18 [00:02<00:00,  5.98it/s] 78%|███████▊  | 14/18 [00:02<00:00,  5.97it/s] 83%|████████▎ | 15/18 [00:02<00:00,  5.96it/s] 89%|████████▉ | 16/18 [00:02<00:00,  5.97it/s] 94%|█████████▍| 17/18 [00:02<00:00,  5.97it/s]100%|██████████| 18/18 [00:02<00:00,  5.98it/s]100%|██████████| 18/18 [00:02<00:00,  6.13it/s]
sending off prediction to background worker for resampling and export
done with ATLAS_r029s009_ses1

Predicting ATLAS_r029s010_ses1:
perform_everything_on_device: True
  0%|          | 0/18 [00:00<?, ?it/s] 11%|█         | 2/18 [00:00<00:02,  7.93it/s] 17%|█▋        | 3/18 [00:00<00:02,  6.95it/s] 22%|██▏       | 4/18 [00:00<00:02,  6.54it/s] 28%|██▊       | 5/18 [00:00<00:02,  6.32it/s] 33%|███▎      | 6/18 [00:00<00:01,  6.19it/s] 39%|███▉      | 7/18 [00:01<00:01,  6.11it/s] 44%|████▍     | 8/18 [00:01<00:01,  6.06it/s] 50%|█████     | 9/18 [00:01<00:01,  6.03it/s] 56%|█████▌    | 10/18 [00:01<00:01,  6.00it/s] 61%|██████    | 11/18 [00:01<00:01,  5.99it/s] 67%|██████▋   | 12/18 [00:01<00:01,  5.97it/s] 72%|███████▏  | 13/18 [00:02<00:00,  5.97it/s] 78%|███████▊  | 14/18 [00:02<00:00,  5.96it/s] 83%|████████▎ | 15/18 [00:02<00:00,  5.95it/s] 89%|████████▉ | 16/18 [00:02<00:00,  5.96it/s] 94%|█████████▍| 17/18 [00:02<00:00,  5.96it/s]100%|██████████| 18/18 [00:02<00:00,  5.97it/s]100%|██████████| 18/18 [00:02<00:00,  6.12it/s]
sending off prediction to background worker for resampling and export
done with ATLAS_r029s010_ses1

Predicting ATLAS_r030s007_ses1:
perform_everything_on_device: True
  0%|          | 0/8 [00:00<?, ?it/s] 25%|██▌       | 2/8 [00:00<00:00,  7.92it/s] 38%|███▊      | 3/8 [00:00<00:00,  6.96it/s] 50%|█████     | 4/8 [00:00<00:00,  6.54it/s] 62%|██████▎   | 5/8 [00:00<00:00,  6.32it/s] 75%|███████▌  | 6/8 [00:00<00:00,  6.19it/s] 88%|████████▊ | 7/8 [00:01<00:00,  6.11it/s]100%|██████████| 8/8 [00:01<00:00,  6.06it/s]100%|██████████| 8/8 [00:01<00:00,  6.34it/s]
sending off prediction to background worker for resampling and export
done with ATLAS_r030s007_ses1

Predicting ATLAS_r031s016_ses1:
perform_everything_on_device: True
  0%|          | 0/8 [00:00<?, ?it/s] 25%|██▌       | 2/8 [00:00<00:00,  7.93it/s] 38%|███▊      | 3/8 [00:00<00:00,  6.97it/s] 50%|█████     | 4/8 [00:00<00:00,  6.54it/s] 62%|██████▎   | 5/8 [00:00<00:00,  6.32it/s] 75%|███████▌  | 6/8 [00:00<00:00,  6.19it/s] 88%|████████▊ | 7/8 [00:01<00:00,  6.11it/s]100%|██████████| 8/8 [00:01<00:00,  6.07it/s]100%|██████████| 8/8 [00:01<00:00,  6.35it/s]
sending off prediction to background worker for resampling and export
done with ATLAS_r031s016_ses1

Predicting ATLAS_r031s032_ses1:
perform_everything_on_device: True
  0%|          | 0/8 [00:00<?, ?it/s] 25%|██▌       | 2/8 [00:00<00:00,  7.89it/s] 38%|███▊      | 3/8 [00:00<00:00,  6.96it/s] 50%|█████     | 4/8 [00:00<00:00,  6.54it/s] 62%|██████▎   | 5/8 [00:00<00:00,  6.32it/s] 75%|███████▌  | 6/8 [00:00<00:00,  6.20it/s] 88%|████████▊ | 7/8 [00:01<00:00,  6.12it/s]100%|██████████| 8/8 [00:01<00:00,  6.07it/s]100%|██████████| 8/8 [00:01<00:00,  6.35it/s]
sending off prediction to background worker for resampling and export
done with ATLAS_r031s032_ses1

Predicting ATLAS_r031s033_ses1:
perform_everything_on_device: True
  0%|          | 0/8 [00:00<?, ?it/s] 25%|██▌       | 2/8 [00:00<00:00,  7.94it/s] 38%|███▊      | 3/8 [00:00<00:00,  6.96it/s] 50%|█████     | 4/8 [00:00<00:00,  6.55it/s] 62%|██████▎   | 5/8 [00:00<00:00,  6.32it/s] 75%|███████▌  | 6/8 [00:00<00:00,  6.20it/s] 88%|████████▊ | 7/8 [00:01<00:00,  6.12it/s]100%|██████████| 8/8 [00:01<00:00,  6.06it/s]100%|██████████| 8/8 [00:01<00:00,  6.35it/s]
sending off prediction to background worker for resampling and export
done with ATLAS_r031s033_ses1

Predicting ATLAS_r032s008_ses1:
perform_everything_on_device: True
  0%|          | 0/16 [00:00<?, ?it/s] 12%|█▎        | 2/16 [00:00<00:01,  7.95it/s] 19%|█▉        | 3/16 [00:00<00:01,  6.96it/s] 25%|██▌       | 4/16 [00:00<00:01,  6.55it/s] 31%|███▏      | 5/16 [00:00<00:01,  6.33it/s] 38%|███▊      | 6/16 [00:00<00:01,  6.20it/s] 44%|████▍     | 7/16 [00:01<00:01,  6.13it/s] 50%|█████     | 8/16 [00:01<00:01,  6.08it/s] 56%|█████▋    | 9/16 [00:01<00:01,  6.04it/s] 62%|██████▎   | 10/16 [00:01<00:00,  6.02it/s] 69%|██████▉   | 11/16 [00:01<00:00,  6.00it/s] 75%|███████▌  | 12/16 [00:01<00:00,  5.99it/s] 81%|████████▏ | 13/16 [00:02<00:00,  5.98it/s] 88%|████████▊ | 14/16 [00:02<00:00,  5.97it/s] 94%|█████████▍| 15/16 [00:02<00:00,  5.97it/s]100%|██████████| 16/16 [00:02<00:00,  5.97it/s]100%|██████████| 16/16 [00:02<00:00,  6.15it/s]
sending off prediction to background worker for resampling and export
done with ATLAS_r032s008_ses1

Predicting ATLAS_r032s010_ses1:
perform_everything_on_device: True
  0%|          | 0/16 [00:00<?, ?it/s] 12%|█▎        | 2/16 [00:00<00:01,  7.95it/s] 19%|█▉        | 3/16 [00:00<00:01,  6.98it/s] 25%|██▌       | 4/16 [00:00<00:01,  6.56it/s] 31%|███▏      | 5/16 [00:00<00:01,  6.33it/s] 38%|███▊      | 6/16 [00:00<00:01,  6.20it/s] 44%|████▍     | 7/16 [00:01<00:01,  6.12it/s] 50%|█████     | 8/16 [00:01<00:01,  6.07it/s] 56%|█████▋    | 9/16 [00:01<00:01,  6.04it/s] 62%|██████▎   | 10/16 [00:01<00:00,  6.01it/s] 69%|██████▉   | 11/16 [00:01<00:00,  6.00it/s] 75%|███████▌  | 12/16 [00:01<00:00,  5.98it/s] 81%|████████▏ | 13/16 [00:02<00:00,  5.97it/s] 88%|████████▊ | 14/16 [00:02<00:00,  5.97it/s] 94%|█████████▍| 15/16 [00:02<00:00,  5.96it/s]100%|██████████| 16/16 [00:02<00:00,  5.97it/s]100%|██████████| 16/16 [00:02<00:00,  6.15it/s]
sending off prediction to background worker for resampling and export
done with ATLAS_r032s010_ses1

Predicting ATLAS_r032s028_ses1:
perform_everything_on_device: True
  0%|          | 0/16 [00:00<?, ?it/s] 12%|█▎        | 2/16 [00:00<00:01,  7.94it/s] 19%|█▉        | 3/16 [00:00<00:01,  6.98it/s] 25%|██▌       | 4/16 [00:00<00:01,  6.55it/s] 31%|███▏      | 5/16 [00:00<00:01,  6.33it/s] 38%|███▊      | 6/16 [00:00<00:01,  6.20it/s] 44%|████▍     | 7/16 [00:01<00:01,  6.12it/s] 50%|█████     | 8/16 [00:01<00:01,  6.07it/s] 56%|█████▋    | 9/16 [00:01<00:01,  6.03it/s] 62%|██████▎   | 10/16 [00:01<00:00,  6.01it/s] 69%|██████▉   | 11/16 [00:01<00:00,  5.99it/s] 75%|███████▌  | 12/16 [00:01<00:00,  5.97it/s] 81%|████████▏ | 13/16 [00:02<00:00,  5.97it/s] 88%|████████▊ | 14/16 [00:02<00:00,  5.96it/s] 94%|█████████▍| 15/16 [00:02<00:00,  5.96it/s]100%|██████████| 16/16 [00:02<00:00,  5.97it/s]100%|██████████| 16/16 [00:02<00:00,  6.15it/s]
sending off prediction to background worker for resampling and export
done with ATLAS_r032s028_ses1

Predicting ATLAS_r032s032_ses1:
perform_everything_on_device: True
  0%|          | 0/16 [00:00<?, ?it/s] 12%|█▎        | 2/16 [00:00<00:01,  7.96it/s] 19%|█▉        | 3/16 [00:00<00:01,  6.97it/s] 25%|██▌       | 4/16 [00:00<00:01,  6.55it/s] 31%|███▏      | 5/16 [00:00<00:01,  6.33it/s] 38%|███▊      | 6/16 [00:00<00:01,  6.19it/s] 44%|████▍     | 7/16 [00:01<00:01,  6.12it/s] 50%|█████     | 8/16 [00:01<00:01,  6.06it/s] 56%|█████▋    | 9/16 [00:01<00:01,  6.03it/s] 62%|██████▎   | 10/16 [00:01<00:00,  6.00it/s] 69%|██████▉   | 11/16 [00:01<00:00,  5.98it/s] 75%|███████▌  | 12/16 [00:01<00:00,  5.97it/s] 81%|████████▏ | 13/16 [00:02<00:00,  5.96it/s] 88%|████████▊ | 14/16 [00:02<00:00,  5.96it/s] 94%|█████████▍| 15/16 [00:02<00:00,  5.96it/s]100%|██████████| 16/16 [00:02<00:00,  5.96it/s]100%|██████████| 16/16 [00:02<00:00,  6.14it/s]
sending off prediction to background worker for resampling and export
done with ATLAS_r032s032_ses1

Predicting ATLAS_r032s050_ses1:
perform_everything_on_device: True
  0%|          | 0/16 [00:00<?, ?it/s] 12%|█▎        | 2/16 [00:00<00:01,  7.93it/s] 19%|█▉        | 3/16 [00:00<00:01,  6.96it/s] 25%|██▌       | 4/16 [00:00<00:01,  6.54it/s] 31%|███▏      | 5/16 [00:00<00:01,  6.32it/s] 38%|███▊      | 6/16 [00:00<00:01,  6.19it/s] 44%|████▍     | 7/16 [00:01<00:01,  6.11it/s] 50%|█████     | 8/16 [00:01<00:01,  6.06it/s] 56%|█████▋    | 9/16 [00:01<00:01,  6.03it/s] 62%|██████▎   | 10/16 [00:01<00:01,  6.00it/s] 69%|██████▉   | 11/16 [00:01<00:00,  5.98it/s] 75%|███████▌  | 12/16 [00:01<00:00,  5.97it/s] 81%|████████▏ | 13/16 [00:02<00:00,  5.96it/s] 88%|████████▊ | 14/16 [00:02<00:00,  5.95it/s] 94%|█████████▍| 15/16 [00:02<00:00,  5.95it/s]100%|██████████| 16/16 [00:02<00:00,  5.96it/s]100%|██████████| 16/16 [00:02<00:00,  6.14it/s]
sending off prediction to background worker for resampling and export
done with ATLAS_r032s050_ses1

Predicting ATLAS_r032s057_ses1:
perform_everything_on_device: True
  0%|          | 0/16 [00:00<?, ?it/s] 12%|█▎        | 2/16 [00:00<00:01,  7.95it/s] 19%|█▉        | 3/16 [00:00<00:01,  6.96it/s] 25%|██▌       | 4/16 [00:00<00:01,  6.54it/s] 31%|███▏      | 5/16 [00:00<00:01,  6.32it/s] 38%|███▊      | 6/16 [00:00<00:01,  6.18it/s] 44%|████▍     | 7/16 [00:01<00:01,  6.11it/s] 50%|█████     | 8/16 [00:01<00:01,  6.06it/s] 56%|█████▋    | 9/16 [00:01<00:01,  6.02it/s] 62%|██████▎   | 10/16 [00:01<00:01,  5.99it/s] 69%|██████▉   | 11/16 [00:01<00:00,  5.97it/s] 75%|███████▌  | 12/16 [00:01<00:00,  5.96it/s] 81%|████████▏ | 13/16 [00:02<00:00,  5.95it/s] 88%|████████▊ | 14/16 [00:02<00:00,  5.95it/s] 94%|█████████▍| 15/16 [00:02<00:00,  5.95it/s]100%|██████████| 16/16 [00:02<00:00,  5.95it/s]100%|██████████| 16/16 [00:02<00:00,  6.13it/s]
sending off prediction to background worker for resampling and export
done with ATLAS_r032s057_ses1

Predicting ATLAS_r034s015_ses1:
perform_everything_on_device: True
  0%|          | 0/8 [00:00<?, ?it/s] 25%|██▌       | 2/8 [00:00<00:00,  7.93it/s] 38%|███▊      | 3/8 [00:00<00:00,  6.96it/s] 50%|█████     | 4/8 [00:00<00:00,  6.55it/s] 62%|██████▎   | 5/8 [00:00<00:00,  6.32it/s] 75%|███████▌  | 6/8 [00:00<00:00,  6.20it/s] 88%|████████▊ | 7/8 [00:01<00:00,  6.11it/s]100%|██████████| 8/8 [00:01<00:00,  6.06it/s]100%|██████████| 8/8 [00:01<00:00,  6.34it/s]
sending off prediction to background worker for resampling and export
done with ATLAS_r034s015_ses1

Predicting ATLAS_r034s047_ses1:
perform_everything_on_device: True
  0%|          | 0/8 [00:00<?, ?it/s] 25%|██▌       | 2/8 [00:00<00:00,  7.92it/s] 38%|███▊      | 3/8 [00:00<00:00,  6.95it/s] 50%|█████     | 4/8 [00:00<00:00,  6.54it/s] 62%|██████▎   | 5/8 [00:00<00:00,  6.31it/s] 75%|███████▌  | 6/8 [00:00<00:00,  6.19it/s] 88%|████████▊ | 7/8 [00:01<00:00,  6.10it/s]100%|██████████| 8/8 [00:01<00:00,  6.06it/s]100%|██████████| 8/8 [00:01<00:00,  6.34it/s]
sending off prediction to background worker for resampling and export
done with ATLAS_r034s047_ses1

Predicting ATLAS_r034s048_ses1:
perform_everything_on_device: True
  0%|          | 0/8 [00:00<?, ?it/s] 25%|██▌       | 2/8 [00:00<00:00,  7.90it/s] 38%|███▊      | 3/8 [00:00<00:00,  6.94it/s] 50%|█████     | 4/8 [00:00<00:00,  6.54it/s] 62%|██████▎   | 5/8 [00:00<00:00,  6.31it/s] 75%|███████▌  | 6/8 [00:00<00:00,  6.19it/s] 88%|████████▊ | 7/8 [00:01<00:00,  6.11it/s]100%|██████████| 8/8 [00:01<00:00,  6.06it/s]100%|██████████| 8/8 [00:01<00:00,  6.33it/s]
sending off prediction to background worker for resampling and export
done with ATLAS_r034s048_ses1

Predicting ATLAS_r038s006_ses1:
perform_everything_on_device: True
  0%|          | 0/8 [00:00<?, ?it/s] 25%|██▌       | 2/8 [00:00<00:00,  7.89it/s] 38%|███▊      | 3/8 [00:00<00:00,  6.94it/s] 50%|█████     | 4/8 [00:00<00:00,  6.53it/s] 62%|██████▎   | 5/8 [00:00<00:00,  6.31it/s] 75%|███████▌  | 6/8 [00:00<00:00,  6.18it/s] 88%|████████▊ | 7/8 [00:01<00:00,  6.10it/s]100%|██████████| 8/8 [00:01<00:00,  6.05it/s]100%|██████████| 8/8 [00:01<00:00,  6.33it/s]
sending off prediction to background worker for resampling and export
done with ATLAS_r038s006_ses1

Predicting ATLAS_r038s036_ses1:
perform_everything_on_device: True
  0%|          | 0/8 [00:00<?, ?it/s] 25%|██▌       | 2/8 [00:00<00:00,  7.92it/s] 38%|███▊      | 3/8 [00:00<00:00,  6.95it/s] 50%|█████     | 4/8 [00:00<00:00,  6.53it/s] 62%|██████▎   | 5/8 [00:00<00:00,  6.32it/s] 75%|███████▌  | 6/8 [00:00<00:00,  6.18it/s] 88%|████████▊ | 7/8 [00:01<00:00,  6.10it/s]100%|██████████| 8/8 [00:01<00:00,  6.05it/s]100%|██████████| 8/8 [00:01<00:00,  6.33it/s]
sending off prediction to background worker for resampling and export
done with ATLAS_r038s036_ses1

Predicting ATLAS_r038s043_ses1:
perform_everything_on_device: True
  0%|          | 0/8 [00:00<?, ?it/s] 25%|██▌       | 2/8 [00:00<00:00,  7.91it/s] 38%|███▊      | 3/8 [00:00<00:00,  6.95it/s] 50%|█████     | 4/8 [00:00<00:00,  6.53it/s] 62%|██████▎   | 5/8 [00:00<00:00,  6.31it/s] 75%|███████▌  | 6/8 [00:00<00:00,  6.18it/s] 88%|████████▊ | 7/8 [00:01<00:00,  6.10it/s]100%|██████████| 8/8 [00:01<00:00,  6.05it/s]100%|██████████| 8/8 [00:01<00:00,  6.33it/s]
sending off prediction to background worker for resampling and export
done with ATLAS_r038s043_ses1

Predicting ATLAS_r038s047_ses1:
perform_everything_on_device: True
  0%|          | 0/4 [00:00<?, ?it/s] 50%|█████     | 2/4 [00:00<00:00,  7.90it/s] 75%|███████▌  | 3/4 [00:00<00:00,  6.95it/s]100%|██████████| 4/4 [00:00<00:00,  6.53it/s]100%|██████████| 4/4 [00:00<00:00,  6.78it/s]
sending off prediction to background worker for resampling and export
done with ATLAS_r038s047_ses1

Predicting ATLAS_r038s048_ses1:
perform_everything_on_device: True
  0%|          | 0/8 [00:00<?, ?it/s] 25%|██▌       | 2/8 [00:00<00:00,  7.90it/s] 38%|███▊      | 3/8 [00:00<00:00,  6.93it/s] 50%|█████     | 4/8 [00:00<00:00,  6.51it/s] 62%|██████▎   | 5/8 [00:00<00:00,  6.30it/s] 75%|███████▌  | 6/8 [00:00<00:00,  6.17it/s] 88%|████████▊ | 7/8 [00:01<00:00,  6.09it/s]100%|██████████| 8/8 [00:01<00:00,  6.04it/s]100%|██████████| 8/8 [00:01<00:00,  6.32it/s]
sending off prediction to background worker for resampling and export
done with ATLAS_r038s048_ses1

Predicting ATLAS_r038s056_ses1:
perform_everything_on_device: True
  0%|          | 0/8 [00:00<?, ?it/s] 25%|██▌       | 2/8 [00:00<00:00,  7.90it/s] 38%|███▊      | 3/8 [00:00<00:00,  6.94it/s] 50%|█████     | 4/8 [00:00<00:00,  6.52it/s] 62%|██████▎   | 5/8 [00:00<00:00,  6.31it/s] 75%|███████▌  | 6/8 [00:00<00:00,  6.17it/s] 88%|████████▊ | 7/8 [00:01<00:00,  6.09it/s]100%|██████████| 8/8 [00:01<00:00,  6.04it/s]100%|██████████| 8/8 [00:01<00:00,  6.32it/s]
sending off prediction to background worker for resampling and export
done with ATLAS_r038s056_ses1

Predicting ATLAS_r038s062_ses1:
perform_everything_on_device: True
  0%|          | 0/4 [00:00<?, ?it/s] 50%|█████     | 2/4 [00:00<00:00,  7.93it/s] 75%|███████▌  | 3/4 [00:00<00:00,  6.96it/s]100%|██████████| 4/4 [00:00<00:00,  6.54it/s]100%|██████████| 4/4 [00:00<00:00,  6.79it/s]
sending off prediction to background worker for resampling and export
done with ATLAS_r038s062_ses1

Predicting ATLAS_r038s063_ses1:
perform_everything_on_device: True
  0%|          | 0/8 [00:00<?, ?it/s] 25%|██▌       | 2/8 [00:00<00:00,  7.92it/s] 38%|███▊      | 3/8 [00:00<00:00,  6.95it/s] 50%|█████     | 4/8 [00:00<00:00,  6.53it/s] 62%|██████▎   | 5/8 [00:00<00:00,  6.31it/s] 75%|███████▌  | 6/8 [00:00<00:00,  6.17it/s] 88%|████████▊ | 7/8 [00:01<00:00,  6.10it/s]100%|██████████| 8/8 [00:01<00:00,  6.05it/s]100%|██████████| 8/8 [00:01<00:00,  6.33it/s]
sending off prediction to background worker for resampling and export
done with ATLAS_r038s063_ses1

Predicting ATLAS_r038s068_ses1:
perform_everything_on_device: True
  0%|          | 0/8 [00:00<?, ?it/s] 25%|██▌       | 2/8 [00:00<00:00,  7.92it/s] 38%|███▊      | 3/8 [00:00<00:00,  6.96it/s] 50%|█████     | 4/8 [00:00<00:00,  6.53it/s] 62%|██████▎   | 5/8 [00:00<00:00,  6.32it/s] 75%|███████▌  | 6/8 [00:00<00:00,  6.18it/s] 88%|████████▊ | 7/8 [00:01<00:00,  6.11it/s]100%|██████████| 8/8 [00:01<00:00,  6.05it/s]100%|██████████| 8/8 [00:01<00:00,  6.34it/s]
sending off prediction to background worker for resampling and export
done with ATLAS_r038s068_ses1

Predicting ATLAS_r038s070_ses1:
perform_everything_on_device: True
  0%|          | 0/8 [00:00<?, ?it/s] 25%|██▌       | 2/8 [00:00<00:00,  7.91it/s] 38%|███▊      | 3/8 [00:00<00:00,  6.95it/s] 50%|█████     | 4/8 [00:00<00:00,  6.53it/s] 62%|██████▎   | 5/8 [00:00<00:00,  6.31it/s] 75%|███████▌  | 6/8 [00:00<00:00,  6.18it/s] 88%|████████▊ | 7/8 [00:01<00:00,  6.10it/s]100%|██████████| 8/8 [00:01<00:00,  6.06it/s]100%|██████████| 8/8 [00:01<00:00,  6.33it/s]
sending off prediction to background worker for resampling and export
done with ATLAS_r038s070_ses1

Predicting ATLAS_r038s080_ses1:
perform_everything_on_device: True
  0%|          | 0/8 [00:00<?, ?it/s] 25%|██▌       | 2/8 [00:00<00:00,  7.93it/s] 38%|███▊      | 3/8 [00:00<00:00,  6.96it/s] 50%|█████     | 4/8 [00:00<00:00,  6.54it/s] 62%|██████▎   | 5/8 [00:00<00:00,  6.32it/s] 75%|███████▌  | 6/8 [00:00<00:00,  6.19it/s] 88%|████████▊ | 7/8 [00:01<00:00,  6.11it/s]100%|██████████| 8/8 [00:01<00:00,  6.06it/s]100%|██████████| 8/8 [00:01<00:00,  6.34it/s]
sending off prediction to background worker for resampling and export
done with ATLAS_r038s080_ses1

Predicting ATLAS_r038s089_ses1:
perform_everything_on_device: True
  0%|          | 0/8 [00:00<?, ?it/s] 25%|██▌       | 2/8 [00:00<00:00,  7.93it/s] 38%|███▊      | 3/8 [00:00<00:00,  6.96it/s] 50%|█████     | 4/8 [00:00<00:00,  6.55it/s] 62%|██████▎   | 5/8 [00:00<00:00,  6.32it/s] 75%|███████▌  | 6/8 [00:00<00:00,  6.19it/s] 88%|████████▊ | 7/8 [00:01<00:00,  6.11it/s]100%|██████████| 8/8 [00:01<00:00,  6.06it/s]100%|██████████| 8/8 [00:01<00:00,  6.34it/s]
sending off prediction to background worker for resampling and export
done with ATLAS_r038s089_ses1

Predicting ATLAS_r038s091_ses1:
perform_everything_on_device: True
  0%|          | 0/8 [00:00<?, ?it/s] 25%|██▌       | 2/8 [00:00<00:00,  7.94it/s] 38%|███▊      | 3/8 [00:00<00:00,  6.96it/s] 50%|█████     | 4/8 [00:00<00:00,  6.55it/s] 62%|██████▎   | 5/8 [00:00<00:00,  6.32it/s] 75%|███████▌  | 6/8 [00:00<00:00,  6.19it/s] 88%|████████▊ | 7/8 [00:01<00:00,  6.12it/s]100%|██████████| 8/8 [00:01<00:00,  6.06it/s]100%|██████████| 8/8 [00:01<00:00,  6.34it/s]
sending off prediction to background worker for resampling and export
done with ATLAS_r038s091_ses1

Predicting ATLAS_r040s004_ses1:
perform_everything_on_device: True
  0%|          | 0/8 [00:00<?, ?it/s] 25%|██▌       | 2/8 [00:00<00:00,  7.93it/s] 38%|███▊      | 3/8 [00:00<00:00,  6.97it/s] 50%|█████     | 4/8 [00:00<00:00,  6.54it/s] 62%|██████▎   | 5/8 [00:00<00:00,  6.33it/s] 75%|███████▌  | 6/8 [00:00<00:00,  6.20it/s] 88%|████████▊ | 7/8 [00:01<00:00,  6.12it/s]100%|██████████| 8/8 [00:01<00:00,  6.07it/s]100%|██████████| 8/8 [00:01<00:00,  6.35it/s]
sending off prediction to background worker for resampling and export
done with ATLAS_r040s004_ses1

Predicting ATLAS_r040s005_ses1:
perform_everything_on_device: True
  0%|          | 0/8 [00:00<?, ?it/s] 25%|██▌       | 2/8 [00:00<00:00,  7.92it/s] 38%|███▊      | 3/8 [00:00<00:00,  6.96it/s] 50%|█████     | 4/8 [00:00<00:00,  6.55it/s] 62%|██████▎   | 5/8 [00:00<00:00,  6.32it/s] 75%|███████▌  | 6/8 [00:00<00:00,  6.20it/s] 88%|████████▊ | 7/8 [00:01<00:00,  6.11it/s]100%|██████████| 8/8 [00:01<00:00,  6.06it/s]100%|██████████| 8/8 [00:01<00:00,  6.34it/s]
sending off prediction to background worker for resampling and export
done with ATLAS_r040s005_ses1

Predicting ATLAS_r040s019_ses1:
perform_everything_on_device: True
  0%|          | 0/8 [00:00<?, ?it/s] 25%|██▌       | 2/8 [00:00<00:00,  7.95it/s] 38%|███▊      | 3/8 [00:00<00:00,  6.96it/s] 50%|█████     | 4/8 [00:00<00:00,  6.55it/s] 62%|██████▎   | 5/8 [00:00<00:00,  6.32it/s] 75%|███████▌  | 6/8 [00:00<00:00,  6.19it/s] 88%|████████▊ | 7/8 [00:01<00:00,  6.12it/s]100%|██████████| 8/8 [00:01<00:00,  6.06it/s]100%|██████████| 8/8 [00:01<00:00,  6.35it/s]
sending off prediction to background worker for resampling and export
done with ATLAS_r040s019_ses1

Predicting ATLAS_r040s029_ses1:
perform_everything_on_device: True
  0%|          | 0/8 [00:00<?, ?it/s] 25%|██▌       | 2/8 [00:00<00:00,  7.94it/s] 38%|███▊      | 3/8 [00:00<00:00,  6.97it/s] 50%|█████     | 4/8 [00:00<00:00,  6.54it/s] 62%|██████▎   | 5/8 [00:00<00:00,  6.33it/s] 75%|███████▌  | 6/8 [00:00<00:00,  6.19it/s] 88%|████████▊ | 7/8 [00:01<00:00,  6.12it/s]100%|██████████| 8/8 [00:01<00:00,  6.06it/s]100%|██████████| 8/8 [00:01<00:00,  6.35it/s]
sending off prediction to background worker for resampling and export
done with ATLAS_r040s029_ses1

Predicting ATLAS_r040s050_ses1:
perform_everything_on_device: True
  0%|          | 0/8 [00:00<?, ?it/s] 25%|██▌       | 2/8 [00:00<00:00,  7.93it/s] 38%|███▊      | 3/8 [00:00<00:00,  6.97it/s] 50%|█████     | 4/8 [00:00<00:00,  6.55it/s] 62%|██████▎   | 5/8 [00:00<00:00,  6.33it/s] 75%|███████▌  | 6/8 [00:00<00:00,  6.20it/s] 88%|████████▊ | 7/8 [00:01<00:00,  6.12it/s]100%|██████████| 8/8 [00:01<00:00,  6.07it/s]100%|██████████| 8/8 [00:01<00:00,  6.35it/s]
sending off prediction to background worker for resampling and export
done with ATLAS_r040s050_ses1

Predicting ATLAS_r040s051_ses1:
perform_everything_on_device: True
  0%|          | 0/8 [00:00<?, ?it/s] 25%|██▌       | 2/8 [00:00<00:00,  7.95it/s] 38%|███▊      | 3/8 [00:00<00:00,  6.97it/s] 50%|█████     | 4/8 [00:00<00:00,  6.56it/s] 62%|██████▎   | 5/8 [00:00<00:00,  6.33it/s] 75%|███████▌  | 6/8 [00:00<00:00,  6.20it/s] 88%|████████▊ | 7/8 [00:01<00:00,  6.12it/s]100%|██████████| 8/8 [00:01<00:00,  6.07it/s]100%|██████████| 8/8 [00:01<00:00,  6.35it/s]
sending off prediction to background worker for resampling and export
done with ATLAS_r040s051_ses1

Predicting ATLAS_r040s065_ses1:
perform_everything_on_device: True
  0%|          | 0/8 [00:00<?, ?it/s] 25%|██▌       | 2/8 [00:00<00:00,  7.94it/s] 38%|███▊      | 3/8 [00:00<00:00,  6.97it/s] 50%|█████     | 4/8 [00:00<00:00,  6.55it/s] 62%|██████▎   | 5/8 [00:00<00:00,  6.34it/s] 75%|███████▌  | 6/8 [00:00<00:00,  6.20it/s] 88%|████████▊ | 7/8 [00:01<00:00,  6.13it/s]100%|██████████| 8/8 [00:01<00:00,  6.08it/s]100%|██████████| 8/8 [00:01<00:00,  6.36it/s]
sending off prediction to background worker for resampling and export
done with ATLAS_r040s065_ses1

Predicting ATLAS_r040s067_ses1:
perform_everything_on_device: True
  0%|          | 0/8 [00:00<?, ?it/s] 25%|██▌       | 2/8 [00:00<00:00,  7.94it/s] 38%|███▊      | 3/8 [00:00<00:00,  6.97it/s] 50%|█████     | 4/8 [00:00<00:00,  6.56it/s] 62%|██████▎   | 5/8 [00:00<00:00,  6.33it/s] 75%|███████▌  | 6/8 [00:00<00:00,  6.21it/s] 88%|████████▊ | 7/8 [00:01<00:00,  6.13it/s]100%|██████████| 8/8 [00:01<00:00,  6.07it/s]100%|██████████| 8/8 [00:01<00:00,  6.35it/s]
sending off prediction to background worker for resampling and export
done with ATLAS_r040s067_ses1

Predicting ATLAS_r040s077_ses1:
perform_everything_on_device: True
  0%|          | 0/8 [00:00<?, ?it/s] 25%|██▌       | 2/8 [00:00<00:00,  7.96it/s] 38%|███▊      | 3/8 [00:00<00:00,  6.97it/s] 50%|█████     | 4/8 [00:00<00:00,  6.56it/s] 62%|██████▎   | 5/8 [00:00<00:00,  6.33it/s] 75%|███████▌  | 6/8 [00:00<00:00,  6.20it/s] 88%|████████▊ | 7/8 [00:01<00:00,  6.12it/s]100%|██████████| 8/8 [00:01<00:00,  6.07it/s]100%|██████████| 8/8 [00:01<00:00,  6.35it/s]
sending off prediction to background worker for resampling and export
done with ATLAS_r040s077_ses1

Predicting ATLAS_r040s081_ses1:
perform_everything_on_device: True
  0%|          | 0/8 [00:00<?, ?it/s] 25%|██▌       | 2/8 [00:00<00:00,  7.97it/s] 38%|███▊      | 3/8 [00:00<00:00,  6.98it/s] 50%|█████     | 4/8 [00:00<00:00,  6.56it/s] 62%|██████▎   | 5/8 [00:00<00:00,  6.34it/s] 75%|███████▌  | 6/8 [00:00<00:00,  6.20it/s] 88%|████████▊ | 7/8 [00:01<00:00,  6.13it/s]100%|██████████| 8/8 [00:01<00:00,  6.07it/s]100%|██████████| 8/8 [00:01<00:00,  6.36it/s]
sending off prediction to background worker for resampling and export
done with ATLAS_r040s081_ses1

Predicting ATLAS_r040s087_ses1:
perform_everything_on_device: True
  0%|          | 0/8 [00:00<?, ?it/s] 25%|██▌       | 2/8 [00:00<00:00,  7.95it/s] 38%|███▊      | 3/8 [00:00<00:00,  6.98it/s] 50%|█████     | 4/8 [00:00<00:00,  6.56it/s] 62%|██████▎   | 5/8 [00:00<00:00,  6.34it/s] 75%|███████▌  | 6/8 [00:00<00:00,  6.21it/s] 88%|████████▊ | 7/8 [00:01<00:00,  6.13it/s]100%|██████████| 8/8 [00:01<00:00,  6.08it/s]100%|██████████| 8/8 [00:01<00:00,  6.36it/s]
sending off prediction to background worker for resampling and export
done with ATLAS_r040s087_ses1

Predicting ATLAS_r042s001_ses1:
perform_everything_on_device: True
  0%|          | 0/8 [00:00<?, ?it/s] 25%|██▌       | 2/8 [00:00<00:00,  7.97it/s] 38%|███▊      | 3/8 [00:00<00:00,  6.98it/s] 50%|█████     | 4/8 [00:00<00:00,  6.56it/s] 62%|██████▎   | 5/8 [00:00<00:00,  6.34it/s] 75%|███████▌  | 6/8 [00:00<00:00,  6.21it/s] 88%|████████▊ | 7/8 [00:01<00:00,  6.13it/s]100%|██████████| 8/8 [00:01<00:00,  6.08it/s]100%|██████████| 8/8 [00:01<00:00,  6.36it/s]
sending off prediction to background worker for resampling and export
done with ATLAS_r042s001_ses1

Predicting ATLAS_r042s002_ses1:
perform_everything_on_device: True
  0%|          | 0/8 [00:00<?, ?it/s] 25%|██▌       | 2/8 [00:00<00:00,  7.96it/s] 38%|███▊      | 3/8 [00:00<00:00,  6.99it/s] 50%|█████     | 4/8 [00:00<00:00,  6.56it/s] 62%|██████▎   | 5/8 [00:00<00:00,  6.34it/s] 75%|███████▌  | 6/8 [00:00<00:00,  6.21it/s] 88%|████████▊ | 7/8 [00:01<00:00,  6.13it/s]100%|██████████| 8/8 [00:01<00:00,  6.08it/s]100%|██████████| 8/8 [00:01<00:00,  6.36it/s]
sending off prediction to background worker for resampling and export
done with ATLAS_r042s002_ses1

Predicting ATLAS_r042s003_ses1:
perform_everything_on_device: True
  0%|          | 0/8 [00:00<?, ?it/s] 25%|██▌       | 2/8 [00:00<00:00,  7.95it/s] 38%|███▊      | 3/8 [00:00<00:00,  6.97it/s] 50%|█████     | 4/8 [00:00<00:00,  6.56it/s] 62%|██████▎   | 5/8 [00:00<00:00,  6.33it/s] 75%|███████▌  | 6/8 [00:00<00:00,  6.20it/s] 88%|████████▊ | 7/8 [00:01<00:00,  6.12it/s]100%|██████████| 8/8 [00:01<00:00,  6.07it/s]100%|██████████| 8/8 [00:01<00:00,  6.35it/s]
sending off prediction to background worker for resampling and export
done with ATLAS_r042s003_ses1

Predicting ATLAS_r042s004_ses1:
perform_everything_on_device: True
  0%|          | 0/8 [00:00<?, ?it/s] 25%|██▌       | 2/8 [00:00<00:00,  7.95it/s] 38%|███▊      | 3/8 [00:00<00:00,  6.98it/s] 50%|█████     | 4/8 [00:00<00:00,  6.56it/s] 62%|██████▎   | 5/8 [00:00<00:00,  6.34it/s] 75%|███████▌  | 6/8 [00:00<00:00,  6.20it/s] 88%|████████▊ | 7/8 [00:01<00:00,  6.12it/s]100%|██████████| 8/8 [00:01<00:00,  6.07it/s]100%|██████████| 8/8 [00:01<00:00,  6.36it/s]
sending off prediction to background worker for resampling and export
done with ATLAS_r042s004_ses1

Predicting ATLAS_r042s005_ses1:
perform_everything_on_device: True
  0%|          | 0/8 [00:00<?, ?it/s] 25%|██▌       | 2/8 [00:00<00:00,  7.94it/s] 38%|███▊      | 3/8 [00:00<00:00,  6.97it/s] 50%|█████     | 4/8 [00:00<00:00,  6.55it/s] 62%|██████▎   | 5/8 [00:00<00:00,  6.32it/s] 75%|███████▌  | 6/8 [00:00<00:00,  6.20it/s] 88%|████████▊ | 7/8 [00:01<00:00,  6.11it/s]100%|██████████| 8/8 [00:01<00:00,  6.06it/s]100%|██████████| 8/8 [00:01<00:00,  6.35it/s]
sending off prediction to background worker for resampling and export
done with ATLAS_r042s005_ses1

Predicting ATLAS_r042s006_ses1:
perform_everything_on_device: True
  0%|          | 0/8 [00:00<?, ?it/s] 25%|██▌       | 2/8 [00:00<00:00,  7.93it/s] 38%|███▊      | 3/8 [00:00<00:00,  6.97it/s] 50%|█████     | 4/8 [00:00<00:00,  6.54it/s] 62%|██████▎   | 5/8 [00:00<00:00,  6.33it/s] 75%|███████▌  | 6/8 [00:00<00:00,  6.19it/s] 88%|████████▊ | 7/8 [00:01<00:00,  6.12it/s]100%|██████████| 8/8 [00:01<00:00,  6.06it/s]100%|██████████| 8/8 [00:01<00:00,  6.35it/s]
sending off prediction to background worker for resampling and export
done with ATLAS_r042s006_ses1

Predicting ATLAS_r042s007_ses1:
perform_everything_on_device: True
  0%|          | 0/8 [00:00<?, ?it/s] 25%|██▌       | 2/8 [00:00<00:00,  7.92it/s] 38%|███▊      | 3/8 [00:00<00:00,  6.97it/s] 50%|█████     | 4/8 [00:00<00:00,  6.54it/s] 62%|██████▎   | 5/8 [00:00<00:00,  6.32it/s] 75%|███████▌  | 6/8 [00:00<00:00,  6.19it/s] 88%|████████▊ | 7/8 [00:01<00:00,  6.11it/s]100%|██████████| 8/8 [00:01<00:00,  6.06it/s]100%|██████████| 8/8 [00:01<00:00,  6.34it/s]
sending off prediction to background worker for resampling and export
done with ATLAS_r042s007_ses1

Predicting ATLAS_r042s008_ses1:
perform_everything_on_device: True
  0%|          | 0/8 [00:00<?, ?it/s] 25%|██▌       | 2/8 [00:00<00:00,  7.93it/s] 38%|███▊      | 3/8 [00:00<00:00,  6.96it/s] 50%|█████     | 4/8 [00:00<00:00,  6.54it/s] 62%|██████▎   | 5/8 [00:00<00:00,  6.32it/s] 75%|███████▌  | 6/8 [00:00<00:00,  6.19it/s] 88%|████████▊ | 7/8 [00:01<00:00,  6.11it/s]100%|██████████| 8/8 [00:01<00:00,  6.06it/s]100%|██████████| 8/8 [00:01<00:00,  6.34it/s]
sending off prediction to background worker for resampling and export
done with ATLAS_r042s008_ses1

Predicting ATLAS_r042s009_ses1:
perform_everything_on_device: True
  0%|          | 0/8 [00:00<?, ?it/s] 25%|██▌       | 2/8 [00:00<00:00,  7.89it/s] 38%|███▊      | 3/8 [00:00<00:00,  6.94it/s] 50%|█████     | 4/8 [00:00<00:00,  6.53it/s] 62%|██████▎   | 5/8 [00:00<00:00,  6.31it/s] 75%|███████▌  | 6/8 [00:00<00:00,  6.19it/s] 88%|████████▊ | 7/8 [00:01<00:00,  6.10it/s]100%|██████████| 8/8 [00:01<00:00,  6.06it/s]100%|██████████| 8/8 [00:01<00:00,  6.33it/s]
sending off prediction to background worker for resampling and export
done with ATLAS_r042s009_ses1

Predicting ATLAS_r042s010_ses1:
perform_everything_on_device: True
  0%|          | 0/8 [00:00<?, ?it/s] 25%|██▌       | 2/8 [00:00<00:00,  7.93it/s] 38%|███▊      | 3/8 [00:00<00:00,  6.96it/s] 50%|█████     | 4/8 [00:00<00:00,  6.54it/s] 62%|██████▎   | 5/8 [00:00<00:00,  6.31it/s] 75%|███████▌  | 6/8 [00:00<00:00,  6.19it/s] 88%|████████▊ | 7/8 [00:01<00:00,  6.10it/s]100%|██████████| 8/8 [00:01<00:00,  6.05it/s]100%|██████████| 8/8 [00:01<00:00,  6.34it/s]
sending off prediction to background worker for resampling and export
done with ATLAS_r042s010_ses1

Predicting ATLAS_r042s011_ses1:
perform_everything_on_device: True
  0%|          | 0/8 [00:00<?, ?it/s] 25%|██▌       | 2/8 [00:00<00:00,  7.94it/s] 38%|███▊      | 3/8 [00:00<00:00,  6.96it/s] 50%|█████     | 4/8 [00:00<00:00,  6.54it/s] 62%|██████▎   | 5/8 [00:00<00:00,  6.31it/s] 75%|███████▌  | 6/8 [00:00<00:00,  6.18it/s] 88%|████████▊ | 7/8 [00:01<00:00,  6.10it/s]100%|██████████| 8/8 [00:01<00:00,  6.04it/s]100%|██████████| 8/8 [00:01<00:00,  6.33it/s]
sending off prediction to background worker for resampling and export
done with ATLAS_r042s011_ses1

Predicting ATLAS_r042s012_ses1:
perform_everything_on_device: True
  0%|          | 0/8 [00:00<?, ?it/s] 25%|██▌       | 2/8 [00:00<00:00,  7.92it/s] 38%|███▊      | 3/8 [00:00<00:00,  6.94it/s] 50%|█████     | 4/8 [00:00<00:00,  6.53it/s] 62%|██████▎   | 5/8 [00:00<00:00,  6.30it/s] 75%|███████▌  | 6/8 [00:00<00:00,  6.17it/s] 88%|████████▊ | 7/8 [00:01<00:00,  6.09it/s]100%|██████████| 8/8 [00:01<00:00,  6.04it/s]100%|██████████| 8/8 [00:01<00:00,  6.32it/s]
sending off prediction to background worker for resampling and export
done with ATLAS_r042s012_ses1

Predicting ATLAS_r042s013_ses1:
perform_everything_on_device: True
  0%|          | 0/8 [00:00<?, ?it/s] 25%|██▌       | 2/8 [00:00<00:00,  7.92it/s] 38%|███▊      | 3/8 [00:00<00:00,  6.94it/s] 50%|█████     | 4/8 [00:00<00:00,  6.53it/s] 62%|██████▎   | 5/8 [00:00<00:00,  6.30it/s] 75%|███████▌  | 6/8 [00:00<00:00,  6.17it/s] 88%|████████▊ | 7/8 [00:01<00:00,  6.09it/s]100%|██████████| 8/8 [00:01<00:00,  6.04it/s]100%|██████████| 8/8 [00:01<00:00,  6.32it/s]
sending off prediction to background worker for resampling and export
done with ATLAS_r042s013_ses1

Predicting ATLAS_r042s014_ses1:
perform_everything_on_device: True
  0%|          | 0/8 [00:00<?, ?it/s] 25%|██▌       | 2/8 [00:00<00:00,  7.92it/s] 38%|███▊      | 3/8 [00:00<00:00,  6.94it/s] 50%|█████     | 4/8 [00:00<00:00,  6.52it/s] 62%|██████▎   | 5/8 [00:00<00:00,  6.30it/s] 75%|███████▌  | 6/8 [00:00<00:00,  6.17it/s] 88%|████████▊ | 7/8 [00:01<00:00,  6.09it/s]100%|██████████| 8/8 [00:01<00:00,  6.04it/s]100%|██████████| 8/8 [00:01<00:00,  6.32it/s]
sending off prediction to background worker for resampling and export
done with ATLAS_r042s014_ses1

Predicting ATLAS_r042s015_ses1:
perform_everything_on_device: True
  0%|          | 0/8 [00:00<?, ?it/s] 25%|██▌       | 2/8 [00:00<00:00,  7.92it/s] 38%|███▊      | 3/8 [00:00<00:00,  6.94it/s] 50%|█████     | 4/8 [00:00<00:00,  6.53it/s] 62%|██████▎   | 5/8 [00:00<00:00,  6.30it/s] 75%|███████▌  | 6/8 [00:00<00:00,  6.17it/s] 88%|████████▊ | 7/8 [00:01<00:00,  6.09it/s]100%|██████████| 8/8 [00:01<00:00,  6.04it/s]100%|██████████| 8/8 [00:01<00:00,  6.32it/s]
sending off prediction to background worker for resampling and export
done with ATLAS_r042s015_ses1

Predicting ATLAS_r042s016_ses1:
perform_everything_on_device: True
  0%|          | 0/8 [00:00<?, ?it/s] 25%|██▌       | 2/8 [00:00<00:00,  7.92it/s] 38%|███▊      | 3/8 [00:00<00:00,  6.94it/s] 50%|█████     | 4/8 [00:00<00:00,  6.52it/s] 62%|██████▎   | 5/8 [00:00<00:00,  6.29it/s] 75%|███████▌  | 6/8 [00:00<00:00,  6.17it/s] 88%|████████▊ | 7/8 [00:01<00:00,  6.09it/s]100%|██████████| 8/8 [00:01<00:00,  6.04it/s]100%|██████████| 8/8 [00:01<00:00,  6.32it/s]
sending off prediction to background worker for resampling and export
done with ATLAS_r042s016_ses1

Predicting ATLAS_r042s017_ses1:
perform_everything_on_device: True
  0%|          | 0/4 [00:00<?, ?it/s] 50%|█████     | 2/4 [00:00<00:00,  7.93it/s] 75%|███████▌  | 3/4 [00:00<00:00,  6.96it/s]100%|██████████| 4/4 [00:00<00:00,  6.54it/s]100%|██████████| 4/4 [00:00<00:00,  6.79it/s]
sending off prediction to background worker for resampling and export
done with ATLAS_r042s017_ses1

Predicting ATLAS_r042s018_ses1:
perform_everything_on_device: True
  0%|          | 0/8 [00:00<?, ?it/s] 25%|██▌       | 2/8 [00:00<00:00,  7.93it/s] 38%|███▊      | 3/8 [00:00<00:00,  6.95it/s] 50%|█████     | 4/8 [00:00<00:00,  6.53it/s] 62%|██████▎   | 5/8 [00:00<00:00,  6.30it/s] 75%|███████▌  | 6/8 [00:00<00:00,  6.17it/s] 88%|████████▊ | 7/8 [00:01<00:00,  6.10it/s]100%|██████████| 8/8 [00:01<00:00,  6.04it/s]100%|██████████| 8/8 [00:01<00:00,  6.33it/s]
sending off prediction to background worker for resampling and export
done with ATLAS_r042s018_ses1

Predicting ATLAS_r042s019_ses1:
perform_everything_on_device: True
  0%|          | 0/8 [00:00<?, ?it/s] 25%|██▌       | 2/8 [00:00<00:00,  7.92it/s] 38%|███▊      | 3/8 [00:00<00:00,  6.95it/s] 50%|█████     | 4/8 [00:00<00:00,  6.53it/s] 62%|██████▎   | 5/8 [00:00<00:00,  6.31it/s] 75%|███████▌  | 6/8 [00:00<00:00,  6.17it/s] 88%|████████▊ | 7/8 [00:01<00:00,  6.10it/s]100%|██████████| 8/8 [00:01<00:00,  6.04it/s]100%|██████████| 8/8 [00:01<00:00,  6.33it/s]
sending off prediction to background worker for resampling and export
done with ATLAS_r042s019_ses1

Predicting ATLAS_r042s020_ses1:
perform_everything_on_device: True
  0%|          | 0/8 [00:00<?, ?it/s] 25%|██▌       | 2/8 [00:00<00:00,  7.91it/s] 38%|███▊      | 3/8 [00:00<00:00,  6.95it/s] 50%|█████     | 4/8 [00:00<00:00,  6.52it/s] 62%|██████▎   | 5/8 [00:00<00:00,  6.31it/s] 75%|███████▌  | 6/8 [00:00<00:00,  6.17it/s] 88%|████████▊ | 7/8 [00:01<00:00,  6.10it/s]100%|██████████| 8/8 [00:01<00:00,  6.04it/s]100%|██████████| 8/8 [00:01<00:00,  6.33it/s]
sending off prediction to background worker for resampling and export
done with ATLAS_r042s020_ses1

Predicting ATLAS_r042s021_ses1:
perform_everything_on_device: True
  0%|          | 0/8 [00:00<?, ?it/s] 25%|██▌       | 2/8 [00:00<00:00,  7.92it/s] 38%|███▊      | 3/8 [00:00<00:00,  6.95it/s] 50%|█████     | 4/8 [00:00<00:00,  6.53it/s] 62%|██████▎   | 5/8 [00:00<00:00,  6.31it/s] 75%|███████▌  | 6/8 [00:00<00:00,  6.18it/s] 88%|████████▊ | 7/8 [00:01<00:00,  6.10it/s]100%|██████████| 8/8 [00:01<00:00,  6.05it/s]100%|██████████| 8/8 [00:01<00:00,  6.33it/s]
sending off prediction to background worker for resampling and export
done with ATLAS_r042s021_ses1

Predicting ATLAS_r042s022_ses1:
perform_everything_on_device: True
  0%|          | 0/8 [00:00<?, ?it/s] 25%|██▌       | 2/8 [00:00<00:00,  7.92it/s] 38%|███▊      | 3/8 [00:00<00:00,  6.96it/s] 50%|█████     | 4/8 [00:00<00:00,  6.53it/s] 62%|██████▎   | 5/8 [00:00<00:00,  6.32it/s] 75%|███████▌  | 6/8 [00:00<00:00,  6.18it/s] 88%|████████▊ | 7/8 [00:01<00:00,  6.10it/s]100%|██████████| 8/8 [00:01<00:00,  6.05it/s]100%|██████████| 8/8 [00:01<00:00,  6.33it/s]
sending off prediction to background worker for resampling and export
done with ATLAS_r042s022_ses1

Predicting ATLAS_r042s023_ses1:
perform_everything_on_device: True
  0%|          | 0/8 [00:00<?, ?it/s] 25%|██▌       | 2/8 [00:00<00:00,  7.91it/s] 38%|███▊      | 3/8 [00:00<00:00,  6.95it/s] 50%|█████     | 4/8 [00:00<00:00,  6.53it/s] 62%|██████▎   | 5/8 [00:00<00:00,  6.32it/s] 75%|███████▌  | 6/8 [00:00<00:00,  6.19it/s] 88%|████████▊ | 7/8 [00:01<00:00,  6.11it/s]100%|██████████| 8/8 [00:01<00:00,  6.06it/s]100%|██████████| 8/8 [00:01<00:00,  6.34it/s]
sending off prediction to background worker for resampling and export
done with ATLAS_r042s023_ses1

Predicting ATLAS_r042s024_ses1:
perform_everything_on_device: True
  0%|          | 0/8 [00:00<?, ?it/s] 25%|██▌       | 2/8 [00:00<00:00,  7.89it/s] 38%|███▊      | 3/8 [00:00<00:00,  6.94it/s] 50%|█████     | 4/8 [00:00<00:00,  6.53it/s] 62%|██████▎   | 5/8 [00:00<00:00,  6.31it/s] 75%|███████▌  | 6/8 [00:00<00:00,  6.19it/s] 88%|████████▊ | 7/8 [00:01<00:00,  6.11it/s]100%|██████████| 8/8 [00:01<00:00,  6.06it/s]100%|██████████| 8/8 [00:01<00:00,  6.34it/s]
sending off prediction to background worker for resampling and export
done with ATLAS_r042s024_ses1

Predicting ATLAS_r042s025_ses1:
perform_everything_on_device: True
  0%|          | 0/8 [00:00<?, ?it/s] 25%|██▌       | 2/8 [00:00<00:00,  7.94it/s] 38%|███▊      | 3/8 [00:00<00:00,  6.96it/s] 50%|█████     | 4/8 [00:00<00:00,  6.55it/s] 62%|██████▎   | 5/8 [00:00<00:00,  6.32it/s] 75%|███████▌  | 6/8 [00:00<00:00,  6.19it/s] 88%|████████▊ | 7/8 [00:01<00:00,  6.11it/s]100%|██████████| 8/8 [00:01<00:00,  6.06it/s]100%|██████████| 8/8 [00:01<00:00,  6.34it/s]
sending off prediction to background worker for resampling and export
done with ATLAS_r042s025_ses1

Predicting ATLAS_r042s027_ses1:
perform_everything_on_device: True
  0%|          | 0/8 [00:00<?, ?it/s] 25%|██▌       | 2/8 [00:00<00:00,  7.94it/s] 38%|███▊      | 3/8 [00:00<00:00,  6.96it/s] 50%|█████     | 4/8 [00:00<00:00,  6.55it/s] 62%|██████▎   | 5/8 [00:00<00:00,  6.32it/s] 75%|███████▌  | 6/8 [00:00<00:00,  6.19it/s] 88%|████████▊ | 7/8 [00:01<00:00,  6.11it/s]100%|██████████| 8/8 [00:01<00:00,  6.06it/s]100%|██████████| 8/8 [00:01<00:00,  6.34it/s]
sending off prediction to background worker for resampling and export
done with ATLAS_r042s027_ses1

Predicting ATLAS_r042s028_ses1:
perform_everything_on_device: True
  0%|          | 0/8 [00:00<?, ?it/s] 25%|██▌       | 2/8 [00:00<00:00,  7.89it/s] 38%|███▊      | 3/8 [00:00<00:00,  6.95it/s] 50%|█████     | 4/8 [00:00<00:00,  6.54it/s] 62%|██████▎   | 5/8 [00:00<00:00,  6.32it/s] 75%|███████▌  | 6/8 [00:00<00:00,  6.19it/s] 88%|████████▊ | 7/8 [00:01<00:00,  6.12it/s]100%|██████████| 8/8 [00:01<00:00,  6.06it/s]100%|██████████| 8/8 [00:01<00:00,  6.34it/s]
sending off prediction to background worker for resampling and export
done with ATLAS_r042s028_ses1

Predicting ATLAS_r042s029_ses1:
perform_everything_on_device: True
  0%|          | 0/8 [00:00<?, ?it/s] 25%|██▌       | 2/8 [00:00<00:00,  7.93it/s] 38%|███▊      | 3/8 [00:00<00:00,  6.97it/s] 50%|█████     | 4/8 [00:00<00:00,  6.55it/s] 62%|██████▎   | 5/8 [00:00<00:00,  6.33it/s] 75%|███████▌  | 6/8 [00:00<00:00,  6.19it/s] 88%|████████▊ | 7/8 [00:01<00:00,  6.11it/s]100%|██████████| 8/8 [00:01<00:00,  6.07it/s]100%|██████████| 8/8 [00:01<00:00,  6.35it/s]
sending off prediction to background worker for resampling and export
done with ATLAS_r042s029_ses1

Predicting ATLAS_r042s030_ses1:
perform_everything_on_device: True
  0%|          | 0/8 [00:00<?, ?it/s] 25%|██▌       | 2/8 [00:00<00:00,  7.94it/s] 38%|███▊      | 3/8 [00:00<00:00,  6.97it/s] 50%|█████     | 4/8 [00:00<00:00,  6.55it/s] 62%|██████▎   | 5/8 [00:00<00:00,  6.32it/s] 75%|███████▌  | 6/8 [00:00<00:00,  6.20it/s] 88%|████████▊ | 7/8 [00:01<00:00,  6.12it/s]100%|██████████| 8/8 [00:01<00:00,  6.07it/s]100%|██████████| 8/8 [00:01<00:00,  6.35it/s]
sending off prediction to background worker for resampling and export
done with ATLAS_r042s030_ses1

Predicting ATLAS_r042s031_ses1:
perform_everything_on_device: True
  0%|          | 0/8 [00:00<?, ?it/s] 25%|██▌       | 2/8 [00:00<00:00,  7.96it/s] 38%|███▊      | 3/8 [00:00<00:00,  6.98it/s] 50%|█████     | 4/8 [00:00<00:00,  6.56it/s] 62%|██████▎   | 5/8 [00:00<00:00,  6.33it/s] 75%|███████▌  | 6/8 [00:00<00:00,  6.20it/s] 88%|████████▊ | 7/8 [00:01<00:00,  6.12it/s]100%|██████████| 8/8 [00:01<00:00,  6.07it/s]100%|██████████| 8/8 [00:01<00:00,  6.35it/s]
sending off prediction to background worker for resampling and export
done with ATLAS_r042s031_ses1

Predicting ATLAS_r042s032_ses1:
perform_everything_on_device: True
  0%|          | 0/8 [00:00<?, ?it/s] 25%|██▌       | 2/8 [00:00<00:00,  7.93it/s] 38%|███▊      | 3/8 [00:00<00:00,  6.97it/s] 50%|█████     | 4/8 [00:00<00:00,  6.55it/s] 62%|██████▎   | 5/8 [00:00<00:00,  6.33it/s] 75%|███████▌  | 6/8 [00:00<00:00,  6.20it/s] 88%|████████▊ | 7/8 [00:01<00:00,  6.12it/s]100%|██████████| 8/8 [00:01<00:00,  6.08it/s]100%|██████████| 8/8 [00:01<00:00,  6.35it/s]
sending off prediction to background worker for resampling and export
done with ATLAS_r042s032_ses1

Predicting ATLAS_r042s033_ses1:
perform_everything_on_device: True
  0%|          | 0/8 [00:00<?, ?it/s] 25%|██▌       | 2/8 [00:00<00:00,  7.94it/s] 38%|███▊      | 3/8 [00:00<00:00,  6.97it/s] 50%|█████     | 4/8 [00:00<00:00,  6.56it/s] 62%|██████▎   | 5/8 [00:00<00:00,  6.33it/s] 75%|███████▌  | 6/8 [00:00<00:00,  6.20it/s] 88%|████████▊ | 7/8 [00:01<00:00,  6.13it/s]100%|██████████| 8/8 [00:01<00:00,  6.07it/s]100%|██████████| 8/8 [00:01<00:00,  6.36it/s]
sending off prediction to background worker for resampling and export
done with ATLAS_r042s033_ses1

Predicting ATLAS_r042s034_ses1:
perform_everything_on_device: True
  0%|          | 0/8 [00:00<?, ?it/s] 25%|██▌       | 2/8 [00:00<00:00,  7.95it/s] 38%|███▊      | 3/8 [00:00<00:00,  6.98it/s] 50%|█████     | 4/8 [00:00<00:00,  6.56it/s] 62%|██████▎   | 5/8 [00:00<00:00,  6.34it/s] 75%|███████▌  | 6/8 [00:00<00:00,  6.20it/s] 88%|████████▊ | 7/8 [00:01<00:00,  6.12it/s]100%|██████████| 8/8 [00:01<00:00,  6.07it/s]100%|██████████| 8/8 [00:01<00:00,  6.36it/s]
sending off prediction to background worker for resampling and export
done with ATLAS_r042s034_ses1

Predicting ATLAS_r042s035_ses1:
perform_everything_on_device: True
  0%|          | 0/8 [00:00<?, ?it/s] 25%|██▌       | 2/8 [00:00<00:00,  7.95it/s] 38%|███▊      | 3/8 [00:00<00:00,  6.99it/s] 50%|█████     | 4/8 [00:00<00:00,  6.56it/s] 62%|██████▎   | 5/8 [00:00<00:00,  6.34it/s] 75%|███████▌  | 6/8 [00:00<00:00,  6.21it/s] 88%|████████▊ | 7/8 [00:01<00:00,  6.13it/s]100%|██████████| 8/8 [00:01<00:00,  6.08it/s]100%|██████████| 8/8 [00:01<00:00,  6.36it/s]
sending off prediction to background worker for resampling and export
done with ATLAS_r042s035_ses1

Predicting ATLAS_r042s036_ses1:
perform_everything_on_device: True
  0%|          | 0/8 [00:00<?, ?it/s] 25%|██▌       | 2/8 [00:00<00:00,  7.95it/s] 38%|███▊      | 3/8 [00:00<00:00,  6.98it/s] 50%|█████     | 4/8 [00:00<00:00,  6.57it/s] 62%|██████▎   | 5/8 [00:00<00:00,  6.34it/s] 75%|███████▌  | 6/8 [00:00<00:00,  6.21it/s] 88%|████████▊ | 7/8 [00:01<00:00,  6.13it/s]100%|██████████| 8/8 [00:01<00:00,  6.08it/s]100%|██████████| 8/8 [00:01<00:00,  6.36it/s]
sending off prediction to background worker for resampling and export
done with ATLAS_r042s036_ses1

Predicting ATLAS_r044s002_ses1:
perform_everything_on_device: True
  0%|          | 0/8 [00:00<?, ?it/s] 25%|██▌       | 2/8 [00:00<00:00,  7.96it/s] 38%|███▊      | 3/8 [00:00<00:00,  6.98it/s] 50%|█████     | 4/8 [00:00<00:00,  6.57it/s] 62%|██████▎   | 5/8 [00:00<00:00,  6.35it/s] 75%|███████▌  | 6/8 [00:00<00:00,  6.22it/s] 88%|████████▊ | 7/8 [00:01<00:00,  6.14it/s]100%|██████████| 8/8 [00:01<00:00,  6.08it/s]100%|██████████| 8/8 [00:01<00:00,  6.37it/s]
sending off prediction to background worker for resampling and export
done with ATLAS_r044s002_ses1

Predicting ATLAS_r047s022_ses1:
perform_everything_on_device: True
  0%|          | 0/8 [00:00<?, ?it/s] 25%|██▌       | 2/8 [00:00<00:00,  7.94it/s] 38%|███▊      | 3/8 [00:00<00:00,  6.99it/s] 50%|█████     | 4/8 [00:00<00:00,  6.57it/s] 62%|██████▎   | 5/8 [00:00<00:00,  6.35it/s] 75%|███████▌  | 6/8 [00:00<00:00,  6.22it/s] 88%|████████▊ | 7/8 [00:01<00:00,  6.13it/s]100%|██████████| 8/8 [00:01<00:00,  6.08it/s]100%|██████████| 8/8 [00:01<00:00,  6.37it/s]
sending off prediction to background worker for resampling and export
done with ATLAS_r047s022_ses1

Predicting ATLAS_r047s038_ses1:
perform_everything_on_device: True
  0%|          | 0/4 [00:00<?, ?it/s] 50%|█████     | 2/4 [00:00<00:00,  7.96it/s] 75%|███████▌  | 3/4 [00:00<00:00,  7.00it/s]100%|██████████| 4/4 [00:00<00:00,  6.58it/s]100%|██████████| 4/4 [00:00<00:00,  6.83it/s]
sending off prediction to background worker for resampling and export
done with ATLAS_r047s038_ses1

Predicting ATLAS_r047s040_ses1:
perform_everything_on_device: True
  0%|          | 0/8 [00:00<?, ?it/s] 25%|██▌       | 2/8 [00:00<00:00,  7.96it/s] 38%|███▊      | 3/8 [00:00<00:00,  6.97it/s] 50%|█████     | 4/8 [00:00<00:00,  6.56it/s] 62%|██████▎   | 5/8 [00:00<00:00,  6.33it/s] 75%|███████▌  | 6/8 [00:00<00:00,  6.20it/s] 88%|████████▊ | 7/8 [00:01<00:00,  6.12it/s]100%|██████████| 8/8 [00:01<00:00,  6.07it/s]100%|██████████| 8/8 [00:01<00:00,  6.36it/s]
sending off prediction to background worker for resampling and export
done with ATLAS_r047s040_ses1

Predicting ATLAS_r047s041_ses1:
perform_everything_on_device: True
  0%|          | 0/8 [00:00<?, ?it/s] 25%|██▌       | 2/8 [00:00<00:00,  7.95it/s] 38%|███▊      | 3/8 [00:00<00:00,  6.98it/s] 50%|█████     | 4/8 [00:00<00:00,  6.56it/s] 62%|██████▎   | 5/8 [00:00<00:00,  6.34it/s] 75%|███████▌  | 6/8 [00:00<00:00,  6.20it/s] 88%|████████▊ | 7/8 [00:01<00:00,  6.12it/s]100%|██████████| 8/8 [00:01<00:00,  6.07it/s]100%|██████████| 8/8 [00:01<00:00,  6.36it/s]
sending off prediction to background worker for resampling and export
done with ATLAS_r047s041_ses1

Predicting ATLAS_r047s042_ses1:
perform_everything_on_device: True
  0%|          | 0/8 [00:00<?, ?it/s] 25%|██▌       | 2/8 [00:00<00:00,  7.94it/s] 38%|███▊      | 3/8 [00:00<00:00,  6.98it/s] 50%|█████     | 4/8 [00:00<00:00,  6.56it/s] 62%|██████▎   | 5/8 [00:00<00:00,  6.33it/s] 75%|███████▌  | 6/8 [00:00<00:00,  6.21it/s] 88%|████████▊ | 7/8 [00:01<00:00,  6.12it/s]100%|██████████| 8/8 [00:01<00:00,  6.07it/s]100%|██████████| 8/8 [00:01<00:00,  6.36it/s]
sending off prediction to background worker for resampling and export
done with ATLAS_r047s042_ses1

Predicting ATLAS_r047s046_ses1:
perform_everything_on_device: True
  0%|          | 0/8 [00:00<?, ?it/s] 25%|██▌       | 2/8 [00:00<00:00,  7.96it/s] 38%|███▊      | 3/8 [00:00<00:00,  6.98it/s] 50%|█████     | 4/8 [00:00<00:00,  6.56it/s] 62%|██████▎   | 5/8 [00:00<00:00,  6.34it/s] 75%|███████▌  | 6/8 [00:00<00:00,  6.21it/s] 88%|████████▊ | 7/8 [00:01<00:00,  6.13it/s]100%|██████████| 8/8 [00:01<00:00,  6.08it/s]100%|██████████| 8/8 [00:01<00:00,  6.36it/s]
sending off prediction to background worker for resampling and export
done with ATLAS_r047s046_ses1

Predicting ATLAS_r048s010_ses1:
perform_everything_on_device: True
  0%|          | 0/8 [00:00<?, ?it/s] 25%|██▌       | 2/8 [00:00<00:00,  7.93it/s] 38%|███▊      | 3/8 [00:00<00:00,  6.97it/s] 50%|█████     | 4/8 [00:00<00:00,  6.55it/s] 62%|██████▎   | 5/8 [00:00<00:00,  6.33it/s] 75%|███████▌  | 6/8 [00:00<00:00,  6.20it/s] 88%|████████▊ | 7/8 [00:01<00:00,  6.12it/s]100%|██████████| 8/8 [00:01<00:00,  6.07it/s]100%|██████████| 8/8 [00:01<00:00,  6.35it/s]
sending off prediction to background worker for resampling and export
done with ATLAS_r048s010_ses1

Predicting ATLAS_r048s025_ses1:
perform_everything_on_device: True
  0%|          | 0/8 [00:00<?, ?it/s] 25%|██▌       | 2/8 [00:00<00:00,  7.93it/s] 38%|███▊      | 3/8 [00:00<00:00,  6.96it/s] 50%|█████     | 4/8 [00:00<00:00,  6.55it/s] 62%|██████▎   | 5/8 [00:00<00:00,  6.32it/s] 75%|███████▌  | 6/8 [00:00<00:00,  6.20it/s] 88%|████████▊ | 7/8 [00:01<00:00,  6.12it/s]100%|██████████| 8/8 [00:01<00:00,  6.06it/s]100%|██████████| 8/8 [00:01<00:00,  6.35it/s]
sending off prediction to background worker for resampling and export
done with ATLAS_r048s025_ses1

Predicting ATLAS_r048s031_ses1:
perform_everything_on_device: True
  0%|          | 0/8 [00:00<?, ?it/s] 25%|██▌       | 2/8 [00:00<00:00,  7.94it/s] 38%|███▊      | 3/8 [00:00<00:00,  6.96it/s] 50%|█████     | 4/8 [00:00<00:00,  6.55it/s] 62%|██████▎   | 5/8 [00:00<00:00,  6.33it/s] 75%|███████▌  | 6/8 [00:00<00:00,  6.20it/s] 88%|████████▊ | 7/8 [00:01<00:00,  6.12it/s]100%|██████████| 8/8 [00:01<00:00,  6.06it/s]100%|██████████| 8/8 [00:01<00:00,  6.35it/s]
sending off prediction to background worker for resampling and export
done with ATLAS_r048s031_ses1

Predicting ATLAS_r049s009_ses1:
perform_everything_on_device: True
  0%|          | 0/8 [00:00<?, ?it/s] 25%|██▌       | 2/8 [00:00<00:00,  7.93it/s] 38%|███▊      | 3/8 [00:00<00:00,  6.96it/s] 50%|█████     | 4/8 [00:00<00:00,  6.54it/s] 62%|██████▎   | 5/8 [00:00<00:00,  6.32it/s] 75%|███████▌  | 6/8 [00:00<00:00,  6.18it/s] 88%|████████▊ | 7/8 [00:01<00:00,  6.11it/s]100%|██████████| 8/8 [00:01<00:00,  6.06it/s]100%|██████████| 8/8 [00:01<00:00,  6.34it/s]
sending off prediction to background worker for resampling and export
done with ATLAS_r049s009_ses1

Predicting ATLAS_r049s023_ses1:
perform_everything_on_device: True
  0%|          | 0/8 [00:00<?, ?it/s] 25%|██▌       | 2/8 [00:00<00:00,  7.92it/s] 38%|███▊      | 3/8 [00:00<00:00,  6.96it/s] 50%|█████     | 4/8 [00:00<00:00,  6.54it/s] 62%|██████▎   | 5/8 [00:00<00:00,  6.31it/s] 75%|███████▌  | 6/8 [00:00<00:00,  6.18it/s] 88%|████████▊ | 7/8 [00:01<00:00,  6.10it/s]100%|██████████| 8/8 [00:01<00:00,  6.05it/s]100%|██████████| 8/8 [00:01<00:00,  6.33it/s]
sending off prediction to background worker for resampling and export
done with ATLAS_r049s023_ses1

Predicting ATLAS_r050s001_ses1:
perform_everything_on_device: True
  0%|          | 0/8 [00:00<?, ?it/s] 25%|██▌       | 2/8 [00:00<00:00,  7.92it/s] 38%|███▊      | 3/8 [00:00<00:00,  6.95it/s] 50%|█████     | 4/8 [00:00<00:00,  6.54it/s] 62%|██████▎   | 5/8 [00:00<00:00,  6.31it/s] 75%|███████▌  | 6/8 [00:00<00:00,  6.18it/s] 88%|████████▊ | 7/8 [00:01<00:00,  6.10it/s]100%|██████████| 8/8 [00:01<00:00,  6.05it/s]100%|██████████| 8/8 [00:01<00:00,  6.33it/s]
sending off prediction to background worker for resampling and export
done with ATLAS_r050s001_ses1

Predicting ATLAS_r050s008_ses1:
perform_everything_on_device: True
  0%|          | 0/8 [00:00<?, ?it/s] 25%|██▌       | 2/8 [00:00<00:00,  7.93it/s] 38%|███▊      | 3/8 [00:00<00:00,  6.95it/s] 50%|█████     | 4/8 [00:00<00:00,  6.53it/s] 62%|██████▎   | 5/8 [00:00<00:00,  6.31it/s] 75%|███████▌  | 6/8 [00:00<00:00,  6.18it/s] 88%|████████▊ | 7/8 [00:01<00:00,  6.10it/s]100%|██████████| 8/8 [00:01<00:00,  6.04it/s]100%|██████████| 8/8 [00:01<00:00,  6.33it/s]
sending off prediction to background worker for resampling and export
done with ATLAS_r050s008_ses1

Predicting ATLAS_r050s009_ses1:
perform_everything_on_device: True
  0%|          | 0/8 [00:00<?, ?it/s] 25%|██▌       | 2/8 [00:00<00:00,  7.92it/s] 38%|███▊      | 3/8 [00:00<00:00,  6.95it/s] 50%|█████     | 4/8 [00:00<00:00,  6.53it/s] 62%|██████▎   | 5/8 [00:00<00:00,  6.31it/s] 75%|███████▌  | 6/8 [00:00<00:00,  6.18it/s] 88%|████████▊ | 7/8 [00:01<00:00,  6.10it/s]100%|██████████| 8/8 [00:01<00:00,  6.05it/s]100%|██████████| 8/8 [00:01<00:00,  6.33it/s]
sending off prediction to background worker for resampling and export
done with ATLAS_r050s009_ses1

Predicting ATLAS_r052s001_ses1:
perform_everything_on_device: True
  0%|          | 0/8 [00:00<?, ?it/s] 25%|██▌       | 2/8 [00:00<00:00,  7.90it/s] 38%|███▊      | 3/8 [00:00<00:00,  6.94it/s] 50%|█████     | 4/8 [00:00<00:00,  6.52it/s] 62%|██████▎   | 5/8 [00:00<00:00,  6.30it/s] 75%|███████▌  | 6/8 [00:00<00:00,  6.17it/s] 88%|████████▊ | 7/8 [00:01<00:00,  6.10it/s]100%|██████████| 8/8 [00:01<00:00,  6.04it/s]100%|██████████| 8/8 [00:01<00:00,  6.32it/s]
sending off prediction to background worker for resampling and export
done with ATLAS_r052s001_ses1

Predicting ATLAS_r052s011_ses1:
perform_everything_on_device: True
  0%|          | 0/8 [00:00<?, ?it/s] 25%|██▌       | 2/8 [00:00<00:00,  7.87it/s] 38%|███▊      | 3/8 [00:00<00:00,  6.92it/s] 50%|█████     | 4/8 [00:00<00:00,  6.51it/s] 62%|██████▎   | 5/8 [00:00<00:00,  6.30it/s] 75%|███████▌  | 6/8 [00:00<00:00,  6.16it/s] 88%|████████▊ | 7/8 [00:01<00:00,  6.09it/s]100%|██████████| 8/8 [00:01<00:00,  6.03it/s]100%|██████████| 8/8 [00:01<00:00,  6.31it/s]
sending off prediction to background worker for resampling and export
done with ATLAS_r052s011_ses1

Predicting ATLAS_r052s016_ses1:
perform_everything_on_device: True
  0%|          | 0/8 [00:00<?, ?it/s] 25%|██▌       | 2/8 [00:00<00:00,  7.93it/s] 38%|███▊      | 3/8 [00:00<00:00,  6.95it/s] 50%|█████     | 4/8 [00:00<00:00,  6.52it/s] 62%|██████▎   | 5/8 [00:00<00:00,  6.30it/s] 75%|███████▌  | 6/8 [00:00<00:00,  6.17it/s] 88%|████████▊ | 7/8 [00:01<00:00,  6.09it/s]100%|██████████| 8/8 [00:01<00:00,  6.04it/s]100%|██████████| 8/8 [00:01<00:00,  6.32it/s]
sending off prediction to background worker for resampling and export
done with ATLAS_r052s016_ses1

Predicting ATLAS_r053s042_ses1:
perform_everything_on_device: True
  0%|          | 0/8 [00:00<?, ?it/s] 25%|██▌       | 2/8 [00:00<00:00,  7.91it/s] 38%|███▊      | 3/8 [00:00<00:00,  6.94it/s] 50%|█████     | 4/8 [00:00<00:00,  6.52it/s] 62%|██████▎   | 5/8 [00:00<00:00,  6.30it/s] 75%|███████▌  | 6/8 [00:00<00:00,  6.17it/s] 88%|████████▊ | 7/8 [00:01<00:00,  6.09it/s]100%|██████████| 8/8 [00:01<00:00,  6.04it/s]100%|██████████| 8/8 [00:01<00:00,  6.32it/s]
sending off prediction to background worker for resampling and export
done with ATLAS_r053s042_ses1

Predicting ATLAS_r056s014_ses1:
perform_everything_on_device: True
  0%|          | 0/8 [00:00<?, ?it/s] 25%|██▌       | 2/8 [00:00<00:00,  7.90it/s] 38%|███▊      | 3/8 [00:00<00:00,  6.94it/s] 50%|█████     | 4/8 [00:00<00:00,  6.52it/s] 62%|██████▎   | 5/8 [00:00<00:00,  6.30it/s] 75%|███████▌  | 6/8 [00:00<00:00,  6.17it/s] 88%|████████▊ | 7/8 [00:01<00:00,  6.09it/s]100%|██████████| 8/8 [00:01<00:00,  6.04it/s]100%|██████████| 8/8 [00:01<00:00,  6.32it/s]
sending off prediction to background worker for resampling and export
done with ATLAS_r056s014_ses1

Predicting ATLAS_r057s028_ses1:
perform_everything_on_device: True
  0%|          | 0/8 [00:00<?, ?it/s] 25%|██▌       | 2/8 [00:00<00:00,  7.90it/s] 38%|███▊      | 3/8 [00:00<00:00,  6.94it/s] 50%|█████     | 4/8 [00:00<00:00,  6.53it/s] 62%|██████▎   | 5/8 [00:00<00:00,  6.31it/s] 75%|███████▌  | 6/8 [00:00<00:00,  6.18it/s] 88%|████████▊ | 7/8 [00:01<00:00,  6.10it/s]100%|██████████| 8/8 [00:01<00:00,  6.04it/s]100%|██████████| 8/8 [00:01<00:00,  6.33it/s]
sending off prediction to background worker for resampling and export
done with ATLAS_r057s028_ses1

Predicting ATLAS_r058s050_ses1:
perform_everything_on_device: True
  0%|          | 0/8 [00:00<?, ?it/s] 25%|██▌       | 2/8 [00:00<00:00,  7.91it/s] 38%|███▊      | 3/8 [00:00<00:00,  6.94it/s] 50%|█████     | 4/8 [00:00<00:00,  6.52it/s] 62%|██████▎   | 5/8 [00:00<00:00,  6.31it/s] 75%|███████▌  | 6/8 [00:00<00:00,  6.17it/s] 88%|████████▊ | 7/8 [00:01<00:00,  6.10it/s]100%|██████████| 8/8 [00:01<00:00,  6.04it/s]100%|██████████| 8/8 [00:01<00:00,  6.32it/s]
sending off prediction to background worker for resampling and export
done with ATLAS_r058s050_ses1

Predicting ATLAS_r058s053_ses1:
perform_everything_on_device: True
  0%|          | 0/8 [00:00<?, ?it/s] 25%|██▌       | 2/8 [00:00<00:00,  7.91it/s] 38%|███▊      | 3/8 [00:00<00:00,  6.95it/s] 50%|█████     | 4/8 [00:00<00:00,  6.53it/s] 62%|██████▎   | 5/8 [00:00<00:00,  6.31it/s] 75%|███████▌  | 6/8 [00:00<00:00,  6.17it/s] 88%|████████▊ | 7/8 [00:01<00:00,  6.10it/s]100%|██████████| 8/8 [00:01<00:00,  6.05it/s]100%|██████████| 8/8 [00:01<00:00,  6.33it/s]
sending off prediction to background worker for resampling and export
done with ATLAS_r058s053_ses1

Predicting ATLAS_r058s066_ses1:
perform_everything_on_device: True
  0%|          | 0/8 [00:00<?, ?it/s] 25%|██▌       | 2/8 [00:00<00:00,  7.90it/s] 38%|███▊      | 3/8 [00:00<00:00,  6.94it/s] 50%|█████     | 4/8 [00:00<00:00,  6.52it/s] 62%|██████▎   | 5/8 [00:00<00:00,  6.30it/s] 75%|███████▌  | 6/8 [00:00<00:00,  6.18it/s] 88%|████████▊ | 7/8 [00:01<00:00,  6.09it/s]100%|██████████| 8/8 [00:01<00:00,  6.05it/s]100%|██████████| 8/8 [00:01<00:00,  6.33it/s]
sending off prediction to background worker for resampling and export
done with ATLAS_r058s066_ses1

Predicting ATLAS_r059s003_ses1:
perform_everything_on_device: True
  0%|          | 0/8 [00:00<?, ?it/s] 25%|██▌       | 2/8 [00:00<00:00,  7.92it/s] 38%|███▊      | 3/8 [00:00<00:00,  6.96it/s] 50%|█████     | 4/8 [00:00<00:00,  6.54it/s] 62%|██████▎   | 5/8 [00:00<00:00,  6.32it/s] 75%|███████▌  | 6/8 [00:00<00:00,  6.19it/s] 88%|████████▊ | 7/8 [00:01<00:00,  6.11it/s]100%|██████████| 8/8 [00:01<00:00,  6.06it/s]100%|██████████| 8/8 [00:01<00:00,  6.34it/s]
sending off prediction to background worker for resampling and export
done with ATLAS_r059s003_ses1

Predicting ATLAS_r059s015_ses1:
perform_everything_on_device: True
  0%|          | 0/8 [00:00<?, ?it/s] 25%|██▌       | 2/8 [00:00<00:00,  7.93it/s] 38%|███▊      | 3/8 [00:00<00:00,  6.95it/s] 50%|█████     | 4/8 [00:00<00:00,  6.54it/s] 62%|██████▎   | 5/8 [00:00<00:00,  6.31it/s] 75%|███████▌  | 6/8 [00:00<00:00,  6.19it/s] 88%|████████▊ | 7/8 [00:01<00:00,  6.10it/s]100%|██████████| 8/8 [00:01<00:00,  6.05it/s]100%|██████████| 8/8 [00:01<00:00,  6.33it/s]
sending off prediction to background worker for resampling and export
done with ATLAS_r059s015_ses1

Predicting ATLAS_r059s029_ses1:
perform_everything_on_device: True
  0%|          | 0/8 [00:00<?, ?it/s] 25%|██▌       | 2/8 [00:00<00:00,  7.94it/s] 38%|███▊      | 3/8 [00:00<00:00,  6.96it/s] 50%|█████     | 4/8 [00:00<00:00,  6.55it/s] 62%|██████▎   | 5/8 [00:00<00:00,  6.33it/s] 75%|███████▌  | 6/8 [00:00<00:00,  6.19it/s] 88%|████████▊ | 7/8 [00:01<00:00,  6.12it/s]100%|██████████| 8/8 [00:01<00:00,  6.06it/s]100%|██████████| 8/8 [00:01<00:00,  6.35it/s]
sending off prediction to background worker for resampling and export
done with ATLAS_r059s029_ses1

Predicting ATLAS_r059s038_ses1:
perform_everything_on_device: True
  0%|          | 0/4 [00:00<?, ?it/s] 50%|█████     | 2/4 [00:00<00:00,  7.93it/s] 75%|███████▌  | 3/4 [00:00<00:00,  6.97it/s]100%|██████████| 4/4 [00:00<00:00,  6.55it/s]100%|██████████| 4/4 [00:00<00:00,  6.80it/s]
sending off prediction to background worker for resampling and export
done with ATLAS_r059s038_ses1

Predicting ATLAS_r061s010_ses1:
perform_everything_on_device: True
  0%|          | 0/8 [00:00<?, ?it/s] 25%|██▌       | 2/8 [00:00<00:00,  7.94it/s] 38%|███▊      | 3/8 [00:00<00:00,  6.97it/s] 50%|█████     | 4/8 [00:00<00:00,  6.54it/s] 62%|██████▎   | 5/8 [00:00<00:00,  6.32it/s] 75%|███████▌  | 6/8 [00:00<00:00,  6.19it/s] 88%|████████▊ | 7/8 [00:01<00:00,  6.11it/s]100%|██████████| 8/8 [00:01<00:00,  6.06it/s]100%|██████████| 8/8 [00:01<00:00,  6.34it/s]
sending off prediction to background worker for resampling and export
done with ATLAS_r061s010_ses1

Predicting ATLAS_r062s009_ses1:
perform_everything_on_device: True
  0%|          | 0/8 [00:00<?, ?it/s] 25%|██▌       | 2/8 [00:00<00:00,  7.93it/s] 38%|███▊      | 3/8 [00:00<00:00,  6.97it/s] 50%|█████     | 4/8 [00:00<00:00,  6.55it/s] 62%|██████▎   | 5/8 [00:00<00:00,  6.33it/s] 75%|███████▌  | 6/8 [00:00<00:00,  6.20it/s] 88%|████████▊ | 7/8 [00:01<00:00,  6.12it/s]100%|██████████| 8/8 [00:01<00:00,  6.07it/s]100%|██████████| 8/8 [00:01<00:00,  6.35it/s]
sending off prediction to background worker for resampling and export
done with ATLAS_r062s009_ses1

Predicting ATLAS_r062s012_ses1:
perform_everything_on_device: True
  0%|          | 0/8 [00:00<?, ?it/s] 25%|██▌       | 2/8 [00:00<00:00,  7.94it/s] 38%|███▊      | 3/8 [00:00<00:00,  6.97it/s] 50%|█████     | 4/8 [00:00<00:00,  6.56it/s] 62%|██████▎   | 5/8 [00:00<00:00,  6.33it/s] 75%|███████▌  | 6/8 [00:00<00:00,  6.20it/s] 88%|████████▊ | 7/8 [00:01<00:00,  6.12it/s]100%|██████████| 8/8 [00:01<00:00,  6.07it/s]100%|██████████| 8/8 [00:01<00:00,  6.35it/s]
sending off prediction to background worker for resampling and export
done with ATLAS_r062s012_ses1

Predicting ATLAS_r064s012_ses1:
perform_everything_on_device: True
  0%|          | 0/8 [00:00<?, ?it/s] 25%|██▌       | 2/8 [00:00<00:00,  7.94it/s] 38%|███▊      | 3/8 [00:00<00:00,  6.97it/s] 50%|█████     | 4/8 [00:00<00:00,  6.55it/s] 62%|██████▎   | 5/8 [00:00<00:00,  6.33it/s] 75%|███████▌  | 6/8 [00:00<00:00,  6.20it/s] 88%|████████▊ | 7/8 [00:01<00:00,  6.12it/s]100%|██████████| 8/8 [00:01<00:00,  6.08it/s]100%|██████████| 8/8 [00:01<00:00,  6.36it/s]
sending off prediction to background worker for resampling and export
done with ATLAS_r064s012_ses1

Predicting ATLAS_r065s008_ses1:
perform_everything_on_device: True
  0%|          | 0/8 [00:00<?, ?it/s] 25%|██▌       | 2/8 [00:00<00:00,  7.93it/s] 38%|███▊      | 3/8 [00:00<00:00,  6.97it/s] 50%|█████     | 4/8 [00:00<00:00,  6.55it/s] 62%|██████▎   | 5/8 [00:00<00:00,  6.33it/s] 75%|███████▌  | 6/8 [00:00<00:00,  6.21it/s] 88%|████████▊ | 7/8 [00:01<00:00,  6.13it/s]100%|██████████| 8/8 [00:01<00:00,  6.08it/s]100%|██████████| 8/8 [00:01<00:00,  6.36it/s]
sending off prediction to background worker for resampling and export
done with ATLAS_r065s008_ses1

Predicting ATLAS_r065s013_ses1:
perform_everything_on_device: True
  0%|          | 0/4 [00:00<?, ?it/s] 50%|█████     | 2/4 [00:00<00:00,  7.97it/s] 75%|███████▌  | 3/4 [00:00<00:00,  6.99it/s]100%|██████████| 4/4 [00:00<00:00,  6.57it/s]100%|██████████| 4/4 [00:00<00:00,  6.82it/s]
sending off prediction to background worker for resampling and export
done with ATLAS_r065s013_ses1

Predicting ATLAS_r067s019_ses1:
perform_everything_on_device: True
  0%|          | 0/8 [00:00<?, ?it/s] 25%|██▌       | 2/8 [00:00<00:00,  7.95it/s] 38%|███▊      | 3/8 [00:00<00:00,  6.99it/s] 50%|█████     | 4/8 [00:00<00:00,  6.57it/s] 62%|██████▎   | 5/8 [00:00<00:00,  6.35it/s] 75%|███████▌  | 6/8 [00:00<00:00,  6.21it/s] 88%|████████▊ | 7/8 [00:01<00:00,  6.13it/s]100%|██████████| 8/8 [00:01<00:00,  6.08it/s]100%|██████████| 8/8 [00:01<00:00,  6.37it/s]
sending off prediction to background worker for resampling and export
done with ATLAS_r067s019_ses1

Predicting ATLAS_r067s036_ses1:
perform_everything_on_device: True
  0%|          | 0/8 [00:00<?, ?it/s] 25%|██▌       | 2/8 [00:00<00:00,  7.93it/s] 38%|███▊      | 3/8 [00:00<00:00,  6.97it/s] 50%|█████     | 4/8 [00:00<00:00,  6.56it/s] 62%|██████▎   | 5/8 [00:00<00:00,  6.33it/s] 75%|███████▌  | 6/8 [00:00<00:00,  6.21it/s] 88%|████████▊ | 7/8 [00:01<00:00,  6.12it/s]100%|██████████| 8/8 [00:01<00:00,  6.07it/s]100%|██████████| 8/8 [00:01<00:00,  6.36it/s]
sending off prediction to background worker for resampling and export
done with ATLAS_r067s036_ses1

Predicting ATLAS_r067s040_ses1:
perform_everything_on_device: True
  0%|          | 0/8 [00:00<?, ?it/s] 25%|██▌       | 2/8 [00:00<00:00,  7.96it/s] 38%|███▊      | 3/8 [00:00<00:00,  6.99it/s] 50%|█████     | 4/8 [00:00<00:00,  6.56it/s] 62%|██████▎   | 5/8 [00:00<00:00,  6.34it/s] 75%|███████▌  | 6/8 [00:00<00:00,  6.21it/s] 88%|████████▊ | 7/8 [00:01<00:00,  6.13it/s]100%|██████████| 8/8 [00:01<00:00,  6.08it/s]100%|██████████| 8/8 [00:01<00:00,  6.36it/s]
sending off prediction to background worker for resampling and export
done with ATLAS_r067s040_ses1

Predicting ATLAS_r069s006_ses1:
perform_everything_on_device: True
  0%|          | 0/8 [00:00<?, ?it/s] 25%|██▌       | 2/8 [00:00<00:00,  7.95it/s] 38%|███▊      | 3/8 [00:00<00:00,  6.98it/s] 50%|█████     | 4/8 [00:00<00:00,  6.56it/s] 62%|██████▎   | 5/8 [00:00<00:00,  6.33it/s] 75%|███████▌  | 6/8 [00:00<00:00,  6.21it/s] 88%|████████▊ | 7/8 [00:01<00:00,  6.13it/s]100%|██████████| 8/8 [00:01<00:00,  6.08it/s]100%|██████████| 8/8 [00:01<00:00,  6.36it/s]
sending off prediction to background worker for resampling and export
done with ATLAS_r069s006_ses1

Predicting ATLAS_r069s010_ses1:
perform_everything_on_device: True
  0%|          | 0/8 [00:00<?, ?it/s] 25%|██▌       | 2/8 [00:00<00:00,  7.94it/s] 38%|███▊      | 3/8 [00:00<00:00,  6.98it/s] 50%|█████     | 4/8 [00:00<00:00,  6.55it/s] 62%|██████▎   | 5/8 [00:00<00:00,  6.33it/s] 75%|███████▌  | 6/8 [00:00<00:00,  6.20it/s] 88%|████████▊ | 7/8 [00:01<00:00,  6.12it/s]100%|██████████| 8/8 [00:01<00:00,  6.07it/s]100%|██████████| 8/8 [00:01<00:00,  6.35it/s]
sending off prediction to background worker for resampling and export
done with ATLAS_r069s010_ses1

Predicting ATLAS_r069s020_ses1:
perform_everything_on_device: True
  0%|          | 0/8 [00:00<?, ?it/s] 25%|██▌       | 2/8 [00:00<00:00,  7.89it/s] 38%|███▊      | 3/8 [00:00<00:00,  6.95it/s] 50%|█████     | 4/8 [00:00<00:00,  6.55it/s] 62%|██████▎   | 5/8 [00:00<00:00,  6.32it/s] 75%|███████▌  | 6/8 [00:00<00:00,  6.20it/s] 88%|████████▊ | 7/8 [00:01<00:00,  6.12it/s]100%|██████████| 8/8 [00:01<00:00,  6.07it/s]100%|██████████| 8/8 [00:01<00:00,  6.34it/s]
sending off prediction to background worker for resampling and export
done with ATLAS_r069s020_ses1

Predicting ATLAS_r069s025_ses1:
perform_everything_on_device: True
  0%|          | 0/8 [00:00<?, ?it/s] 25%|██▌       | 2/8 [00:00<00:00,  7.96it/s] 38%|███▊      | 3/8 [00:00<00:00,  6.97it/s] 50%|█████     | 4/8 [00:00<00:00,  6.55it/s] 62%|██████▎   | 5/8 [00:00<00:00,  6.33it/s] 75%|███████▌  | 6/8 [00:00<00:00,  6.20it/s] 88%|████████▊ | 7/8 [00:01<00:00,  6.12it/s]100%|██████████| 8/8 [00:01<00:00,  6.06it/s]100%|██████████| 8/8 [00:01<00:00,  6.35it/s]
sending off prediction to background worker for resampling and export
done with ATLAS_r069s025_ses1

Predicting ATLAS_r069s027_ses1:
perform_everything_on_device: True
  0%|          | 0/8 [00:00<?, ?it/s] 25%|██▌       | 2/8 [00:00<00:00,  7.93it/s] 38%|███▊      | 3/8 [00:00<00:00,  6.97it/s] 50%|█████     | 4/8 [00:00<00:00,  6.55it/s] 62%|██████▎   | 5/8 [00:00<00:00,  6.33it/s] 75%|███████▌  | 6/8 [00:00<00:00,  6.19it/s] 88%|████████▊ | 7/8 [00:01<00:00,  6.11it/s]100%|██████████| 8/8 [00:01<00:00,  6.06it/s]100%|██████████| 8/8 [00:01<00:00,  6.35it/s]
sending off prediction to background worker for resampling and export
done with ATLAS_r069s027_ses1

Predicting ATLAS_r069s032_ses1:
perform_everything_on_device: True
  0%|          | 0/8 [00:00<?, ?it/s] 25%|██▌       | 2/8 [00:00<00:00,  7.93it/s] 38%|███▊      | 3/8 [00:00<00:00,  6.97it/s] 50%|█████     | 4/8 [00:00<00:00,  6.56it/s] 62%|██████▎   | 5/8 [00:00<00:00,  6.33it/s] 75%|███████▌  | 6/8 [00:00<00:00,  6.20it/s] 88%|████████▊ | 7/8 [00:01<00:00,  6.12it/s]100%|██████████| 8/8 [00:01<00:00,  6.06it/s]100%|██████████| 8/8 [00:01<00:00,  6.35it/s]
sending off prediction to background worker for resampling and export
done with ATLAS_r069s032_ses1

Predicting ATLAS_r070s003_ses1:
perform_everything_on_device: True
  0%|          | 0/4 [00:00<?, ?it/s] 50%|█████     | 2/4 [00:00<00:00,  7.94it/s] 75%|███████▌  | 3/4 [00:00<00:00,  6.97it/s]100%|██████████| 4/4 [00:00<00:00,  6.56it/s]100%|██████████| 4/4 [00:00<00:00,  6.81it/s]
sending off prediction to background worker for resampling and export
done with ATLAS_r070s003_ses1

Predicting ATLAS_r070s004_ses1:
perform_everything_on_device: True
  0%|          | 0/8 [00:00<?, ?it/s] 25%|██▌       | 2/8 [00:00<00:00,  7.93it/s] 38%|███▊      | 3/8 [00:00<00:00,  6.96it/s] 50%|█████     | 4/8 [00:00<00:00,  6.55it/s] 62%|██████▎   | 5/8 [00:00<00:00,  6.32it/s] 75%|███████▌  | 6/8 [00:00<00:00,  6.19it/s] 88%|████████▊ | 7/8 [00:01<00:00,  6.11it/s]100%|██████████| 8/8 [00:01<00:00,  6.06it/s]100%|██████████| 8/8 [00:01<00:00,  6.34it/s]
sending off prediction to background worker for resampling and export
done with ATLAS_r070s004_ses1

Predicting ATLAS_r070s005_ses1:
perform_everything_on_device: True
  0%|          | 0/8 [00:00<?, ?it/s] 25%|██▌       | 2/8 [00:00<00:00,  7.94it/s] 38%|███▊      | 3/8 [00:00<00:00,  6.95it/s] 50%|█████     | 4/8 [00:00<00:00,  6.54it/s] 62%|██████▎   | 5/8 [00:00<00:00,  6.31it/s] 75%|███████▌  | 6/8 [00:00<00:00,  6.18it/s] 88%|████████▊ | 7/8 [00:01<00:00,  6.10it/s]100%|██████████| 8/8 [00:01<00:00,  6.05it/s]100%|██████████| 8/8 [00:01<00:00,  6.33it/s]
sending off prediction to background worker for resampling and export
done with ATLAS_r070s005_ses1

Predicting ATLAS_r070s006_ses1:
perform_everything_on_device: True
  0%|          | 0/8 [00:00<?, ?it/s] 25%|██▌       | 2/8 [00:00<00:00,  7.94it/s] 38%|███▊      | 3/8 [00:00<00:00,  6.95it/s] 50%|█████     | 4/8 [00:00<00:00,  6.54it/s] 62%|██████▎   | 5/8 [00:00<00:00,  6.32it/s] 75%|███████▌  | 6/8 [00:00<00:00,  6.18it/s] 88%|████████▊ | 7/8 [00:01<00:00,  6.11it/s]100%|██████████| 8/8 [00:01<00:00,  6.05it/s]100%|██████████| 8/8 [00:01<00:00,  6.34it/s]
sending off prediction to background worker for resampling and export
done with ATLAS_r070s006_ses1

Predicting ATLAS_r070s007_ses1:
perform_everything_on_device: True
  0%|          | 0/8 [00:00<?, ?it/s] 25%|██▌       | 2/8 [00:00<00:00,  7.92it/s] 38%|███▊      | 3/8 [00:00<00:00,  6.95it/s] 50%|█████     | 4/8 [00:00<00:00,  6.54it/s] 62%|██████▎   | 5/8 [00:00<00:00,  6.32it/s] 75%|███████▌  | 6/8 [00:00<00:00,  6.18it/s] 88%|████████▊ | 7/8 [00:01<00:00,  6.11it/s]100%|██████████| 8/8 [00:01<00:00,  6.05it/s]100%|██████████| 8/8 [00:01<00:00,  6.33it/s]
sending off prediction to background worker for resampling and export
done with ATLAS_r070s007_ses1

Predicting ATLAS_r070s008_ses1:
perform_everything_on_device: True
  0%|          | 0/8 [00:00<?, ?it/s] 25%|██▌       | 2/8 [00:00<00:00,  7.92it/s] 38%|███▊      | 3/8 [00:00<00:00,  6.94it/s] 50%|█████     | 4/8 [00:00<00:00,  6.53it/s] 62%|██████▎   | 5/8 [00:00<00:00,  6.30it/s] 75%|███████▌  | 6/8 [00:00<00:00,  6.17it/s] 88%|████████▊ | 7/8 [00:01<00:00,  6.09it/s]100%|██████████| 8/8 [00:01<00:00,  6.04it/s]100%|██████████| 8/8 [00:01<00:00,  6.32it/s]
sending off prediction to background worker for resampling and export
done with ATLAS_r070s008_ses1

Predicting ATLAS_r070s009_ses1:
perform_everything_on_device: True
  0%|          | 0/8 [00:00<?, ?it/s] 25%|██▌       | 2/8 [00:00<00:00,  7.92it/s] 38%|███▊      | 3/8 [00:00<00:00,  6.94it/s] 50%|█████     | 4/8 [00:00<00:00,  6.53it/s] 62%|██████▎   | 5/8 [00:00<00:00,  6.30it/s] 75%|███████▌  | 6/8 [00:00<00:00,  6.17it/s] 88%|████████▊ | 7/8 [00:01<00:00,  6.10it/s]100%|██████████| 8/8 [00:01<00:00,  6.04it/s]100%|██████████| 8/8 [00:01<00:00,  6.32it/s]
sending off prediction to background worker for resampling and export
done with ATLAS_r070s009_ses1

Predicting ATLAS_r070s010_ses1:
perform_everything_on_device: True
  0%|          | 0/8 [00:00<?, ?it/s] 25%|██▌       | 2/8 [00:00<00:00,  7.92it/s] 38%|███▊      | 3/8 [00:00<00:00,  6.94it/s] 50%|█████     | 4/8 [00:00<00:00,  6.53it/s] 62%|██████▎   | 5/8 [00:00<00:00,  6.30it/s] 75%|███████▌  | 6/8 [00:00<00:00,  6.18it/s] 88%|████████▊ | 7/8 [00:01<00:00,  6.09it/s]100%|██████████| 8/8 [00:01<00:00,  6.04it/s]100%|██████████| 8/8 [00:01<00:00,  6.33it/s]
sending off prediction to background worker for resampling and export
done with ATLAS_r070s010_ses1

Predicting ATLAS_r071s011_ses1:
perform_everything_on_device: True
  0%|          | 0/8 [00:00<?, ?it/s] 25%|██▌       | 2/8 [00:00<00:00,  7.92it/s] 38%|███▊      | 3/8 [00:00<00:00,  6.94it/s] 50%|█████     | 4/8 [00:00<00:00,  6.52it/s] 62%|██████▎   | 5/8 [00:00<00:00,  6.30it/s] 75%|███████▌  | 6/8 [00:00<00:00,  6.17it/s] 88%|████████▊ | 7/8 [00:01<00:00,  6.09it/s]100%|██████████| 8/8 [00:01<00:00,  6.04it/s]100%|██████████| 8/8 [00:01<00:00,  6.32it/s]
sending off prediction to background worker for resampling and export
done with ATLAS_r071s011_ses1

Predicting ATLAS_r071s017_ses1:
perform_everything_on_device: True
  0%|          | 0/8 [00:00<?, ?it/s] 25%|██▌       | 2/8 [00:00<00:00,  7.90it/s] 38%|███▊      | 3/8 [00:00<00:00,  6.93it/s] 50%|█████     | 4/8 [00:00<00:00,  6.53it/s] 62%|██████▎   | 5/8 [00:00<00:00,  6.30it/s] 75%|███████▌  | 6/8 [00:00<00:00,  6.17it/s] 88%|████████▊ | 7/8 [00:01<00:00,  6.09it/s]100%|██████████| 8/8 [00:01<00:00,  6.04it/s]100%|██████████| 8/8 [00:01<00:00,  6.32it/s]
sending off prediction to background worker for resampling and export
done with ATLAS_r071s017_ses1

Predicting ATLAS_r071s021_ses1:
perform_everything_on_device: True
  0%|          | 0/8 [00:00<?, ?it/s] 25%|██▌       | 2/8 [00:00<00:00,  7.91it/s] 38%|███▊      | 3/8 [00:00<00:00,  6.93it/s] 50%|█████     | 4/8 [00:00<00:00,  6.51it/s] 62%|██████▎   | 5/8 [00:00<00:00,  6.28it/s] 75%|███████▌  | 6/8 [00:00<00:00,  6.15it/s] 88%|████████▊ | 7/8 [00:01<00:00,  6.07it/s]100%|██████████| 8/8 [00:01<00:00,  6.02it/s]100%|██████████| 8/8 [00:01<00:00,  6.30it/s]
sending off prediction to background worker for resampling and export
done with ATLAS_r071s021_ses1
GPU prediction completed. Waiting for remaining segmentation exports to finish...
Collecting results:   0%|          | 0/250 [00:00<?, ?it/s]Collecting results: 100%|██████████| 250/250 [00:00<00:00, 2053.43it/s]Collecting results: 100%|██████████| 250/250 [00:00<00:00, 2049.34it/s]
Segmentation export complete.
[2026-08-19 07:15:06] --- evaluate sampling-pow-500 (val) ---
[skip] ATLAS_r001s001_ses1: prediction or ground truth missing
[skip] ATLAS_r001s002_ses1: prediction or ground truth missing
[skip] ATLAS_r001s004_ses1: prediction or ground truth missing
[skip] ATLAS_r001s005_ses1: prediction or ground truth missing
[skip] ATLAS_r001s006_ses1: prediction or ground truth missing
[skip] ATLAS_r001s007_ses1: prediction or ground truth missing
[skip] ATLAS_r001s008_ses1: prediction or ground truth missing
[skip] ATLAS_r001s009_ses1: prediction or ground truth missing
[skip] ATLAS_r001s010_ses1: prediction or ground truth missing
[skip] ATLAS_r001s011_ses1: prediction or ground truth missing
[skip] ATLAS_r001s013_ses1: prediction or ground truth missing
[skip] ATLAS_r001s014_ses1: prediction or ground truth missing
[skip] ATLAS_r001s015_ses1: prediction or ground truth missing
[skip] ATLAS_r001s016_ses1: prediction or ground truth missing
[skip] ATLAS_r001s017_ses1: prediction or ground truth missing
[skip] ATLAS_r001s018_ses1: prediction or ground truth missing
[skip] ATLAS_r001s019_ses1: prediction or ground truth missing
[skip] ATLAS_r001s020_ses1: prediction or ground truth missing
[skip] ATLAS_r001s021_ses1: prediction or ground truth missing
[skip] ATLAS_r001s022_ses1: prediction or ground truth missing
[skip] ATLAS_r001s023_ses1: prediction or ground truth missing
[skip] ATLAS_r001s024_ses1: prediction or ground truth missing
[skip] ATLAS_r001s025_ses1: prediction or ground truth missing
[skip] ATLAS_r001s026_ses1: prediction or ground truth missing
[skip] ATLAS_r001s027_ses1: prediction or ground truth missing
[skip] ATLAS_r001s028_ses1: prediction or ground truth missing
[skip] ATLAS_r001s029_ses1: prediction or ground truth missing
[skip] ATLAS_r001s030_ses1: prediction or ground truth missing
[skip] ATLAS_r001s031_ses1: prediction or ground truth missing
[skip] ATLAS_r001s032_ses1: prediction or ground truth missing
[skip] ATLAS_r001s033_ses1: prediction or ground truth missing
[skip] ATLAS_r001s034_ses1: prediction or ground truth missing
[skip] ATLAS_r001s036_ses1: prediction or ground truth missing
[skip] ATLAS_r001s037_ses1: prediction or ground truth missing
[skip] ATLAS_r001s038_ses1: prediction or ground truth missing
[skip] ATLAS_r001s039_ses1: prediction or ground truth missing
[skip] ATLAS_r001s040_ses1: prediction or ground truth missing
[skip] ATLAS_r002s001_ses1: prediction or ground truth missing
[skip] ATLAS_r002s002_ses1: prediction or ground truth missing
[skip] ATLAS_r002s004_ses1: prediction or ground truth missing
[skip] ATLAS_r002s005_ses1: prediction or ground truth missing
[skip] ATLAS_r002s006_ses1: prediction or ground truth missing
[skip] ATLAS_r002s007_ses1: prediction or ground truth missing
[skip] ATLAS_r002s008_ses1: prediction or ground truth missing
[skip] ATLAS_r002s011_ses1: prediction or ground truth missing
[skip] ATLAS_r002s012_ses1: prediction or ground truth missing
[skip] ATLAS_r003s001_ses1: prediction or ground truth missing
[skip] ATLAS_r003s002_ses1: prediction or ground truth missing
[skip] ATLAS_r003s003_ses1: prediction or ground truth missing
[skip] ATLAS_r003s004_ses1: prediction or ground truth missing
[skip] ATLAS_r003s005_ses1: prediction or ground truth missing
[skip] ATLAS_r003s006_ses1: prediction or ground truth missing
[skip] ATLAS_r003s007_ses1: prediction or ground truth missing
[skip] ATLAS_r003s010_ses1: prediction or ground truth missing
[skip] ATLAS_r003s011_ses1: prediction or ground truth missing
[skip] ATLAS_r003s012_ses1: prediction or ground truth missing
[skip] ATLAS_r003s013_ses1: prediction or ground truth missing
[skip] ATLAS_r003s014_ses1: prediction or ground truth missing
[skip] ATLAS_r003s015_ses1: prediction or ground truth missing
[skip] ATLAS_r004s001_ses1: prediction or ground truth missing
[skip] ATLAS_r004s002_ses1: prediction or ground truth missing
[skip] ATLAS_r004s003_ses1: prediction or ground truth missing
[skip] ATLAS_r004s004_ses1: prediction or ground truth missing
[skip] ATLAS_r004s005_ses1: prediction or ground truth missing
[skip] ATLAS_r004s006_ses1: prediction or ground truth missing
[skip] ATLAS_r004s007_ses1: prediction or ground truth missing
[skip] ATLAS_r004s008_ses1: prediction or ground truth missing
[skip] ATLAS_r004s009_ses1: prediction or ground truth missing
[skip] ATLAS_r004s010_ses1: prediction or ground truth missing
[skip] ATLAS_r004s011_ses1: prediction or ground truth missing
[skip] ATLAS_r004s012_ses1: prediction or ground truth missing
[skip] ATLAS_r004s013_ses1: prediction or ground truth missing
[skip] ATLAS_r004s014_ses1: prediction or ground truth missing
[skip] ATLAS_r004s015_ses1: prediction or ground truth missing
[skip] ATLAS_r004s017_ses1: prediction or ground truth missing
[skip] ATLAS_r004s018_ses1: prediction or ground truth missing
[skip] ATLAS_r004s019_ses1: prediction or ground truth missing
[skip] ATLAS_r004s021_ses1: prediction or ground truth missing
[skip] ATLAS_r004s022_ses1: prediction or ground truth missing
[skip] ATLAS_r004s023_ses1: prediction or ground truth missing
[skip] ATLAS_r004s024_ses1: prediction or ground truth missing
[skip] ATLAS_r004s025_ses1: prediction or ground truth missing
[skip] ATLAS_r004s026_ses1: prediction or ground truth missing
[skip] ATLAS_r004s027_ses1: prediction or ground truth missing
[skip] ATLAS_r004s028_ses1: prediction or ground truth missing
[skip] ATLAS_r004s029_ses1: prediction or ground truth missing
[skip] ATLAS_r004s030_ses1: prediction or ground truth missing
[skip] ATLAS_r004s031_ses1: prediction or ground truth missing
[skip] ATLAS_r004s032_ses1: prediction or ground truth missing
[skip] ATLAS_r004s033_ses1: prediction or ground truth missing
[skip] ATLAS_r004s034_ses1: prediction or ground truth missing
[skip] ATLAS_r004s035_ses1: prediction or ground truth missing
[skip] ATLAS_r004s036_ses1: prediction or ground truth missing
[skip] ATLAS_r005s015_ses1: prediction or ground truth missing
[skip] ATLAS_r005s016_ses1: prediction or ground truth missing
[skip] ATLAS_r005s025_ses1: prediction or ground truth missing
[skip] ATLAS_r005s026_ses1: prediction or ground truth missing
[skip] ATLAS_r005s030_ses1: prediction or ground truth missing
[skip] ATLAS_r005s031_ses1: prediction or ground truth missing
[skip] ATLAS_r005s034_ses1: prediction or ground truth missing
[skip] ATLAS_r005s044_ses1: prediction or ground truth missing
[skip] ATLAS_r005s045_ses1: prediction or ground truth missing
[skip] ATLAS_r005s046_ses1: prediction or ground truth missing
[skip] ATLAS_r005s047_ses1: prediction or ground truth missing
[skip] ATLAS_r005s048_ses1: prediction or ground truth missing
[skip] ATLAS_r005s049_ses1: prediction or ground truth missing
[skip] ATLAS_r005s054_ses1: prediction or ground truth missing
[skip] ATLAS_r005s055_ses1: prediction or ground truth missing
[skip] ATLAS_r005s056_ses1: prediction or ground truth missing
[skip] ATLAS_r005s057_ses1: prediction or ground truth missing
[skip] ATLAS_r005s058_ses1: prediction or ground truth missing
[skip] ATLAS_r005s059_ses1: prediction or ground truth missing
[skip] ATLAS_r005s068_ses1: prediction or ground truth missing
[skip] ATLAS_r005s069_ses1: prediction or ground truth missing
[skip] ATLAS_r005s070_ses1: prediction or ground truth missing
[skip] ATLAS_r005s071_ses1: prediction or ground truth missing
[skip] ATLAS_r005s072_ses1: prediction or ground truth missing
[skip] ATLAS_r005s073_ses1: prediction or ground truth missing
[skip] ATLAS_r005s074_ses1: prediction or ground truth missing
[skip] ATLAS_r005s075_ses1: prediction or ground truth missing
[skip] ATLAS_r005s076_ses1: prediction or ground truth missing
[skip] ATLAS_r005s077_ses1: prediction or ground truth missing
[skip] ATLAS_r005s078_ses1: prediction or ground truth missing
[skip] ATLAS_r005s079_ses1: prediction or ground truth missing
[skip] ATLAS_r005s080_ses1: prediction or ground truth missing
[skip] ATLAS_r005s081_ses1: prediction or ground truth missing
[skip] ATLAS_r005s082_ses1: prediction or ground truth missing
[skip] ATLAS_r005s084_ses1: prediction or ground truth missing
[skip] ATLAS_r005s085_ses1: prediction or ground truth missing
[skip] ATLAS_r005s086_ses1: prediction or ground truth missing
[skip] ATLAS_r008s001_ses1: prediction or ground truth missing
[skip] ATLAS_r008s002_ses1: prediction or ground truth missing
[skip] ATLAS_r008s003_ses1: prediction or ground truth missing
[skip] ATLAS_r008s004_ses1: prediction or ground truth missing
[skip] ATLAS_r008s006_ses1: prediction or ground truth missing
[skip] ATLAS_r008s007_ses1: prediction or ground truth missing
[skip] ATLAS_r008s008_ses1: prediction or ground truth missing
[skip] ATLAS_r009s001_ses1: prediction or ground truth missing
[skip] ATLAS_r009s002_ses1: prediction or ground truth missing
[skip] ATLAS_r009s003_ses1: prediction or ground truth missing
[skip] ATLAS_r009s004_ses1: prediction or ground truth missing
[skip] ATLAS_r009s005_ses1: prediction or ground truth missing
[skip] ATLAS_r009s006_ses1: prediction or ground truth missing
[skip] ATLAS_r009s007_ses1: prediction or ground truth missing
[skip] ATLAS_r009s008_ses1: prediction or ground truth missing
[skip] ATLAS_r009s009_ses1: prediction or ground truth missing
[skip] ATLAS_r009s010_ses1: prediction or ground truth missing
[skip] ATLAS_r009s011_ses1: prediction or ground truth missing
[skip] ATLAS_r009s012_ses1: prediction or ground truth missing
[skip] ATLAS_r009s013_ses1: prediction or ground truth missing
[skip] ATLAS_r009s014_ses1: prediction or ground truth missing
[skip] ATLAS_r009s015_ses1: prediction or ground truth missing
[skip] ATLAS_r009s016_ses1: prediction or ground truth missing
[skip] ATLAS_r009s017_ses1: prediction or ground truth missing
[skip] ATLAS_r009s018_ses1: prediction or ground truth missing
[skip] ATLAS_r009s020_ses1: prediction or ground truth missing
[skip] ATLAS_r009s021_ses1: prediction or ground truth missing
[skip] ATLAS_r009s024_ses1: prediction or ground truth missing
[skip] ATLAS_r009s025_ses1: prediction or ground truth missing
[skip] ATLAS_r009s026_ses1: prediction or ground truth missing
[skip] ATLAS_r009s027_ses1: prediction or ground truth missing
[skip] ATLAS_r009s028_ses1: prediction or ground truth missing
[skip] ATLAS_r009s031_ses1: prediction or ground truth missing
[skip] ATLAS_r009s034_ses1: prediction or ground truth missing
[skip] ATLAS_r009s035_ses1: prediction or ground truth missing
[skip] ATLAS_r009s036_ses1: prediction or ground truth missing
[skip] ATLAS_r009s037_ses1: prediction or ground truth missing
[skip] ATLAS_r009s039_ses1: prediction or ground truth missing
[skip] ATLAS_r009s041_ses1: prediction or ground truth missing
[skip] ATLAS_r009s043_ses1: prediction or ground truth missing
[skip] ATLAS_r009s045_ses1: prediction or ground truth missing
[skip] ATLAS_r009s048_ses1: prediction or ground truth missing
[skip] ATLAS_r009s049_ses1: prediction or ground truth missing
[skip] ATLAS_r009s050_ses1: prediction or ground truth missing
[skip] ATLAS_r009s051_ses1: prediction or ground truth missing
[skip] ATLAS_r009s053_ses1: prediction or ground truth missing
[skip] ATLAS_r009s056_ses1: prediction or ground truth missing
[skip] ATLAS_r009s057_ses1: prediction or ground truth missing
[skip] ATLAS_r009s058_ses1: prediction or ground truth missing
[skip] ATLAS_r009s060_ses1: prediction or ground truth missing
[skip] ATLAS_r009s061_ses1: prediction or ground truth missing
[skip] ATLAS_r009s062_ses1: prediction or ground truth missing
[skip] ATLAS_r009s063_ses1: prediction or ground truth missing
[skip] ATLAS_r009s064_ses1: prediction or ground truth missing
[skip] ATLAS_r009s065_ses1: prediction or ground truth missing
[skip] ATLAS_r009s067_ses1: prediction or ground truth missing
[skip] ATLAS_r009s071_ses1: prediction or ground truth missing
[skip] ATLAS_r009s072_ses1: prediction or ground truth missing
[skip] ATLAS_r009s073_ses1: prediction or ground truth missing
[skip] ATLAS_r009s078_ses1: prediction or ground truth missing
[skip] ATLAS_r009s079_ses1: prediction or ground truth missing
[skip] ATLAS_r009s082_ses1: prediction or ground truth missing
[skip] ATLAS_r009s083_ses1: prediction or ground truth missing
[skip] ATLAS_r009s084_ses1: prediction or ground truth missing
[skip] ATLAS_r009s086_ses1: prediction or ground truth missing
[skip] ATLAS_r009s087_ses1: prediction or ground truth missing
[skip] ATLAS_r009s089_ses1: prediction or ground truth missing
[skip] ATLAS_r009s090_ses1: prediction or ground truth missing
[skip] ATLAS_r009s091_ses1: prediction or ground truth missing
[skip] ATLAS_r009s092_ses1: prediction or ground truth missing
[skip] ATLAS_r009s093_ses1: prediction or ground truth missing
[skip] ATLAS_r009s094_ses1: prediction or ground truth missing
[skip] ATLAS_r009s096_ses1: prediction or ground truth missing
[skip] ATLAS_r009s097_ses1: prediction or ground truth missing
[skip] ATLAS_r009s099_ses1: prediction or ground truth missing
[skip] ATLAS_r009s100_ses1: prediction or ground truth missing
[skip] ATLAS_r009s102_ses1: prediction or ground truth missing
[skip] ATLAS_r009s103_ses1: prediction or ground truth missing
[skip] ATLAS_r009s105_ses1: prediction or ground truth missing
[skip] ATLAS_r009s106_ses1: prediction or ground truth missing
[skip] ATLAS_r009s107_ses1: prediction or ground truth missing
[skip] ATLAS_r009s108_ses1: prediction or ground truth missing
[skip] ATLAS_r009s109_ses1: prediction or ground truth missing
[skip] ATLAS_r009s110_ses1: prediction or ground truth missing
[skip] ATLAS_r009s111_ses1: prediction or ground truth missing
[skip] ATLAS_r009s113_ses1: prediction or ground truth missing
[skip] ATLAS_r009s114_ses1: prediction or ground truth missing
[skip] ATLAS_r009s115_ses1: prediction or ground truth missing
[skip] ATLAS_r009s119_ses1: prediction or ground truth missing
[skip] ATLAS_r009s120_ses1: prediction or ground truth missing
[skip] ATLAS_r009s121_ses1: prediction or ground truth missing
[skip] ATLAS_r009s122_ses1: prediction or ground truth missing
[skip] ATLAS_r009s123_ses1: prediction or ground truth missing
[skip] ATLAS_r009s124_ses1: prediction or ground truth missing
[skip] ATLAS_r009s126_ses1: prediction or ground truth missing
[skip] ATLAS_r010s001_ses1: prediction or ground truth missing
[skip] ATLAS_r010s002_ses1: prediction or ground truth missing
[skip] ATLAS_r010s003_ses1: prediction or ground truth missing
[skip] ATLAS_r010s004_ses1: prediction or ground truth missing
[skip] ATLAS_r010s005_ses1: prediction or ground truth missing
[skip] ATLAS_r010s007_ses1: prediction or ground truth missing
[skip] ATLAS_r010s008_ses1: prediction or ground truth missing
[skip] ATLAS_r010s010_ses1: prediction or ground truth missing
[skip] ATLAS_r010s011_ses1: prediction or ground truth missing
[skip] ATLAS_r010s012_ses1: prediction or ground truth missing
[skip] ATLAS_r010s013_ses1: prediction or ground truth missing
[skip] ATLAS_r010s014_ses1: prediction or ground truth missing
[skip] ATLAS_r010s016_ses1: prediction or ground truth missing
[skip] ATLAS_r010s018_ses1: prediction or ground truth missing
[skip] ATLAS_r010s019_ses1: prediction or ground truth missing
[skip] ATLAS_r010s021_ses1: prediction or ground truth missing
[skip] ATLAS_r010s022_ses1: prediction or ground truth missing
[skip] ATLAS_r010s023_ses1: prediction or ground truth missing
[skip] ATLAS_r010s024_ses1: prediction or ground truth missing
[skip] ATLAS_r010s026_ses1: prediction or ground truth missing
[skip] ATLAS_r010s027_ses1: prediction or ground truth missing
[skip] ATLAS_r010s028_ses1: prediction or ground truth missing
[skip] ATLAS_r010s029_ses1: prediction or ground truth missing
[skip] ATLAS_r010s032_ses1: prediction or ground truth missing
[skip] ATLAS_r011s002_ses1: prediction or ground truth missing
[skip] ATLAS_r011s003_ses1: prediction or ground truth missing
[skip] ATLAS_r011s008_ses1: prediction or ground truth missing
[skip] ATLAS_r011s010_ses1: prediction or ground truth missing
[skip] ATLAS_r011s011_ses1: prediction or ground truth missing
[skip] ATLAS_r011s012_ses1: prediction or ground truth missing
[skip] ATLAS_r011s013_ses1: prediction or ground truth missing
[skip] ATLAS_r011s015_ses1: prediction or ground truth missing
[skip] ATLAS_r011s016_ses1: prediction or ground truth missing
[skip] ATLAS_r011s017_ses1: prediction or ground truth missing
[skip] ATLAS_r011s018_ses1: prediction or ground truth missing
[skip] ATLAS_r011s019_ses1: prediction or ground truth missing
[skip] ATLAS_r011s020_ses1: prediction or ground truth missing
[skip] ATLAS_r011s022_ses1: prediction or ground truth missing
[skip] ATLAS_r011s023_ses1: prediction or ground truth missing
[skip] ATLAS_r011s024_ses1: prediction or ground truth missing
[skip] ATLAS_r011s025_ses1: prediction or ground truth missing
[skip] ATLAS_r011s028_ses1: prediction or ground truth missing
[skip] ATLAS_r011s029_ses1: prediction or ground truth missing
[skip] ATLAS_r011s030_ses1: prediction or ground truth missing
[skip] ATLAS_r011s031_ses1: prediction or ground truth missing
[skip] ATLAS_r011s032_ses1: prediction or ground truth missing
[skip] ATLAS_r011s033_ses1: prediction or ground truth missing
[skip] ATLAS_r011s034_ses1: prediction or ground truth missing
[skip] ATLAS_r015s001_ses1: prediction or ground truth missing
[skip] ATLAS_r015s002_ses1: prediction or ground truth missing
[skip] ATLAS_r015s004_ses1: prediction or ground truth missing
[skip] ATLAS_r015s005_ses1: prediction or ground truth missing
[skip] ATLAS_r015s007_ses1: prediction or ground truth missing
[skip] ATLAS_r015s008_ses1: prediction or ground truth missing
[skip] ATLAS_r015s009_ses1: prediction or ground truth missing
[skip] ATLAS_r015s010_ses1: prediction or ground truth missing
[skip] ATLAS_r015s011_ses1: prediction or ground truth missing
[skip] ATLAS_r015s012_ses1: prediction or ground truth missing
[skip] ATLAS_r015s013_ses1: prediction or ground truth missing
[skip] ATLAS_r015s014_ses1: prediction or ground truth missing
[skip] ATLAS_r015s016_ses1: prediction or ground truth missing
[skip] ATLAS_r015s017_ses1: prediction or ground truth missing
[skip] ATLAS_r015s018_ses1: prediction or ground truth missing
[skip] ATLAS_r015s019_ses1: prediction or ground truth missing
[skip] ATLAS_r015s022_ses1: prediction or ground truth missing
[skip] ATLAS_r015s024_ses1: prediction or ground truth missing
[skip] ATLAS_r015s025_ses1: prediction or ground truth missing
[skip] ATLAS_r015s027_ses1: prediction or ground truth missing
[skip] ATLAS_r017s103_ses1: prediction or ground truth missing
[skip] ATLAS_r017s104_ses1: prediction or ground truth missing
[skip] ATLAS_r017s105_ses1: prediction or ground truth missing
[skip] ATLAS_r017s106_ses1: prediction or ground truth missing
[skip] ATLAS_r017s107_ses1: prediction or ground truth missing
[skip] ATLAS_r017s108_ses1: prediction or ground truth missing
[skip] ATLAS_r017s109_ses1: prediction or ground truth missing
[skip] ATLAS_r017s111_ses1: prediction or ground truth missing
[skip] ATLAS_r017s113_ses1: prediction or ground truth missing
[skip] ATLAS_r017s117_ses1: prediction or ground truth missing
[skip] ATLAS_r017s118_ses1: prediction or ground truth missing
[skip] ATLAS_r017s119_ses1: prediction or ground truth missing
[skip] ATLAS_r017s121_ses1: prediction or ground truth missing
[skip] ATLAS_r018s001_ses1: prediction or ground truth missing
[skip] ATLAS_r018s002_ses1: prediction or ground truth missing
[skip] ATLAS_r018s003_ses1: prediction or ground truth missing
[skip] ATLAS_r018s004_ses1: prediction or ground truth missing
[skip] ATLAS_r018s005_ses1: prediction or ground truth missing
[skip] ATLAS_r018s006_ses1: prediction or ground truth missing
[skip] ATLAS_r018s007_ses1: prediction or ground truth missing
[skip] ATLAS_r018s008_ses1: prediction or ground truth missing
[skip] ATLAS_r018s010_ses1: prediction or ground truth missing
[skip] ATLAS_r018s011_ses1: prediction or ground truth missing
[skip] ATLAS_r018s012_ses1: prediction or ground truth missing
[skip] ATLAS_r019s001_ses1: prediction or ground truth missing
[skip] ATLAS_r019s002_ses1: prediction or ground truth missing
[skip] ATLAS_r019s003_ses1: prediction or ground truth missing
[skip] ATLAS_r019s004_ses1: prediction or ground truth missing
[skip] ATLAS_r019s005_ses1: prediction or ground truth missing
[skip] ATLAS_r019s006_ses1: prediction or ground truth missing
[skip] ATLAS_r019s009_ses1: prediction or ground truth missing
[skip] ATLAS_r019s010_ses1: prediction or ground truth missing
[skip] ATLAS_r019s011_ses1: prediction or ground truth missing
[skip] ATLAS_r019s012_ses1: prediction or ground truth missing
[skip] ATLAS_r019s013_ses1: prediction or ground truth missing
[skip] ATLAS_r019s014_ses1: prediction or ground truth missing
[skip] ATLAS_r020s007_ses1: prediction or ground truth missing
[skip] ATLAS_r023s001_ses1: prediction or ground truth missing
[skip] ATLAS_r023s002_ses1: prediction or ground truth missing
[skip] ATLAS_r023s003_ses1: prediction or ground truth missing
[skip] ATLAS_r023s005_ses1: prediction or ground truth missing
[skip] ATLAS_r023s006_ses1: prediction or ground truth missing
[skip] ATLAS_r023s007_ses1: prediction or ground truth missing
[skip] ATLAS_r023s009_ses1: prediction or ground truth missing
[skip] ATLAS_r023s011_ses1: prediction or ground truth missing
[skip] ATLAS_r023s014_ses1: prediction or ground truth missing
[skip] ATLAS_r023s016_ses1: prediction or ground truth missing
[skip] ATLAS_r023s017_ses1: prediction or ground truth missing
[skip] ATLAS_r024s001_ses1: prediction or ground truth missing
[skip] ATLAS_r024s003_ses1: prediction or ground truth missing
[skip] ATLAS_r024s004_ses1: prediction or ground truth missing
[skip] ATLAS_r024s005_ses1: prediction or ground truth missing
[skip] ATLAS_r024s006_ses1: prediction or ground truth missing
[skip] ATLAS_r024s007_ses1: prediction or ground truth missing
[skip] ATLAS_r024s008_ses1: prediction or ground truth missing
[skip] ATLAS_r024s010_ses1: prediction or ground truth missing
[skip] ATLAS_r024s011_ses1: prediction or ground truth missing
[skip] ATLAS_r024s012_ses1: prediction or ground truth missing
[skip] ATLAS_r024s014_ses1: prediction or ground truth missing
[skip] ATLAS_r024s015_ses1: prediction or ground truth missing
[skip] ATLAS_r024s016_ses1: prediction or ground truth missing
[skip] ATLAS_r024s017_ses1: prediction or ground truth missing
[skip] ATLAS_r024s018_ses1: prediction or ground truth missing
[skip] ATLAS_r024s019_ses1: prediction or ground truth missing
[skip] ATLAS_r024s020_ses1: prediction or ground truth missing
[skip] ATLAS_r024s021_ses1: prediction or ground truth missing
[skip] ATLAS_r027s001_ses1: prediction or ground truth missing
[skip] ATLAS_r027s002_ses1: prediction or ground truth missing
[skip] ATLAS_r027s006_ses1: prediction or ground truth missing
[skip] ATLAS_r027s009_ses1: prediction or ground truth missing
[skip] ATLAS_r027s012_ses1: prediction or ground truth missing
[skip] ATLAS_r027s013_ses1: prediction or ground truth missing
[skip] ATLAS_r027s014_ses1: prediction or ground truth missing
[skip] ATLAS_r027s015_ses1: prediction or ground truth missing
[skip] ATLAS_r027s017_ses1: prediction or ground truth missing
[skip] ATLAS_r027s019_ses1: prediction or ground truth missing
[skip] ATLAS_r027s023_ses1: prediction or ground truth missing
[skip] ATLAS_r027s026_ses1: prediction or ground truth missing
[skip] ATLAS_r027s028_ses1: prediction or ground truth missing
[skip] ATLAS_r027s029_ses1: prediction or ground truth missing
[skip] ATLAS_r027s030_ses1: prediction or ground truth missing
[skip] ATLAS_r027s031_ses1: prediction or ground truth missing
[skip] ATLAS_r027s032_ses1: prediction or ground truth missing
[skip] ATLAS_r027s033_ses1: prediction or ground truth missing
[skip] ATLAS_r027s035_ses1: prediction or ground truth missing
[skip] ATLAS_r027s037_ses1: prediction or ground truth missing
[skip] ATLAS_r027s041_ses1: prediction or ground truth missing
[skip] ATLAS_r027s042_ses1: prediction or ground truth missing
[skip] ATLAS_r027s046_ses1: prediction or ground truth missing
[skip] ATLAS_r027s047_ses1: prediction or ground truth missing
[skip] ATLAS_r027s048_ses1: prediction or ground truth missing
[skip] ATLAS_r027s050_ses1: prediction or ground truth missing
[skip] ATLAS_r027s051_ses1: prediction or ground truth missing
[skip] ATLAS_r027s052_ses1: prediction or ground truth missing
[skip] ATLAS_r027s053_ses1: prediction or ground truth missing
[skip] ATLAS_r027s054_ses1: prediction or ground truth missing
[skip] ATLAS_r027s057_ses1: prediction or ground truth missing
[skip] ATLAS_r027s058_ses1: prediction or ground truth missing
[skip] ATLAS_r028s001_ses1: prediction or ground truth missing
[skip] ATLAS_r028s003_ses1: prediction or ground truth missing
[skip] ATLAS_r028s004_ses1: prediction or ground truth missing
[skip] ATLAS_r028s005_ses1: prediction or ground truth missing
[skip] ATLAS_r028s006_ses1: prediction or ground truth missing
[skip] ATLAS_r028s008_ses1: prediction or ground truth missing
[skip] ATLAS_r028s009_ses1: prediction or ground truth missing
[skip] ATLAS_r028s011_ses1: prediction or ground truth missing
[skip] ATLAS_r028s012_ses1: prediction or ground truth missing
[skip] ATLAS_r028s013_ses1: prediction or ground truth missing
[skip] ATLAS_r028s014_ses1: prediction or ground truth missing
[skip] ATLAS_r028s016_ses1: prediction or ground truth missing
[skip] ATLAS_r028s017_ses1: prediction or ground truth missing
[skip] ATLAS_r028s018_ses1: prediction or ground truth missing
[skip] ATLAS_r028s019_ses1: prediction or ground truth missing
[skip] ATLAS_r028s021_ses1: prediction or ground truth missing
[skip] ATLAS_r028s022_ses1: prediction or ground truth missing
[skip] ATLAS_r028s024_ses1: prediction or ground truth missing
[skip] ATLAS_r028s025_ses1: prediction or ground truth missing
[skip] ATLAS_r028s026_ses1: prediction or ground truth missing
[skip] ATLAS_r029s001_ses1: prediction or ground truth missing
[skip] ATLAS_r029s002_ses1: prediction or ground truth missing
[skip] ATLAS_r029s003_ses1: prediction or ground truth missing
[skip] ATLAS_r029s004_ses1: prediction or ground truth missing
[skip] ATLAS_r029s005_ses1: prediction or ground truth missing
[skip] ATLAS_r029s006_ses1: prediction or ground truth missing
[skip] ATLAS_r029s007_ses1: prediction or ground truth missing
[skip] ATLAS_r029s008_ses1: prediction or ground truth missing
[skip] ATLAS_r029s009_ses1: prediction or ground truth missing
[skip] ATLAS_r029s010_ses1: prediction or ground truth missing
[skip] ATLAS_r030s004_ses1: prediction or ground truth missing
[skip] ATLAS_r030s005_ses1: prediction or ground truth missing
[skip] ATLAS_r030s007_ses1: prediction or ground truth missing
[skip] ATLAS_r030s015_ses1: prediction or ground truth missing
[skip] ATLAS_r030s017_ses1: prediction or ground truth missing
[skip] ATLAS_r030s020_ses1: prediction or ground truth missing
[skip] ATLAS_r030s021_ses1: prediction or ground truth missing
[skip] ATLAS_r030s022_ses1: prediction or ground truth missing
[skip] ATLAS_r031s001_ses1: prediction or ground truth missing
[skip] ATLAS_r031s002_ses1: prediction or ground truth missing
[skip] ATLAS_r031s003_ses1: prediction or ground truth missing
[skip] ATLAS_r031s004_ses1: prediction or ground truth missing
[skip] ATLAS_r031s005_ses1: prediction or ground truth missing
[skip] ATLAS_r031s006_ses1: prediction or ground truth missing
[skip] ATLAS_r031s007_ses1: prediction or ground truth missing
[skip] ATLAS_r031s008_ses1: prediction or ground truth missing
[skip] ATLAS_r031s009_ses1: prediction or ground truth missing
[skip] ATLAS_r031s010_ses1: prediction or ground truth missing
[skip] ATLAS_r031s012_ses1: prediction or ground truth missing
[skip] ATLAS_r031s013_ses1: prediction or ground truth missing
[skip] ATLAS_r031s014_ses1: prediction or ground truth missing
[skip] ATLAS_r031s015_ses1: prediction or ground truth missing
[skip] ATLAS_r031s016_ses1: prediction or ground truth missing
[skip] ATLAS_r031s017_ses1: prediction or ground truth missing
[skip] ATLAS_r031s018_ses1: prediction or ground truth missing
[skip] ATLAS_r031s019_ses1: prediction or ground truth missing
[skip] ATLAS_r031s022_ses1: prediction or ground truth missing
[skip] ATLAS_r031s024_ses1: prediction or ground truth missing
[skip] ATLAS_r031s025_ses1: prediction or ground truth missing
[skip] ATLAS_r031s026_ses1: prediction or ground truth missing
[skip] ATLAS_r031s027_ses1: prediction or ground truth missing
[skip] ATLAS_r031s028_ses1: prediction or ground truth missing
[skip] ATLAS_r031s029_ses1: prediction or ground truth missing
[skip] ATLAS_r031s030_ses1: prediction or ground truth missing
[skip] ATLAS_r031s031_ses1: prediction or ground truth missing
[skip] ATLAS_r031s032_ses1: prediction or ground truth missing
[skip] ATLAS_r031s033_ses1: prediction or ground truth missing
[skip] ATLAS_r031s034_ses1: prediction or ground truth missing
[skip] ATLAS_r031s036_ses1: prediction or ground truth missing
[skip] ATLAS_r031s037_ses1: prediction or ground truth missing
[skip] ATLAS_r032s005_ses1: prediction or ground truth missing
[skip] ATLAS_r032s007_ses1: prediction or ground truth missing
[skip] ATLAS_r032s008_ses1: prediction or ground truth missing
[skip] ATLAS_r032s010_ses1: prediction or ground truth missing
[error] ATLAS_r032s013_ses1: Prediction and ground truth geometry (origin/direction) do not match
[skip] ATLAS_r032s018_ses1: prediction or ground truth missing
[skip] ATLAS_r032s019_ses1: prediction or ground truth missing
[skip] ATLAS_r032s020_ses1: prediction or ground truth missing
[skip] ATLAS_r032s023_ses1: prediction or ground truth missing
[skip] ATLAS_r032s024_ses1: prediction or ground truth missing
[skip] ATLAS_r032s025_ses1: prediction or ground truth missing
[skip] ATLAS_r032s027_ses1: prediction or ground truth missing
[skip] ATLAS_r032s028_ses1: prediction or ground truth missing
[skip] ATLAS_r032s030_ses1: prediction or ground truth missing
[skip] ATLAS_r032s031_ses1: prediction or ground truth missing
[skip] ATLAS_r032s032_ses1: prediction or ground truth missing
[skip] ATLAS_r032s034_ses1: prediction or ground truth missing
[skip] ATLAS_r032s037_ses1: prediction or ground truth missing
[skip] ATLAS_r032s038_ses1: prediction or ground truth missing
[skip] ATLAS_r032s040_ses1: prediction or ground truth missing
[skip] ATLAS_r032s041_ses1: prediction or ground truth missing
[skip] ATLAS_r032s045_ses1: prediction or ground truth missing
[skip] ATLAS_r032s046_ses1: prediction or ground truth missing
[skip] ATLAS_r032s048_ses1: prediction or ground truth missing
[skip] ATLAS_r032s050_ses1: prediction or ground truth missing
[skip] ATLAS_r032s051_ses1: prediction or ground truth missing
[skip] ATLAS_r032s052_ses1: prediction or ground truth missing
[skip] ATLAS_r032s053_ses1: prediction or ground truth missing
[skip] ATLAS_r032s054_ses1: prediction or ground truth missing
[skip] ATLAS_r032s055_ses1: prediction or ground truth missing
[skip] ATLAS_r032s056_ses1: prediction or ground truth missing
[skip] ATLAS_r032s057_ses1: prediction or ground truth missing
[skip] ATLAS_r032s058_ses1: prediction or ground truth missing
[skip] ATLAS_r034s003_ses1: prediction or ground truth missing
[skip] ATLAS_r034s006_ses1: prediction or ground truth missing
[skip] ATLAS_r034s007_ses1: prediction or ground truth missing
[skip] ATLAS_r034s009_ses1: prediction or ground truth missing
[skip] ATLAS_r034s010_ses1: prediction or ground truth missing
[skip] ATLAS_r034s011_ses1: prediction or ground truth missing
[skip] ATLAS_r034s012_ses1: prediction or ground truth missing
[skip] ATLAS_r034s014_ses1: prediction or ground truth missing
[skip] ATLAS_r034s015_ses1: prediction or ground truth missing
[skip] ATLAS_r034s021_ses1: prediction or ground truth missing
[skip] ATLAS_r034s022_ses1: prediction or ground truth missing
[skip] ATLAS_r034s025_ses1: prediction or ground truth missing
[skip] ATLAS_r034s026_ses1: prediction or ground truth missing
[skip] ATLAS_r034s032_ses1: prediction or ground truth missing
[skip] ATLAS_r034s033_ses1: prediction or ground truth missing
[skip] ATLAS_r034s036_ses1: prediction or ground truth missing
[skip] ATLAS_r034s037_ses1: prediction or ground truth missing
[skip] ATLAS_r034s040_ses1: prediction or ground truth missing
[skip] ATLAS_r034s046_ses1: prediction or ground truth missing
[skip] ATLAS_r034s047_ses1: prediction or ground truth missing
[skip] ATLAS_r034s048_ses1: prediction or ground truth missing
[skip] ATLAS_r035s001_ses1: prediction or ground truth missing
[skip] ATLAS_r035s002_ses1: prediction or ground truth missing
[skip] ATLAS_r035s003_ses1: prediction or ground truth missing
[skip] ATLAS_r035s004_ses1: prediction or ground truth missing
[skip] ATLAS_r035s005_ses1: prediction or ground truth missing
[skip] ATLAS_r035s006_ses1: prediction or ground truth missing
[skip] ATLAS_r035s007_ses1: prediction or ground truth missing
[skip] ATLAS_r035s009_ses1: prediction or ground truth missing
[skip] ATLAS_r035s010_ses1: prediction or ground truth missing
[skip] ATLAS_r035s011_ses1: prediction or ground truth missing
[skip] ATLAS_r035s012_ses1: prediction or ground truth missing
[skip] ATLAS_r035s013_ses1: prediction or ground truth missing
[skip] ATLAS_r035s014_ses1: prediction or ground truth missing
[skip] ATLAS_r035s015_ses1: prediction or ground truth missing
[skip] ATLAS_r038s001_ses1: prediction or ground truth missing
[skip] ATLAS_r038s003_ses1: prediction or ground truth missing
[skip] ATLAS_r038s005_ses1: prediction or ground truth missing
[skip] ATLAS_r038s006_ses1: prediction or ground truth missing
[skip] ATLAS_r038s007_ses1: prediction or ground truth missing
[skip] ATLAS_r038s008_ses1: prediction or ground truth missing
[skip] ATLAS_r038s010_ses1: prediction or ground truth missing
[skip] ATLAS_r038s011_ses1: prediction or ground truth missing
[skip] ATLAS_r038s012_ses1: prediction or ground truth missing
[skip] ATLAS_r038s014_ses1: prediction or ground truth missing
[skip] ATLAS_r038s015_ses1: prediction or ground truth missing
[skip] ATLAS_r038s016_ses1: prediction or ground truth missing
[skip] ATLAS_r038s019_ses1: prediction or ground truth missing
[skip] ATLAS_r038s020_ses1: prediction or ground truth missing
[skip] ATLAS_r038s021_ses1: prediction or ground truth missing
[skip] ATLAS_r038s022_ses1: prediction or ground truth missing
[skip] ATLAS_r038s023_ses1: prediction or ground truth missing
[skip] ATLAS_r038s024_ses1: prediction or ground truth missing
[skip] ATLAS_r038s025_ses1: prediction or ground truth missing
[skip] ATLAS_r038s026_ses1: prediction or ground truth missing
[skip] ATLAS_r038s028_ses1: prediction or ground truth missing
[skip] ATLAS_r038s030_ses1: prediction or ground truth missing
[skip] ATLAS_r038s031_ses1: prediction or ground truth missing
[skip] ATLAS_r038s033_ses1: prediction or ground truth missing
[skip] ATLAS_r038s034_ses1: prediction or ground truth missing
[skip] ATLAS_r038s035_ses1: prediction or ground truth missing
[skip] ATLAS_r038s036_ses1: prediction or ground truth missing
[skip] ATLAS_r038s038_ses1: prediction or ground truth missing
[skip] ATLAS_r038s039_ses1: prediction or ground truth missing
[skip] ATLAS_r038s040_ses1: prediction or ground truth missing
[skip] ATLAS_r038s041_ses1: prediction or ground truth missing
[skip] ATLAS_r038s042_ses1: prediction or ground truth missing
[skip] ATLAS_r038s043_ses1: prediction or ground truth missing
[skip] ATLAS_r038s045_ses1: prediction or ground truth missing
[skip] ATLAS_r038s047_ses1: prediction or ground truth missing
[skip] ATLAS_r038s048_ses1: prediction or ground truth missing
[skip] ATLAS_r038s049_ses1: prediction or ground truth missing
[skip] ATLAS_r038s050_ses1: prediction or ground truth missing
[skip] ATLAS_r038s051_ses1: prediction or ground truth missing
[skip] ATLAS_r038s052_ses1: prediction or ground truth missing
[skip] ATLAS_r038s053_ses1: prediction or ground truth missing
[skip] ATLAS_r038s054_ses1: prediction or ground truth missing
[skip] ATLAS_r038s056_ses1: prediction or ground truth missing
[skip] ATLAS_r038s057_ses1: prediction or ground truth missing
[skip] ATLAS_r038s058_ses1: prediction or ground truth missing
[skip] ATLAS_r038s059_ses1: prediction or ground truth missing
[skip] ATLAS_r038s060_ses1: prediction or ground truth missing
[skip] ATLAS_r038s061_ses1: prediction or ground truth missing
[skip] ATLAS_r038s062_ses1: prediction or ground truth missing
[skip] ATLAS_r038s063_ses1: prediction or ground truth missing
[skip] ATLAS_r038s064_ses1: prediction or ground truth missing
[skip] ATLAS_r038s065_ses1: prediction or ground truth missing
[skip] ATLAS_r038s066_ses1: prediction or ground truth missing
[skip] ATLAS_r038s067_ses1: prediction or ground truth missing
[skip] ATLAS_r038s068_ses1: prediction or ground truth missing
[skip] ATLAS_r038s069_ses1: prediction or ground truth missing
[skip] ATLAS_r038s070_ses1: prediction or ground truth missing
[skip] ATLAS_r038s071_ses1: prediction or ground truth missing
[skip] ATLAS_r038s072_ses1: prediction or ground truth missing
[skip] ATLAS_r038s073_ses1: prediction or ground truth missing
[skip] ATLAS_r038s074_ses1: prediction or ground truth missing
[skip] ATLAS_r038s075_ses1: prediction or ground truth missing
[skip] ATLAS_r038s076_ses1: prediction or ground truth missing
[skip] ATLAS_r038s077_ses1: prediction or ground truth missing
[skip] ATLAS_r038s078_ses1: prediction or ground truth missing
[skip] ATLAS_r038s079_ses1: prediction or ground truth missing
[skip] ATLAS_r038s080_ses1: prediction or ground truth missing
[skip] ATLAS_r038s082_ses1: prediction or ground truth missing
[skip] ATLAS_r038s083_ses1: prediction or ground truth missing
[skip] ATLAS_r038s084_ses1: prediction or ground truth missing
[skip] ATLAS_r038s085_ses1: prediction or ground truth missing
[skip] ATLAS_r038s086_ses1: prediction or ground truth missing
[skip] ATLAS_r038s089_ses1: prediction or ground truth missing
[skip] ATLAS_r038s090_ses1: prediction or ground truth missing
[skip] ATLAS_r038s091_ses1: prediction or ground truth missing
[skip] ATLAS_r038s092_ses1: prediction or ground truth missing
[skip] ATLAS_r038s094_ses1: prediction or ground truth missing
[skip] ATLAS_r038s095_ses1: prediction or ground truth missing
[skip] ATLAS_r038s096_ses1: prediction or ground truth missing
[skip] ATLAS_r038s097_ses1: prediction or ground truth missing
[skip] ATLAS_r038s098_ses1: prediction or ground truth missing
[skip] ATLAS_r039s001_ses1: prediction or ground truth missing
[skip] ATLAS_r039s002_ses1: prediction or ground truth missing
[skip] ATLAS_r039s003_ses1: prediction or ground truth missing
[skip] ATLAS_r040s002_ses1: prediction or ground truth missing
[skip] ATLAS_r040s003_ses1: prediction or ground truth missing
[skip] ATLAS_r040s004_ses1: prediction or ground truth missing
[skip] ATLAS_r040s005_ses1: prediction or ground truth missing
[skip] ATLAS_r040s006_ses1: prediction or ground truth missing
[skip] ATLAS_r040s007_ses1: prediction or ground truth missing
[skip] ATLAS_r040s008_ses1: prediction or ground truth missing
[skip] ATLAS_r040s009_ses1: prediction or ground truth missing
[skip] ATLAS_r040s010_ses1: prediction or ground truth missing
[skip] ATLAS_r040s011_ses1: prediction or ground truth missing
[skip] ATLAS_r040s012_ses1: prediction or ground truth missing
[skip] ATLAS_r040s013_ses1: prediction or ground truth missing
[skip] ATLAS_r040s014_ses1: prediction or ground truth missing
[skip] ATLAS_r040s015_ses1: prediction or ground truth missing
[skip] ATLAS_r040s016_ses1: prediction or ground truth missing
[skip] ATLAS_r040s017_ses1: prediction or ground truth missing
[skip] ATLAS_r040s018_ses1: prediction or ground truth missing
[skip] ATLAS_r040s019_ses1: prediction or ground truth missing
[skip] ATLAS_r040s020_ses1: prediction or ground truth missing
[skip] ATLAS_r040s023_ses1: prediction or ground truth missing
[skip] ATLAS_r040s024_ses1: prediction or ground truth missing
[skip] ATLAS_r040s025_ses1: prediction or ground truth missing
[skip] ATLAS_r040s026_ses1: prediction or ground truth missing
[skip] ATLAS_r040s029_ses1: prediction or ground truth missing
[skip] ATLAS_r040s032_ses1: prediction or ground truth missing
[skip] ATLAS_r040s033_ses1: prediction or ground truth missing
[skip] ATLAS_r040s034_ses1: prediction or ground truth missing
[skip] ATLAS_r040s035_ses1: prediction or ground truth missing
[skip] ATLAS_r040s036_ses1: prediction or ground truth missing
[skip] ATLAS_r040s037_ses1: prediction or ground truth missing
[skip] ATLAS_r040s039_ses1: prediction or ground truth missing
[skip] ATLAS_r040s041_ses1: prediction or ground truth missing
[skip] ATLAS_r040s042_ses1: prediction or ground truth missing
[skip] ATLAS_r040s043_ses1: prediction or ground truth missing
[skip] ATLAS_r040s044_ses1: prediction or ground truth missing
[skip] ATLAS_r040s045_ses1: prediction or ground truth missing
[skip] ATLAS_r040s046_ses1: prediction or ground truth missing
[skip] ATLAS_r040s047_ses1: prediction or ground truth missing
[skip] ATLAS_r040s048_ses1: prediction or ground truth missing
[skip] ATLAS_r040s049_ses1: prediction or ground truth missing
[skip] ATLAS_r040s050_ses1: prediction or ground truth missing
[skip] ATLAS_r040s051_ses1: prediction or ground truth missing
[skip] ATLAS_r040s052_ses1: prediction or ground truth missing
[skip] ATLAS_r040s053_ses1: prediction or ground truth missing
[skip] ATLAS_r040s054_ses1: prediction or ground truth missing
[skip] ATLAS_r040s055_ses1: prediction or ground truth missing
[skip] ATLAS_r040s056_ses1: prediction or ground truth missing
[skip] ATLAS_r040s057_ses1: prediction or ground truth missing
[skip] ATLAS_r040s058_ses1: prediction or ground truth missing
[skip] ATLAS_r040s060_ses1: prediction or ground truth missing
[skip] ATLAS_r040s061_ses1: prediction or ground truth missing
[skip] ATLAS_r040s062_ses1: prediction or ground truth missing
[skip] ATLAS_r040s063_ses1: prediction or ground truth missing
[skip] ATLAS_r040s064_ses1: prediction or ground truth missing
[skip] ATLAS_r040s065_ses1: prediction or ground truth missing
[skip] ATLAS_r040s067_ses1: prediction or ground truth missing
[skip] ATLAS_r040s068_ses1: prediction or ground truth missing
[skip] ATLAS_r040s070_ses1: prediction or ground truth missing
[skip] ATLAS_r040s071_ses1: prediction or ground truth missing
[skip] ATLAS_r040s072_ses1: prediction or ground truth missing
[skip] ATLAS_r040s073_ses1: prediction or ground truth missing
[skip] ATLAS_r040s074_ses1: prediction or ground truth missing
[skip] ATLAS_r040s075_ses1: prediction or ground truth missing
[skip] ATLAS_r040s076_ses1: prediction or ground truth missing
[skip] ATLAS_r040s077_ses1: prediction or ground truth missing
[skip] ATLAS_r040s078_ses1: prediction or ground truth missing
[skip] ATLAS_r040s079_ses1: prediction or ground truth missing
[skip] ATLAS_r040s081_ses1: prediction or ground truth missing
[skip] ATLAS_r040s082_ses1: prediction or ground truth missing
[skip] ATLAS_r040s083_ses1: prediction or ground truth missing
[skip] ATLAS_r040s084_ses1: prediction or ground truth missing
[skip] ATLAS_r040s085_ses1: prediction or ground truth missing
[skip] ATLAS_r040s086_ses1: prediction or ground truth missing
[skip] ATLAS_r040s087_ses1: prediction or ground truth missing
[skip] ATLAS_r040s088_ses1: prediction or ground truth missing
[skip] ATLAS_r042s001_ses1: prediction or ground truth missing
[skip] ATLAS_r042s002_ses1: prediction or ground truth missing
[skip] ATLAS_r042s003_ses1: prediction or ground truth missing
[skip] ATLAS_r042s004_ses1: prediction or ground truth missing
[skip] ATLAS_r042s005_ses1: prediction or ground truth missing
[skip] ATLAS_r042s006_ses1: prediction or ground truth missing
[skip] ATLAS_r042s007_ses1: prediction or ground truth missing
[skip] ATLAS_r042s008_ses1: prediction or ground truth missing
[skip] ATLAS_r042s009_ses1: prediction or ground truth missing
[skip] ATLAS_r042s010_ses1: prediction or ground truth missing
[skip] ATLAS_r042s011_ses1: prediction or ground truth missing
[skip] ATLAS_r042s012_ses1: prediction or ground truth missing
[skip] ATLAS_r042s013_ses1: prediction or ground truth missing
[skip] ATLAS_r042s014_ses1: prediction or ground truth missing
[skip] ATLAS_r042s015_ses1: prediction or ground truth missing
[skip] ATLAS_r042s016_ses1: prediction or ground truth missing
[skip] ATLAS_r042s017_ses1: prediction or ground truth missing
[skip] ATLAS_r042s018_ses1: prediction or ground truth missing
[skip] ATLAS_r042s019_ses1: prediction or ground truth missing
[skip] ATLAS_r042s020_ses1: prediction or ground truth missing
[skip] ATLAS_r042s021_ses1: prediction or ground truth missing
[skip] ATLAS_r042s022_ses1: prediction or ground truth missing
[skip] ATLAS_r042s023_ses1: prediction or ground truth missing
[skip] ATLAS_r042s024_ses1: prediction or ground truth missing
[skip] ATLAS_r042s025_ses1: prediction or ground truth missing
[skip] ATLAS_r042s027_ses1: prediction or ground truth missing
[skip] ATLAS_r042s028_ses1: prediction or ground truth missing
[skip] ATLAS_r042s029_ses1: prediction or ground truth missing
[skip] ATLAS_r042s030_ses1: prediction or ground truth missing
[skip] ATLAS_r042s031_ses1: prediction or ground truth missing
[skip] ATLAS_r042s032_ses1: prediction or ground truth missing
[skip] ATLAS_r042s033_ses1: prediction or ground truth missing
[skip] ATLAS_r042s034_ses1: prediction or ground truth missing
[skip] ATLAS_r042s035_ses1: prediction or ground truth missing
[skip] ATLAS_r042s036_ses1: prediction or ground truth missing
[skip] ATLAS_r044s001_ses1: prediction or ground truth missing
[skip] ATLAS_r044s002_ses1: prediction or ground truth missing
[skip] ATLAS_r044s003_ses1: prediction or ground truth missing
[skip] ATLAS_r044s004_ses1: prediction or ground truth missing
[skip] ATLAS_r045s001_ses1: prediction or ground truth missing
[skip] ATLAS_r045s002_ses1: prediction or ground truth missing
[skip] ATLAS_r045s003_ses1: prediction or ground truth missing
[skip] ATLAS_r046s001_ses1: prediction or ground truth missing
[skip] ATLAS_r046s003_ses1: prediction or ground truth missing
[skip] ATLAS_r046s004_ses1: prediction or ground truth missing
[skip] ATLAS_r046s005_ses1: prediction or ground truth missing
[skip] ATLAS_r046s006_ses1: prediction or ground truth missing
[skip] ATLAS_r046s007_ses1: prediction or ground truth missing
[skip] ATLAS_r046s009_ses1: prediction or ground truth missing
[skip] ATLAS_r046s010_ses1: prediction or ground truth missing
[skip] ATLAS_r046s011_ses1: prediction or ground truth missing
[skip] ATLAS_r046s012_ses1: prediction or ground truth missing
[skip] ATLAS_r046s013_ses1: prediction or ground truth missing
[skip] ATLAS_r047s001_ses1: prediction or ground truth missing
[skip] ATLAS_r047s002_ses1: prediction or ground truth missing
[skip] ATLAS_r047s004_ses1: prediction or ground truth missing
[skip] ATLAS_r047s005_ses1: prediction or ground truth missing
[skip] ATLAS_r047s006_ses1: prediction or ground truth missing
[skip] ATLAS_r047s007_ses1: prediction or ground truth missing
[skip] ATLAS_r047s008_ses1: prediction or ground truth missing
[skip] ATLAS_r047s010_ses1: prediction or ground truth missing
[skip] ATLAS_r047s012_ses1: prediction or ground truth missing
[skip] ATLAS_r047s013_ses1: prediction or ground truth missing
[skip] ATLAS_r047s014_ses1: prediction or ground truth missing
[skip] ATLAS_r047s016_ses1: prediction or ground truth missing
[skip] ATLAS_r047s017_ses1: prediction or ground truth missing
[skip] ATLAS_r047s018_ses1: prediction or ground truth missing
[skip] ATLAS_r047s020_ses1: prediction or ground truth missing
[skip] ATLAS_r047s021_ses1: prediction or ground truth missing
[skip] ATLAS_r047s022_ses1: prediction or ground truth missing
[skip] ATLAS_r047s023_ses1: prediction or ground truth missing
[skip] ATLAS_r047s025_ses1: prediction or ground truth missing
[skip] ATLAS_r047s026_ses1: prediction or ground truth missing
[skip] ATLAS_r047s027_ses1: prediction or ground truth missing
[skip] ATLAS_r047s028_ses1: prediction or ground truth missing
[skip] ATLAS_r047s029_ses1: prediction or ground truth missing
[skip] ATLAS_r047s030_ses1: prediction or ground truth missing
[skip] ATLAS_r047s031_ses1: prediction or ground truth missing
[skip] ATLAS_r047s032_ses1: prediction or ground truth missing
[skip] ATLAS_r047s033_ses1: prediction or ground truth missing
[skip] ATLAS_r047s034_ses1: prediction or ground truth missing
[skip] ATLAS_r047s035_ses1: prediction or ground truth missing
[skip] ATLAS_r047s036_ses1: prediction or ground truth missing
[skip] ATLAS_r047s037_ses1: prediction or ground truth missing
[skip] ATLAS_r047s038_ses1: prediction or ground truth missing
[skip] ATLAS_r047s039_ses1: prediction or ground truth missing
[skip] ATLAS_r047s040_ses1: prediction or ground truth missing
[skip] ATLAS_r047s041_ses1: prediction or ground truth missing
[skip] ATLAS_r047s042_ses1: prediction or ground truth missing
[skip] ATLAS_r047s044_ses1: prediction or ground truth missing
[skip] ATLAS_r047s045_ses1: prediction or ground truth missing
[skip] ATLAS_r047s046_ses1: prediction or ground truth missing
[skip] ATLAS_r047s047_ses1: prediction or ground truth missing
[skip] ATLAS_r047s049_ses1: prediction or ground truth missing
[skip] ATLAS_r047s050_ses1: prediction or ground truth missing
[skip] ATLAS_r048s001_ses1: prediction or ground truth missing
[skip] ATLAS_r048s002_ses1: prediction or ground truth missing
[skip] ATLAS_r048s004_ses1: prediction or ground truth missing
[skip] ATLAS_r048s005_ses1: prediction or ground truth missing
[skip] ATLAS_r048s008_ses1: prediction or ground truth missing
[skip] ATLAS_r048s010_ses1: prediction or ground truth missing
[skip] ATLAS_r048s011_ses1: prediction or ground truth missing
[skip] ATLAS_r048s012_ses1: prediction or ground truth missing
[skip] ATLAS_r048s013_ses1: prediction or ground truth missing
[skip] ATLAS_r048s014_ses1: prediction or ground truth missing
[skip] ATLAS_r048s015_ses1: prediction or ground truth missing
[skip] ATLAS_r048s016_ses1: prediction or ground truth missing
[skip] ATLAS_r048s018_ses1: prediction or ground truth missing
[skip] ATLAS_r048s019_ses1: prediction or ground truth missing
[skip] ATLAS_r048s021_ses1: prediction or ground truth missing
[skip] ATLAS_r048s022_ses1: prediction or ground truth missing
[skip] ATLAS_r048s023_ses1: prediction or ground truth missing
[skip] ATLAS_r048s025_ses1: prediction or ground truth missing
[skip] ATLAS_r048s026_ses1: prediction or ground truth missing
[skip] ATLAS_r048s027_ses1: prediction or ground truth missing
[skip] ATLAS_r048s028_ses1: prediction or ground truth missing
[skip] ATLAS_r048s029_ses1: prediction or ground truth missing
[skip] ATLAS_r048s031_ses1: prediction or ground truth missing
[skip] ATLAS_r048s032_ses1: prediction or ground truth missing
[skip] ATLAS_r048s033_ses1: prediction or ground truth missing
[skip] ATLAS_r048s034_ses1: prediction or ground truth missing
[skip] ATLAS_r048s035_ses1: prediction or ground truth missing
[skip] ATLAS_r048s036_ses1: prediction or ground truth missing
[skip] ATLAS_r048s037_ses1: prediction or ground truth missing
[skip] ATLAS_r048s038_ses1: prediction or ground truth missing
[skip] ATLAS_r048s040_ses1: prediction or ground truth missing
[skip] ATLAS_r048s041_ses1: prediction or ground truth missing
[skip] ATLAS_r048s042_ses1: prediction or ground truth missing
[skip] ATLAS_r048s044_ses1: prediction or ground truth missing
[skip] ATLAS_r049s003_ses1: prediction or ground truth missing
[skip] ATLAS_r049s004_ses1: prediction or ground truth missing
[skip] ATLAS_r049s005_ses1: prediction or ground truth missing
[skip] ATLAS_r049s006_ses1: prediction or ground truth missing
[skip] ATLAS_r049s007_ses1: prediction or ground truth missing
[skip] ATLAS_r049s008_ses1: prediction or ground truth missing
[skip] ATLAS_r049s009_ses1: prediction or ground truth missing
[skip] ATLAS_r049s010_ses1: prediction or ground truth missing
[skip] ATLAS_r049s012_ses1: prediction or ground truth missing
[skip] ATLAS_r049s014_ses1: prediction or ground truth missing
[skip] ATLAS_r049s016_ses1: prediction or ground truth missing
[skip] ATLAS_r049s018_ses1: prediction or ground truth missing
[skip] ATLAS_r049s021_ses1: prediction or ground truth missing
[skip] ATLAS_r049s023_ses1: prediction or ground truth missing
[skip] ATLAS_r049s024_ses1: prediction or ground truth missing
[skip] ATLAS_r049s025_ses1: prediction or ground truth missing
[skip] ATLAS_r049s026_ses1: prediction or ground truth missing
[skip] ATLAS_r049s028_ses1: prediction or ground truth missing
[skip] ATLAS_r049s029_ses1: prediction or ground truth missing
[skip] ATLAS_r049s033_ses1: prediction or ground truth missing
[skip] ATLAS_r049s034_ses1: prediction or ground truth missing
[skip] ATLAS_r050s001_ses1: prediction or ground truth missing
[skip] ATLAS_r050s002_ses1: prediction or ground truth missing
[skip] ATLAS_r050s003_ses1: prediction or ground truth missing
[skip] ATLAS_r050s005_ses1: prediction or ground truth missing
[skip] ATLAS_r050s006_ses1: prediction or ground truth missing
[skip] ATLAS_r050s007_ses1: prediction or ground truth missing
[skip] ATLAS_r050s008_ses1: prediction or ground truth missing
[skip] ATLAS_r050s009_ses1: prediction or ground truth missing
[skip] ATLAS_r050s010_ses1: prediction or ground truth missing
[skip] ATLAS_r050s013_ses1: prediction or ground truth missing
[skip] ATLAS_r050s014_ses1: prediction or ground truth missing
[skip] ATLAS_r050s016_ses1: prediction or ground truth missing
[skip] ATLAS_r052s001_ses1: prediction or ground truth missing
[skip] ATLAS_r052s002_ses1: prediction or ground truth missing
[skip] ATLAS_r052s003_ses1: prediction or ground truth missing
[skip] ATLAS_r052s004_ses1: prediction or ground truth missing
[skip] ATLAS_r052s006_ses1: prediction or ground truth missing
[skip] ATLAS_r052s007_ses1: prediction or ground truth missing
[skip] ATLAS_r052s009_ses1: prediction or ground truth missing
[skip] ATLAS_r052s010_ses1: prediction or ground truth missing
[skip] ATLAS_r052s011_ses1: prediction or ground truth missing
[skip] ATLAS_r052s013_ses1: prediction or ground truth missing
[skip] ATLAS_r052s014_ses1: prediction or ground truth missing
[skip] ATLAS_r052s016_ses1: prediction or ground truth missing
[skip] ATLAS_r052s018_ses1: prediction or ground truth missing
[skip] ATLAS_r052s021_ses1: prediction or ground truth missing
[skip] ATLAS_r052s022_ses1: prediction or ground truth missing
[skip] ATLAS_r052s023_ses1: prediction or ground truth missing
[skip] ATLAS_r052s024_ses1: prediction or ground truth missing
[skip] ATLAS_r052s025_ses1: prediction or ground truth missing
[skip] ATLAS_r052s026_ses1: prediction or ground truth missing
[skip] ATLAS_r052s027_ses1: prediction or ground truth missing
[skip] ATLAS_r052s029_ses1: prediction or ground truth missing
[skip] ATLAS_r052s030_ses1: prediction or ground truth missing
[skip] ATLAS_r052s034_ses1: prediction or ground truth missing
[skip] ATLAS_r053s021_ses1: prediction or ground truth missing
[skip] ATLAS_r053s039_ses1: prediction or ground truth missing
[skip] ATLAS_r053s042_ses1: prediction or ground truth missing
[skip] ATLAS_r056s001_ses1: prediction or ground truth missing
[skip] ATLAS_r056s003_ses1: prediction or ground truth missing
[skip] ATLAS_r056s004_ses1: prediction or ground truth missing
[skip] ATLAS_r056s005_ses1: prediction or ground truth missing
[skip] ATLAS_r056s006_ses1: prediction or ground truth missing
[skip] ATLAS_r056s007_ses1: prediction or ground truth missing
[skip] ATLAS_r056s008_ses1: prediction or ground truth missing
[skip] ATLAS_r056s012_ses1: prediction or ground truth missing
[skip] ATLAS_r056s014_ses1: prediction or ground truth missing
[skip] ATLAS_r056s015_ses1: prediction or ground truth missing
[skip] ATLAS_r056s016_ses1: prediction or ground truth missing
[skip] ATLAS_r056s017_ses1: prediction or ground truth missing
[skip] ATLAS_r057s021_ses1: prediction or ground truth missing
[skip] ATLAS_r057s028_ses1: prediction or ground truth missing
[skip] ATLAS_r057s039_ses1: prediction or ground truth missing
[skip] ATLAS_r057s040_ses1: prediction or ground truth missing
[skip] ATLAS_r057s041_ses1: prediction or ground truth missing
[skip] ATLAS_r057s042_ses1: prediction or ground truth missing
[skip] ATLAS_r057s043_ses1: prediction or ground truth missing
[skip] ATLAS_r057s044_ses1: prediction or ground truth missing
[skip] ATLAS_r057s045_ses1: prediction or ground truth missing
[skip] ATLAS_r057s046_ses1: prediction or ground truth missing
[skip] ATLAS_r057s048_ses1: prediction or ground truth missing
[skip] ATLAS_r057s049_ses1: prediction or ground truth missing
[skip] ATLAS_r057s050_ses1: prediction or ground truth missing
[skip] ATLAS_r058s032_ses1: prediction or ground truth missing
[skip] ATLAS_r058s033_ses1: prediction or ground truth missing
[skip] ATLAS_r058s034_ses1: prediction or ground truth missing
[skip] ATLAS_r058s036_ses1: prediction or ground truth missing
[skip] ATLAS_r058s037_ses1: prediction or ground truth missing
[skip] ATLAS_r058s038_ses1: prediction or ground truth missing
[skip] ATLAS_r058s039_ses1: prediction or ground truth missing
[skip] ATLAS_r058s040_ses1: prediction or ground truth missing
[skip] ATLAS_r058s041_ses1: prediction or ground truth missing
[skip] ATLAS_r058s042_ses1: prediction or ground truth missing
[skip] ATLAS_r058s043_ses1: prediction or ground truth missing
[skip] ATLAS_r058s044_ses1: prediction or ground truth missing
[skip] ATLAS_r058s046_ses1: prediction or ground truth missing
[skip] ATLAS_r058s047_ses1: prediction or ground truth missing
[skip] ATLAS_r058s048_ses1: prediction or ground truth missing
[skip] ATLAS_r058s049_ses1: prediction or ground truth missing
[skip] ATLAS_r058s050_ses1: prediction or ground truth missing
[skip] ATLAS_r058s051_ses1: prediction or ground truth missing
[skip] ATLAS_r058s052_ses1: prediction or ground truth missing
[skip] ATLAS_r058s053_ses1: prediction or ground truth missing
[skip] ATLAS_r058s054_ses1: prediction or ground truth missing
[skip] ATLAS_r058s055_ses1: prediction or ground truth missing
[skip] ATLAS_r058s056_ses1: prediction or ground truth missing
[skip] ATLAS_r058s057_ses1: prediction or ground truth missing
[skip] ATLAS_r058s058_ses1: prediction or ground truth missing
[skip] ATLAS_r058s059_ses1: prediction or ground truth missing
[skip] ATLAS_r058s060_ses1: prediction or ground truth missing
[skip] ATLAS_r058s061_ses1: prediction or ground truth missing
[skip] ATLAS_r058s062_ses1: prediction or ground truth missing
[skip] ATLAS_r058s063_ses1: prediction or ground truth missing
[skip] ATLAS_r058s064_ses1: prediction or ground truth missing
[skip] ATLAS_r058s065_ses1: prediction or ground truth missing
[skip] ATLAS_r058s066_ses1: prediction or ground truth missing
[skip] ATLAS_r059s001_ses1: prediction or ground truth missing
[skip] ATLAS_r059s002_ses1: prediction or ground truth missing
[skip] ATLAS_r059s003_ses1: prediction or ground truth missing
[skip] ATLAS_r059s004_ses1: prediction or ground truth missing
[skip] ATLAS_r059s005_ses1: prediction or ground truth missing
[skip] ATLAS_r059s006_ses1: prediction or ground truth missing
[skip] ATLAS_r059s007_ses1: prediction or ground truth missing
[skip] ATLAS_r059s008_ses1: prediction or ground truth missing
[skip] ATLAS_r059s009_ses1: prediction or ground truth missing
[skip] ATLAS_r059s010_ses1: prediction or ground truth missing
[skip] ATLAS_r059s012_ses1: prediction or ground truth missing
[skip] ATLAS_r059s014_ses1: prediction or ground truth missing
[skip] ATLAS_r059s015_ses1: prediction or ground truth missing
[skip] ATLAS_r059s017_ses1: prediction or ground truth missing
[skip] ATLAS_r059s018_ses1: prediction or ground truth missing
[skip] ATLAS_r059s019_ses1: prediction or ground truth missing
[skip] ATLAS_r059s020_ses1: prediction or ground truth missing
[skip] ATLAS_r059s021_ses1: prediction or ground truth missing
[skip] ATLAS_r059s022_ses1: prediction or ground truth missing
[skip] ATLAS_r059s023_ses1: prediction or ground truth missing
[skip] ATLAS_r059s024_ses1: prediction or ground truth missing
[skip] ATLAS_r059s025_ses1: prediction or ground truth missing
[skip] ATLAS_r059s026_ses1: prediction or ground truth missing
[skip] ATLAS_r059s029_ses1: prediction or ground truth missing
[skip] ATLAS_r059s030_ses1: prediction or ground truth missing
[skip] ATLAS_r059s031_ses1: prediction or ground truth missing
[skip] ATLAS_r059s032_ses1: prediction or ground truth missing
[skip] ATLAS_r059s033_ses1: prediction or ground truth missing
[skip] ATLAS_r059s035_ses1: prediction or ground truth missing
[skip] ATLAS_r059s038_ses1: prediction or ground truth missing
[skip] ATLAS_r059s039_ses1: prediction or ground truth missing
[skip] ATLAS_r059s040_ses1: prediction or ground truth missing
[skip] ATLAS_r059s041_ses1: prediction or ground truth missing
[skip] ATLAS_r061s002_ses1: prediction or ground truth missing
[skip] ATLAS_r061s003_ses1: prediction or ground truth missing
[skip] ATLAS_r061s004_ses1: prediction or ground truth missing
[skip] ATLAS_r061s005_ses1: prediction or ground truth missing
[skip] ATLAS_r061s006_ses1: prediction or ground truth missing
[skip] ATLAS_r061s009_ses1: prediction or ground truth missing
[skip] ATLAS_r061s010_ses1: prediction or ground truth missing
[skip] ATLAS_r061s011_ses1: prediction or ground truth missing
[skip] ATLAS_r061s013_ses1: prediction or ground truth missing
[skip] ATLAS_r061s014_ses1: prediction or ground truth missing
[skip] ATLAS_r061s015_ses1: prediction or ground truth missing
[skip] ATLAS_r062s006_ses1: prediction or ground truth missing
[skip] ATLAS_r062s009_ses1: prediction or ground truth missing
[skip] ATLAS_r062s010_ses1: prediction or ground truth missing
[skip] ATLAS_r062s011_ses1: prediction or ground truth missing
[skip] ATLAS_r062s012_ses1: prediction or ground truth missing
[skip] ATLAS_r062s013_ses1: prediction or ground truth missing
[skip] ATLAS_r062s014_ses1: prediction or ground truth missing
[skip] ATLAS_r063s053_ses1: prediction or ground truth missing
[skip] ATLAS_r064s003_ses1: prediction or ground truth missing
[skip] ATLAS_r064s006_ses1: prediction or ground truth missing
[skip] ATLAS_r064s007_ses1: prediction or ground truth missing
[skip] ATLAS_r064s008_ses1: prediction or ground truth missing
[skip] ATLAS_r064s009_ses1: prediction or ground truth missing
[skip] ATLAS_r064s012_ses1: prediction or ground truth missing
[skip] ATLAS_r065s002_ses1: prediction or ground truth missing
[skip] ATLAS_r065s003_ses1: prediction or ground truth missing
[skip] ATLAS_r065s005_ses1: prediction or ground truth missing
[skip] ATLAS_r065s006_ses1: prediction or ground truth missing
[skip] ATLAS_r065s008_ses1: prediction or ground truth missing
[skip] ATLAS_r065s009_ses1: prediction or ground truth missing
[skip] ATLAS_r065s011_ses1: prediction or ground truth missing
[skip] ATLAS_r065s012_ses1: prediction or ground truth missing
[skip] ATLAS_r065s013_ses1: prediction or ground truth missing
[skip] ATLAS_r065s014_ses1: prediction or ground truth missing
[skip] ATLAS_r065s016_ses1: prediction or ground truth missing
[skip] ATLAS_r065s017_ses1: prediction or ground truth missing
[skip] ATLAS_r065s018_ses1: prediction or ground truth missing
[skip] ATLAS_r065s019_ses1: prediction or ground truth missing
[skip] ATLAS_r065s020_ses1: prediction or ground truth missing
[skip] ATLAS_r065s023_ses1: prediction or ground truth missing
[skip] ATLAS_r067s017_ses1: prediction or ground truth missing
[skip] ATLAS_r067s019_ses1: prediction or ground truth missing
[skip] ATLAS_r067s020_ses1: prediction or ground truth missing
[skip] ATLAS_r067s021_ses1: prediction or ground truth missing
[skip] ATLAS_r067s023_ses1: prediction or ground truth missing
[skip] ATLAS_r067s024_ses1: prediction or ground truth missing
[skip] ATLAS_r067s025_ses1: prediction or ground truth missing
[skip] ATLAS_r067s027_ses1: prediction or ground truth missing
[skip] ATLAS_r067s028_ses1: prediction or ground truth missing
[skip] ATLAS_r067s029_ses1: prediction or ground truth missing
[skip] ATLAS_r067s030_ses1: prediction or ground truth missing
[skip] ATLAS_r067s031_ses1: prediction or ground truth missing
[skip] ATLAS_r067s032_ses1: prediction or ground truth missing
[skip] ATLAS_r067s033_ses1: prediction or ground truth missing
[skip] ATLAS_r067s034_ses1: prediction or ground truth missing
[skip] ATLAS_r067s035_ses1: prediction or ground truth missing
[skip] ATLAS_r067s036_ses1: prediction or ground truth missing
[skip] ATLAS_r067s037_ses1: prediction or ground truth missing
[skip] ATLAS_r067s038_ses1: prediction or ground truth missing
[skip] ATLAS_r067s040_ses1: prediction or ground truth missing
[skip] ATLAS_r067s042_ses1: prediction or ground truth missing
[skip] ATLAS_r069s002_ses1: prediction or ground truth missing
[skip] ATLAS_r069s003_ses1: prediction or ground truth missing
[skip] ATLAS_r069s004_ses1: prediction or ground truth missing
[skip] ATLAS_r069s005_ses1: prediction or ground truth missing
[skip] ATLAS_r069s006_ses1: prediction or ground truth missing
[skip] ATLAS_r069s007_ses1: prediction or ground truth missing
[skip] ATLAS_r069s008_ses1: prediction or ground truth missing
[skip] ATLAS_r069s009_ses1: prediction or ground truth missing
[skip] ATLAS_r069s010_ses1: prediction or ground truth missing
[skip] ATLAS_r069s011_ses1: prediction or ground truth missing
[skip] ATLAS_r069s012_ses1: prediction or ground truth missing
[skip] ATLAS_r069s013_ses1: prediction or ground truth missing
[skip] ATLAS_r069s014_ses1: prediction or ground truth missing
[skip] ATLAS_r069s015_ses1: prediction or ground truth missing
[skip] ATLAS_r069s016_ses1: prediction or ground truth missing
[skip] ATLAS_r069s017_ses1: prediction or ground truth missing
[skip] ATLAS_r069s019_ses1: prediction or ground truth missing
[skip] ATLAS_r069s020_ses1: prediction or ground truth missing
[skip] ATLAS_r069s021_ses1: prediction or ground truth missing
[skip] ATLAS_r069s022_ses1: prediction or ground truth missing
[skip] ATLAS_r069s023_ses1: prediction or ground truth missing
[skip] ATLAS_r069s024_ses1: prediction or ground truth missing
[skip] ATLAS_r069s025_ses1: prediction or ground truth missing
[skip] ATLAS_r069s027_ses1: prediction or ground truth missing
[skip] ATLAS_r069s030_ses1: prediction or ground truth missing
[skip] ATLAS_r069s031_ses1: prediction or ground truth missing
[skip] ATLAS_r069s032_ses1: prediction or ground truth missing
[skip] ATLAS_r069s033_ses1: prediction or ground truth missing
[skip] ATLAS_r069s036_ses1: prediction or ground truth missing
[skip] ATLAS_r069s037_ses1: prediction or ground truth missing
[skip] ATLAS_r069s039_ses1: prediction or ground truth missing
[skip] ATLAS_r069s041_ses1: prediction or ground truth missing
[skip] ATLAS_r069s043_ses1: prediction or ground truth missing
[skip] ATLAS_r069s044_ses1: prediction or ground truth missing
[skip] ATLAS_r070s003_ses1: prediction or ground truth missing
[skip] ATLAS_r070s004_ses1: prediction or ground truth missing
[skip] ATLAS_r070s005_ses1: prediction or ground truth missing
[skip] ATLAS_r070s006_ses1: prediction or ground truth missing
[skip] ATLAS_r070s007_ses1: prediction or ground truth missing
[skip] ATLAS_r070s008_ses1: prediction or ground truth missing
[skip] ATLAS_r070s009_ses1: prediction or ground truth missing
[skip] ATLAS_r070s010_ses1: prediction or ground truth missing
[skip] ATLAS_r071s001_ses1: prediction or ground truth missing
[skip] ATLAS_r071s007_ses1: prediction or ground truth missing
[skip] ATLAS_r071s010_ses1: prediction or ground truth missing
[skip] ATLAS_r071s011_ses1: prediction or ground truth missing
[skip] ATLAS_r071s014_ses1: prediction or ground truth missing
[skip] ATLAS_r071s016_ses1: prediction or ground truth missing
[skip] ATLAS_r071s017_ses1: prediction or ground truth missing
[skip] ATLAS_r071s018_ses1: prediction or ground truth missing
[skip] ATLAS_r071s020_ses1: prediction or ground truth missing
[skip] ATLAS_r071s021_ses1: prediction or ground truth missing
[skip] ATLAS_r071s022_ses1: prediction or ground truth missing
[skip] ATLAS_r071s023_ses1: prediction or ground truth missing
[skip] ATLAS_r071s024_ses1: prediction or ground truth missing
[skip] ATLAS_r071s025_ses1: prediction or ground truth missing
[skip] ATLAS_r071s027_ses1: prediction or ground truth missing
[skip] ATLAS_r071s028_ses1: prediction or ground truth missing
[skip] ATLAS_r071s029_ses1: prediction or ground truth missing
[skip] ATLAS_r071s030_ses1: prediction or ground truth missing
[skip] ATLAS_r071s031_ses1: prediction or ground truth missing
[skip] ATLAS_r071s032_ses1: prediction or ground truth missing
[skip] ATLAS_r071s033_ses1: prediction or ground truth missing
[skip] ATLAS_r071s034_ses1: prediction or ground truth missing
Wrote 119 rows to /home/galia/ISLES2026/isles26_project_simplified/workspace/evaluation/runs/nnUNetTrainerLesionAwareSamplingPow_500epochs_full__3d_fullres__fold0__fpfda38a2498/results_val.csv (skipped=1092, failed=1)
             dice     hd95_mm   lesion_f1
count  119.000000  117.000000  119.000000
mean     0.612707   21.875022    0.608346
std      0.280720   25.021318    0.283161
min      0.000000    1.000000    0.000000
25%      0.419997    3.605551    0.400000
50%      0.720020    8.062258    0.666667
75%      0.831166   34.361730    0.800000
max      0.924568  114.697253    1.000000
$ /home/galia/miniconda3/envs/isles2026/bin/python /home/galia/ISLES2026/isles26_project_simplified/evaluation/compute_metrics.py --pred-dir /home/galia/ISLES2026/nnUNet_results/Dataset002_ATLAS/nnUNetTrainerLesionAwareSamplingPow_500epochs_full__nnUNetPlans__3d_fullres/fold_0/validation --gt-dir /home/galia/ISLES2026/nnUNet_raw/Dataset002_ATLAS/labelsTr --case-metadata-csv workspace/splits_full/manifest.csv --experiment-name nnUNetTrainerLesionAwareSamplingPow_500epochs_full --out-csv /home/galia/ISLES2026/isles26_project_simplified/workspace/evaluation/runs/nnUNetTrainerLesionAwareSamplingPow_500epochs_full__3d_fullres__fold0__fpfda38a2498/results_val.csv --lesion-connectivity 3 --min-lesion-voxels 0
[2026-08-19 07:19:27] --- evaluate sampling-pow-500 (held-out test) ---
[skip] ATLAS_r001s001_ses1: prediction or ground truth missing
[skip] ATLAS_r001s003_ses1: prediction or ground truth missing
[skip] ATLAS_r001s004_ses1: prediction or ground truth missing
[skip] ATLAS_r001s005_ses1: prediction or ground truth missing
[skip] ATLAS_r001s007_ses1: prediction or ground truth missing
[skip] ATLAS_r001s008_ses1: prediction or ground truth missing
[skip] ATLAS_r001s009_ses1: prediction or ground truth missing
[skip] ATLAS_r001s010_ses1: prediction or ground truth missing
[skip] ATLAS_r001s011_ses1: prediction or ground truth missing
[skip] ATLAS_r001s012_ses1: prediction or ground truth missing
[skip] ATLAS_r001s013_ses1: prediction or ground truth missing
[skip] ATLAS_r001s014_ses1: prediction or ground truth missing
[skip] ATLAS_r001s015_ses1: prediction or ground truth missing
[skip] ATLAS_r001s016_ses1: prediction or ground truth missing
[skip] ATLAS_r001s017_ses1: prediction or ground truth missing
[skip] ATLAS_r001s018_ses1: prediction or ground truth missing
[skip] ATLAS_r001s019_ses1: prediction or ground truth missing
[skip] ATLAS_r001s020_ses1: prediction or ground truth missing
[skip] ATLAS_r001s021_ses1: prediction or ground truth missing
[skip] ATLAS_r001s022_ses1: prediction or ground truth missing
[skip] ATLAS_r001s023_ses1: prediction or ground truth missing
[skip] ATLAS_r001s024_ses1: prediction or ground truth missing
[skip] ATLAS_r001s025_ses1: prediction or ground truth missing
[skip] ATLAS_r001s026_ses1: prediction or ground truth missing
[skip] ATLAS_r001s028_ses1: prediction or ground truth missing
[skip] ATLAS_r001s030_ses1: prediction or ground truth missing
[skip] ATLAS_r001s031_ses1: prediction or ground truth missing
[skip] ATLAS_r001s032_ses1: prediction or ground truth missing
[skip] ATLAS_r001s033_ses1: prediction or ground truth missing
[skip] ATLAS_r001s034_ses1: prediction or ground truth missing
[skip] ATLAS_r001s036_ses1: prediction or ground truth missing
[skip] ATLAS_r001s037_ses1: prediction or ground truth missing
[skip] ATLAS_r001s038_ses1: prediction or ground truth missing
[skip] ATLAS_r001s039_ses1: prediction or ground truth missing
[skip] ATLAS_r001s040_ses1: prediction or ground truth missing
[skip] ATLAS_r002s001_ses1: prediction or ground truth missing
[skip] ATLAS_r002s002_ses1: prediction or ground truth missing
[skip] ATLAS_r002s005_ses1: prediction or ground truth missing
[skip] ATLAS_r002s006_ses1: prediction or ground truth missing
[skip] ATLAS_r002s007_ses1: prediction or ground truth missing
[skip] ATLAS_r002s008_ses1: prediction or ground truth missing
[skip] ATLAS_r002s009_ses1: prediction or ground truth missing
[skip] ATLAS_r002s010_ses1: prediction or ground truth missing
[skip] ATLAS_r002s011_ses1: prediction or ground truth missing
[skip] ATLAS_r002s012_ses1: prediction or ground truth missing
[skip] ATLAS_r003s001_ses1: prediction or ground truth missing
[skip] ATLAS_r003s002_ses1: prediction or ground truth missing
[skip] ATLAS_r003s003_ses1: prediction or ground truth missing
[skip] ATLAS_r003s004_ses1: prediction or ground truth missing
[skip] ATLAS_r003s005_ses1: prediction or ground truth missing
[skip] ATLAS_r003s006_ses1: prediction or ground truth missing
[skip] ATLAS_r003s007_ses1: prediction or ground truth missing
[skip] ATLAS_r003s009_ses1: prediction or ground truth missing
[skip] ATLAS_r003s010_ses1: prediction or ground truth missing
[skip] ATLAS_r003s013_ses1: prediction or ground truth missing
[skip] ATLAS_r003s014_ses1: prediction or ground truth missing
[skip] ATLAS_r003s015_ses1: prediction or ground truth missing
[skip] ATLAS_r004s001_ses1: prediction or ground truth missing
[skip] ATLAS_r004s002_ses1: prediction or ground truth missing
[skip] ATLAS_r004s003_ses1: prediction or ground truth missing
[skip] ATLAS_r004s004_ses1: prediction or ground truth missing
[skip] ATLAS_r004s005_ses1: prediction or ground truth missing
[skip] ATLAS_r004s006_ses1: prediction or ground truth missing
[skip] ATLAS_r004s007_ses1: prediction or ground truth missing
[skip] ATLAS_r004s008_ses1: prediction or ground truth missing
[skip] ATLAS_r004s009_ses1: prediction or ground truth missing
[skip] ATLAS_r004s010_ses1: prediction or ground truth missing
[skip] ATLAS_r004s011_ses1: prediction or ground truth missing
[skip] ATLAS_r004s012_ses1: prediction or ground truth missing
[skip] ATLAS_r004s013_ses1: prediction or ground truth missing
[skip] ATLAS_r004s014_ses1: prediction or ground truth missing
[skip] ATLAS_r004s015_ses1: prediction or ground truth missing
[skip] ATLAS_r004s017_ses1: prediction or ground truth missing
[skip] ATLAS_r004s018_ses1: prediction or ground truth missing
[skip] ATLAS_r004s019_ses1: prediction or ground truth missing
[skip] ATLAS_r004s020_ses1: prediction or ground truth missing
[skip] ATLAS_r004s021_ses1: prediction or ground truth missing
[skip] ATLAS_r004s022_ses1: prediction or ground truth missing
[skip] ATLAS_r004s023_ses1: prediction or ground truth missing
[skip] ATLAS_r004s024_ses1: prediction or ground truth missing
[skip] ATLAS_r004s025_ses1: prediction or ground truth missing
[skip] ATLAS_r004s026_ses1: prediction or ground truth missing
[skip] ATLAS_r004s028_ses1: prediction or ground truth missing
[skip] ATLAS_r004s029_ses1: prediction or ground truth missing
[skip] ATLAS_r004s032_ses1: prediction or ground truth missing
[skip] ATLAS_r004s033_ses1: prediction or ground truth missing
[skip] ATLAS_r004s034_ses1: prediction or ground truth missing
[skip] ATLAS_r004s035_ses1: prediction or ground truth missing
[skip] ATLAS_r004s036_ses1: prediction or ground truth missing
[skip] ATLAS_r004s037_ses1: prediction or ground truth missing
[skip] ATLAS_r009s001_ses1: prediction or ground truth missing
[skip] ATLAS_r009s002_ses1: prediction or ground truth missing
[skip] ATLAS_r009s003_ses1: prediction or ground truth missing
[skip] ATLAS_r009s004_ses1: prediction or ground truth missing
[skip] ATLAS_r009s005_ses1: prediction or ground truth missing
[skip] ATLAS_r009s006_ses1: prediction or ground truth missing
[skip] ATLAS_r009s008_ses1: prediction or ground truth missing
[skip] ATLAS_r009s009_ses1: prediction or ground truth missing
[skip] ATLAS_r009s010_ses1: prediction or ground truth missing
[skip] ATLAS_r009s011_ses1: prediction or ground truth missing
[skip] ATLAS_r009s012_ses1: prediction or ground truth missing
[skip] ATLAS_r009s013_ses1: prediction or ground truth missing
[skip] ATLAS_r009s014_ses1: prediction or ground truth missing
[skip] ATLAS_r009s015_ses1: prediction or ground truth missing
[skip] ATLAS_r009s016_ses1: prediction or ground truth missing
[skip] ATLAS_r009s017_ses1: prediction or ground truth missing
[skip] ATLAS_r009s018_ses1: prediction or ground truth missing
[skip] ATLAS_r009s020_ses1: prediction or ground truth missing
[skip] ATLAS_r009s021_ses1: prediction or ground truth missing
[skip] ATLAS_r009s022_ses1: prediction or ground truth missing
[skip] ATLAS_r009s025_ses1: prediction or ground truth missing
[skip] ATLAS_r009s026_ses1: prediction or ground truth missing
[skip] ATLAS_r009s027_ses1: prediction or ground truth missing
[skip] ATLAS_r009s028_ses1: prediction or ground truth missing
[skip] ATLAS_r009s029_ses1: prediction or ground truth missing
[skip] ATLAS_r009s030_ses1: prediction or ground truth missing
[skip] ATLAS_r009s031_ses1: prediction or ground truth missing
[skip] ATLAS_r009s034_ses1: prediction or ground truth missing
[skip] ATLAS_r009s035_ses1: prediction or ground truth missing
[skip] ATLAS_r009s036_ses1: prediction or ground truth missing
[skip] ATLAS_r009s037_ses1: prediction or ground truth missing
[skip] ATLAS_r009s038_ses1: prediction or ground truth missing
[skip] ATLAS_r009s039_ses1: prediction or ground truth missing
[skip] ATLAS_r009s040_ses1: prediction or ground truth missing
[skip] ATLAS_r009s041_ses1: prediction or ground truth missing
[skip] ATLAS_r009s043_ses1: prediction or ground truth missing
[skip] ATLAS_r009s044_ses1: prediction or ground truth missing
[skip] ATLAS_r009s045_ses1: prediction or ground truth missing
[skip] ATLAS_r009s046_ses1: prediction or ground truth missing
[skip] ATLAS_r009s048_ses1: prediction or ground truth missing
[skip] ATLAS_r009s049_ses1: prediction or ground truth missing
[skip] ATLAS_r009s050_ses1: prediction or ground truth missing
[skip] ATLAS_r009s051_ses1: prediction or ground truth missing
[skip] ATLAS_r009s052_ses1: prediction or ground truth missing
[skip] ATLAS_r009s053_ses1: prediction or ground truth missing
[skip] ATLAS_r009s054_ses1: prediction or ground truth missing
[skip] ATLAS_r009s055_ses1: prediction or ground truth missing
[skip] ATLAS_r009s056_ses1: prediction or ground truth missing
[skip] ATLAS_r009s057_ses1: prediction or ground truth missing
[skip] ATLAS_r009s058_ses1: prediction or ground truth missing
[skip] ATLAS_r009s060_ses1: prediction or ground truth missing
[skip] ATLAS_r009s061_ses1: prediction or ground truth missing
[skip] ATLAS_r009s062_ses1: prediction or ground truth missing
[skip] ATLAS_r009s063_ses1: prediction or ground truth missing
[skip] ATLAS_r009s064_ses1: prediction or ground truth missing
[skip] ATLAS_r009s065_ses1: prediction or ground truth missing
[skip] ATLAS_r009s066_ses1: prediction or ground truth missing
[skip] ATLAS_r009s067_ses1: prediction or ground truth missing
[skip] ATLAS_r009s072_ses1: prediction or ground truth missing
[skip] ATLAS_r009s073_ses1: prediction or ground truth missing
[skip] ATLAS_r009s074_ses1: prediction or ground truth missing
[skip] ATLAS_r009s076_ses1: prediction or ground truth missing
[skip] ATLAS_r009s078_ses1: prediction or ground truth missing
[skip] ATLAS_r009s079_ses1: prediction or ground truth missing
[skip] ATLAS_r009s082_ses1: prediction or ground truth missing
[skip] ATLAS_r009s084_ses1: prediction or ground truth missing
[skip] ATLAS_r009s085_ses1: prediction or ground truth missing
[skip] ATLAS_r009s086_ses1: prediction or ground truth missing
[skip] ATLAS_r009s087_ses1: prediction or ground truth missing
[skip] ATLAS_r009s088_ses1: prediction or ground truth missing
[skip] ATLAS_r009s091_ses1: prediction or ground truth missing
[skip] ATLAS_r009s092_ses1: prediction or ground truth missing
[skip] ATLAS_r009s093_ses1: prediction or ground truth missing
[skip] ATLAS_r009s094_ses1: prediction or ground truth missing
[skip] ATLAS_r009s096_ses1: prediction or ground truth missing
[skip] ATLAS_r009s097_ses1: prediction or ground truth missing
[skip] ATLAS_r009s098_ses1: prediction or ground truth missing
[skip] ATLAS_r009s100_ses1: prediction or ground truth missing
[skip] ATLAS_r009s102_ses1: prediction or ground truth missing
[skip] ATLAS_r009s103_ses1: prediction or ground truth missing
[skip] ATLAS_r009s105_ses1: prediction or ground truth missing
[skip] ATLAS_r009s106_ses1: prediction or ground truth missing
[skip] ATLAS_r009s107_ses1: prediction or ground truth missing
[skip] ATLAS_r009s108_ses1: prediction or ground truth missing
[skip] ATLAS_r009s109_ses1: prediction or ground truth missing
[skip] ATLAS_r009s111_ses1: prediction or ground truth missing
[skip] ATLAS_r009s113_ses1: prediction or ground truth missing
[skip] ATLAS_r009s114_ses1: prediction or ground truth missing
[skip] ATLAS_r009s115_ses1: prediction or ground truth missing
[skip] ATLAS_r009s117_ses1: prediction or ground truth missing
[skip] ATLAS_r009s119_ses1: prediction or ground truth missing
[skip] ATLAS_r009s120_ses1: prediction or ground truth missing
[skip] ATLAS_r009s122_ses1: prediction or ground truth missing
[skip] ATLAS_r009s123_ses1: prediction or ground truth missing
[skip] ATLAS_r009s124_ses1: prediction or ground truth missing
[skip] ATLAS_r009s125_ses1: prediction or ground truth missing
[skip] ATLAS_r009s126_ses1: prediction or ground truth missing
[skip] ATLAS_r010s001_ses1: prediction or ground truth missing
[skip] ATLAS_r010s002_ses1: prediction or ground truth missing
[skip] ATLAS_r010s003_ses1: prediction or ground truth missing
[skip] ATLAS_r010s004_ses1: prediction or ground truth missing
[skip] ATLAS_r010s005_ses1: prediction or ground truth missing
[skip] ATLAS_r010s006_ses1: prediction or ground truth missing
[skip] ATLAS_r010s007_ses1: prediction or ground truth missing
[skip] ATLAS_r010s008_ses1: prediction or ground truth missing
[skip] ATLAS_r010s009_ses1: prediction or ground truth missing
[skip] ATLAS_r010s010_ses1: prediction or ground truth missing
[skip] ATLAS_r010s012_ses1: prediction or ground truth missing
[skip] ATLAS_r010s013_ses1: prediction or ground truth missing
[skip] ATLAS_r010s014_ses1: prediction or ground truth missing
[skip] ATLAS_r010s016_ses1: prediction or ground truth missing
[skip] ATLAS_r010s018_ses1: prediction or ground truth missing
[skip] ATLAS_r010s019_ses1: prediction or ground truth missing
[skip] ATLAS_r010s021_ses1: prediction or ground truth missing
[skip] ATLAS_r010s023_ses1: prediction or ground truth missing
[skip] ATLAS_r010s026_ses1: prediction or ground truth missing
[skip] ATLAS_r010s027_ses1: prediction or ground truth missing
[skip] ATLAS_r010s028_ses1: prediction or ground truth missing
[skip] ATLAS_r010s032_ses1: prediction or ground truth missing
[skip] ATLAS_r011s002_ses1: prediction or ground truth missing
[skip] ATLAS_r011s003_ses1: prediction or ground truth missing
[skip] ATLAS_r011s008_ses1: prediction or ground truth missing
[skip] ATLAS_r011s010_ses1: prediction or ground truth missing
[skip] ATLAS_r011s011_ses1: prediction or ground truth missing
[skip] ATLAS_r011s012_ses1: prediction or ground truth missing
[skip] ATLAS_r011s013_ses1: prediction or ground truth missing
[skip] ATLAS_r011s014_ses1: prediction or ground truth missing
[skip] ATLAS_r011s015_ses1: prediction or ground truth missing
[skip] ATLAS_r011s016_ses1: prediction or ground truth missing
[skip] ATLAS_r011s017_ses1: prediction or ground truth missing
[skip] ATLAS_r011s019_ses1: prediction or ground truth missing
[skip] ATLAS_r011s020_ses1: prediction or ground truth missing
[skip] ATLAS_r011s022_ses1: prediction or ground truth missing
[skip] ATLAS_r011s023_ses1: prediction or ground truth missing
[skip] ATLAS_r011s024_ses1: prediction or ground truth missing
[skip] ATLAS_r011s025_ses1: prediction or ground truth missing
[skip] ATLAS_r011s026_ses1: prediction or ground truth missing
[skip] ATLAS_r011s027_ses1: prediction or ground truth missing
[skip] ATLAS_r011s028_ses1: prediction or ground truth missing
[skip] ATLAS_r011s029_ses1: prediction or ground truth missing
[skip] ATLAS_r011s030_ses1: prediction or ground truth missing
[skip] ATLAS_r011s031_ses1: prediction or ground truth missing
[skip] ATLAS_r011s032_ses1: prediction or ground truth missing
[skip] ATLAS_r011s033_ses1: prediction or ground truth missing
[skip] ATLAS_r011s034_ses1: prediction or ground truth missing
[skip] ATLAS_r015s001_ses1: prediction or ground truth missing
[skip] ATLAS_r015s002_ses1: prediction or ground truth missing
[skip] ATLAS_r015s003_ses1: prediction or ground truth missing
[skip] ATLAS_r015s004_ses1: prediction or ground truth missing
[skip] ATLAS_r015s005_ses1: prediction or ground truth missing
[skip] ATLAS_r015s006_ses1: prediction or ground truth missing
[skip] ATLAS_r015s007_ses1: prediction or ground truth missing
[skip] ATLAS_r015s008_ses1: prediction or ground truth missing
[skip] ATLAS_r015s009_ses1: prediction or ground truth missing
[skip] ATLAS_r015s010_ses1: prediction or ground truth missing
[skip] ATLAS_r015s012_ses1: prediction or ground truth missing
[skip] ATLAS_r015s013_ses1: prediction or ground truth missing
[skip] ATLAS_r015s014_ses1: prediction or ground truth missing
[skip] ATLAS_r015s016_ses1: prediction or ground truth missing
[skip] ATLAS_r015s017_ses1: prediction or ground truth missing
[skip] ATLAS_r015s019_ses1: prediction or ground truth missing
[skip] ATLAS_r015s022_ses1: prediction or ground truth missing
[skip] ATLAS_r015s024_ses1: prediction or ground truth missing
[skip] ATLAS_r015s025_ses1: prediction or ground truth missing
[skip] ATLAS_r015s027_ses1: prediction or ground truth missing
[skip] ATLAS_r017s101_ses1: prediction or ground truth missing
[skip] ATLAS_r017s104_ses1: prediction or ground truth missing
[skip] ATLAS_r017s105_ses1: prediction or ground truth missing
[skip] ATLAS_r017s106_ses1: prediction or ground truth missing
[skip] ATLAS_r017s107_ses1: prediction or ground truth missing
[skip] ATLAS_r017s108_ses1: prediction or ground truth missing
[skip] ATLAS_r017s109_ses1: prediction or ground truth missing
[skip] ATLAS_r017s111_ses1: prediction or ground truth missing
[skip] ATLAS_r017s113_ses1: prediction or ground truth missing
[skip] ATLAS_r017s116_ses1: prediction or ground truth missing
[skip] ATLAS_r017s117_ses1: prediction or ground truth missing
[skip] ATLAS_r017s118_ses1: prediction or ground truth missing
[skip] ATLAS_r017s121_ses1: prediction or ground truth missing
[skip] ATLAS_r018s001_ses1: prediction or ground truth missing
[skip] ATLAS_r018s002_ses1: prediction or ground truth missing
[skip] ATLAS_r018s003_ses1: prediction or ground truth missing
[skip] ATLAS_r018s004_ses1: prediction or ground truth missing
[skip] ATLAS_r018s005_ses1: prediction or ground truth missing
[skip] ATLAS_r018s006_ses1: prediction or ground truth missing
[skip] ATLAS_r018s007_ses1: prediction or ground truth missing
[skip] ATLAS_r018s008_ses1: prediction or ground truth missing
[skip] ATLAS_r018s011_ses1: prediction or ground truth missing
[skip] ATLAS_r018s012_ses1: prediction or ground truth missing
[skip] ATLAS_r019s001_ses1: prediction or ground truth missing
[skip] ATLAS_r019s002_ses1: prediction or ground truth missing
[skip] ATLAS_r019s003_ses1: prediction or ground truth missing
[skip] ATLAS_r019s005_ses1: prediction or ground truth missing
[skip] ATLAS_r019s006_ses1: prediction or ground truth missing
[skip] ATLAS_r019s007_ses1: prediction or ground truth missing
[skip] ATLAS_r019s008_ses1: prediction or ground truth missing
[skip] ATLAS_r019s009_ses1: prediction or ground truth missing
[skip] ATLAS_r019s010_ses1: prediction or ground truth missing
[skip] ATLAS_r019s011_ses1: prediction or ground truth missing
[skip] ATLAS_r019s012_ses1: prediction or ground truth missing
[skip] ATLAS_r019s013_ses1: prediction or ground truth missing
[skip] ATLAS_r020s007_ses1: prediction or ground truth missing
[skip] ATLAS_r023s002_ses1: prediction or ground truth missing
[skip] ATLAS_r023s003_ses1: prediction or ground truth missing
[skip] ATLAS_r023s004_ses1: prediction or ground truth missing
[skip] ATLAS_r023s005_ses1: prediction or ground truth missing
[skip] ATLAS_r023s006_ses1: prediction or ground truth missing
[skip] ATLAS_r023s007_ses1: prediction or ground truth missing
[skip] ATLAS_r023s009_ses1: prediction or ground truth missing
[skip] ATLAS_r023s010_ses1: prediction or ground truth missing
[skip] ATLAS_r023s011_ses1: prediction or ground truth missing
[skip] ATLAS_r023s014_ses1: prediction or ground truth missing
[skip] ATLAS_r023s015_ses1: prediction or ground truth missing
[skip] ATLAS_r023s016_ses1: prediction or ground truth missing
[skip] ATLAS_r024s001_ses1: prediction or ground truth missing
[skip] ATLAS_r024s002_ses1: prediction or ground truth missing
[skip] ATLAS_r024s003_ses1: prediction or ground truth missing
[skip] ATLAS_r024s004_ses1: prediction or ground truth missing
[skip] ATLAS_r024s005_ses1: prediction or ground truth missing
[skip] ATLAS_r024s006_ses1: prediction or ground truth missing
[skip] ATLAS_r024s007_ses1: prediction or ground truth missing
[skip] ATLAS_r024s008_ses1: prediction or ground truth missing
[skip] ATLAS_r024s009_ses1: prediction or ground truth missing
[skip] ATLAS_r024s010_ses1: prediction or ground truth missing
[skip] ATLAS_r024s011_ses1: prediction or ground truth missing
[skip] ATLAS_r024s012_ses1: prediction or ground truth missing
[skip] ATLAS_r024s013_ses1: prediction or ground truth missing
[skip] ATLAS_r024s014_ses1: prediction or ground truth missing
[skip] ATLAS_r024s015_ses1: prediction or ground truth missing
[skip] ATLAS_r024s016_ses1: prediction or ground truth missing
[skip] ATLAS_r024s017_ses1: prediction or ground truth missing
[skip] ATLAS_r024s018_ses1: prediction or ground truth missing
[skip] ATLAS_r024s019_ses1: prediction or ground truth missing
[skip] ATLAS_r024s020_ses1: prediction or ground truth missing
[skip] ATLAS_r024s021_ses1: prediction or ground truth missing
[skip] ATLAS_r028s001_ses1: prediction or ground truth missing
[skip] ATLAS_r028s003_ses1: prediction or ground truth missing
[skip] ATLAS_r028s004_ses1: prediction or ground truth missing
[skip] ATLAS_r028s005_ses1: prediction or ground truth missing
[skip] ATLAS_r028s006_ses1: prediction or ground truth missing
[skip] ATLAS_r028s007_ses1: prediction or ground truth missing
[skip] ATLAS_r028s008_ses1: prediction or ground truth missing
[skip] ATLAS_r028s011_ses1: prediction or ground truth missing
[skip] ATLAS_r028s012_ses1: prediction or ground truth missing
[skip] ATLAS_r028s014_ses1: prediction or ground truth missing
[skip] ATLAS_r028s015_ses1: prediction or ground truth missing
[skip] ATLAS_r028s016_ses1: prediction or ground truth missing
[skip] ATLAS_r028s017_ses1: prediction or ground truth missing
[skip] ATLAS_r028s019_ses1: prediction or ground truth missing
[skip] ATLAS_r028s020_ses1: prediction or ground truth missing
[skip] ATLAS_r028s022_ses1: prediction or ground truth missing
[skip] ATLAS_r028s024_ses1: prediction or ground truth missing
[skip] ATLAS_r028s025_ses1: prediction or ground truth missing
[skip] ATLAS_r030s002_ses1: prediction or ground truth missing
[skip] ATLAS_r030s003_ses1: prediction or ground truth missing
[skip] ATLAS_r030s004_ses1: prediction or ground truth missing
[skip] ATLAS_r030s005_ses1: prediction or ground truth missing
[skip] ATLAS_r030s011_ses1: prediction or ground truth missing
[skip] ATLAS_r030s013_ses1: prediction or ground truth missing
[skip] ATLAS_r030s014_ses1: prediction or ground truth missing
[skip] ATLAS_r030s015_ses1: prediction or ground truth missing
[skip] ATLAS_r030s017_ses1: prediction or ground truth missing
[skip] ATLAS_r030s019_ses1: prediction or ground truth missing
[skip] ATLAS_r030s020_ses1: prediction or ground truth missing
[skip] ATLAS_r030s021_ses1: prediction or ground truth missing
[skip] ATLAS_r030s022_ses1: prediction or ground truth missing
[skip] ATLAS_r030s023_ses1: prediction or ground truth missing
[skip] ATLAS_r031s001_ses1: prediction or ground truth missing
[skip] ATLAS_r031s002_ses1: prediction or ground truth missing
[skip] ATLAS_r031s003_ses1: prediction or ground truth missing
[skip] ATLAS_r031s004_ses1: prediction or ground truth missing
[skip] ATLAS_r031s005_ses1: prediction or ground truth missing
[skip] ATLAS_r031s006_ses1: prediction or ground truth missing
[skip] ATLAS_r031s007_ses1: prediction or ground truth missing
[skip] ATLAS_r031s008_ses1: prediction or ground truth missing
[skip] ATLAS_r031s009_ses1: prediction or ground truth missing
[skip] ATLAS_r031s010_ses1: prediction or ground truth missing
[skip] ATLAS_r031s012_ses1: prediction or ground truth missing
[skip] ATLAS_r031s013_ses1: prediction or ground truth missing
[skip] ATLAS_r031s014_ses1: prediction or ground truth missing
[skip] ATLAS_r031s015_ses1: prediction or ground truth missing
[skip] ATLAS_r031s017_ses1: prediction or ground truth missing
[skip] ATLAS_r031s018_ses1: prediction or ground truth missing
[skip] ATLAS_r031s019_ses1: prediction or ground truth missing
[skip] ATLAS_r031s022_ses1: prediction or ground truth missing
[skip] ATLAS_r031s023_ses1: prediction or ground truth missing
[skip] ATLAS_r031s024_ses1: prediction or ground truth missing
[skip] ATLAS_r031s025_ses1: prediction or ground truth missing
[skip] ATLAS_r031s026_ses1: prediction or ground truth missing
[skip] ATLAS_r031s027_ses1: prediction or ground truth missing
[skip] ATLAS_r031s028_ses1: prediction or ground truth missing
[skip] ATLAS_r031s029_ses1: prediction or ground truth missing
[skip] ATLAS_r031s030_ses1: prediction or ground truth missing
[skip] ATLAS_r031s031_ses1: prediction or ground truth missing
[skip] ATLAS_r031s034_ses1: prediction or ground truth missing
[skip] ATLAS_r031s036_ses1: prediction or ground truth missing
[skip] ATLAS_r031s037_ses1: prediction or ground truth missing
[skip] ATLAS_r032s005_ses1: prediction or ground truth missing
[skip] ATLAS_r032s007_ses1: prediction or ground truth missing
[skip] ATLAS_r032s013_ses1: prediction or ground truth missing
[skip] ATLAS_r032s014_ses1: prediction or ground truth missing
[skip] ATLAS_r032s018_ses1: prediction or ground truth missing
[skip] ATLAS_r032s019_ses1: prediction or ground truth missing
[skip] ATLAS_r032s020_ses1: prediction or ground truth missing
[skip] ATLAS_r032s023_ses1: prediction or ground truth missing
[skip] ATLAS_r032s024_ses1: prediction or ground truth missing
[skip] ATLAS_r032s025_ses1: prediction or ground truth missing
[skip] ATLAS_r032s027_ses1: prediction or ground truth missing
[skip] ATLAS_r032s030_ses1: prediction or ground truth missing
[skip] ATLAS_r032s031_ses1: prediction or ground truth missing
[skip] ATLAS_r032s034_ses1: prediction or ground truth missing
[skip] ATLAS_r032s037_ses1: prediction or ground truth missing
[skip] ATLAS_r032s038_ses1: prediction or ground truth missing
[skip] ATLAS_r032s039_ses1: prediction or ground truth missing
[skip] ATLAS_r032s040_ses1: prediction or ground truth missing
[skip] ATLAS_r032s041_ses1: prediction or ground truth missing
[skip] ATLAS_r032s043_ses1: prediction or ground truth missing
[skip] ATLAS_r032s045_ses1: prediction or ground truth missing
[skip] ATLAS_r032s046_ses1: prediction or ground truth missing
[skip] ATLAS_r032s048_ses1: prediction or ground truth missing
[skip] ATLAS_r032s051_ses1: prediction or ground truth missing
[skip] ATLAS_r032s052_ses1: prediction or ground truth missing
[skip] ATLAS_r032s053_ses1: prediction or ground truth missing
[skip] ATLAS_r032s054_ses1: prediction or ground truth missing
[skip] ATLAS_r032s055_ses1: prediction or ground truth missing
[skip] ATLAS_r032s056_ses1: prediction or ground truth missing
[skip] ATLAS_r032s058_ses1: prediction or ground truth missing
[skip] ATLAS_r034s003_ses1: prediction or ground truth missing
[skip] ATLAS_r034s006_ses1: prediction or ground truth missing
[skip] ATLAS_r034s007_ses1: prediction or ground truth missing
[skip] ATLAS_r034s008_ses1: prediction or ground truth missing
[skip] ATLAS_r034s009_ses1: prediction or ground truth missing
[skip] ATLAS_r034s010_ses1: prediction or ground truth missing
[skip] ATLAS_r034s011_ses1: prediction or ground truth missing
[skip] ATLAS_r034s012_ses1: prediction or ground truth missing
[skip] ATLAS_r034s014_ses1: prediction or ground truth missing
[skip] ATLAS_r034s021_ses1: prediction or ground truth missing
[skip] ATLAS_r034s022_ses1: prediction or ground truth missing
[skip] ATLAS_r034s025_ses1: prediction or ground truth missing
[skip] ATLAS_r034s026_ses1: prediction or ground truth missing
[skip] ATLAS_r034s032_ses1: prediction or ground truth missing
[skip] ATLAS_r034s033_ses1: prediction or ground truth missing
[skip] ATLAS_r034s036_ses1: prediction or ground truth missing
[skip] ATLAS_r034s037_ses1: prediction or ground truth missing
[skip] ATLAS_r034s040_ses1: prediction or ground truth missing
[skip] ATLAS_r034s046_ses1: prediction or ground truth missing
[skip] ATLAS_r035s001_ses1: prediction or ground truth missing
[skip] ATLAS_r035s002_ses1: prediction or ground truth missing
[skip] ATLAS_r035s003_ses1: prediction or ground truth missing
[skip] ATLAS_r035s004_ses1: prediction or ground truth missing
[skip] ATLAS_r035s005_ses1: prediction or ground truth missing
[skip] ATLAS_r035s006_ses1: prediction or ground truth missing
[skip] ATLAS_r035s007_ses1: prediction or ground truth missing
[skip] ATLAS_r035s009_ses1: prediction or ground truth missing
[skip] ATLAS_r035s010_ses1: prediction or ground truth missing
[skip] ATLAS_r035s011_ses1: prediction or ground truth missing
[skip] ATLAS_r035s012_ses1: prediction or ground truth missing
[skip] ATLAS_r035s013_ses1: prediction or ground truth missing
[skip] ATLAS_r035s014_ses1: prediction or ground truth missing
[skip] ATLAS_r035s015_ses1: prediction or ground truth missing
[skip] ATLAS_r038s001_ses1: prediction or ground truth missing
[skip] ATLAS_r038s003_ses1: prediction or ground truth missing
[skip] ATLAS_r038s005_ses1: prediction or ground truth missing
[skip] ATLAS_r038s007_ses1: prediction or ground truth missing
[skip] ATLAS_r038s008_ses1: prediction or ground truth missing
[skip] ATLAS_r038s010_ses1: prediction or ground truth missing
[skip] ATLAS_r038s011_ses1: prediction or ground truth missing
[skip] ATLAS_r038s012_ses1: prediction or ground truth missing
[skip] ATLAS_r038s013_ses1: prediction or ground truth missing
[skip] ATLAS_r038s014_ses1: prediction or ground truth missing
[skip] ATLAS_r038s015_ses1: prediction or ground truth missing
[skip] ATLAS_r038s016_ses1: prediction or ground truth missing
[skip] ATLAS_r038s017_ses1: prediction or ground truth missing
[skip] ATLAS_r038s018_ses1: prediction or ground truth missing
[skip] ATLAS_r038s019_ses1: prediction or ground truth missing
[skip] ATLAS_r038s020_ses1: prediction or ground truth missing
[skip] ATLAS_r038s021_ses1: prediction or ground truth missing
[skip] ATLAS_r038s022_ses1: prediction or ground truth missing
[skip] ATLAS_r038s023_ses1: prediction or ground truth missing
[skip] ATLAS_r038s024_ses1: prediction or ground truth missing
[skip] ATLAS_r038s025_ses1: prediction or ground truth missing
[skip] ATLAS_r038s026_ses1: prediction or ground truth missing
[skip] ATLAS_r038s027_ses1: prediction or ground truth missing
[skip] ATLAS_r038s028_ses1: prediction or ground truth missing
[skip] ATLAS_r038s029_ses1: prediction or ground truth missing
[skip] ATLAS_r038s030_ses1: prediction or ground truth missing
[skip] ATLAS_r038s031_ses1: prediction or ground truth missing
[skip] ATLAS_r038s032_ses1: prediction or ground truth missing
[skip] ATLAS_r038s033_ses1: prediction or ground truth missing
[skip] ATLAS_r038s034_ses1: prediction or ground truth missing
[skip] ATLAS_r038s035_ses1: prediction or ground truth missing
[skip] ATLAS_r038s038_ses1: prediction or ground truth missing
[skip] ATLAS_r038s039_ses1: prediction or ground truth missing
[skip] ATLAS_r038s040_ses1: prediction or ground truth missing
[skip] ATLAS_r038s041_ses1: prediction or ground truth missing
[skip] ATLAS_r038s042_ses1: prediction or ground truth missing
[skip] ATLAS_r038s045_ses1: prediction or ground truth missing
[skip] ATLAS_r038s049_ses1: prediction or ground truth missing
[skip] ATLAS_r038s050_ses1: prediction or ground truth missing
[skip] ATLAS_r038s051_ses1: prediction or ground truth missing
[skip] ATLAS_r038s052_ses1: prediction or ground truth missing
[skip] ATLAS_r038s053_ses1: prediction or ground truth missing
[skip] ATLAS_r038s054_ses1: prediction or ground truth missing
[skip] ATLAS_r038s055_ses1: prediction or ground truth missing
[skip] ATLAS_r038s057_ses1: prediction or ground truth missing
[skip] ATLAS_r038s058_ses1: prediction or ground truth missing
[skip] ATLAS_r038s059_ses1: prediction or ground truth missing
[skip] ATLAS_r038s060_ses1: prediction or ground truth missing
[skip] ATLAS_r038s061_ses1: prediction or ground truth missing
[skip] ATLAS_r038s064_ses1: prediction or ground truth missing
[skip] ATLAS_r038s065_ses1: prediction or ground truth missing
[skip] ATLAS_r038s066_ses1: prediction or ground truth missing
[skip] ATLAS_r038s067_ses1: prediction or ground truth missing
[skip] ATLAS_r038s069_ses1: prediction or ground truth missing
[skip] ATLAS_r038s071_ses1: prediction or ground truth missing
[skip] ATLAS_r038s072_ses1: prediction or ground truth missing
[skip] ATLAS_r038s073_ses1: prediction or ground truth missing
[skip] ATLAS_r038s074_ses1: prediction or ground truth missing
[skip] ATLAS_r038s075_ses1: prediction or ground truth missing
[skip] ATLAS_r038s076_ses1: prediction or ground truth missing
[skip] ATLAS_r038s077_ses1: prediction or ground truth missing
[skip] ATLAS_r038s078_ses1: prediction or ground truth missing
[skip] ATLAS_r038s079_ses1: prediction or ground truth missing
[skip] ATLAS_r038s081_ses1: prediction or ground truth missing
[skip] ATLAS_r038s082_ses1: prediction or ground truth missing
[skip] ATLAS_r038s083_ses1: prediction or ground truth missing
[skip] ATLAS_r038s084_ses1: prediction or ground truth missing
[skip] ATLAS_r038s085_ses1: prediction or ground truth missing
[skip] ATLAS_r038s086_ses1: prediction or ground truth missing
[skip] ATLAS_r038s090_ses1: prediction or ground truth missing
[skip] ATLAS_r038s092_ses1: prediction or ground truth missing
WARNING: In /tmp/SimpleITK-build/ITK/Modules/IO/NIFTI/src/itkNiftiImageIO.cxx, line 2008
NiftiImageIO (0x618d002d5c00): /home/galia/ISLES2026/nnUNet_raw/Dataset002_ATLAS/labelsTs/ATLAS_r040s087_ses1.nii.gz has unexpected scales in sform

WARNING: In /tmp/SimpleITK-build/ITK/Modules/IO/NIFTI/src/itkNiftiImageIO.cxx, line 2008
NiftiImageIO (0x618d002d5c00): /home/galia/ISLES2026/nnUNet_raw/Dataset002_ATLAS/labelsTs/ATLAS_r040s087_ses1.nii.gz has unexpected scales in sform

[skip] ATLAS_r038s094_ses1: prediction or ground truth missing
[skip] ATLAS_r038s095_ses1: prediction or ground truth missing
[skip] ATLAS_r038s096_ses1: prediction or ground truth missing
[skip] ATLAS_r038s097_ses1: prediction or ground truth missing
[skip] ATLAS_r038s098_ses1: prediction or ground truth missing
[skip] ATLAS_r039s001_ses1: prediction or ground truth missing
[skip] ATLAS_r039s002_ses1: prediction or ground truth missing
[skip] ATLAS_r039s003_ses1: prediction or ground truth missing
[skip] ATLAS_r040s002_ses1: prediction or ground truth missing
[skip] ATLAS_r040s003_ses1: prediction or ground truth missing
[skip] ATLAS_r040s006_ses1: prediction or ground truth missing
[skip] ATLAS_r040s007_ses1: prediction or ground truth missing
[skip] ATLAS_r040s008_ses1: prediction or ground truth missing
[skip] ATLAS_r040s009_ses1: prediction or ground truth missing
[skip] ATLAS_r040s010_ses1: prediction or ground truth missing
[skip] ATLAS_r040s011_ses1: prediction or ground truth missing
[skip] ATLAS_r040s012_ses1: prediction or ground truth missing
[skip] ATLAS_r040s013_ses1: prediction or ground truth missing
[skip] ATLAS_r040s014_ses1: prediction or ground truth missing
[skip] ATLAS_r040s015_ses1: prediction or ground truth missing
[skip] ATLAS_r040s016_ses1: prediction or ground truth missing
[skip] ATLAS_r040s017_ses1: prediction or ground truth missing
[skip] ATLAS_r040s018_ses1: prediction or ground truth missing
[skip] ATLAS_r040s020_ses1: prediction or ground truth missing
[skip] ATLAS_r040s023_ses1: prediction or ground truth missing
[skip] ATLAS_r040s024_ses1: prediction or ground truth missing
[skip] ATLAS_r040s025_ses1: prediction or ground truth missing
[skip] ATLAS_r040s026_ses1: prediction or ground truth missing
[skip] ATLAS_r040s027_ses1: prediction or ground truth missing
[skip] ATLAS_r040s028_ses1: prediction or ground truth missing
[skip] ATLAS_r040s030_ses1: prediction or ground truth missing
[skip] ATLAS_r040s031_ses1: prediction or ground truth missing
[skip] ATLAS_r040s032_ses1: prediction or ground truth missing
[skip] ATLAS_r040s033_ses1: prediction or ground truth missing
[skip] ATLAS_r040s034_ses1: prediction or ground truth missing
[skip] ATLAS_r040s035_ses1: prediction or ground truth missing
[skip] ATLAS_r040s036_ses1: prediction or ground truth missing
[skip] ATLAS_r040s037_ses1: prediction or ground truth missing
[skip] ATLAS_r040s039_ses1: prediction or ground truth missing
[skip] ATLAS_r040s041_ses1: prediction or ground truth missing
[skip] ATLAS_r040s042_ses1: prediction or ground truth missing
[skip] ATLAS_r040s043_ses1: prediction or ground truth missing
[skip] ATLAS_r040s044_ses1: prediction or ground truth missing
[skip] ATLAS_r040s045_ses1: prediction or ground truth missing
[skip] ATLAS_r040s046_ses1: prediction or ground truth missing
[skip] ATLAS_r040s047_ses1: prediction or ground truth missing
[skip] ATLAS_r040s048_ses1: prediction or ground truth missing
[skip] ATLAS_r040s049_ses1: prediction or ground truth missing
[skip] ATLAS_r040s052_ses1: prediction or ground truth missing
[skip] ATLAS_r040s053_ses1: prediction or ground truth missing
[skip] ATLAS_r040s054_ses1: prediction or ground truth missing
[skip] ATLAS_r040s055_ses1: prediction or ground truth missing
[skip] ATLAS_r040s056_ses1: prediction or ground truth missing
[skip] ATLAS_r040s057_ses1: prediction or ground truth missing
[skip] ATLAS_r040s058_ses1: prediction or ground truth missing
[skip] ATLAS_r040s060_ses1: prediction or ground truth missing
[skip] ATLAS_r040s061_ses1: prediction or ground truth missing
[skip] ATLAS_r040s062_ses1: prediction or ground truth missing
[skip] ATLAS_r040s063_ses1: prediction or ground truth missing
[skip] ATLAS_r040s064_ses1: prediction or ground truth missing
[skip] ATLAS_r040s066_ses1: prediction or ground truth missing
[skip] ATLAS_r040s068_ses1: prediction or ground truth missing
[skip] ATLAS_r040s069_ses1: prediction or ground truth missing
[skip] ATLAS_r040s070_ses1: prediction or ground truth missing
[skip] ATLAS_r040s071_ses1: prediction or ground truth missing
[skip] ATLAS_r040s072_ses1: prediction or ground truth missing
[skip] ATLAS_r040s073_ses1: prediction or ground truth missing
[skip] ATLAS_r040s074_ses1: prediction or ground truth missing
[skip] ATLAS_r040s075_ses1: prediction or ground truth missing
[skip] ATLAS_r040s076_ses1: prediction or ground truth missing
[skip] ATLAS_r040s078_ses1: prediction or ground truth missing
[skip] ATLAS_r040s079_ses1: prediction or ground truth missing
[skip] ATLAS_r040s080_ses1: prediction or ground truth missing
[skip] ATLAS_r040s082_ses1: prediction or ground truth missing
[skip] ATLAS_r040s083_ses1: prediction or ground truth missing
[skip] ATLAS_r040s084_ses1: prediction or ground truth missing
[skip] ATLAS_r040s085_ses1: prediction or ground truth missing
[skip] ATLAS_r040s086_ses1: prediction or ground truth missing
[error] ATLAS_r040s087_ses1: Prediction and ground truth geometry (origin/direction) do not match
[skip] ATLAS_r040s088_ses1: prediction or ground truth missing
[skip] ATLAS_r044s001_ses1: prediction or ground truth missing
[skip] ATLAS_r044s003_ses1: prediction or ground truth missing
[skip] ATLAS_r044s004_ses1: prediction or ground truth missing
[skip] ATLAS_r045s001_ses1: prediction or ground truth missing
[skip] ATLAS_r045s002_ses1: prediction or ground truth missing
[skip] ATLAS_r045s003_ses1: prediction or ground truth missing
[skip] ATLAS_r045s004_ses1: prediction or ground truth missing
[skip] ATLAS_r046s001_ses1: prediction or ground truth missing
[skip] ATLAS_r046s003_ses1: prediction or ground truth missing
[skip] ATLAS_r046s004_ses1: prediction or ground truth missing
[skip] ATLAS_r046s005_ses1: prediction or ground truth missing
[skip] ATLAS_r046s006_ses1: prediction or ground truth missing
[skip] ATLAS_r046s007_ses1: prediction or ground truth missing
[skip] ATLAS_r046s009_ses1: prediction or ground truth missing
[skip] ATLAS_r046s010_ses1: prediction or ground truth missing
[skip] ATLAS_r046s011_ses1: prediction or ground truth missing
[skip] ATLAS_r046s012_ses1: prediction or ground truth missing
[skip] ATLAS_r046s013_ses1: prediction or ground truth missing
[skip] ATLAS_r047s001_ses1: prediction or ground truth missing
[skip] ATLAS_r047s002_ses1: prediction or ground truth missing
[skip] ATLAS_r047s003_ses1: prediction or ground truth missing
[skip] ATLAS_r047s004_ses1: prediction or ground truth missing
[skip] ATLAS_r047s005_ses1: prediction or ground truth missing
[skip] ATLAS_r047s006_ses1: prediction or ground truth missing
[skip] ATLAS_r047s007_ses1: prediction or ground truth missing
[skip] ATLAS_r047s008_ses1: prediction or ground truth missing
[skip] ATLAS_r047s010_ses1: prediction or ground truth missing
[skip] ATLAS_r047s012_ses1: prediction or ground truth missing
[skip] ATLAS_r047s013_ses1: prediction or ground truth missing
[skip] ATLAS_r047s014_ses1: prediction or ground truth missing
[skip] ATLAS_r047s015_ses1: prediction or ground truth missing
[skip] ATLAS_r047s016_ses1: prediction or ground truth missing
[skip] ATLAS_r047s017_ses1: prediction or ground truth missing
[skip] ATLAS_r047s018_ses1: prediction or ground truth missing
[skip] ATLAS_r047s019_ses1: prediction or ground truth missing
[skip] ATLAS_r047s020_ses1: prediction or ground truth missing
[skip] ATLAS_r047s021_ses1: prediction or ground truth missing
[skip] ATLAS_r047s023_ses1: prediction or ground truth missing
[skip] ATLAS_r047s025_ses1: prediction or ground truth missing
[skip] ATLAS_r047s026_ses1: prediction or ground truth missing
[skip] ATLAS_r047s027_ses1: prediction or ground truth missing
[skip] ATLAS_r047s028_ses1: prediction or ground truth missing
[skip] ATLAS_r047s029_ses1: prediction or ground truth missing
[skip] ATLAS_r047s030_ses1: prediction or ground truth missing
[skip] ATLAS_r047s031_ses1: prediction or ground truth missing
[skip] ATLAS_r047s032_ses1: prediction or ground truth missing
[skip] ATLAS_r047s033_ses1: prediction or ground truth missing
[skip] ATLAS_r047s034_ses1: prediction or ground truth missing
[skip] ATLAS_r047s035_ses1: prediction or ground truth missing
[skip] ATLAS_r047s036_ses1: prediction or ground truth missing
[skip] ATLAS_r047s037_ses1: prediction or ground truth missing
[skip] ATLAS_r047s039_ses1: prediction or ground truth missing
[skip] ATLAS_r047s043_ses1: prediction or ground truth missing
[skip] ATLAS_r047s044_ses1: prediction or ground truth missing
[skip] ATLAS_r047s045_ses1: prediction or ground truth missing
[skip] ATLAS_r047s047_ses1: prediction or ground truth missing
[skip] ATLAS_r047s048_ses1: prediction or ground truth missing
[skip] ATLAS_r047s049_ses1: prediction or ground truth missing
[skip] ATLAS_r047s050_ses1: prediction or ground truth missing
[skip] ATLAS_r048s001_ses1: prediction or ground truth missing
[skip] ATLAS_r048s002_ses1: prediction or ground truth missing
[skip] ATLAS_r048s003_ses1: prediction or ground truth missing
[skip] ATLAS_r048s004_ses1: prediction or ground truth missing
[skip] ATLAS_r048s005_ses1: prediction or ground truth missing
[skip] ATLAS_r048s006_ses1: prediction or ground truth missing
[skip] ATLAS_r048s008_ses1: prediction or ground truth missing
[skip] ATLAS_r048s011_ses1: prediction or ground truth missing
[skip] ATLAS_r048s012_ses1: prediction or ground truth missing
[skip] ATLAS_r048s013_ses1: prediction or ground truth missing
[skip] ATLAS_r048s014_ses1: prediction or ground truth missing
[skip] ATLAS_r048s015_ses1: prediction or ground truth missing
[skip] ATLAS_r048s016_ses1: prediction or ground truth missing
[skip] ATLAS_r048s018_ses1: prediction or ground truth missing
[skip] ATLAS_r048s019_ses1: prediction or ground truth missing
[skip] ATLAS_r048s020_ses1: prediction or ground truth missing
[skip] ATLAS_r048s021_ses1: prediction or ground truth missing
[skip] ATLAS_r048s022_ses1: prediction or ground truth missing
[skip] ATLAS_r048s023_ses1: prediction or ground truth missing
[skip] ATLAS_r048s024_ses1: prediction or ground truth missing
[skip] ATLAS_r048s026_ses1: prediction or ground truth missing
[skip] ATLAS_r048s027_ses1: prediction or ground truth missing
[skip] ATLAS_r048s028_ses1: prediction or ground truth missing
[skip] ATLAS_r048s029_ses1: prediction or ground truth missing
[skip] ATLAS_r048s030_ses1: prediction or ground truth missing
[skip] ATLAS_r048s032_ses1: prediction or ground truth missing
[skip] ATLAS_r048s033_ses1: prediction or ground truth missing
[skip] ATLAS_r048s034_ses1: prediction or ground truth missing
[skip] ATLAS_r048s035_ses1: prediction or ground truth missing
[skip] ATLAS_r048s036_ses1: prediction or ground truth missing
[skip] ATLAS_r048s037_ses1: prediction or ground truth missing
[skip] ATLAS_r048s038_ses1: prediction or ground truth missing
[skip] ATLAS_r048s039_ses1: prediction or ground truth missing
[skip] ATLAS_r048s040_ses1: prediction or ground truth missing
[skip] ATLAS_r048s041_ses1: prediction or ground truth missing
[skip] ATLAS_r048s042_ses1: prediction or ground truth missing
[skip] ATLAS_r048s043_ses1: prediction or ground truth missing
[skip] ATLAS_r048s044_ses1: prediction or ground truth missing
[skip] ATLAS_r049s003_ses1: prediction or ground truth missing
[skip] ATLAS_r049s004_ses1: prediction or ground truth missing
[skip] ATLAS_r049s005_ses1: prediction or ground truth missing
[skip] ATLAS_r049s006_ses1: prediction or ground truth missing
[skip] ATLAS_r049s007_ses1: prediction or ground truth missing
[skip] ATLAS_r049s008_ses1: prediction or ground truth missing
[skip] ATLAS_r049s010_ses1: prediction or ground truth missing
[skip] ATLAS_r049s011_ses1: prediction or ground truth missing
[skip] ATLAS_r049s012_ses1: prediction or ground truth missing
[skip] ATLAS_r049s014_ses1: prediction or ground truth missing
[skip] ATLAS_r049s016_ses1: prediction or ground truth missing
[skip] ATLAS_r049s018_ses1: prediction or ground truth missing
[skip] ATLAS_r049s020_ses1: prediction or ground truth missing
[skip] ATLAS_r049s021_ses1: prediction or ground truth missing
[skip] ATLAS_r049s024_ses1: prediction or ground truth missing
[skip] ATLAS_r049s025_ses1: prediction or ground truth missing
[skip] ATLAS_r049s026_ses1: prediction or ground truth missing
[skip] ATLAS_r049s028_ses1: prediction or ground truth missing
[skip] ATLAS_r049s029_ses1: prediction or ground truth missing
[skip] ATLAS_r049s033_ses1: prediction or ground truth missing
[skip] ATLAS_r049s034_ses1: prediction or ground truth missing
[skip] ATLAS_r050s002_ses1: prediction or ground truth missing
[skip] ATLAS_r050s003_ses1: prediction or ground truth missing
[skip] ATLAS_r050s005_ses1: prediction or ground truth missing
[skip] ATLAS_r050s006_ses1: prediction or ground truth missing
[skip] ATLAS_r050s007_ses1: prediction or ground truth missing
[skip] ATLAS_r050s010_ses1: prediction or ground truth missing
[skip] ATLAS_r050s011_ses1: prediction or ground truth missing
[skip] ATLAS_r050s013_ses1: prediction or ground truth missing
[skip] ATLAS_r050s014_ses1: prediction or ground truth missing
[skip] ATLAS_r050s016_ses1: prediction or ground truth missing
[skip] ATLAS_r052s002_ses1: prediction or ground truth missing
[skip] ATLAS_r052s003_ses1: prediction or ground truth missing
[skip] ATLAS_r052s004_ses1: prediction or ground truth missing
[skip] ATLAS_r052s005_ses1: prediction or ground truth missing
[skip] ATLAS_r052s006_ses1: prediction or ground truth missing
[skip] ATLAS_r052s007_ses1: prediction or ground truth missing
[skip] ATLAS_r052s008_ses1: prediction or ground truth missing
[skip] ATLAS_r052s009_ses1: prediction or ground truth missing
[skip] ATLAS_r052s010_ses1: prediction or ground truth missing
[skip] ATLAS_r052s013_ses1: prediction or ground truth missing
[skip] ATLAS_r052s014_ses1: prediction or ground truth missing
[skip] ATLAS_r052s017_ses1: prediction or ground truth missing
[skip] ATLAS_r052s018_ses1: prediction or ground truth missing
[skip] ATLAS_r052s019_ses1: prediction or ground truth missing
[skip] ATLAS_r052s021_ses1: prediction or ground truth missing
[skip] ATLAS_r052s022_ses1: prediction or ground truth missing
[skip] ATLAS_r052s023_ses1: prediction or ground truth missing
[skip] ATLAS_r052s024_ses1: prediction or ground truth missing
[skip] ATLAS_r052s025_ses1: prediction or ground truth missing
[skip] ATLAS_r052s026_ses1: prediction or ground truth missing
[skip] ATLAS_r052s027_ses1: prediction or ground truth missing
[skip] ATLAS_r052s028_ses1: prediction or ground truth missing
[skip] ATLAS_r052s029_ses1: prediction or ground truth missing
[skip] ATLAS_r052s030_ses1: prediction or ground truth missing
[skip] ATLAS_r052s031_ses1: prediction or ground truth missing
[skip] ATLAS_r052s033_ses1: prediction or ground truth missing
[skip] ATLAS_r052s034_ses1: prediction or ground truth missing
[skip] ATLAS_r053s016_ses1: prediction or ground truth missing
[skip] ATLAS_r053s021_ses1: prediction or ground truth missing
[skip] ATLAS_r053s039_ses1: prediction or ground truth missing
[skip] ATLAS_r053s053_ses1: prediction or ground truth missing
[skip] ATLAS_r056s001_ses1: prediction or ground truth missing
[skip] ATLAS_r056s002_ses1: prediction or ground truth missing
[skip] ATLAS_r056s003_ses1: prediction or ground truth missing
[skip] ATLAS_r056s004_ses1: prediction or ground truth missing
[skip] ATLAS_r056s005_ses1: prediction or ground truth missing
[skip] ATLAS_r056s006_ses1: prediction or ground truth missing
[skip] ATLAS_r056s007_ses1: prediction or ground truth missing
[skip] ATLAS_r056s008_ses1: prediction or ground truth missing
[skip] ATLAS_r056s009_ses1: prediction or ground truth missing
[skip] ATLAS_r056s010_ses1: prediction or ground truth missing
[skip] ATLAS_r056s012_ses1: prediction or ground truth missing
[skip] ATLAS_r056s015_ses1: prediction or ground truth missing
[skip] ATLAS_r056s016_ses1: prediction or ground truth missing
[skip] ATLAS_r056s017_ses1: prediction or ground truth missing
[skip] ATLAS_r057s021_ses1: prediction or ground truth missing
[skip] ATLAS_r057s039_ses1: prediction or ground truth missing
[skip] ATLAS_r057s040_ses1: prediction or ground truth missing
[skip] ATLAS_r057s041_ses1: prediction or ground truth missing
[skip] ATLAS_r057s042_ses1: prediction or ground truth missing
[skip] ATLAS_r057s043_ses1: prediction or ground truth missing
[skip] ATLAS_r057s044_ses1: prediction or ground truth missing
[skip] ATLAS_r057s045_ses1: prediction or ground truth missing
[skip] ATLAS_r057s046_ses1: prediction or ground truth missing
[skip] ATLAS_r057s047_ses1: prediction or ground truth missing
[skip] ATLAS_r057s048_ses1: prediction or ground truth missing
[skip] ATLAS_r057s049_ses1: prediction or ground truth missing
[skip] ATLAS_r057s050_ses1: prediction or ground truth missing
[skip] ATLAS_r058s032_ses1: prediction or ground truth missing
[skip] ATLAS_r058s033_ses1: prediction or ground truth missing
[skip] ATLAS_r058s034_ses1: prediction or ground truth missing
[skip] ATLAS_r058s035_ses1: prediction or ground truth missing
[skip] ATLAS_r058s036_ses1: prediction or ground truth missing
[skip] ATLAS_r058s037_ses1: prediction or ground truth missing
[skip] ATLAS_r058s038_ses1: prediction or ground truth missing
[skip] ATLAS_r058s039_ses1: prediction or ground truth missing
[skip] ATLAS_r058s040_ses1: prediction or ground truth missing
[skip] ATLAS_r058s041_ses1: prediction or ground truth missing
[skip] ATLAS_r058s042_ses1: prediction or ground truth missing
[skip] ATLAS_r058s043_ses1: prediction or ground truth missing
[skip] ATLAS_r058s044_ses1: prediction or ground truth missing
[skip] ATLAS_r058s046_ses1: prediction or ground truth missing
[skip] ATLAS_r058s047_ses1: prediction or ground truth missing
[skip] ATLAS_r058s048_ses1: prediction or ground truth missing
[skip] ATLAS_r058s049_ses1: prediction or ground truth missing
[skip] ATLAS_r058s051_ses1: prediction or ground truth missing
[skip] ATLAS_r058s052_ses1: prediction or ground truth missing
[skip] ATLAS_r058s054_ses1: prediction or ground truth missing
[skip] ATLAS_r058s055_ses1: prediction or ground truth missing
[skip] ATLAS_r058s056_ses1: prediction or ground truth missing
[skip] ATLAS_r058s057_ses1: prediction or ground truth missing
[skip] ATLAS_r058s058_ses1: prediction or ground truth missing
[skip] ATLAS_r058s059_ses1: prediction or ground truth missing
[skip] ATLAS_r058s060_ses1: prediction or ground truth missing
[skip] ATLAS_r058s061_ses1: prediction or ground truth missing
[skip] ATLAS_r058s062_ses1: prediction or ground truth missing
[skip] ATLAS_r058s063_ses1: prediction or ground truth missing
[skip] ATLAS_r058s064_ses1: prediction or ground truth missing
[skip] ATLAS_r058s065_ses1: prediction or ground truth missing
[skip] ATLAS_r059s001_ses1: prediction or ground truth missing
[skip] ATLAS_r059s002_ses1: prediction or ground truth missing
[skip] ATLAS_r059s004_ses1: prediction or ground truth missing
[skip] ATLAS_r059s005_ses1: prediction or ground truth missing
[skip] ATLAS_r059s006_ses1: prediction or ground truth missing
[skip] ATLAS_r059s007_ses1: prediction or ground truth missing
[skip] ATLAS_r059s008_ses1: prediction or ground truth missing
[skip] ATLAS_r059s009_ses1: prediction or ground truth missing
[skip] ATLAS_r059s010_ses1: prediction or ground truth missing
[skip] ATLAS_r059s012_ses1: prediction or ground truth missing
[skip] ATLAS_r059s014_ses1: prediction or ground truth missing
[skip] ATLAS_r059s017_ses1: prediction or ground truth missing
[skip] ATLAS_r059s018_ses1: prediction or ground truth missing
[skip] ATLAS_r059s019_ses1: prediction or ground truth missing
[skip] ATLAS_r059s020_ses1: prediction or ground truth missing
[skip] ATLAS_r059s021_ses1: prediction or ground truth missing
[skip] ATLAS_r059s022_ses1: prediction or ground truth missing
[skip] ATLAS_r059s023_ses1: prediction or ground truth missing
[skip] ATLAS_r059s024_ses1: prediction or ground truth missing
[skip] ATLAS_r059s025_ses1: prediction or ground truth missing
[skip] ATLAS_r059s026_ses1: prediction or ground truth missing
[skip] ATLAS_r059s028_ses1: prediction or ground truth missing
[skip] ATLAS_r059s030_ses1: prediction or ground truth missing
[skip] ATLAS_r059s031_ses1: prediction or ground truth missing
[skip] ATLAS_r059s032_ses1: prediction or ground truth missing
[skip] ATLAS_r059s033_ses1: prediction or ground truth missing
[skip] ATLAS_r059s035_ses1: prediction or ground truth missing
[skip] ATLAS_r059s037_ses1: prediction or ground truth missing
[skip] ATLAS_r059s039_ses1: prediction or ground truth missing
[skip] ATLAS_r059s040_ses1: prediction or ground truth missing
[skip] ATLAS_r059s041_ses1: prediction or ground truth missing
[skip] ATLAS_r061s001_ses1: prediction or ground truth missing
[skip] ATLAS_r061s002_ses1: prediction or ground truth missing
[skip] ATLAS_r061s003_ses1: prediction or ground truth missing
[skip] ATLAS_r061s004_ses1: prediction or ground truth missing
[skip] ATLAS_r061s005_ses1: prediction or ground truth missing
[skip] ATLAS_r061s006_ses1: prediction or ground truth missing
[skip] ATLAS_r061s007_ses1: prediction or ground truth missing
[skip] ATLAS_r061s008_ses1: prediction or ground truth missing
[skip] ATLAS_r061s009_ses1: prediction or ground truth missing
[skip] ATLAS_r061s011_ses1: prediction or ground truth missing
[skip] ATLAS_r061s012_ses1: prediction or ground truth missing
[skip] ATLAS_r061s013_ses1: prediction or ground truth missing
[skip] ATLAS_r061s014_ses1: prediction or ground truth missing
[skip] ATLAS_r061s015_ses1: prediction or ground truth missing
[skip] ATLAS_r062s006_ses1: prediction or ground truth missing
[skip] ATLAS_r062s007_ses1: prediction or ground truth missing
[skip] ATLAS_r062s010_ses1: prediction or ground truth missing
[skip] ATLAS_r062s011_ses1: prediction or ground truth missing
[skip] ATLAS_r062s013_ses1: prediction or ground truth missing
[skip] ATLAS_r062s014_ses1: prediction or ground truth missing
[skip] ATLAS_r063s053_ses1: prediction or ground truth missing
[skip] ATLAS_r064s003_ses1: prediction or ground truth missing
[skip] ATLAS_r064s006_ses1: prediction or ground truth missing
[skip] ATLAS_r064s007_ses1: prediction or ground truth missing
[skip] ATLAS_r064s008_ses1: prediction or ground truth missing
[skip] ATLAS_r064s009_ses1: prediction or ground truth missing
[skip] ATLAS_r065s002_ses1: prediction or ground truth missing
[skip] ATLAS_r065s003_ses1: prediction or ground truth missing
[skip] ATLAS_r065s005_ses1: prediction or ground truth missing
[skip] ATLAS_r065s006_ses1: prediction or ground truth missing
[skip] ATLAS_r065s009_ses1: prediction or ground truth missing
[skip] ATLAS_r065s011_ses1: prediction or ground truth missing
[skip] ATLAS_r065s012_ses1: prediction or ground truth missing
[skip] ATLAS_r065s014_ses1: prediction or ground truth missing
[skip] ATLAS_r065s015_ses1: prediction or ground truth missing
[skip] ATLAS_r065s016_ses1: prediction or ground truth missing
[skip] ATLAS_r065s017_ses1: prediction or ground truth missing
[skip] ATLAS_r065s018_ses1: prediction or ground truth missing
[skip] ATLAS_r065s019_ses1: prediction or ground truth missing
[skip] ATLAS_r065s020_ses1: prediction or ground truth missing
[skip] ATLAS_r065s021_ses1: prediction or ground truth missing
[skip] ATLAS_r065s023_ses1: prediction or ground truth missing
[skip] ATLAS_r067s017_ses1: prediction or ground truth missing
[skip] ATLAS_r067s020_ses1: prediction or ground truth missing
[skip] ATLAS_r067s021_ses1: prediction or ground truth missing
[skip] ATLAS_r067s023_ses1: prediction or ground truth missing
[skip] ATLAS_r067s024_ses1: prediction or ground truth missing
[skip] ATLAS_r067s025_ses1: prediction or ground truth missing
[skip] ATLAS_r067s027_ses1: prediction or ground truth missing
[skip] ATLAS_r067s028_ses1: prediction or ground truth missing
[skip] ATLAS_r067s029_ses1: prediction or ground truth missing
[skip] ATLAS_r067s030_ses1: prediction or ground truth missing
[skip] ATLAS_r067s031_ses1: prediction or ground truth missing
[skip] ATLAS_r067s032_ses1: prediction or ground truth missing
[skip] ATLAS_r067s033_ses1: prediction or ground truth missing
[skip] ATLAS_r067s034_ses1: prediction or ground truth missing
[skip] ATLAS_r067s035_ses1: prediction or ground truth missing
[skip] ATLAS_r067s037_ses1: prediction or ground truth missing
[skip] ATLAS_r067s038_ses1: prediction or ground truth missing
[skip] ATLAS_r067s039_ses1: prediction or ground truth missing
[skip] ATLAS_r067s041_ses1: prediction or ground truth missing
[skip] ATLAS_r067s042_ses1: prediction or ground truth missing
[skip] ATLAS_r067s043_ses1: prediction or ground truth missing
[skip] ATLAS_r069s002_ses1: prediction or ground truth missing
[skip] ATLAS_r069s003_ses1: prediction or ground truth missing
[skip] ATLAS_r069s004_ses1: prediction or ground truth missing
[skip] ATLAS_r069s005_ses1: prediction or ground truth missing
[skip] ATLAS_r069s007_ses1: prediction or ground truth missing
[skip] ATLAS_r069s008_ses1: prediction or ground truth missing
[skip] ATLAS_r069s009_ses1: prediction or ground truth missing
[skip] ATLAS_r069s011_ses1: prediction or ground truth missing
[skip] ATLAS_r069s012_ses1: prediction or ground truth missing
[skip] ATLAS_r069s013_ses1: prediction or ground truth missing
[skip] ATLAS_r069s014_ses1: prediction or ground truth missing
[skip] ATLAS_r069s015_ses1: prediction or ground truth missing
[skip] ATLAS_r069s016_ses1: prediction or ground truth missing
[skip] ATLAS_r069s017_ses1: prediction or ground truth missing
[skip] ATLAS_r069s019_ses1: prediction or ground truth missing
[skip] ATLAS_r069s021_ses1: prediction or ground truth missing
[skip] ATLAS_r069s022_ses1: prediction or ground truth missing
[skip] ATLAS_r069s023_ses1: prediction or ground truth missing
[skip] ATLAS_r069s024_ses1: prediction or ground truth missing
[skip] ATLAS_r069s029_ses1: prediction or ground truth missing
[skip] ATLAS_r069s030_ses1: prediction or ground truth missing
[skip] ATLAS_r069s031_ses1: prediction or ground truth missing
[skip] ATLAS_r069s033_ses1: prediction or ground truth missing
[skip] ATLAS_r069s034_ses1: prediction or ground truth missing
[skip] ATLAS_r069s036_ses1: prediction or ground truth missing
[skip] ATLAS_r069s037_ses1: prediction or ground truth missing
[skip] ATLAS_r069s039_ses1: prediction or ground truth missing
[skip] ATLAS_r069s040_ses1: prediction or ground truth missing
[skip] ATLAS_r069s041_ses1: prediction or ground truth missing
[skip] ATLAS_r069s043_ses1: prediction or ground truth missing
[skip] ATLAS_r069s044_ses1: prediction or ground truth missing
[skip] ATLAS_r071s001_ses1: prediction or ground truth missing
[skip] ATLAS_r071s007_ses1: prediction or ground truth missing
[skip] ATLAS_r071s010_ses1: prediction or ground truth missing
[skip] ATLAS_r071s014_ses1: prediction or ground truth missing
[skip] ATLAS_r071s016_ses1: prediction or ground truth missing
[skip] ATLAS_r071s018_ses1: prediction or ground truth missing
[skip] ATLAS_r071s020_ses1: prediction or ground truth missing
[skip] ATLAS_r071s022_ses1: prediction or ground truth missing
[skip] ATLAS_r071s023_ses1: prediction or ground truth missing
[skip] ATLAS_r071s024_ses1: prediction or ground truth missing
[skip] ATLAS_r071s025_ses1: prediction or ground truth missing
[skip] ATLAS_r071s026_ses1: prediction or ground truth missing
[skip] ATLAS_r071s027_ses1: prediction or ground truth missing
[skip] ATLAS_r071s028_ses1: prediction or ground truth missing
[skip] ATLAS_r071s029_ses1: prediction or ground truth missing
[skip] ATLAS_r071s030_ses1: prediction or ground truth missing
[skip] ATLAS_r071s031_ses1: prediction or ground truth missing
[skip] ATLAS_r071s032_ses1: prediction or ground truth missing
[skip] ATLAS_r071s033_ses1: prediction or ground truth missing
[skip] ATLAS_r071s034_ses1: prediction or ground truth missing
[skip] ATLAS_r071s036_ses1: prediction or ground truth missing
Wrote 249 rows to /home/galia/ISLES2026/isles26_project_simplified/workspace/evaluation/runs/nnUNetTrainerLesionAwareSamplingPow_500epochs_full__3d_fullres__fold0__fpfda38a2498/results_test.csv (skipped=962, failed=1)
             dice     hd95_mm   lesion_f1
count  249.000000  249.000000  249.000000
mean     0.646094   17.512640    0.623790
std      0.267171   21.378629    0.296110
min      0.000000    0.898438    0.000000
25%      0.523860    3.126526    0.400000
50%      0.741051    6.631535    0.666667
75%      0.844634   26.925824    0.909091
max      0.932443  103.919072    1.000000
$ /home/galia/miniconda3/envs/isles2026/bin/python /home/galia/ISLES2026/isles26_project_simplified/evaluation/compute_metrics.py --pred-dir /home/galia/ISLES2026/nnUNet_results/Dataset002_ATLAS/nnUNetTrainerLesionAwareSamplingPow_500epochs_full__nnUNetPlans__3d_fullres/fold_0/predTs --gt-dir /home/galia/ISLES2026/nnUNet_raw/Dataset002_ATLAS/labelsTs --case-metadata-csv workspace/splits_full/manifest.csv --experiment-name nnUNetTrainerLesionAwareSamplingPow_500epochs_full --out-csv /home/galia/ISLES2026/isles26_project_simplified/workspace/evaluation/runs/nnUNetTrainerLesionAwareSamplingPow_500epochs_full__3d_fullres__fold0__fpfda38a2498/results_test.csv --lesion-connectivity 3 --min-lesion-voxels 0
[2026-08-19 07:27:21] --- aggregate + plot ---
Combined 4542 rows from 24 experiments -> /home/galia/ISLES2026/isles26_project_simplified/workspace/evaluation/results.csv
                                                      dice                        hd95_mm                        lesion_f1                      
                                                      mean     std  median count     mean      std  median count      mean     std  median count
experiment                                                                                                                                      
baseline_test                                       0.6449  0.2732  0.7485   258  19.5398  23.0182  7.1167   258    0.6534  0.2998  0.6667   258
baseline_val                                        0.6315  0.2678  0.7426   128  21.3389  25.0592  8.1268   128    0.6481  0.2728  0.6667   128
dice_test                                           0.6198  0.2833  0.7337   258  18.2300  21.7053  7.7128   247    0.6137  0.3030  0.6667   258
dice_val                                            0.6028  0.2836  0.7139   128  19.3967  22.2773  8.2006   123    0.6233  0.2974  0.6667   128
focal-tversky_test                                  0.6082  0.2792  0.7150   258  20.5991  22.5377  8.8204   253    0.5672  0.2864  0.5714   258
focal-tversky_val                                   0.6059  0.2754  0.7155   128  19.4534  22.3991  8.9443   125    0.6144  0.2830  0.6667   128
focal_test                                          0.4674  0.3414  0.5651   258  17.9177  21.4629  7.8740   209    0.5388  0.3768  0.5000   258
focal_val                                           0.4287  0.3484  0.4656   128  22.4759  25.2725  9.3489   105    0.4839  0.3471  0.5000   128
nnUNetTrainerBaseline_500epochs                     0.6515  0.2654  0.7476   368  18.5057  22.5476  6.8912   364    0.6354  0.2852  0.6667   368
nnUNetTrainerFocalTversky_500epochs                 0.6352  0.2626  0.7207   368  19.1467  21.9344  7.6158   366    0.6324  0.2763  0.6667   368
nnUNetTrainerLesionAwareSamplingPow_250epochs       0.6135  0.2834  0.7357   386  21.1679  24.1229  7.9363   382    0.5779  0.3011  0.5714   386
nnUNetTrainerLesionAwareSamplingPow_500epochs_full  0.6353  0.2717  0.7374   368  18.9072  22.6641  7.3228   366    0.6188  0.2917  0.6667   368
nnUNetTrainerLesionAwareSampling_500epochs_full     0.6424  0.2702  0.7418   368  18.9174  23.0993  7.0355   362    0.6439  0.3003  0.6667   368
nnUNetTrainerTverskyMild_500epochs                  0.6431  0.2692  0.7457   368  18.6076  22.2622  7.2732   363    0.6409  0.2882  0.6667   368
sampling_test                                       0.6346  0.2892  0.7595   258  18.6243  22.8444  6.6520   255    0.6229  0.3091  0.6667   258
sampling_val                                        0.6057  0.2811  0.7149   128  22.5710  25.4482  9.0554   127    0.6002  0.2961  0.6667   128
tversky_test                                        0.6041  0.2755  0.7018   258  21.7026  23.2811  8.9152   258    0.5871  0.2961  0.5714   258
tversky_val                                         0.6026  0.2768  0.7059   128  21.6596  25.0442  9.4868   127    0.6374  0.2907  0.6667   128

By split (train/val/test_id/test_ood), case-weighted (pooled):
                                                               dice                        hd95_mm                         lesion_f1                      
                                                               mean     std  median count     mean      std   median count      mean     std  median count
experiment                                         split                                                                                                  
baseline_test                                      test_id   0.6253  0.2854  0.7322   129  20.3302  21.8768   8.6603   129    0.6434  0.2992  0.6667   129
                                                   test_ood  0.6645  0.2601  0.7729   129  18.7494  24.1653   6.4031   129    0.6634  0.3013  0.6667   129
baseline_val                                       val       0.6315  0.2678  0.7426   128  21.3389  25.0592   8.1268   128    0.6481  0.2728  0.6667   128
dice_test                                          test_id   0.6021  0.2988  0.7329   129  20.0014  22.7098   8.4259   122    0.6134  0.3108  0.6667   129
                                                   test_ood  0.6376  0.2670  0.7344   129  16.5012  20.6225   7.2434   125    0.6140  0.2963  0.6667   129
dice_val                                           val       0.6028  0.2836  0.7139   128  19.3967  22.2773   8.2006   123    0.6233  0.2974  0.6667   128
focal-tversky_test                                 test_id   0.5931  0.2945  0.6989   129  22.4823  23.6886  11.7844   126    0.5615  0.2914  0.5714   129
                                                   test_ood  0.6232  0.2632  0.7199   129  18.7307  21.2635   7.5498   127    0.5730  0.2823  0.5714   129
focal-tversky_val                                  val       0.6059  0.2754  0.7155   128  19.4534  22.3991   8.9443   125    0.6144  0.2830  0.6667   128
focal_test                                         test_id   0.4401  0.3443  0.5448   129  18.9188  22.6390   8.0903   100    0.5152  0.3799  0.5000   129
                                                   test_ood  0.4947  0.3376  0.5949   129  16.9993  20.3863   7.5597   109    0.5624  0.3736  0.5714   129
focal_val                                          val       0.4287  0.3484  0.4656   128  22.4759  25.2725   9.3489   105    0.4839  0.3471  0.5000   128
nnUNetTrainerBaseline_500epochs                    test_id   0.6278  0.2808  0.7386   120  21.8809  24.9924   7.9593   120    0.6030  0.2790  0.5941   120
                                                   test_ood  0.6764  0.2537  0.7779   129  14.2148  18.5041   5.6566   127    0.6689  0.2929  0.6667   129
                                                   val       0.6483  0.2616  0.7282   119  19.7015  23.3420   7.4932   117    0.6317  0.2812  0.6667   119
nnUNetTrainerFocalTversky_500epochs                test_id   0.6188  0.2767  0.7164   120  21.8660  24.7856   8.0623   119    0.6130  0.2854  0.6667   120
                                                   test_ood  0.6383  0.2622  0.7329   129  17.0472  19.5662   6.4807   129    0.6454  0.2810  0.6667   129
                                                   val       0.6486  0.2496  0.7111   119  18.6997  21.2116   7.6287   118    0.6379  0.2628  0.6667   119
nnUNetTrainerLesionAwareSamplingPow_250epochs      test_id   0.5862  0.3093  0.7402   129  22.8638  24.8699   8.1240   127    0.5694  0.3108  0.5714   129
                                                   test_ood  0.6551  0.2631  0.7532   129  17.5661  21.6138   6.7823   129    0.5924  0.3010  0.6000   129
                                                   val       0.5991  0.2729  0.6746   128  23.1461  25.5262   9.6667   126    0.5718  0.2931  0.5394   128
nnUNetTrainerLesionAwareSamplingPow_500epochs_full test_id   0.6127  0.2792  0.7158   120  20.8188  24.2000   8.1866   120    0.6133  0.2897  0.6667   120
                                                   test_ood  0.6772  0.2526  0.7802   129  14.4372  17.9244   5.1468   129    0.6336  0.3028  0.6667   129
                                                   val       0.6127  0.2807  0.7200   119  21.8750  25.0213   8.0623   117    0.6083  0.2832  0.6667   119
nnUNetTrainerLesionAwareSampling_500epochs_full    test_id   0.6201  0.2845  0.7320   120  20.3412  23.6260   8.2462   119    0.6261  0.3080  0.6667   120
                                                   test_ood  0.6769  0.2536  0.7860   129  15.1105  20.0610   5.4312   126    0.6822  0.3035  0.6667   129
                                                   val       0.6276  0.2715  0.7231   119  21.5691  25.1820   8.2153   117    0.6204  0.2869  0.6667   119
nnUNetTrainerTverskyMild_500epochs                 test_id   0.6223  0.2793  0.7095   120  19.5943  22.6529   8.0931   118    0.6198  0.2930  0.6667   120
                                                   test_ood  0.6623  0.2618  0.7743   129  16.8467  20.6072   6.4031   128    0.6561  0.2898  0.6667   129
                                                   val       0.6434  0.2674  0.7373   119  19.5390  23.6398   7.4212   117    0.6457  0.2827  0.6667   119
sampling_test                                      test_id   0.6083  0.3042  0.7308   129  20.8473  24.0794   7.0355   126    0.6150  0.3162  0.6667   129
                                                   test_ood  0.6609  0.2719  0.7770   129  16.4530  21.4415   5.8310   129    0.6308  0.3027  0.6667   129
sampling_val                                       val       0.6057  0.2811  0.7149   128  22.5710  25.4482   9.0554   127    0.6002  0.2961  0.6667   128
tversky_test                                       test_id   0.5892  0.2871  0.6916   129  23.6090  24.3630  11.4448   129    0.5982  0.3019  0.6667   129
                                                   test_ood  0.6190  0.2637  0.7142   129  19.7962  22.0765   7.2111   129    0.5760  0.2911  0.5000   129
tversky_val                                        val       0.6026  0.2768  0.7059   128  21.6596  25.0442   9.4868   127    0.6374  0.2907  0.6667   128

By split, site-weighted (mean-of-per-site-means -- see docstring; prefer this over the pooled table above for test_id-vs-test_ood claims):
                                                                 dice                        hd95_mm                      lesion_f1                      n_sites
                                                            site_mean site_std site_median site_mean site_std site_median site_mean site_std site_median        
experiment                                         split                                                                                                        
baseline_test                                      test_id     0.6484   0.2536      0.6969   18.3521  19.0245     14.1031    0.6313   0.2635      0.6833      37
                                                   test_ood    0.5797   0.2843      0.7032   26.6092  24.8009     15.1808    0.5711   0.2857      0.6864       6
baseline_val                                       val         0.6658   0.1753      0.6856   17.0780  14.1774     13.1732    0.7012   0.1743      0.6879      37
dice_test                                          test_id     0.6333   0.2552      0.6994   18.6170  19.8454     11.4507    0.6055   0.2505      0.6190      37
                                                   test_ood    0.5656   0.2518      0.6554   23.4013  20.9907     15.4153    0.5432   0.2304      0.6320       6
dice_val                                           val         0.6466   0.1916      0.6751   16.2220  11.5157     14.8587    0.6764   0.2122      0.6924      37
focal-tversky_test                                 test_id     0.6163   0.2515      0.6834   20.7077  19.1849     14.6654    0.5512   0.2351      0.5743      37
                                                   test_ood    0.5607   0.2587      0.6435   24.5941  17.5363     17.2110    0.5171   0.2439      0.5860       6
focal-tversky_val                                  val         0.6383   0.1884      0.6677   15.8595  11.5060     12.3371    0.6718   0.2196      0.6667      37
focal_test                                         test_id     0.4654   0.2816      0.4568   16.5460  19.7490     11.3812    0.4970   0.2808      0.5000      37
                                                   test_ood    0.3762   0.2542      0.4283   26.3655  21.7222     15.3647    0.4558   0.2506      0.4939       6
focal_val                                          val         0.4872   0.2540      0.5804   20.1028  14.7305     16.9791    0.5470   0.2571      0.5234      37
nnUNetTrainerBaseline_500epochs                    test_id     0.6481   0.1788      0.6792   19.8105  17.1050     15.3373    0.6065   0.1812      0.6005      37
                                                   test_ood    0.5924   0.2576      0.7153   18.5186  12.9438     13.1235    0.5946   0.2282      0.6838       6
                                                   val         0.6779   0.1868      0.7406   17.9339  18.0148     11.3028    0.6611   0.2035      0.6431      36
nnUNetTrainerFocalTversky_500epochs                test_id     0.6435   0.1699      0.6301   19.0718  16.9011     13.3231    0.6151   0.1858      0.6170      37
                                                   test_ood    0.5743   0.2434      0.6711   20.0613  14.3132     16.4949    0.5887   0.2115      0.6486       6
                                                   val         0.6803   0.1591      0.6842   17.0477  14.3982     13.4751    0.6722   0.1838      0.6579      36
nnUNetTrainerLesionAwareSamplingPow_250epochs      test_id     0.6250   0.2662      0.7030   20.0670  19.7360     17.6638    0.5712   0.2598      0.5929      37
                                                   test_ood    0.5578   0.2598      0.6925   23.0227  16.7120     15.8287    0.5330   0.2097      0.5882       6
                                                   val         0.6373   0.1692      0.6635   19.2758  15.4199     16.9791    0.6105   0.2030      0.5889      37
nnUNetTrainerLesionAwareSamplingPow_500epochs_full test_id     0.6384   0.1703      0.6615   19.7434  17.0646     14.0713    0.5995   0.1712      0.6417      37
                                                   test_ood    0.5806   0.2733      0.6970   18.4609  11.8826     12.8954    0.5693   0.2410      0.6482       6
                                                   val         0.6582   0.1886      0.7142   15.9095  14.9295     10.5594    0.6613   0.2180      0.6462      36
nnUNetTrainerLesionAwareSampling_500epochs_full    test_id     0.6453   0.1744      0.6677   17.8440  14.5512     14.1070    0.6143   0.1928      0.6415      37
                                                   test_ood    0.5874   0.2438      0.6952   17.2548   8.1613     14.3127    0.6081   0.2083      0.6885       6
                                                   val         0.6649   0.1863      0.7150   18.2444  18.3720     10.6886    0.6632   0.2029      0.6627      36
nnUNetTrainerTverskyMild_500epochs                 test_id     0.6396   0.1936      0.6591   16.9621  13.7426     13.3429    0.6031   0.1874      0.6351      37
                                                   test_ood    0.5869   0.2517      0.6735   20.0734  14.9777     16.1653    0.5976   0.2048      0.6531       6
                                                   val         0.6704   0.1980      0.7069   16.5915  16.9183     11.6427    0.6770   0.2015      0.6667      36
sampling_test                                      test_id     0.6431   0.2596      0.7172   17.9760  18.7853     12.4630    0.6097   0.2550      0.6250      37
                                                   test_ood    0.5534   0.2878      0.7168   22.7201  19.4191     13.4887    0.5483   0.2490      0.6288       6
sampling_val                                       val         0.6461   0.1873      0.6995   18.9947  15.9947     14.7382    0.6368   0.1864      0.6333      37
tversky_test                                       test_id     0.6042   0.2539      0.6570   22.7142  19.3553     19.1096    0.5817   0.2378      0.6250      37
                                                   test_ood    0.5607   0.2521      0.6478   24.3812  18.6885     18.4230    0.5038   0.2613      0.5872       6
tversky_val                                        val         0.6323   0.1848      0.6610   18.0189  15.3527     15.1832    0.6774   0.1919      0.6881      37
$ /home/galia/miniconda3/envs/isles2026/bin/python /home/galia/ISLES2026/isles26_project_simplified/evaluation/aggregate_results.py /home/galia/ISLES2026/isles26_project_simplified/workspace/evaluation/results_baseline_test.csv /home/galia/ISLES2026/isles26_project_simplified/workspace/evaluation/results_baseline_val.csv /home/galia/ISLES2026/isles26_project_simplified/workspace/evaluation/results_dice_test.csv /home/galia/ISLES2026/isles26_project_simplified/workspace/evaluation/results_dice_val.csv /home/galia/ISLES2026/isles26_project_simplified/workspace/evaluation/results_focal-tversky_test.csv /home/galia/ISLES2026/isles26_project_simplified/workspace/evaluation/results_focal-tversky_val.csv /home/galia/ISLES2026/isles26_project_simplified/workspace/evaluation/results_focal_test.csv /home/galia/ISLES2026/isles26_project_simplified/workspace/evaluation/results_focal_val.csv /home/galia/ISLES2026/isles26_project_simplified/workspace/evaluation/results_sampling_test.csv /home/galia/ISLES2026/isles26_project_simplified/workspace/evaluation/results_sampling_val.csv /home/galia/ISLES2026/isles26_project_simplified/workspace/evaluation/results_tversky_test.csv /home/galia/ISLES2026/isles26_project_simplified/workspace/evaluation/results_tversky_val.csv /home/galia/ISLES2026/isles26_project_simplified/workspace/evaluation/runs/nnUNetTrainerBaseline_500epochs__3d_fullres__fold0__fp149e0ab945/results_test.csv /home/galia/ISLES2026/isles26_project_simplified/workspace/evaluation/runs/nnUNetTrainerBaseline_500epochs__3d_fullres__fold0__fp149e0ab945/results_val.csv /home/galia/ISLES2026/isles26_project_simplified/workspace/evaluation/runs/nnUNetTrainerFocalTversky_500epochs__3d_fullres__fold0__fp320e540428/results_test.csv /home/galia/ISLES2026/isles26_project_simplified/workspace/evaluation/runs/nnUNetTrainerFocalTversky_500epochs__3d_fullres__fold0__fp320e540428/results_val.csv /home/galia/ISLES2026/isles26_project_simplified/workspace/evaluation/runs/nnUNetTrainerLesionAwareSamplingPow_250epochs__3d_fullres__fold0__fpb2e56995f9/results_test.csv /home/galia/ISLES2026/isles26_project_simplified/workspace/evaluation/runs/nnUNetTrainerLesionAwareSamplingPow_250epochs__3d_fullres__fold0__fpb2e56995f9/results_val.csv /home/galia/ISLES2026/isles26_project_simplified/workspace/evaluation/runs/nnUNetTrainerLesionAwareSamplingPow_500epochs_full__3d_fullres__fold0__fpfda38a2498/results_test.csv /home/galia/ISLES2026/isles26_project_simplified/workspace/evaluation/runs/nnUNetTrainerLesionAwareSamplingPow_500epochs_full__3d_fullres__fold0__fpfda38a2498/results_val.csv /home/galia/ISLES2026/isles26_project_simplified/workspace/evaluation/runs/nnUNetTrainerLesionAwareSampling_500epochs_full__3d_fullres__fold0__fp09587d610a/results_test.csv /home/galia/ISLES2026/isles26_project_simplified/workspace/evaluation/runs/nnUNetTrainerLesionAwareSampling_500epochs_full__3d_fullres__fold0__fp09587d610a/results_val.csv /home/galia/ISLES2026/isles26_project_simplified/workspace/evaluation/runs/nnUNetTrainerTverskyMild_500epochs__3d_fullres__fold0__fp8959622c8f/results_test.csv /home/galia/ISLES2026/isles26_project_simplified/workspace/evaluation/runs/nnUNetTrainerTverskyMild_500epochs__3d_fullres__fold0__fp8959622c8f/results_val.csv --out-combined /home/galia/ISLES2026/isles26_project_simplified/workspace/evaluation/results.csv --out-summary /home/galia/ISLES2026/isles26_project_simplified/workspace/evaluation/summary_by_experiment.csv --out-summary-by-size /home/galia/ISLES2026/isles26_project_simplified/workspace/evaluation/summary_by_size_bin.csv --out-summary-by-split /home/galia/ISLES2026/isles26_project_simplified/workspace/evaluation/summary_by_split.csv --out-summary-by-split-siteweighted /home/galia/ISLES2026/isles26_project_simplified/workspace/evaluation/summary_by_split_siteweighted.csv
Wrote 6 run(s) to /home/galia/ISLES2026/isles26_project_simplified/workspace/evaluation/runs_index.csv
Figures written to /home/galia/ISLES2026/isles26_project_simplified/workspace/figures
$ /home/galia/miniconda3/envs/isles2026/bin/python /home/galia/ISLES2026/isles26_project_simplified/analysis/plot_results.py --results-csv /home/galia/ISLES2026/isles26_project_simplified/workspace/evaluation/results.csv --out-dir /home/galia/ISLES2026/isles26_project_simplified/workspace/figures
[2026-08-19 07:27:26] === queue finished ===
