[2026-08-19 21:19:42] === queue_resencm_baseline500.sh starting ===
[2026-08-19 21:19:42] --- waiting for GPU to be free (curriculum run and/or queue_dctopk10.sh) ---
[2026-08-19 22:02:47] --- GPU free, proceeding ---
[2026-08-19 22:02:47] --- train baseline-500 on ResEnc M plans ---
Trainer 'nnUNetTrainerBaseline_500epochs' not found in nnunetv2.training.nnUNetTrainer.
Searching in external trainer paths from environment variable 'nnUNet_extTrainer'...
Searching in: /home/galia/ISLES2026/isles26_project_simplified
Searching for class nnUNetTrainerBaseline_500epochs in folder /home/galia/ISLES2026/isles26_project_simplified with current module None
  Inspecting module: isles26
  Inspecting module: custom_trainers.install_custom_trainers
  Inspecting module: custom_trainers.losses
  Inspecting module: custom_trainers.nnUNetTrainer500epochs
Found class nnUNetTrainerBaseline_500epochs in custom_trainers.nnUNetTrainer500epochs
Using trainer 'nnUNetTrainerBaseline_500epochs' from: /home/galia/ISLES2026/isles26_project_simplified
Using device: cuda:0

#######################################################################
Please cite the following paper when using nnU-Net:
Isensee, F., Jaeger, P. F., Kohl, S. A., Petersen, J., & Maier-Hein, K. H. (2021). nnU-Net: a self-configuring method for deep learning-based biomedical image segmentation. Nature methods, 18(2), 203-211.
#######################################################################

2026-08-19 22:02:57.443003: Using torch.compile...
2026-08-19 22:02:58.557606: do_dummy_2d_data_aug: False
2026-08-19 22:02:58.559388: Using splits from existing split file: /home/galia/ISLES2026/nnUNet_preprocessed/Dataset002_ATLAS/splits_final.json
2026-08-19 22:02:58.559569: The split file contains 1 splits.
2026-08-19 22:02:58.559610: Desired fold for training: 0
2026-08-19 22:02:58.559639: This split has 842 training and 120 validation cases.
using pin_memory on device 0
using pin_memory on device 0

This is the configuration used by this training:
Configuration name: 3d_fullres
 {'data_identifier': 'nnUNetPlans_3d_fullres', 'preprocessor_name': 'DefaultPreprocessor', 'batch_size': 2, 'patch_size': [128, 128, 128], 'median_image_size_in_voxels': [148.0, 167.0, 138.0], 'spacing': [1.0, 1.0, 1.0], 'normalization_schemes': ['ZScoreNormalization'], 'use_mask_for_norm': [True], 'resampling_fn_data': 'resample_data_or_seg_to_shape', 'resampling_fn_seg': 'resample_data_or_seg_to_shape', 'resampling_fn_data_kwargs': {'is_seg': False, 'order': 3, 'order_z': 0, 'force_separate_z': None}, 'resampling_fn_seg_kwargs': {'is_seg': True, 'order': 1, 'order_z': 0, 'force_separate_z': None}, 'resampling_fn_probabilities': 'resample_data_or_seg_to_shape', 'resampling_fn_probabilities_kwargs': {'is_seg': False, 'order': 1, 'order_z': 0, 'force_separate_z': None}, 'architecture': {'network_class_name': 'dynamic_network_architectures.architectures.unet.ResidualEncoderUNet', 'arch_kwargs': {'n_stages': 6, 'features_per_stage': [32, 64, 128, 256, 320, 320], 'conv_op': 'torch.nn.modules.conv.Conv3d', 'kernel_sizes': [[3, 3, 3], [3, 3, 3], [3, 3, 3], [3, 3, 3], [3, 3, 3], [3, 3, 3]], 'strides': [[1, 1, 1], [2, 2, 2], [2, 2, 2], [2, 2, 2], [2, 2, 2], [2, 2, 2]], 'n_blocks_per_stage': [1, 3, 4, 6, 6, 6], 'n_conv_per_stage_decoder': [1, 1, 1, 1, 1], 'conv_bias': True, 'norm_op': 'torch.nn.modules.instancenorm.InstanceNorm3d', 'norm_op_kwargs': {'eps': 1e-05, 'affine': True}, 'dropout_op': None, 'dropout_op_kwargs': None, 'nonlin': 'torch.nn.LeakyReLU', 'nonlin_kwargs': {'inplace': True}}, '_kw_requires_import': ['conv_op', 'norm_op', 'dropout_op', 'nonlin']}, 'batch_dice': False} 

These are the global plan.json settings:
 {'dataset_name': 'Dataset002_ATLAS', 'plans_name': 'nnUNetResEncUNetMPlans', 'original_median_spacing_after_transp': [1.0, 1.0, 1.0], 'original_median_shape_after_transp': [149, 167, 138], 'image_reader_writer': 'SimpleITKIO', 'transpose_forward': [0, 1, 2], 'transpose_backward': [0, 1, 2], 'experiment_planner_used': 'nnUNetPlannerResEncM', 'label_manager': 'LabelManager', 'foreground_intensity_properties_per_channel': {'0': {'max': 57923.84375, 'mean': 504.29374022590616, 'median': 229.0031280517578, 'min': 0.0, 'percentile_00_5': 5.998413562774658, 'percentile_99_5': 4478.9052734375, 'std': 1415.2436182024787}}} 

2026-08-19 22:02:59.499424: Unable to plot network architecture: nnUNet_compile is enabled!
2026-08-19 22:02:59.515893: 
2026-08-19 22:02:59.516892: Epoch 0
2026-08-19 22:02:59.517162: Current learning rate: 0.01
2026-08-19 22:05:53.451785: train_loss 0.117
2026-08-19 22:05:53.452111: val_loss 0.0437
2026-08-19 22:05:53.452171: Pseudo dice [np.float32(0.0)]
2026-08-19 22:05:53.452234: Epoch time: 173.94 s
2026-08-19 22:05:53.452277: Yayy! New best EMA pseudo Dice: 0.0
2026-08-19 22:05:54.815657: 
2026-08-19 22:05:54.815825: Epoch 1
2026-08-19 22:05:54.815905: Current learning rate: 0.00998
2026-08-19 22:07:15.720108: train_loss 0.0096
2026-08-19 22:07:15.720277: val_loss -0.0246
2026-08-19 22:07:15.720334: Pseudo dice [np.float32(0.0)]
2026-08-19 22:07:15.720399: Epoch time: 80.91 s
2026-08-19 22:07:16.503336: 
2026-08-19 22:07:16.503534: Epoch 2
2026-08-19 22:07:16.503621: Current learning rate: 0.00996
2026-08-19 22:08:41.414189: train_loss -0.0666
2026-08-19 22:08:41.414382: val_loss -0.1308
2026-08-19 22:08:41.414437: Pseudo dice [np.float32(0.2058)]
2026-08-19 22:08:41.414501: Epoch time: 84.91 s
2026-08-19 22:08:41.414545: Yayy! New best EMA pseudo Dice: 0.020600000396370888
2026-08-19 22:08:43.177964: 
2026-08-19 22:08:43.178167: Epoch 3
2026-08-19 22:08:43.178242: Current learning rate: 0.00995
2026-08-19 22:10:04.877657: train_loss -0.1439
2026-08-19 22:10:04.877861: val_loss -0.2258
2026-08-19 22:10:04.877919: Pseudo dice [np.float32(0.5165)]
2026-08-19 22:10:04.877985: Epoch time: 81.7 s
2026-08-19 22:10:04.878030: Yayy! New best EMA pseudo Dice: 0.07020000368356705
2026-08-19 22:10:06.564777: 
2026-08-19 22:10:06.565013: Epoch 4
2026-08-19 22:10:06.565111: Current learning rate: 0.00993
2026-08-19 22:11:27.480242: train_loss -0.1828
2026-08-19 22:11:27.480438: val_loss -0.2666
2026-08-19 22:11:27.480494: Pseudo dice [np.float32(0.5473)]
2026-08-19 22:11:27.480558: Epoch time: 80.92 s
2026-08-19 22:11:27.480606: Yayy! New best EMA pseudo Dice: 0.11789999902248383
2026-08-19 22:11:30.309612: 
2026-08-19 22:11:30.309841: Epoch 5
2026-08-19 22:11:30.309941: Current learning rate: 0.00991
2026-08-19 22:12:51.186528: train_loss -0.2295
2026-08-19 22:12:51.186728: val_loss -0.3188
2026-08-19 22:12:51.186784: Pseudo dice [np.float32(0.6368)]
2026-08-19 22:12:51.186848: Epoch time: 80.88 s
2026-08-19 22:12:51.186902: Yayy! New best EMA pseudo Dice: 0.16979999840259552
2026-08-19 22:12:54.471927: 
2026-08-19 22:12:54.472125: Epoch 6
2026-08-19 22:12:54.472211: Current learning rate: 0.00989
2026-08-19 22:14:15.191262: train_loss -0.2864
2026-08-19 22:14:15.191467: val_loss -0.2852
2026-08-19 22:14:15.191526: Pseudo dice [np.float32(0.6227)]
2026-08-19 22:14:15.191595: Epoch time: 80.72 s
2026-08-19 22:14:15.191645: Yayy! New best EMA pseudo Dice: 0.2151000052690506
2026-08-19 22:14:16.979469: 
2026-08-19 22:14:17.812849: Epoch 7
2026-08-19 22:14:17.813022: Current learning rate: 0.00987
2026-08-19 22:15:26.681623: train_loss -0.302
2026-08-19 22:15:26.681878: val_loss -0.3264
2026-08-19 22:15:26.681938: Pseudo dice [np.float32(0.6455)]
2026-08-19 22:15:26.682006: Epoch time: 69.7 s
2026-08-19 22:15:26.682053: Yayy! New best EMA pseudo Dice: 0.2581000030040741
2026-08-19 22:15:28.536312: 
2026-08-19 22:15:29.340940: Epoch 8
2026-08-19 22:15:29.341110: Current learning rate: 0.00986
2026-08-19 22:16:10.623157: train_loss -0.3395
2026-08-19 22:16:10.623376: val_loss -0.3684
2026-08-19 22:16:10.623459: Pseudo dice [np.float32(0.7014)]
2026-08-19 22:16:10.623553: Epoch time: 42.09 s
2026-08-19 22:16:10.623624: Yayy! New best EMA pseudo Dice: 0.30239999294281006
2026-08-19 22:16:12.696306: 
2026-08-19 22:16:12.696471: Epoch 9
2026-08-19 22:16:12.696550: Current learning rate: 0.00984
2026-08-19 22:16:54.050925: train_loss -0.3293
2026-08-19 22:16:54.051101: val_loss -0.3565
2026-08-19 22:16:54.051159: Pseudo dice [np.float32(0.6983)]
2026-08-19 22:16:54.051221: Epoch time: 41.36 s
2026-08-19 22:16:55.031044: Yayy! New best EMA pseudo Dice: 0.34200000762939453
2026-08-19 22:16:57.034384: 
2026-08-19 22:16:57.034586: Epoch 10
2026-08-19 22:16:57.034693: Current learning rate: 0.00982
2026-08-19 22:17:38.410717: train_loss -0.4056
2026-08-19 22:17:38.410910: val_loss -0.4172
2026-08-19 22:17:38.410968: Pseudo dice [np.float32(0.6829)]
2026-08-19 22:17:38.411027: Epoch time: 41.38 s
2026-08-19 22:17:38.411072: Yayy! New best EMA pseudo Dice: 0.37610000371932983
2026-08-19 22:17:40.387713: 
2026-08-19 22:17:40.387913: Epoch 11
2026-08-19 22:17:40.388010: Current learning rate: 0.0098
2026-08-19 22:18:21.826156: train_loss -0.3525
2026-08-19 22:18:21.826321: val_loss -0.4029
2026-08-19 22:18:21.826379: Pseudo dice [np.float32(0.7021)]
2026-08-19 22:18:21.826473: Epoch time: 41.44 s
2026-08-19 22:18:21.826522: Yayy! New best EMA pseudo Dice: 0.40869998931884766
2026-08-19 22:18:23.610171: 
2026-08-19 22:18:23.610366: Epoch 12
2026-08-19 22:18:23.610465: Current learning rate: 0.00978
2026-08-19 22:19:04.911471: train_loss -0.3611
2026-08-19 22:19:04.911692: val_loss -0.4012
2026-08-19 22:19:04.911752: Pseudo dice [np.float32(0.699)]
2026-08-19 22:19:04.911823: Epoch time: 41.3 s
2026-08-19 22:19:04.911875: Yayy! New best EMA pseudo Dice: 0.4377000033855438
2026-08-19 22:19:08.087000: 
2026-08-19 22:19:08.087258: Epoch 13
2026-08-19 22:19:08.087407: Current learning rate: 0.00977
2026-08-19 22:19:49.528790: train_loss -0.3901
2026-08-19 22:19:49.529002: val_loss -0.3869
2026-08-19 22:19:49.529058: Pseudo dice [np.float32(0.6506)]
2026-08-19 22:19:49.529130: Epoch time: 41.44 s
2026-08-19 22:19:49.529189: Yayy! New best EMA pseudo Dice: 0.45899999141693115
2026-08-19 22:19:51.571536: 
2026-08-19 22:19:51.571736: Epoch 14
2026-08-19 22:19:51.571816: Current learning rate: 0.00975
2026-08-19 22:20:32.879902: train_loss -0.3869
2026-08-19 22:20:32.880353: val_loss -0.3967
2026-08-19 22:20:32.880421: Pseudo dice [np.float32(0.6554)]
2026-08-19 22:20:32.880491: Epoch time: 41.31 s
2026-08-19 22:20:32.880539: Yayy! New best EMA pseudo Dice: 0.47870001196861267
2026-08-19 22:20:34.812007: 
2026-08-19 22:20:34.812196: Epoch 15
2026-08-19 22:20:34.812284: Current learning rate: 0.00973
2026-08-19 22:21:16.065806: train_loss -0.4168
2026-08-19 22:21:16.066019: val_loss -0.3911
2026-08-19 22:21:16.066080: Pseudo dice [np.float32(0.7174)]
2026-08-19 22:21:16.066151: Epoch time: 41.26 s
2026-08-19 22:21:16.066199: Yayy! New best EMA pseudo Dice: 0.5024999976158142
2026-08-19 22:21:17.981574: 
2026-08-19 22:21:17.981776: Epoch 16
2026-08-19 22:21:17.981865: Current learning rate: 0.00971
2026-08-19 22:21:59.433486: train_loss -0.4045
2026-08-19 22:21:59.433697: val_loss -0.3995
2026-08-19 22:21:59.433760: Pseudo dice [np.float32(0.6916)]
2026-08-19 22:21:59.433832: Epoch time: 41.45 s
2026-08-19 22:21:59.433888: Yayy! New best EMA pseudo Dice: 0.521399974822998
2026-08-19 22:22:01.199220: 
2026-08-19 22:22:02.008322: Epoch 17
2026-08-19 22:22:02.008443: Current learning rate: 0.00969
2026-08-19 22:22:43.373396: train_loss -0.4309
2026-08-19 22:22:43.373607: val_loss -0.4331
2026-08-19 22:22:43.373669: Pseudo dice [np.float32(0.6807)]
2026-08-19 22:22:43.373741: Epoch time: 42.18 s
2026-08-19 22:22:43.373830: Yayy! New best EMA pseudo Dice: 0.5374000072479248
2026-08-19 22:22:45.994252: 
2026-08-19 22:22:45.994457: Epoch 18
2026-08-19 22:22:45.994558: Current learning rate: 0.00968
2026-08-19 22:23:27.440917: train_loss -0.4196
2026-08-19 22:23:27.441159: val_loss -0.4257
2026-08-19 22:23:27.441242: Pseudo dice [np.float32(0.6964)]
2026-08-19 22:23:27.441323: Epoch time: 41.45 s
2026-08-19 22:23:27.441370: Yayy! New best EMA pseudo Dice: 0.5533000230789185
2026-08-19 22:23:30.633392: 
2026-08-19 22:23:30.633571: Epoch 19
2026-08-19 22:23:30.633688: Current learning rate: 0.00966
2026-08-19 22:24:11.916966: train_loss -0.4307
2026-08-19 22:24:11.917158: val_loss -0.4794
2026-08-19 22:24:11.917215: Pseudo dice [np.float32(0.7023)]
2026-08-19 22:24:11.917283: Epoch time: 41.29 s
2026-08-19 22:24:12.830593: Yayy! New best EMA pseudo Dice: 0.5681999921798706
2026-08-19 22:24:14.558014: 
2026-08-19 22:24:14.558192: Epoch 20
2026-08-19 22:24:14.558270: Current learning rate: 0.00964
2026-08-19 22:24:55.968364: train_loss -0.4382
2026-08-19 22:24:55.968575: val_loss -0.4529
2026-08-19 22:24:55.968633: Pseudo dice [np.float32(0.727)]
2026-08-19 22:24:55.968704: Epoch time: 41.41 s
2026-08-19 22:24:55.968749: Yayy! New best EMA pseudo Dice: 0.5841000080108643
2026-08-19 22:24:57.739219: 
2026-08-19 22:24:57.739456: Epoch 21
2026-08-19 22:24:57.739538: Current learning rate: 0.00962
2026-08-19 22:25:39.094941: train_loss -0.4528
2026-08-19 22:25:39.095134: val_loss -0.4392
2026-08-19 22:25:39.095193: Pseudo dice [np.float32(0.7264)]
2026-08-19 22:25:39.095258: Epoch time: 41.36 s
2026-08-19 22:25:39.095302: Yayy! New best EMA pseudo Dice: 0.5982999801635742
2026-08-19 22:25:40.812371: 
2026-08-19 22:25:40.812569: Epoch 22
2026-08-19 22:25:40.812643: Current learning rate: 0.0096
2026-08-19 22:26:22.039661: train_loss -0.4518
2026-08-19 22:26:22.039849: val_loss -0.4542
2026-08-19 22:26:22.039916: Pseudo dice [np.float32(0.6857)]
2026-08-19 22:26:22.039982: Epoch time: 41.23 s
2026-08-19 22:26:22.040028: Yayy! New best EMA pseudo Dice: 0.6069999933242798
2026-08-19 22:26:25.104571: 
2026-08-19 22:26:25.104777: Epoch 23
2026-08-19 22:26:25.104898: Current learning rate: 0.00959
2026-08-19 22:27:06.530184: train_loss -0.4295
2026-08-19 22:27:06.530405: val_loss -0.4628
2026-08-19 22:27:06.530460: Pseudo dice [np.float32(0.7449)]
2026-08-19 22:27:06.530533: Epoch time: 41.43 s
2026-08-19 22:27:06.530577: Yayy! New best EMA pseudo Dice: 0.6208000183105469
2026-08-19 22:27:08.269935: 
2026-08-19 22:27:08.270139: Epoch 24
2026-08-19 22:27:08.270218: Current learning rate: 0.00957
2026-08-19 22:27:49.754539: train_loss -0.4666
2026-08-19 22:27:49.754748: val_loss -0.447
2026-08-19 22:27:49.754804: Pseudo dice [np.float32(0.7667)]
2026-08-19 22:27:49.754880: Epoch time: 41.49 s
2026-08-19 22:27:49.754925: Yayy! New best EMA pseudo Dice: 0.6353999972343445
2026-08-19 22:27:51.487179: 
2026-08-19 22:27:51.487423: Epoch 25
2026-08-19 22:27:51.487505: Current learning rate: 0.00955
2026-08-19 22:28:32.995949: train_loss -0.446
2026-08-19 22:28:32.996157: val_loss -0.4934
2026-08-19 22:28:32.996213: Pseudo dice [np.float32(0.7147)]
2026-08-19 22:28:32.996278: Epoch time: 41.51 s
2026-08-19 22:28:32.996323: Yayy! New best EMA pseudo Dice: 0.6432999968528748
2026-08-19 22:28:34.752824: 
2026-08-19 22:28:34.753066: Epoch 26
2026-08-19 22:28:34.753142: Current learning rate: 0.00953
2026-08-19 22:29:16.219043: train_loss -0.4696
2026-08-19 22:29:16.219280: val_loss -0.4836
2026-08-19 22:29:16.219334: Pseudo dice [np.float32(0.6823)]
2026-08-19 22:29:16.219441: Epoch time: 41.47 s
2026-08-19 22:29:16.219488: Yayy! New best EMA pseudo Dice: 0.6471999883651733
2026-08-19 22:29:17.976840: 
2026-08-19 22:29:17.977084: Epoch 27
2026-08-19 22:29:17.977164: Current learning rate: 0.00951
2026-08-19 22:29:59.474618: train_loss -0.4607
2026-08-19 22:29:59.474838: val_loss -0.4372
2026-08-19 22:29:59.474899: Pseudo dice [np.float32(0.6933)]
2026-08-19 22:29:59.474965: Epoch time: 41.5 s
2026-08-19 22:29:59.475011: Yayy! New best EMA pseudo Dice: 0.6517999768257141
2026-08-19 22:30:01.180188: 
2026-08-19 22:30:01.180457: Epoch 28
2026-08-19 22:30:01.180535: Current learning rate: 0.00949
2026-08-19 22:30:42.633672: train_loss -0.4665
2026-08-19 22:30:42.633880: val_loss -0.4808
2026-08-19 22:30:42.633940: Pseudo dice [np.float32(0.743)]
2026-08-19 22:30:42.634009: Epoch time: 41.46 s
2026-08-19 22:30:42.634056: Yayy! New best EMA pseudo Dice: 0.6610000133514404
2026-08-19 22:30:44.340608: 
2026-08-19 22:30:44.340913: Epoch 29
2026-08-19 22:30:44.340994: Current learning rate: 0.00948
2026-08-19 22:31:25.942468: train_loss -0.4467
2026-08-19 22:31:25.942758: val_loss -0.4686
2026-08-19 22:31:25.942815: Pseudo dice [np.float32(0.7081)]
2026-08-19 22:31:25.942894: Epoch time: 41.6 s
2026-08-19 22:31:26.859753: Yayy! New best EMA pseudo Dice: 0.6657000184059143
2026-08-19 22:31:28.603033: 
2026-08-19 22:31:28.603274: Epoch 30
2026-08-19 22:31:28.603412: Current learning rate: 0.00946
2026-08-19 22:32:09.986889: train_loss -0.4665
2026-08-19 22:32:09.987105: val_loss -0.438
2026-08-19 22:32:09.987162: Pseudo dice [np.float32(0.7346)]
2026-08-19 22:32:09.987233: Epoch time: 41.39 s
2026-08-19 22:32:09.987279: Yayy! New best EMA pseudo Dice: 0.6725999712944031
2026-08-19 22:32:11.723080: 
2026-08-19 22:32:11.723260: Epoch 31
2026-08-19 22:32:11.723341: Current learning rate: 0.00944
2026-08-19 22:32:53.254393: train_loss -0.4673
2026-08-19 22:32:53.254632: val_loss -0.4558
2026-08-19 22:32:53.254693: Pseudo dice [np.float32(0.7248)]
2026-08-19 22:32:53.254763: Epoch time: 41.53 s
2026-08-19 22:32:53.254809: Yayy! New best EMA pseudo Dice: 0.6777999997138977
2026-08-19 22:32:54.980201: 
2026-08-19 22:32:54.980394: Epoch 32
2026-08-19 22:32:54.980469: Current learning rate: 0.00942
2026-08-19 22:33:36.354777: train_loss -0.4961
2026-08-19 22:33:36.355025: val_loss -0.4768
2026-08-19 22:33:36.355084: Pseudo dice [np.float32(0.7566)]
2026-08-19 22:33:36.355156: Epoch time: 41.38 s
2026-08-19 22:33:36.355205: Yayy! New best EMA pseudo Dice: 0.685699999332428
2026-08-19 22:33:39.003538: 
2026-08-19 22:33:39.003776: Epoch 33
2026-08-19 22:33:39.003870: Current learning rate: 0.0094
2026-08-19 22:34:20.540700: train_loss -0.489
2026-08-19 22:34:20.540889: val_loss -0.476
2026-08-19 22:34:20.540946: Pseudo dice [np.float32(0.7459)]
2026-08-19 22:34:20.541009: Epoch time: 41.54 s
2026-08-19 22:34:20.541052: Yayy! New best EMA pseudo Dice: 0.6916999816894531
2026-08-19 22:34:22.588887: 
2026-08-19 22:34:22.589085: Epoch 34
2026-08-19 22:34:22.589164: Current learning rate: 0.00939
2026-08-19 22:35:04.089828: train_loss -0.4907
2026-08-19 22:35:04.090008: val_loss -0.5485
2026-08-19 22:35:04.090070: Pseudo dice [np.float32(0.7715)]
2026-08-19 22:35:04.090439: Epoch time: 41.5 s
2026-08-19 22:35:04.090494: Yayy! New best EMA pseudo Dice: 0.6996999979019165
2026-08-19 22:35:05.853246: 
2026-08-19 22:35:05.853445: Epoch 35
2026-08-19 22:35:05.853524: Current learning rate: 0.00937
2026-08-19 22:35:47.288430: train_loss -0.4857
2026-08-19 22:35:47.288618: val_loss -0.5105
2026-08-19 22:35:47.288674: Pseudo dice [np.float32(0.7092)]
2026-08-19 22:35:47.288794: Epoch time: 41.44 s
2026-08-19 22:35:47.288842: Yayy! New best EMA pseudo Dice: 0.7006000280380249
2026-08-19 22:35:49.021045: 
2026-08-19 22:35:49.021272: Epoch 36
2026-08-19 22:35:49.021347: Current learning rate: 0.00935
2026-08-19 22:36:30.422713: train_loss -0.4947
2026-08-19 22:36:30.422895: val_loss -0.5123
2026-08-19 22:36:30.422951: Pseudo dice [np.float32(0.7703)]
2026-08-19 22:36:30.423015: Epoch time: 41.4 s
2026-08-19 22:36:30.423062: Yayy! New best EMA pseudo Dice: 0.7075999975204468
2026-08-19 22:36:32.202941: 
2026-08-19 22:36:32.203151: Epoch 37
2026-08-19 22:36:32.203232: Current learning rate: 0.00933
2026-08-19 22:37:13.429237: train_loss -0.4963
2026-08-19 22:37:13.429409: val_loss -0.5492
2026-08-19 22:37:13.429466: Pseudo dice [np.float32(0.7899)]
2026-08-19 22:37:13.429530: Epoch time: 41.23 s
2026-08-19 22:37:13.429578: Yayy! New best EMA pseudo Dice: 0.7157999873161316
2026-08-19 22:37:15.196067: 
2026-08-19 22:37:15.196264: Epoch 38
2026-08-19 22:37:15.196347: Current learning rate: 0.00931
2026-08-19 22:37:56.587424: train_loss -0.4759
2026-08-19 22:37:56.587633: val_loss -0.4494
2026-08-19 22:37:56.587693: Pseudo dice [np.float32(0.7243)]
2026-08-19 22:37:56.587761: Epoch time: 41.39 s
2026-08-19 22:37:56.587807: Yayy! New best EMA pseudo Dice: 0.71670001745224
2026-08-19 22:37:58.333152: 
2026-08-19 22:37:58.333414: Epoch 39
2026-08-19 22:37:58.333503: Current learning rate: 0.0093
2026-08-19 22:38:39.779441: train_loss -0.4847
2026-08-19 22:38:39.779658: val_loss -0.5151
2026-08-19 22:38:39.779719: Pseudo dice [np.float32(0.7792)]
2026-08-19 22:38:39.779791: Epoch time: 41.45 s
2026-08-19 22:38:40.703456: Yayy! New best EMA pseudo Dice: 0.7228999733924866
2026-08-19 22:38:43.573838: 
2026-08-19 22:38:43.574070: Epoch 40
2026-08-19 22:38:43.574170: Current learning rate: 0.00928
2026-08-19 22:39:24.922730: train_loss -0.5233
2026-08-19 22:39:24.922985: val_loss -0.5433
2026-08-19 22:39:24.923040: Pseudo dice [np.float32(0.7654)]
2026-08-19 22:39:24.923106: Epoch time: 41.35 s
2026-08-19 22:39:24.923154: Yayy! New best EMA pseudo Dice: 0.7271999716758728
2026-08-19 22:39:26.687763: 
2026-08-19 22:39:27.494751: Epoch 41
2026-08-19 22:39:27.494862: Current learning rate: 0.00926
2026-08-19 22:40:08.899094: train_loss -0.5004
2026-08-19 22:40:08.899302: val_loss -0.5101
2026-08-19 22:40:08.899356: Pseudo dice [np.float32(0.7007)]
2026-08-19 22:40:08.899419: Epoch time: 42.21 s
2026-08-19 22:40:09.703912: 
2026-08-19 22:40:09.704091: Epoch 42
2026-08-19 22:40:09.704170: Current learning rate: 0.00924
2026-08-19 22:40:51.242756: train_loss -0.5033
2026-08-19 22:40:51.242943: val_loss -0.5014
2026-08-19 22:40:51.243003: Pseudo dice [np.float32(0.7913)]
2026-08-19 22:40:51.243072: Epoch time: 41.54 s
2026-08-19 22:40:51.243118: Yayy! New best EMA pseudo Dice: 0.7311999797821045
2026-08-19 22:40:53.006965: 
2026-08-19 22:40:53.007152: Epoch 43
2026-08-19 22:40:53.007239: Current learning rate: 0.00922
2026-08-19 22:41:34.575513: train_loss -0.4946
2026-08-19 22:41:34.575716: val_loss -0.4852
2026-08-19 22:41:34.575773: Pseudo dice [np.float32(0.7026)]
2026-08-19 22:41:34.575842: Epoch time: 41.57 s
2026-08-19 22:41:35.395256: 
2026-08-19 22:41:35.395449: Epoch 44
2026-08-19 22:41:35.395525: Current learning rate: 0.0092
2026-08-19 22:42:16.906924: train_loss -0.5167
2026-08-19 22:42:16.907138: val_loss -0.4835
2026-08-19 22:42:16.907201: Pseudo dice [np.float32(0.7417)]
2026-08-19 22:42:16.907270: Epoch time: 41.51 s
2026-08-19 22:42:17.710914: 
2026-08-19 22:42:17.711137: Epoch 45
2026-08-19 22:42:17.711219: Current learning rate: 0.00919
2026-08-19 22:42:59.170953: train_loss -0.5315
2026-08-19 22:42:59.171206: val_loss -0.5574
2026-08-19 22:42:59.171266: Pseudo dice [np.float32(0.7195)]
2026-08-19 22:42:59.171335: Epoch time: 41.46 s
2026-08-19 22:42:59.986741: 
2026-08-19 22:42:59.986996: Epoch 46
2026-08-19 22:42:59.987104: Current learning rate: 0.00917
2026-08-19 22:43:41.424848: train_loss -0.5156
2026-08-19 22:43:41.425086: val_loss -0.5241
2026-08-19 22:43:41.425143: Pseudo dice [np.float32(0.7529)]
2026-08-19 22:43:41.425209: Epoch time: 41.44 s
2026-08-19 22:43:42.224642: 
2026-08-19 22:43:42.224863: Epoch 47
2026-08-19 22:43:42.224958: Current learning rate: 0.00915
2026-08-19 22:44:23.613786: train_loss -0.5163
2026-08-19 22:44:23.613978: val_loss -0.4744
2026-08-19 22:44:23.614040: Pseudo dice [np.float32(0.7695)]
2026-08-19 22:44:23.614108: Epoch time: 41.39 s
2026-08-19 22:44:23.614156: Yayy! New best EMA pseudo Dice: 0.7348999977111816
2026-08-19 22:44:25.378728: 
2026-08-19 22:44:25.378942: Epoch 48
2026-08-19 22:44:25.379024: Current learning rate: 0.00913
2026-08-19 22:45:07.374369: train_loss -0.4855
2026-08-19 22:45:07.374578: val_loss -0.5294
2026-08-19 22:45:07.374640: Pseudo dice [np.float32(0.7919)]
2026-08-19 22:45:07.374707: Epoch time: 42.0 s
2026-08-19 22:45:07.374755: Yayy! New best EMA pseudo Dice: 0.7405999898910522
2026-08-19 22:45:10.361158: 
2026-08-19 22:45:10.361397: Epoch 49
2026-08-19 22:45:10.361546: Current learning rate: 0.00911
2026-08-19 22:45:51.772193: train_loss -0.5302
2026-08-19 22:45:51.772493: val_loss -0.554
2026-08-19 22:45:51.772566: Pseudo dice [np.float32(0.7669)]
2026-08-19 22:45:51.772635: Epoch time: 41.41 s
2026-08-19 22:45:52.706896: Yayy! New best EMA pseudo Dice: 0.7432000041007996
2026-08-19 22:45:54.475296: 
2026-08-19 22:45:54.475491: Epoch 50
2026-08-19 22:45:54.475575: Current learning rate: 0.0091
2026-08-19 22:46:35.988850: train_loss -0.5295
2026-08-19 22:46:35.989099: val_loss -0.5137
2026-08-19 22:46:35.989158: Pseudo dice [np.float32(0.7297)]
2026-08-19 22:46:35.989228: Epoch time: 41.52 s
2026-08-19 22:46:36.792949: 
2026-08-19 22:46:36.793119: Epoch 51
2026-08-19 22:46:36.793193: Current learning rate: 0.00908
2026-08-19 22:47:18.150405: train_loss -0.5221
2026-08-19 22:47:18.150627: val_loss -0.5205
2026-08-19 22:47:18.150686: Pseudo dice [np.float32(0.7445)]
2026-08-19 22:47:18.150753: Epoch time: 41.36 s
2026-08-19 22:47:18.953925: 
2026-08-19 22:47:18.954166: Epoch 52
2026-08-19 22:47:18.954241: Current learning rate: 0.00906
2026-08-19 22:48:00.428179: train_loss -0.517
2026-08-19 22:48:00.428359: val_loss -0.5185
2026-08-19 22:48:00.428418: Pseudo dice [np.float32(0.7672)]
2026-08-19 22:48:00.428486: Epoch time: 41.48 s
2026-08-19 22:48:00.428534: Yayy! New best EMA pseudo Dice: 0.744700014591217
2026-08-19 22:48:03.194732: 
2026-08-19 22:48:03.194991: Epoch 53
2026-08-19 22:48:03.195115: Current learning rate: 0.00904
2026-08-19 22:48:44.517232: train_loss -0.5369
2026-08-19 22:48:44.517515: val_loss -0.5753
2026-08-19 22:48:44.517576: Pseudo dice [np.float32(0.7905)]
2026-08-19 22:48:44.517645: Epoch time: 41.33 s
2026-08-19 22:48:44.517690: Yayy! New best EMA pseudo Dice: 0.7491999864578247
2026-08-19 22:48:47.470277: 
2026-08-19 22:48:47.470547: Epoch 54
2026-08-19 22:48:47.470659: Current learning rate: 0.00902
2026-08-19 22:49:28.948098: train_loss -0.5469
2026-08-19 22:49:28.948304: val_loss -0.5466
2026-08-19 22:49:28.948362: Pseudo dice [np.float32(0.7534)]
2026-08-19 22:49:28.948442: Epoch time: 41.48 s
2026-08-19 22:49:28.948491: Yayy! New best EMA pseudo Dice: 0.7497000098228455
2026-08-19 22:49:30.728827: 
2026-08-19 22:49:30.729028: Epoch 55
2026-08-19 22:49:30.729107: Current learning rate: 0.009
2026-08-19 22:50:12.164914: train_loss -0.5256
2026-08-19 22:50:12.165115: val_loss -0.5579
2026-08-19 22:50:12.165175: Pseudo dice [np.float32(0.7672)]
2026-08-19 22:50:12.165239: Epoch time: 41.44 s
2026-08-19 22:50:12.165282: Yayy! New best EMA pseudo Dice: 0.7513999938964844
2026-08-19 22:50:13.952053: 
2026-08-19 22:50:13.952368: Epoch 56
2026-08-19 22:50:13.952463: Current learning rate: 0.00899
2026-08-19 22:50:55.202156: train_loss -0.5204
2026-08-19 22:50:55.202343: val_loss -0.5065
2026-08-19 22:50:55.202399: Pseudo dice [np.float32(0.7794)]
2026-08-19 22:50:55.202463: Epoch time: 41.25 s
2026-08-19 22:50:55.202507: Yayy! New best EMA pseudo Dice: 0.7541999816894531
2026-08-19 22:50:56.985424: 
2026-08-19 22:50:56.985637: Epoch 57
2026-08-19 22:50:56.985718: Current learning rate: 0.00897
2026-08-19 22:51:38.343700: train_loss -0.5396
2026-08-19 22:51:38.343876: val_loss -0.5058
2026-08-19 22:51:38.343933: Pseudo dice [np.float32(0.7621)]
2026-08-19 22:51:38.343997: Epoch time: 41.36 s
2026-08-19 22:51:38.344043: Yayy! New best EMA pseudo Dice: 0.7549999952316284
2026-08-19 22:51:40.123874: 
2026-08-19 22:51:40.124078: Epoch 58
2026-08-19 22:51:40.124156: Current learning rate: 0.00895
2026-08-19 22:52:21.552211: train_loss -0.5369
2026-08-19 22:52:21.552406: val_loss -0.5104
2026-08-19 22:52:21.552464: Pseudo dice [np.float32(0.7373)]
2026-08-19 22:52:21.552534: Epoch time: 41.43 s
2026-08-19 22:52:22.369351: 
2026-08-19 22:52:22.369549: Epoch 59
2026-08-19 22:52:22.369627: Current learning rate: 0.00893
2026-08-19 22:53:03.840949: train_loss -0.5287
2026-08-19 22:53:03.841148: val_loss -0.5777
2026-08-19 22:53:03.841203: Pseudo dice [np.float32(0.7654)]
2026-08-19 22:53:03.841268: Epoch time: 41.47 s
2026-08-19 22:53:05.619716: 
2026-08-19 22:53:05.619893: Epoch 60
2026-08-19 22:53:05.619987: Current learning rate: 0.00891
2026-08-19 22:53:47.028533: train_loss -0.5363
2026-08-19 22:53:47.028707: val_loss -0.5272
2026-08-19 22:53:47.028766: Pseudo dice [np.float32(0.8073)]
2026-08-19 22:53:47.028832: Epoch time: 41.41 s
2026-08-19 22:53:47.028888: Yayy! New best EMA pseudo Dice: 0.7597000002861023
2026-08-19 22:53:48.768192: 
2026-08-19 22:53:48.768383: Epoch 61
2026-08-19 22:53:48.768468: Current learning rate: 0.00889
2026-08-19 22:54:30.042428: train_loss -0.5258
2026-08-19 22:54:30.042616: val_loss -0.5311
2026-08-19 22:54:30.042676: Pseudo dice [np.float32(0.7606)]
2026-08-19 22:54:30.042745: Epoch time: 41.28 s
2026-08-19 22:54:30.042791: Yayy! New best EMA pseudo Dice: 0.7598000168800354
2026-08-19 22:54:31.810122: 
2026-08-19 22:54:31.810320: Epoch 62
2026-08-19 22:54:31.810396: Current learning rate: 0.00888
2026-08-19 22:55:13.261365: train_loss -0.5323
2026-08-19 22:55:13.261616: val_loss -0.5531
2026-08-19 22:55:13.261673: Pseudo dice [np.float32(0.7851)]
2026-08-19 22:55:13.261744: Epoch time: 41.45 s
2026-08-19 22:55:13.261788: Yayy! New best EMA pseudo Dice: 0.7623000144958496
2026-08-19 22:55:15.084907: 
2026-08-19 22:55:15.085100: Epoch 63
2026-08-19 22:55:15.085175: Current learning rate: 0.00886
2026-08-19 22:55:56.517637: train_loss -0.5248
2026-08-19 22:55:56.517874: val_loss -0.5427
2026-08-19 22:55:56.517953: Pseudo dice [np.float32(0.7885)]
2026-08-19 22:55:56.518028: Epoch time: 41.44 s
2026-08-19 22:55:56.518076: Yayy! New best EMA pseudo Dice: 0.7649999856948853
2026-08-19 22:55:59.838278: 
2026-08-19 22:55:59.838531: Epoch 64
2026-08-19 22:55:59.838614: Current learning rate: 0.00884
2026-08-19 22:56:41.149038: train_loss -0.5186
2026-08-19 22:56:41.149242: val_loss -0.5796
2026-08-19 22:56:41.149300: Pseudo dice [np.float32(0.7681)]
2026-08-19 22:56:41.149362: Epoch time: 41.31 s
2026-08-19 22:56:41.149407: Yayy! New best EMA pseudo Dice: 0.7652999758720398
2026-08-19 22:56:43.895585: 
2026-08-19 22:56:43.895786: Epoch 65
2026-08-19 22:56:43.895874: Current learning rate: 0.00882
2026-08-19 22:57:25.352292: train_loss -0.5491
2026-08-19 22:57:25.352500: val_loss -0.5338
2026-08-19 22:57:25.352557: Pseudo dice [np.float32(0.7977)]
2026-08-19 22:57:25.352621: Epoch time: 41.46 s
2026-08-19 22:57:25.352668: Yayy! New best EMA pseudo Dice: 0.7684999704360962
2026-08-19 22:57:27.169944: 
2026-08-19 22:57:27.170235: Epoch 66
2026-08-19 22:57:27.170322: Current learning rate: 0.0088
2026-08-19 22:58:08.494879: train_loss -0.54
2026-08-19 22:58:08.495064: val_loss -0.5157
2026-08-19 22:58:08.495120: Pseudo dice [np.float32(0.7929)]
2026-08-19 22:58:08.495186: Epoch time: 41.33 s
2026-08-19 22:58:08.495232: Yayy! New best EMA pseudo Dice: 0.7710000276565552
2026-08-19 22:58:10.272045: 
2026-08-19 22:58:10.272272: Epoch 67
2026-08-19 22:58:10.272352: Current learning rate: 0.00879
2026-08-19 22:58:51.759598: train_loss -0.5365
2026-08-19 22:58:51.759769: val_loss -0.5191
2026-08-19 22:58:51.759828: Pseudo dice [np.float32(0.8093)]
2026-08-19 22:58:51.759901: Epoch time: 41.49 s
2026-08-19 22:58:51.759947: Yayy! New best EMA pseudo Dice: 0.7748000025749207
2026-08-19 22:58:54.328698: 
2026-08-19 22:58:54.328894: Epoch 68
2026-08-19 22:58:54.328975: Current learning rate: 0.00877
2026-08-19 22:59:35.831225: train_loss -0.5056
2026-08-19 22:59:35.831393: val_loss -0.5768
2026-08-19 22:59:35.831450: Pseudo dice [np.float32(0.796)]
2026-08-19 22:59:35.831517: Epoch time: 41.51 s
2026-08-19 22:59:35.831564: Yayy! New best EMA pseudo Dice: 0.7768999934196472
2026-08-19 22:59:37.636010: 
2026-08-19 22:59:37.636207: Epoch 69
2026-08-19 22:59:37.636289: Current learning rate: 0.00875
2026-08-19 23:00:19.289282: train_loss -0.5363
2026-08-19 23:00:19.289611: val_loss -0.5445
2026-08-19 23:00:19.289674: Pseudo dice [np.float32(0.7568)]
2026-08-19 23:00:19.289744: Epoch time: 41.66 s
2026-08-19 23:00:21.119026: 
2026-08-19 23:00:21.119252: Epoch 70
2026-08-19 23:00:21.119332: Current learning rate: 0.00873
2026-08-19 23:01:02.503915: train_loss -0.5164
2026-08-19 23:01:02.504127: val_loss -0.5631
2026-08-19 23:01:02.504187: Pseudo dice [np.float32(0.7817)]
2026-08-19 23:01:02.504257: Epoch time: 41.39 s
2026-08-19 23:01:03.338759: 
2026-08-19 23:01:03.338995: Epoch 71
2026-08-19 23:01:03.339086: Current learning rate: 0.00871
2026-08-19 23:01:44.645200: train_loss -0.5563
2026-08-19 23:01:44.645400: val_loss -0.5617
2026-08-19 23:01:44.645457: Pseudo dice [np.float32(0.7989)]
2026-08-19 23:01:44.645525: Epoch time: 41.31 s
2026-08-19 23:01:44.645570: Yayy! New best EMA pseudo Dice: 0.777899980545044
2026-08-19 23:01:47.450813: 
2026-08-19 23:01:47.450997: Epoch 72
2026-08-19 23:01:47.451081: Current learning rate: 0.00869
2026-08-19 23:02:28.838677: train_loss -0.53
2026-08-19 23:02:28.838995: val_loss -0.5699
2026-08-19 23:02:28.839054: Pseudo dice [np.float32(0.7551)]
2026-08-19 23:02:28.839124: Epoch time: 41.39 s
2026-08-19 23:02:29.682513: 
2026-08-19 23:02:29.682729: Epoch 73
2026-08-19 23:02:29.682809: Current learning rate: 0.00868
2026-08-19 23:03:10.966617: train_loss -0.5499
2026-08-19 23:03:10.966820: val_loss -0.5309
2026-08-19 23:03:10.966887: Pseudo dice [np.float32(0.7554)]
2026-08-19 23:03:10.966958: Epoch time: 41.29 s
2026-08-19 23:03:11.796988: 
2026-08-19 23:03:11.797247: Epoch 74
2026-08-19 23:03:11.797336: Current learning rate: 0.00866
2026-08-19 23:03:53.210150: train_loss -0.5429
2026-08-19 23:03:53.210454: val_loss -0.5378
2026-08-19 23:03:53.210517: Pseudo dice [np.float32(0.7715)]
2026-08-19 23:03:53.210588: Epoch time: 41.42 s
2026-08-19 23:03:54.039027: 
2026-08-19 23:03:54.039262: Epoch 75
2026-08-19 23:03:54.039340: Current learning rate: 0.00864
2026-08-19 23:04:35.405850: train_loss -0.5281
2026-08-19 23:04:35.406095: val_loss -0.5346
2026-08-19 23:04:35.406152: Pseudo dice [np.float32(0.7723)]
2026-08-19 23:04:35.406220: Epoch time: 41.37 s
2026-08-19 23:04:36.233241: 
2026-08-19 23:04:36.233427: Epoch 76
2026-08-19 23:04:36.233502: Current learning rate: 0.00862
2026-08-19 23:05:17.751879: train_loss -0.529
2026-08-19 23:05:17.752407: val_loss -0.5294
2026-08-19 23:05:17.752489: Pseudo dice [np.float32(0.7751)]
2026-08-19 23:05:17.752602: Epoch time: 41.52 s
2026-08-19 23:05:18.599075: 
2026-08-19 23:05:18.599317: Epoch 77
2026-08-19 23:05:18.599395: Current learning rate: 0.0086
2026-08-19 23:06:00.139256: train_loss -0.5159
2026-08-19 23:06:00.139634: val_loss -0.48
2026-08-19 23:06:00.139698: Pseudo dice [np.float32(0.7814)]
2026-08-19 23:06:00.139782: Epoch time: 41.54 s
2026-08-19 23:06:00.981595: 
2026-08-19 23:06:00.981827: Epoch 78
2026-08-19 23:06:00.981919: Current learning rate: 0.00858
2026-08-19 23:06:42.278570: train_loss -0.5323
2026-08-19 23:06:42.278760: val_loss -0.505
2026-08-19 23:06:42.279139: Pseudo dice [np.float32(0.7496)]
2026-08-19 23:06:42.279214: Epoch time: 41.3 s
2026-08-19 23:06:43.115936: 
2026-08-19 23:06:43.116156: Epoch 79
2026-08-19 23:06:43.116235: Current learning rate: 0.00857
2026-08-19 23:07:24.435784: train_loss -0.5482
2026-08-19 23:07:24.436101: val_loss -0.522
2026-08-19 23:07:24.436158: Pseudo dice [np.float32(0.7671)]
2026-08-19 23:07:24.436240: Epoch time: 41.32 s
2026-08-19 23:07:27.052644: 
2026-08-19 23:07:27.052952: Epoch 80
2026-08-19 23:07:27.053083: Current learning rate: 0.00855
2026-08-19 23:08:08.470516: train_loss -0.5389
2026-08-19 23:08:08.470724: val_loss -0.5613
2026-08-19 23:08:08.470777: Pseudo dice [np.float32(0.7636)]
2026-08-19 23:08:08.470845: Epoch time: 41.42 s
2026-08-19 23:08:09.303180: 
2026-08-19 23:08:09.303371: Epoch 81
2026-08-19 23:08:09.303448: Current learning rate: 0.00853
2026-08-19 23:08:50.613395: train_loss -0.5496
2026-08-19 23:08:50.613655: val_loss -0.5254
2026-08-19 23:08:50.613716: Pseudo dice [np.float32(0.773)]
2026-08-19 23:08:50.613789: Epoch time: 41.31 s
2026-08-19 23:08:51.449358: 
2026-08-19 23:08:51.449645: Epoch 82
2026-08-19 23:08:51.449739: Current learning rate: 0.00851
2026-08-19 23:09:32.826609: train_loss -0.5369
2026-08-19 23:09:32.826820: val_loss -0.5437
2026-08-19 23:09:32.826884: Pseudo dice [np.float32(0.7877)]
2026-08-19 23:09:32.826953: Epoch time: 41.38 s
2026-08-19 23:09:33.639663: 
2026-08-19 23:09:33.639910: Epoch 83
2026-08-19 23:09:33.639999: Current learning rate: 0.00849
2026-08-19 23:10:15.023635: train_loss -0.5286
2026-08-19 23:10:15.023843: val_loss -0.51
2026-08-19 23:10:15.023905: Pseudo dice [np.float32(0.7678)]
2026-08-19 23:10:15.023970: Epoch time: 41.39 s
2026-08-19 23:10:15.842890: 
2026-08-19 23:10:15.843081: Epoch 84
2026-08-19 23:10:15.843183: Current learning rate: 0.00847
2026-08-19 23:10:57.149725: train_loss -0.5379
2026-08-19 23:10:57.149976: val_loss -0.526
2026-08-19 23:10:57.150033: Pseudo dice [np.float32(0.7929)]
2026-08-19 23:10:57.150098: Epoch time: 41.31 s
2026-08-19 23:10:57.964279: 
2026-08-19 23:10:57.964572: Epoch 85
2026-08-19 23:10:57.964657: Current learning rate: 0.00846
2026-08-19 23:11:39.357412: train_loss -0.5747
2026-08-19 23:11:39.357593: val_loss -0.5634
2026-08-19 23:11:39.357655: Pseudo dice [np.float32(0.7854)]
2026-08-19 23:11:39.357723: Epoch time: 41.4 s
2026-08-19 23:11:40.172383: 
2026-08-19 23:11:40.172604: Epoch 86
2026-08-19 23:11:40.172680: Current learning rate: 0.00844
2026-08-19 23:12:21.523261: train_loss -0.5709
2026-08-19 23:12:21.523428: val_loss -0.5469
2026-08-19 23:12:21.523489: Pseudo dice [np.float32(0.7675)]
2026-08-19 23:12:21.523553: Epoch time: 41.35 s
2026-08-19 23:12:22.333737: 
2026-08-19 23:12:22.333926: Epoch 87
2026-08-19 23:12:22.333999: Current learning rate: 0.00842
2026-08-19 23:13:03.672624: train_loss -0.5407
2026-08-19 23:13:03.672826: val_loss -0.5436
2026-08-19 23:13:03.672887: Pseudo dice [np.float32(0.7759)]
2026-08-19 23:13:03.672948: Epoch time: 41.34 s
2026-08-19 23:13:04.510348: 
2026-08-19 23:13:04.510617: Epoch 88
2026-08-19 23:13:04.510709: Current learning rate: 0.0084
2026-08-19 23:13:45.895850: train_loss -0.5732
2026-08-19 23:13:45.896118: val_loss -0.5282
2026-08-19 23:13:45.896176: Pseudo dice [np.float32(0.7947)]
2026-08-19 23:13:45.896245: Epoch time: 41.39 s
2026-08-19 23:13:46.707348: 
2026-08-19 23:13:46.707557: Epoch 89
2026-08-19 23:13:46.707639: Current learning rate: 0.00838
2026-08-19 23:14:28.178380: train_loss -0.5699
2026-08-19 23:14:28.178629: val_loss -0.569
2026-08-19 23:14:28.178691: Pseudo dice [np.float32(0.8033)]
2026-08-19 23:14:28.178764: Epoch time: 41.47 s
2026-08-19 23:14:29.379806: Yayy! New best EMA pseudo Dice: 0.7792999744415283
2026-08-19 23:14:33.170269: 
2026-08-19 23:14:33.170476: Epoch 90
2026-08-19 23:14:33.170599: Current learning rate: 0.00836
2026-08-19 23:15:14.472772: train_loss -0.5474
2026-08-19 23:15:14.473057: val_loss -0.4902
2026-08-19 23:15:14.473123: Pseudo dice [np.float32(0.7562)]
2026-08-19 23:15:14.473189: Epoch time: 41.31 s
2026-08-19 23:15:15.285929: 
2026-08-19 23:15:15.286161: Epoch 91
2026-08-19 23:15:15.286239: Current learning rate: 0.00835
2026-08-19 23:15:56.727080: train_loss -0.5643
2026-08-19 23:15:56.727251: val_loss -0.5422
2026-08-19 23:15:56.727309: Pseudo dice [np.float32(0.7938)]
2026-08-19 23:15:56.727374: Epoch time: 41.44 s
2026-08-19 23:15:57.528837: 
2026-08-19 23:15:57.529022: Epoch 92
2026-08-19 23:15:57.529098: Current learning rate: 0.00833
2026-08-19 23:16:38.854474: train_loss -0.5711
2026-08-19 23:16:38.854646: val_loss -0.5974
2026-08-19 23:16:38.854707: Pseudo dice [np.float32(0.82)]
2026-08-19 23:16:38.854769: Epoch time: 41.33 s
2026-08-19 23:16:38.854815: Yayy! New best EMA pseudo Dice: 0.782800018787384
2026-08-19 23:16:40.889508: 
2026-08-19 23:16:40.889735: Epoch 93
2026-08-19 23:16:40.889830: Current learning rate: 0.00831
2026-08-19 23:17:22.239272: train_loss -0.5607
2026-08-19 23:17:22.239498: val_loss -0.5811
2026-08-19 23:17:22.239559: Pseudo dice [np.float32(0.7785)]
2026-08-19 23:17:22.239627: Epoch time: 41.35 s
2026-08-19 23:17:23.042499: 
2026-08-19 23:17:23.042654: Epoch 94
2026-08-19 23:17:23.042729: Current learning rate: 0.00829
2026-08-19 23:18:04.401449: train_loss -0.5364
2026-08-19 23:18:04.401669: val_loss -0.547
2026-08-19 23:18:04.401726: Pseudo dice [np.float32(0.7895)]
2026-08-19 23:18:04.401794: Epoch time: 41.36 s
2026-08-19 23:18:04.401840: Yayy! New best EMA pseudo Dice: 0.7831000089645386
2026-08-19 23:18:07.755560: 
2026-08-19 23:18:07.755828: Epoch 95
2026-08-19 23:18:07.755918: Current learning rate: 0.00827
2026-08-19 23:18:49.055881: train_loss -0.5523
2026-08-19 23:18:49.056053: val_loss -0.5537
2026-08-19 23:18:49.056106: Pseudo dice [np.float32(0.8118)]
2026-08-19 23:18:49.056167: Epoch time: 41.3 s
2026-08-19 23:18:49.056211: Yayy! New best EMA pseudo Dice: 0.7858999967575073
2026-08-19 23:18:51.052610: 
2026-08-19 23:18:51.052873: Epoch 96
2026-08-19 23:18:51.052947: Current learning rate: 0.00825
2026-08-19 23:19:32.428939: train_loss -0.5468
2026-08-19 23:19:32.429129: val_loss -0.5975
2026-08-19 23:19:32.429190: Pseudo dice [np.float32(0.7709)]
2026-08-19 23:19:32.429258: Epoch time: 41.38 s
2026-08-19 23:19:33.819334: 
2026-08-19 23:19:33.819548: Epoch 97
2026-08-19 23:19:33.819634: Current learning rate: 0.00824
2026-08-19 23:20:15.293999: train_loss -0.5705
2026-08-19 23:20:15.294204: val_loss -0.5845
2026-08-19 23:20:15.294262: Pseudo dice [np.float32(0.812)]
2026-08-19 23:20:15.294341: Epoch time: 41.48 s
2026-08-19 23:20:15.294396: Yayy! New best EMA pseudo Dice: 0.7871999740600586
2026-08-19 23:20:17.272809: 
2026-08-19 23:20:17.273015: Epoch 98
2026-08-19 23:20:17.273098: Current learning rate: 0.00822
2026-08-19 23:20:58.686893: train_loss -0.5597
2026-08-19 23:20:58.687095: val_loss -0.5832
2026-08-19 23:20:58.687151: Pseudo dice [np.float32(0.8207)]
2026-08-19 23:20:58.687219: Epoch time: 41.42 s
2026-08-19 23:20:58.687264: Yayy! New best EMA pseudo Dice: 0.7904999852180481
2026-08-19 23:21:00.562352: 
2026-08-19 23:21:00.562545: Epoch 99
2026-08-19 23:21:00.562619: Current learning rate: 0.0082
2026-08-19 23:21:42.034411: train_loss -0.5572
2026-08-19 23:21:42.034619: val_loss -0.4412
2026-08-19 23:21:42.034680: Pseudo dice [np.float32(0.7195)]
2026-08-19 23:21:42.034748: Epoch time: 41.47 s
2026-08-19 23:21:43.804964: 
2026-08-19 23:21:43.805164: Epoch 100
2026-08-19 23:21:43.805252: Current learning rate: 0.00818
2026-08-19 23:22:25.077772: train_loss -0.5465
2026-08-19 23:22:25.078044: val_loss -0.5384
2026-08-19 23:22:25.078110: Pseudo dice [np.float32(0.7783)]
2026-08-19 23:22:25.078179: Epoch time: 41.28 s
2026-08-19 23:22:25.886155: 
2026-08-19 23:22:25.886379: Epoch 101
2026-08-19 23:22:25.886458: Current learning rate: 0.00816
2026-08-19 23:23:07.439322: train_loss -0.5586
2026-08-19 23:23:07.439575: val_loss -0.5028
2026-08-19 23:23:07.439638: Pseudo dice [np.float32(0.7784)]
2026-08-19 23:23:07.439703: Epoch time: 41.56 s
2026-08-19 23:23:08.253932: 
2026-08-19 23:23:08.254209: Epoch 102
2026-08-19 23:23:08.254298: Current learning rate: 0.00814
2026-08-19 23:23:49.521575: train_loss -0.5619
2026-08-19 23:23:49.521778: val_loss -0.5782
2026-08-19 23:23:49.521835: Pseudo dice [np.float32(0.8032)]
2026-08-19 23:23:49.521910: Epoch time: 41.27 s
2026-08-19 23:23:50.334542: 
2026-08-19 23:23:50.334739: Epoch 103
2026-08-19 23:23:50.334818: Current learning rate: 0.00813
2026-08-19 23:24:31.630111: train_loss -0.5663
2026-08-19 23:24:31.630333: val_loss -0.552
2026-08-19 23:24:31.630396: Pseudo dice [np.float32(0.7954)]
2026-08-19 23:24:31.630465: Epoch time: 41.3 s
2026-08-19 23:24:32.439812: 
2026-08-19 23:24:32.440062: Epoch 104
2026-08-19 23:24:32.440155: Current learning rate: 0.00811
2026-08-19 23:25:13.814224: train_loss -0.5851
2026-08-19 23:25:13.814459: val_loss -0.5938
2026-08-19 23:25:13.814514: Pseudo dice [np.float32(0.7785)]
2026-08-19 23:25:13.814583: Epoch time: 41.38 s
2026-08-19 23:25:14.629417: 
2026-08-19 23:25:14.629681: Epoch 105
2026-08-19 23:25:14.629763: Current learning rate: 0.00809
2026-08-19 23:25:55.970498: train_loss -0.556
2026-08-19 23:25:55.970732: val_loss -0.5732
2026-08-19 23:25:55.970789: Pseudo dice [np.float32(0.809)]
2026-08-19 23:25:55.970865: Epoch time: 41.34 s
2026-08-19 23:25:56.785304: 
2026-08-19 23:25:56.785520: Epoch 106
2026-08-19 23:25:56.785596: Current learning rate: 0.00807
2026-08-19 23:26:38.228184: train_loss -0.5784
2026-08-19 23:26:38.228449: val_loss -0.5431
2026-08-19 23:26:38.228517: Pseudo dice [np.float32(0.8042)]
2026-08-19 23:26:38.228587: Epoch time: 41.45 s
2026-08-19 23:26:39.050715: 
2026-08-19 23:26:39.051003: Epoch 107
2026-08-19 23:26:39.051091: Current learning rate: 0.00805
2026-08-19 23:27:20.551917: train_loss -0.5631
2026-08-19 23:27:20.552124: val_loss -0.5919
2026-08-19 23:27:20.552182: Pseudo dice [np.float32(0.7744)]
2026-08-19 23:27:20.552251: Epoch time: 41.5 s
2026-08-19 23:27:21.364297: 
2026-08-19 23:27:21.364553: Epoch 108
2026-08-19 23:27:21.364636: Current learning rate: 0.00803
2026-08-19 23:28:02.795625: train_loss -0.5826
2026-08-19 23:28:02.795881: val_loss -0.556
2026-08-19 23:28:02.795952: Pseudo dice [np.float32(0.8113)]
2026-08-19 23:28:02.796018: Epoch time: 41.43 s
2026-08-19 23:28:03.613971: 
2026-08-19 23:28:03.614228: Epoch 109
2026-08-19 23:28:03.614309: Current learning rate: 0.00801
2026-08-19 23:28:44.963982: train_loss -0.5578
2026-08-19 23:28:44.964153: val_loss -0.5598
2026-08-19 23:28:44.964212: Pseudo dice [np.float32(0.7945)]
2026-08-19 23:28:44.964291: Epoch time: 41.35 s
2026-08-19 23:28:46.759136: 
2026-08-19 23:28:46.759281: Epoch 110
2026-08-19 23:28:46.759356: Current learning rate: 0.008
2026-08-19 23:29:27.963599: train_loss -0.5441
2026-08-19 23:29:27.963874: val_loss -0.5261
2026-08-19 23:29:27.963979: Pseudo dice [np.float32(0.7903)]
2026-08-19 23:29:27.964056: Epoch time: 41.21 s
2026-08-19 23:29:28.797421: 
2026-08-19 23:29:28.797610: Epoch 111
2026-08-19 23:29:28.797686: Current learning rate: 0.00798
2026-08-19 23:30:10.103800: train_loss -0.5672
2026-08-19 23:30:10.104018: val_loss -0.4967
2026-08-19 23:30:10.104079: Pseudo dice [np.float32(0.7785)]
2026-08-19 23:30:10.104147: Epoch time: 41.31 s
2026-08-19 23:30:10.912380: 
2026-08-19 23:30:10.912617: Epoch 112
2026-08-19 23:30:10.912705: Current learning rate: 0.00796
2026-08-19 23:30:52.260167: train_loss -0.5483
2026-08-19 23:30:52.260358: val_loss -0.5432
2026-08-19 23:30:52.260415: Pseudo dice [np.float32(0.7977)]
2026-08-19 23:30:52.260482: Epoch time: 41.35 s
2026-08-19 23:30:53.069990: 
2026-08-19 23:30:53.070183: Epoch 113
2026-08-19 23:30:53.070267: Current learning rate: 0.00794
2026-08-19 23:31:34.693139: train_loss -0.5646
2026-08-19 23:31:34.693341: val_loss -0.5676
2026-08-19 23:31:34.693400: Pseudo dice [np.float32(0.7941)]
2026-08-19 23:31:34.693466: Epoch time: 41.63 s
2026-08-19 23:31:36.131077: 
2026-08-19 23:31:36.131279: Epoch 114
2026-08-19 23:31:36.131395: Current learning rate: 0.00792
2026-08-19 23:32:17.534944: train_loss -0.5704
2026-08-19 23:32:17.535220: val_loss -0.5683
2026-08-19 23:32:17.535302: Pseudo dice [np.float32(0.7952)]
2026-08-19 23:32:17.535386: Epoch time: 41.41 s
2026-08-19 23:32:17.535437: Yayy! New best EMA pseudo Dice: 0.7908999919891357
2026-08-19 23:32:20.880334: 
2026-08-19 23:32:20.880610: Epoch 115
2026-08-19 23:32:20.880717: Current learning rate: 0.0079
2026-08-19 23:33:02.086850: train_loss -0.5522
2026-08-19 23:33:02.087117: val_loss -0.5724
2026-08-19 23:33:02.087181: Pseudo dice [np.float32(0.8149)]
2026-08-19 23:33:02.087255: Epoch time: 41.21 s
2026-08-19 23:33:02.087304: Yayy! New best EMA pseudo Dice: 0.7932999730110168
2026-08-19 23:33:03.888259: 
2026-08-19 23:33:03.888452: Epoch 116
2026-08-19 23:33:03.888531: Current learning rate: 0.00789
2026-08-19 23:33:45.153564: train_loss -0.5495
2026-08-19 23:33:45.153781: val_loss -0.6206
2026-08-19 23:33:45.153841: Pseudo dice [np.float32(0.8139)]
2026-08-19 23:33:45.153920: Epoch time: 41.27 s
2026-08-19 23:33:45.153965: Yayy! New best EMA pseudo Dice: 0.7954000234603882
2026-08-19 23:33:46.923424: 
2026-08-19 23:33:46.923605: Epoch 117
2026-08-19 23:33:46.923685: Current learning rate: 0.00787
2026-08-19 23:34:28.204845: train_loss -0.5804
2026-08-19 23:34:28.205019: val_loss -0.5179
2026-08-19 23:34:28.205075: Pseudo dice [np.float32(0.7764)]
2026-08-19 23:34:28.205148: Epoch time: 41.28 s
2026-08-19 23:34:29.014895: 
2026-08-19 23:34:29.015093: Epoch 118
2026-08-19 23:34:29.015173: Current learning rate: 0.00785
2026-08-19 23:35:10.353909: train_loss -0.5661
2026-08-19 23:35:10.354094: val_loss -0.5286
2026-08-19 23:35:10.354151: Pseudo dice [np.float32(0.7652)]
2026-08-19 23:35:10.354217: Epoch time: 41.34 s
2026-08-19 23:35:11.174758: 
2026-08-19 23:35:11.174962: Epoch 119
2026-08-19 23:35:11.175065: Current learning rate: 0.00783
2026-08-19 23:35:52.575619: train_loss -0.5525
2026-08-19 23:35:52.575822: val_loss -0.5758
2026-08-19 23:35:52.575886: Pseudo dice [np.float32(0.768)]
2026-08-19 23:35:52.575953: Epoch time: 41.4 s
2026-08-19 23:35:55.197221: 
2026-08-19 23:35:55.197478: Epoch 120
2026-08-19 23:35:55.197576: Current learning rate: 0.00781
2026-08-19 23:36:36.444035: train_loss -0.5525
2026-08-19 23:36:36.444265: val_loss -0.5582
2026-08-19 23:36:36.444328: Pseudo dice [np.float32(0.8132)]
2026-08-19 23:36:36.444391: Epoch time: 41.25 s
2026-08-19 23:36:37.252800: 
2026-08-19 23:36:37.253016: Epoch 121
2026-08-19 23:36:37.253106: Current learning rate: 0.00779
2026-08-19 23:37:18.518753: train_loss -0.5754
2026-08-19 23:37:18.518959: val_loss -0.557
2026-08-19 23:37:18.519020: Pseudo dice [np.float32(0.7948)]
2026-08-19 23:37:18.519086: Epoch time: 41.27 s
2026-08-19 23:37:19.335240: 
2026-08-19 23:37:19.335447: Epoch 122
2026-08-19 23:37:19.335528: Current learning rate: 0.00777
2026-08-19 23:38:00.785301: train_loss -0.581
2026-08-19 23:38:00.785512: val_loss -0.5782
2026-08-19 23:38:00.785568: Pseudo dice [np.float32(0.8136)]
2026-08-19 23:38:00.785631: Epoch time: 41.45 s
2026-08-19 23:38:01.594311: 
2026-08-19 23:38:01.594549: Epoch 123
2026-08-19 23:38:01.594630: Current learning rate: 0.00776
2026-08-19 23:38:43.095072: train_loss -0.5428
2026-08-19 23:38:43.095243: val_loss -0.5377
2026-08-19 23:38:43.095303: Pseudo dice [np.float32(0.7541)]
2026-08-19 23:38:43.095370: Epoch time: 41.5 s
2026-08-19 23:38:43.913528: 
2026-08-19 23:38:43.913802: Epoch 124
2026-08-19 23:38:43.913931: Current learning rate: 0.00774
2026-08-19 23:39:25.254441: train_loss -0.5555
2026-08-19 23:39:25.254653: val_loss -0.5472
2026-08-19 23:39:25.254713: Pseudo dice [np.float32(0.8062)]
2026-08-19 23:39:25.254784: Epoch time: 41.34 s
2026-08-19 23:39:26.068300: 
2026-08-19 23:39:26.068574: Epoch 125
2026-08-19 23:39:26.068666: Current learning rate: 0.00772
2026-08-19 23:40:07.632078: train_loss -0.5678
2026-08-19 23:40:07.632317: val_loss -0.5326
2026-08-19 23:40:07.632382: Pseudo dice [np.float32(0.7904)]
2026-08-19 23:40:07.632471: Epoch time: 41.57 s
2026-08-19 23:40:08.440185: 
2026-08-19 23:40:08.440451: Epoch 126
2026-08-19 23:40:08.440538: Current learning rate: 0.0077
2026-08-19 23:40:49.783172: train_loss -0.5853
2026-08-19 23:40:49.783380: val_loss -0.5203
2026-08-19 23:40:49.783788: Pseudo dice [np.float32(0.7869)]
2026-08-19 23:40:49.783875: Epoch time: 41.35 s
2026-08-19 23:40:50.591089: 
2026-08-19 23:40:50.591289: Epoch 127
2026-08-19 23:40:50.591371: Current learning rate: 0.00768
2026-08-19 23:41:31.993478: train_loss -0.5636
2026-08-19 23:41:31.993692: val_loss -0.5155
2026-08-19 23:41:31.993752: Pseudo dice [np.float32(0.81)]
2026-08-19 23:41:31.993823: Epoch time: 41.4 s
2026-08-19 23:41:32.802668: 
2026-08-19 23:41:32.803041: Epoch 128
2026-08-19 23:41:32.803135: Current learning rate: 0.00766
2026-08-19 23:42:14.184157: train_loss -0.5548
2026-08-19 23:42:14.184354: val_loss -0.5641
2026-08-19 23:42:14.184409: Pseudo dice [np.float32(0.7645)]
2026-08-19 23:42:14.184472: Epoch time: 41.38 s
2026-08-19 23:42:14.990173: 
2026-08-19 23:42:14.990349: Epoch 129
2026-08-19 23:42:14.990423: Current learning rate: 0.00764
2026-08-19 23:42:56.280121: train_loss -0.5589
2026-08-19 23:42:56.280352: val_loss -0.6041
2026-08-19 23:42:56.280409: Pseudo dice [np.float32(0.8075)]
2026-08-19 23:42:56.280477: Epoch time: 41.29 s
2026-08-19 23:42:58.437662: 
2026-08-19 23:42:58.437894: Epoch 130
2026-08-19 23:42:58.437978: Current learning rate: 0.00763
2026-08-19 23:43:39.794952: train_loss -0.5606
2026-08-19 23:43:39.795148: val_loss -0.5895
2026-08-19 23:43:39.795205: Pseudo dice [np.float32(0.7897)]
2026-08-19 23:43:39.795273: Epoch time: 41.36 s
2026-08-19 23:43:41.169198: 
2026-08-19 23:43:41.169384: Epoch 131
2026-08-19 23:43:41.169463: Current learning rate: 0.00761
2026-08-19 23:44:22.365630: train_loss -0.5984
2026-08-19 23:44:22.365800: val_loss -0.563
2026-08-19 23:44:22.365868: Pseudo dice [np.float32(0.8152)]
2026-08-19 23:44:22.365936: Epoch time: 41.2 s
2026-08-19 23:44:23.178900: 
2026-08-19 23:44:23.179106: Epoch 132
2026-08-19 23:44:23.179195: Current learning rate: 0.00759
2026-08-19 23:45:04.366515: train_loss -0.5614
2026-08-19 23:45:04.366687: val_loss -0.584
2026-08-19 23:45:04.366747: Pseudo dice [np.float32(0.8022)]
2026-08-19 23:45:04.366814: Epoch time: 41.19 s
2026-08-19 23:45:05.171015: 
2026-08-19 23:45:05.171195: Epoch 133
2026-08-19 23:45:05.171274: Current learning rate: 0.00757
2026-08-19 23:45:46.552464: train_loss -0.578
2026-08-19 23:45:46.552633: val_loss -0.5376
2026-08-19 23:45:46.552702: Pseudo dice [np.float32(0.731)]
2026-08-19 23:45:46.552768: Epoch time: 41.38 s
2026-08-19 23:45:47.364194: 
2026-08-19 23:45:47.364471: Epoch 134
2026-08-19 23:45:47.364563: Current learning rate: 0.00755
2026-08-19 23:46:28.675044: train_loss -0.5652
2026-08-19 23:46:28.675351: val_loss -0.5708
2026-08-19 23:46:28.675414: Pseudo dice [np.float32(0.8077)]
2026-08-19 23:46:28.675482: Epoch time: 41.31 s
2026-08-19 23:46:29.499364: 
2026-08-19 23:46:29.499649: Epoch 135
2026-08-19 23:46:29.499754: Current learning rate: 0.00753
2026-08-19 23:47:10.681483: train_loss -0.566
2026-08-19 23:47:10.681696: val_loss -0.5791
2026-08-19 23:47:10.681762: Pseudo dice [np.float32(0.7966)]
2026-08-19 23:47:10.681837: Epoch time: 41.18 s
2026-08-19 23:47:11.500551: 
2026-08-19 23:47:11.500744: Epoch 136
2026-08-19 23:47:11.500822: Current learning rate: 0.00751
2026-08-19 23:47:52.779558: train_loss -0.5699
2026-08-19 23:47:52.779777: val_loss -0.5932
2026-08-19 23:47:52.779834: Pseudo dice [np.float32(0.7969)]
2026-08-19 23:47:52.779908: Epoch time: 41.28 s
2026-08-19 23:47:53.599319: 
2026-08-19 23:47:53.599527: Epoch 137
2026-08-19 23:47:53.599624: Current learning rate: 0.0075
2026-08-19 23:48:34.840799: train_loss -0.5567
2026-08-19 23:48:34.840992: val_loss -0.6056
2026-08-19 23:48:34.841048: Pseudo dice [np.float32(0.8273)]
2026-08-19 23:48:34.841110: Epoch time: 41.24 s
2026-08-19 23:48:35.661447: 
2026-08-19 23:48:35.661682: Epoch 138
2026-08-19 23:48:35.661786: Current learning rate: 0.00748
2026-08-19 23:49:16.850158: train_loss -0.5547
2026-08-19 23:49:16.850332: val_loss -0.5592
2026-08-19 23:49:16.850388: Pseudo dice [np.float32(0.8036)]
2026-08-19 23:49:16.850448: Epoch time: 41.19 s
2026-08-19 23:49:16.850494: Yayy! New best EMA pseudo Dice: 0.7958999872207642
2026-08-19 23:49:18.915375: 
2026-08-19 23:49:19.558545: Epoch 139
2026-08-19 23:49:19.558743: Current learning rate: 0.00746
2026-08-19 23:50:00.835548: train_loss -0.5829
2026-08-19 23:50:00.835783: val_loss -0.5977
2026-08-19 23:50:00.835841: Pseudo dice [np.float32(0.784)]
2026-08-19 23:50:00.835918: Epoch time: 41.92 s
2026-08-19 23:50:02.927573: 
2026-08-19 23:50:02.927918: Epoch 140
2026-08-19 23:50:02.928030: Current learning rate: 0.00744
2026-08-19 23:50:44.193662: train_loss -0.5674
2026-08-19 23:50:44.193842: val_loss -0.5236
2026-08-19 23:50:44.193901: Pseudo dice [np.float32(0.7593)]
2026-08-19 23:50:44.193992: Epoch time: 41.27 s
2026-08-19 23:50:45.015048: 
2026-08-19 23:50:45.015248: Epoch 141
2026-08-19 23:50:45.015327: Current learning rate: 0.00742
2026-08-19 23:51:26.127137: train_loss -0.5713
2026-08-19 23:51:26.127306: val_loss -0.5637
2026-08-19 23:51:26.127358: Pseudo dice [np.float32(0.805)]
2026-08-19 23:51:26.127417: Epoch time: 41.11 s
2026-08-19 23:51:26.942993: 
2026-08-19 23:51:26.943178: Epoch 142
2026-08-19 23:51:26.943251: Current learning rate: 0.0074
2026-08-19 23:52:08.099410: train_loss -0.5675
2026-08-19 23:52:08.099578: val_loss -0.5284
2026-08-19 23:52:08.099630: Pseudo dice [np.float32(0.7829)]
2026-08-19 23:52:08.099692: Epoch time: 41.16 s
2026-08-19 23:52:08.910685: 
2026-08-19 23:52:08.910861: Epoch 143
2026-08-19 23:52:08.910936: Current learning rate: 0.00738
2026-08-19 23:52:50.095287: train_loss -0.5947
2026-08-19 23:52:50.095495: val_loss -0.5577
2026-08-19 23:52:50.095553: Pseudo dice [np.float32(0.7853)]
2026-08-19 23:52:50.095622: Epoch time: 41.19 s
2026-08-19 23:52:50.911237: 
2026-08-19 23:52:50.911431: Epoch 144
2026-08-19 23:52:50.911505: Current learning rate: 0.00737
2026-08-19 23:53:32.251752: train_loss -0.5688
2026-08-19 23:53:32.251959: val_loss -0.5769
2026-08-19 23:53:32.252015: Pseudo dice [np.float32(0.8059)]
2026-08-19 23:53:32.252078: Epoch time: 41.34 s
2026-08-19 23:53:33.065272: 
2026-08-19 23:53:33.065443: Epoch 145
2026-08-19 23:53:33.065516: Current learning rate: 0.00735
2026-08-19 23:54:14.163140: train_loss -0.6016
2026-08-19 23:54:14.163318: val_loss -0.5908
2026-08-19 23:54:14.163390: Pseudo dice [np.float32(0.8224)]
2026-08-19 23:54:14.163457: Epoch time: 41.1 s
2026-08-19 23:54:14.981542: 
2026-08-19 23:54:14.981767: Epoch 146
2026-08-19 23:54:14.981846: Current learning rate: 0.00733
2026-08-19 23:54:56.445852: train_loss -0.6078
2026-08-19 23:54:56.446033: val_loss -0.5659
2026-08-19 23:54:56.446087: Pseudo dice [np.float32(0.8237)]
2026-08-19 23:54:56.446149: Epoch time: 41.47 s
2026-08-19 23:54:56.446193: Yayy! New best EMA pseudo Dice: 0.79830002784729
2026-08-19 23:54:58.531365: 
2026-08-19 23:54:58.531601: Epoch 147
2026-08-19 23:54:58.531683: Current learning rate: 0.00731
2026-08-19 23:55:39.879679: train_loss -0.5822
2026-08-19 23:55:39.879898: val_loss -0.547
2026-08-19 23:55:39.879957: Pseudo dice [np.float32(0.7778)]
2026-08-19 23:55:39.880028: Epoch time: 41.35 s
2026-08-19 23:55:41.269383: 
2026-08-19 23:55:41.269596: Epoch 148
2026-08-19 23:55:41.269683: Current learning rate: 0.00729
2026-08-19 23:56:22.618108: train_loss -0.5937
2026-08-19 23:56:22.618280: val_loss -0.5833
2026-08-19 23:56:22.618343: Pseudo dice [np.float32(0.8177)]
2026-08-19 23:56:22.618407: Epoch time: 41.35 s
2026-08-19 23:56:22.618456: Yayy! New best EMA pseudo Dice: 0.7983999848365784
2026-08-19 23:56:25.425210: 
2026-08-19 23:56:25.425433: Epoch 149
2026-08-19 23:56:25.425514: Current learning rate: 0.00727
2026-08-19 23:57:06.791349: train_loss -0.5763
2026-08-19 23:57:06.791553: val_loss -0.5528
2026-08-19 23:57:06.791612: Pseudo dice [np.float32(0.786)]
2026-08-19 23:57:06.791677: Epoch time: 41.37 s
2026-08-19 23:57:09.432010: 
2026-08-19 23:57:09.432225: Epoch 150
2026-08-19 23:57:09.432338: Current learning rate: 0.00725
2026-08-19 23:57:50.740915: train_loss -0.572
2026-08-19 23:57:50.741123: val_loss -0.5645
2026-08-19 23:57:50.741177: Pseudo dice [np.float32(0.8241)]
2026-08-19 23:57:50.741240: Epoch time: 41.31 s
2026-08-19 23:57:50.741652: Yayy! New best EMA pseudo Dice: 0.7997999787330627
2026-08-19 23:57:52.481736: 
2026-08-19 23:57:52.481937: Epoch 151
2026-08-19 23:57:52.482016: Current learning rate: 0.00724
2026-08-19 23:58:33.885773: train_loss -0.588
2026-08-19 23:58:33.886016: val_loss -0.5847
2026-08-19 23:58:33.886076: Pseudo dice [np.float32(0.8175)]
2026-08-19 23:58:33.886144: Epoch time: 41.41 s
2026-08-19 23:58:33.886194: Yayy! New best EMA pseudo Dice: 0.8015999794006348
2026-08-19 23:58:35.704751: 
2026-08-19 23:58:35.704979: Epoch 152
2026-08-19 23:58:35.705099: Current learning rate: 0.00722
2026-08-19 23:59:17.217993: train_loss -0.586
2026-08-19 23:59:17.218228: val_loss -0.5546
2026-08-19 23:59:17.218283: Pseudo dice [np.float32(0.7913)]
2026-08-19 23:59:17.218349: Epoch time: 41.52 s
2026-08-19 23:59:18.068913: 
2026-08-19 23:59:18.069149: Epoch 153
2026-08-19 23:59:18.069272: Current learning rate: 0.0072
2026-08-19 23:59:59.618389: train_loss -0.5822
2026-08-19 23:59:59.618666: val_loss -0.5909
2026-08-19 23:59:59.618729: Pseudo dice [np.float32(0.7856)]
2026-08-19 23:59:59.618802: Epoch time: 41.55 s
2026-08-20 00:00:00.465353: 
2026-08-20 00:00:00.465660: Epoch 154
2026-08-20 00:00:00.465786: Current learning rate: 0.00718
2026-08-20 00:00:42.017116: train_loss -0.5744
2026-08-20 00:00:42.017419: val_loss -0.5842
2026-08-20 00:00:42.017484: Pseudo dice [np.float32(0.8019)]
2026-08-20 00:00:42.017556: Epoch time: 41.55 s
2026-08-20 00:00:42.894207: 
2026-08-20 00:00:42.894449: Epoch 155
2026-08-20 00:00:42.894598: Current learning rate: 0.00716
2026-08-20 00:01:24.381226: train_loss -0.5781
2026-08-20 00:01:24.381429: val_loss -0.5215
2026-08-20 00:01:24.381490: Pseudo dice [np.float32(0.7522)]
2026-08-20 00:01:24.381571: Epoch time: 41.49 s
2026-08-20 00:01:25.220181: 
2026-08-20 00:01:25.220395: Epoch 156
2026-08-20 00:01:25.220514: Current learning rate: 0.00714
2026-08-20 00:02:06.779715: train_loss -0.5465
2026-08-20 00:02:06.779939: val_loss -0.5533
2026-08-20 00:02:06.780002: Pseudo dice [np.float32(0.7262)]
2026-08-20 00:02:06.780075: Epoch time: 41.56 s
2026-08-20 00:02:07.622621: 
2026-08-20 00:02:07.622847: Epoch 157
2026-08-20 00:02:07.622971: Current learning rate: 0.00712
2026-08-20 00:02:49.227046: train_loss -0.5639
2026-08-20 00:02:49.227227: val_loss -0.5831
2026-08-20 00:02:49.227284: Pseudo dice [np.float32(0.7911)]
2026-08-20 00:02:49.227347: Epoch time: 41.61 s
2026-08-20 00:02:50.084517: 
2026-08-20 00:02:50.084702: Epoch 158
2026-08-20 00:02:50.084817: Current learning rate: 0.0071
2026-08-20 00:03:31.327402: train_loss -0.5586
2026-08-20 00:03:31.327667: val_loss -0.5301
2026-08-20 00:03:31.327728: Pseudo dice [np.float32(0.7735)]
2026-08-20 00:03:31.327795: Epoch time: 41.25 s
2026-08-20 00:03:32.154548: 
2026-08-20 00:03:32.154726: Epoch 159
2026-08-20 00:03:32.154812: Current learning rate: 0.00709
2026-08-20 00:04:13.596870: train_loss -0.5859
2026-08-20 00:04:13.597077: val_loss -0.6302
2026-08-20 00:04:13.597135: Pseudo dice [np.float32(0.8284)]
2026-08-20 00:04:13.597211: Epoch time: 41.44 s
2026-08-20 00:04:15.488849: 
2026-08-20 00:04:15.489031: Epoch 160
2026-08-20 00:04:15.489114: Current learning rate: 0.00707
2026-08-20 00:04:56.761676: train_loss -0.5854
2026-08-20 00:04:56.761873: val_loss -0.5637
2026-08-20 00:04:56.761930: Pseudo dice [np.float32(0.8013)]
2026-08-20 00:04:56.761996: Epoch time: 41.28 s
2026-08-20 00:04:57.590023: 
2026-08-20 00:04:57.590212: Epoch 161
2026-08-20 00:04:57.590289: Current learning rate: 0.00705
2026-08-20 00:05:38.892136: train_loss -0.5942
2026-08-20 00:05:38.892396: val_loss -0.5819
2026-08-20 00:05:38.892454: Pseudo dice [np.float32(0.8028)]
2026-08-20 00:05:38.892521: Epoch time: 41.3 s
2026-08-20 00:05:39.733031: 
2026-08-20 00:05:39.733211: Epoch 162
2026-08-20 00:05:39.733289: Current learning rate: 0.00703
2026-08-20 00:06:20.943041: train_loss -0.5711
2026-08-20 00:06:20.943309: val_loss -0.5571
2026-08-20 00:06:20.943369: Pseudo dice [np.float32(0.7709)]
2026-08-20 00:06:20.943439: Epoch time: 41.21 s
2026-08-20 00:06:21.770153: 
2026-08-20 00:06:21.770320: Epoch 163
2026-08-20 00:06:21.770411: Current learning rate: 0.00701
2026-08-20 00:07:03.175867: train_loss -0.5891
2026-08-20 00:07:03.176065: val_loss -0.574
2026-08-20 00:07:03.176121: Pseudo dice [np.float32(0.8057)]
2026-08-20 00:07:03.176187: Epoch time: 41.41 s
2026-08-20 00:07:04.006326: 
2026-08-20 00:07:04.006597: Epoch 164
2026-08-20 00:07:04.006675: Current learning rate: 0.00699
2026-08-20 00:07:45.434923: train_loss -0.5992
2026-08-20 00:07:45.435138: val_loss -0.616
2026-08-20 00:07:45.435195: Pseudo dice [np.float32(0.8242)]
2026-08-20 00:07:45.435262: Epoch time: 41.43 s
2026-08-20 00:07:46.814339: 
2026-08-20 00:07:46.814547: Epoch 165
2026-08-20 00:07:46.814623: Current learning rate: 0.00697
2026-08-20 00:08:28.264143: train_loss -0.5721
2026-08-20 00:08:28.264373: val_loss -0.593
2026-08-20 00:08:28.264507: Pseudo dice [np.float32(0.8287)]
2026-08-20 00:08:28.264602: Epoch time: 41.45 s
2026-08-20 00:08:29.089731: 
2026-08-20 00:08:29.089943: Epoch 166
2026-08-20 00:08:29.090017: Current learning rate: 0.00696
2026-08-20 00:09:10.389599: train_loss -0.5824
2026-08-20 00:09:10.389787: val_loss -0.569
2026-08-20 00:09:10.389839: Pseudo dice [np.float32(0.7834)]
2026-08-20 00:09:10.389911: Epoch time: 41.3 s
2026-08-20 00:09:11.204839: 
2026-08-20 00:09:11.205124: Epoch 167
2026-08-20 00:09:11.205229: Current learning rate: 0.00694
2026-08-20 00:09:52.536066: train_loss -0.591
2026-08-20 00:09:52.536274: val_loss -0.6077
2026-08-20 00:09:52.536334: Pseudo dice [np.float32(0.8277)]
2026-08-20 00:09:52.536402: Epoch time: 41.33 s
2026-08-20 00:09:53.358037: 
2026-08-20 00:09:53.358234: Epoch 168
2026-08-20 00:09:53.358311: Current learning rate: 0.00692
2026-08-20 00:10:34.714963: train_loss -0.5979
2026-08-20 00:10:34.715228: val_loss -0.612
2026-08-20 00:10:34.715289: Pseudo dice [np.float32(0.7995)]
2026-08-20 00:10:34.715354: Epoch time: 41.36 s
2026-08-20 00:10:35.537311: 
2026-08-20 00:10:35.537561: Epoch 169
2026-08-20 00:10:35.537638: Current learning rate: 0.0069
2026-08-20 00:11:16.788685: train_loss -0.5865
2026-08-20 00:11:16.788860: val_loss -0.5729
2026-08-20 00:11:16.788921: Pseudo dice [np.float32(0.7761)]
2026-08-20 00:11:16.788988: Epoch time: 41.25 s
2026-08-20 00:11:18.812876: 
2026-08-20 00:11:18.813077: Epoch 170
2026-08-20 00:11:18.813154: Current learning rate: 0.00688
2026-08-20 00:12:00.140242: train_loss -0.604
2026-08-20 00:12:00.140428: val_loss -0.5506
2026-08-20 00:12:00.140484: Pseudo dice [np.float32(0.7729)]
2026-08-20 00:12:00.140548: Epoch time: 41.33 s
2026-08-20 00:12:00.959938: 
2026-08-20 00:12:00.960139: Epoch 171
2026-08-20 00:12:00.960227: Current learning rate: 0.00686
2026-08-20 00:12:42.450932: train_loss -0.6004
2026-08-20 00:12:42.451161: val_loss -0.5833
2026-08-20 00:12:42.451224: Pseudo dice [np.float32(0.787)]
2026-08-20 00:12:42.451292: Epoch time: 41.49 s
2026-08-20 00:12:43.276541: 
2026-08-20 00:12:43.276783: Epoch 172
2026-08-20 00:12:43.276867: Current learning rate: 0.00684
2026-08-20 00:13:24.630665: train_loss -0.5854
2026-08-20 00:13:24.630888: val_loss -0.5456
2026-08-20 00:13:24.630948: Pseudo dice [np.float32(0.7956)]
2026-08-20 00:13:24.631012: Epoch time: 41.36 s
2026-08-20 00:13:25.454043: 
2026-08-20 00:13:25.454293: Epoch 173
2026-08-20 00:13:25.454369: Current learning rate: 0.00682
2026-08-20 00:14:06.876850: train_loss -0.5667
2026-08-20 00:14:06.877065: val_loss -0.5922
2026-08-20 00:14:06.877126: Pseudo dice [np.float32(0.8105)]
2026-08-20 00:14:06.877197: Epoch time: 41.43 s
2026-08-20 00:14:07.697866: 
2026-08-20 00:14:07.698055: Epoch 174
2026-08-20 00:14:07.698127: Current learning rate: 0.0068
2026-08-20 00:14:49.043642: train_loss -0.6008
2026-08-20 00:14:49.043851: val_loss -0.5878
2026-08-20 00:14:49.043912: Pseudo dice [np.float32(0.8189)]
2026-08-20 00:14:49.043983: Epoch time: 41.35 s
2026-08-20 00:14:49.869188: 
2026-08-20 00:14:49.869414: Epoch 175
2026-08-20 00:14:49.869496: Current learning rate: 0.00679
2026-08-20 00:15:31.173624: train_loss -0.5981
2026-08-20 00:15:31.174132: val_loss -0.5649
2026-08-20 00:15:31.174195: Pseudo dice [np.float32(0.8186)]
2026-08-20 00:15:31.174301: Epoch time: 41.31 s
2026-08-20 00:15:31.992116: 
2026-08-20 00:15:31.992290: Epoch 176
2026-08-20 00:15:31.992374: Current learning rate: 0.00677
2026-08-20 00:16:13.221217: train_loss -0.5923
2026-08-20 00:16:13.221413: val_loss -0.5766
2026-08-20 00:16:13.221473: Pseudo dice [np.float32(0.7785)]
2026-08-20 00:16:13.221542: Epoch time: 41.23 s
2026-08-20 00:16:14.041371: 
2026-08-20 00:16:14.041580: Epoch 177
2026-08-20 00:16:14.041663: Current learning rate: 0.00675
2026-08-20 00:16:55.354556: train_loss -0.6008
2026-08-20 00:16:55.354833: val_loss -0.5661
2026-08-20 00:16:55.354901: Pseudo dice [np.float32(0.754)]
2026-08-20 00:16:55.354969: Epoch time: 41.32 s
2026-08-20 00:16:56.176479: 
2026-08-20 00:16:56.176676: Epoch 178
2026-08-20 00:16:56.176751: Current learning rate: 0.00673
2026-08-20 00:17:37.394650: train_loss -0.591
2026-08-20 00:17:37.394891: val_loss -0.5999
2026-08-20 00:17:37.394976: Pseudo dice [np.float32(0.8027)]
2026-08-20 00:17:37.395052: Epoch time: 41.22 s
2026-08-20 00:17:38.219639: 
2026-08-20 00:17:38.219910: Epoch 179
2026-08-20 00:17:38.220119: Current learning rate: 0.00671
2026-08-20 00:18:19.546838: train_loss -0.5835
2026-08-20 00:18:19.547061: val_loss -0.5953
2026-08-20 00:18:19.547115: Pseudo dice [np.float32(0.8203)]
2026-08-20 00:18:19.547184: Epoch time: 41.33 s
2026-08-20 00:18:21.330768: 
2026-08-20 00:18:21.330982: Epoch 180
2026-08-20 00:18:21.331058: Current learning rate: 0.00669
2026-08-20 00:19:02.533431: train_loss -0.5836
2026-08-20 00:19:02.533659: val_loss -0.5782
2026-08-20 00:19:02.533721: Pseudo dice [np.float32(0.8055)]
2026-08-20 00:19:02.533793: Epoch time: 41.21 s
2026-08-20 00:19:03.358597: 
2026-08-20 00:19:03.358846: Epoch 181
2026-08-20 00:19:03.358931: Current learning rate: 0.00667
2026-08-20 00:19:44.793664: train_loss -0.579
2026-08-20 00:19:44.793876: val_loss -0.5627
2026-08-20 00:19:44.793944: Pseudo dice [np.float32(0.7797)]
2026-08-20 00:19:44.794015: Epoch time: 41.44 s
2026-08-20 00:19:46.210244: 
2026-08-20 00:19:46.210540: Epoch 182
2026-08-20 00:19:46.210626: Current learning rate: 0.00665
2026-08-20 00:20:27.473970: train_loss -0.5992
2026-08-20 00:20:27.474179: val_loss -0.5958
2026-08-20 00:20:27.474244: Pseudo dice [np.float32(0.7965)]
2026-08-20 00:20:27.474315: Epoch time: 41.27 s
2026-08-20 00:20:28.304311: 
2026-08-20 00:20:28.304544: Epoch 183
2026-08-20 00:20:28.304626: Current learning rate: 0.00664
2026-08-20 00:21:09.705924: train_loss -0.5994
2026-08-20 00:21:09.706169: val_loss -0.5856
2026-08-20 00:21:09.706226: Pseudo dice [np.float32(0.7944)]
2026-08-20 00:21:09.706294: Epoch time: 41.4 s
2026-08-20 00:21:10.532269: 
2026-08-20 00:21:10.532465: Epoch 184
2026-08-20 00:21:10.532537: Current learning rate: 0.00662
2026-08-20 00:21:51.879961: train_loss -0.582
2026-08-20 00:21:51.880171: val_loss -0.5339
2026-08-20 00:21:51.880228: Pseudo dice [np.float32(0.787)]
2026-08-20 00:21:51.880293: Epoch time: 41.35 s
2026-08-20 00:21:52.708677: 
2026-08-20 00:21:52.708954: Epoch 185
2026-08-20 00:21:52.709029: Current learning rate: 0.0066
2026-08-20 00:22:34.170339: train_loss -0.5957
2026-08-20 00:22:34.170521: val_loss -0.5996
2026-08-20 00:22:34.170578: Pseudo dice [np.float32(0.8248)]
2026-08-20 00:22:34.170645: Epoch time: 41.46 s
2026-08-20 00:22:34.997045: 
2026-08-20 00:22:34.997312: Epoch 186
2026-08-20 00:22:34.997389: Current learning rate: 0.00658
2026-08-20 00:23:16.281852: train_loss -0.6114
2026-08-20 00:23:16.282063: val_loss -0.5708
2026-08-20 00:23:16.282125: Pseudo dice [np.float32(0.8053)]
2026-08-20 00:23:16.282190: Epoch time: 41.29 s
2026-08-20 00:23:17.117041: 
2026-08-20 00:23:17.117317: Epoch 187
2026-08-20 00:23:17.117418: Current learning rate: 0.00656
2026-08-20 00:23:58.540705: train_loss -0.5957
2026-08-20 00:23:58.540885: val_loss -0.6167
2026-08-20 00:23:58.540942: Pseudo dice [np.float32(0.8177)]
2026-08-20 00:23:58.541005: Epoch time: 41.43 s
2026-08-20 00:23:59.366236: 
2026-08-20 00:23:59.366404: Epoch 188
2026-08-20 00:23:59.366482: Current learning rate: 0.00654
2026-08-20 00:24:40.648744: train_loss -0.5862
2026-08-20 00:24:40.648961: val_loss -0.5887
2026-08-20 00:24:40.649022: Pseudo dice [np.float32(0.8056)]
2026-08-20 00:24:40.649089: Epoch time: 41.28 s
2026-08-20 00:24:41.481679: 
2026-08-20 00:24:41.481876: Epoch 189
2026-08-20 00:24:41.481955: Current learning rate: 0.00652
2026-08-20 00:25:22.741721: train_loss -0.5923
2026-08-20 00:25:22.741940: val_loss -0.5864
2026-08-20 00:25:22.741999: Pseudo dice [np.float32(0.7885)]
2026-08-20 00:25:22.742070: Epoch time: 41.26 s
2026-08-20 00:25:24.852014: 
2026-08-20 00:25:24.852221: Epoch 190
2026-08-20 00:25:24.852325: Current learning rate: 0.0065
2026-08-20 00:26:06.300790: train_loss -0.5833
2026-08-20 00:26:06.300985: val_loss -0.577
2026-08-20 00:26:06.301043: Pseudo dice [np.float32(0.797)]
2026-08-20 00:26:06.301113: Epoch time: 41.45 s
2026-08-20 00:26:07.123360: 
2026-08-20 00:26:07.123550: Epoch 191
2026-08-20 00:26:07.123625: Current learning rate: 0.00648
2026-08-20 00:26:48.585680: train_loss -0.599
2026-08-20 00:26:48.585846: val_loss -0.5748
2026-08-20 00:26:48.585907: Pseudo dice [np.float32(0.7907)]
2026-08-20 00:26:48.585970: Epoch time: 41.46 s
2026-08-20 00:26:49.421055: 
2026-08-20 00:26:49.421254: Epoch 192
2026-08-20 00:26:49.421336: Current learning rate: 0.00647
2026-08-20 00:27:30.808399: train_loss -0.5879
2026-08-20 00:27:30.808563: val_loss -0.5732
2026-08-20 00:27:30.808619: Pseudo dice [np.float32(0.8147)]
2026-08-20 00:27:30.808679: Epoch time: 41.39 s
2026-08-20 00:27:31.645093: 
2026-08-20 00:27:31.645317: Epoch 193
2026-08-20 00:27:31.645401: Current learning rate: 0.00645
2026-08-20 00:28:13.037291: train_loss -0.5862
2026-08-20 00:28:13.037471: val_loss -0.5569
2026-08-20 00:28:13.037580: Pseudo dice [np.float32(0.8141)]
2026-08-20 00:28:13.037652: Epoch time: 41.39 s
2026-08-20 00:28:13.037700: Yayy! New best EMA pseudo Dice: 0.8016999959945679
2026-08-20 00:28:15.125110: 
2026-08-20 00:28:15.125372: Epoch 194
2026-08-20 00:28:15.125468: Current learning rate: 0.00643
2026-08-20 00:28:56.232043: train_loss -0.5712
2026-08-20 00:28:56.232209: val_loss -0.5447
2026-08-20 00:28:56.232260: Pseudo dice [np.float32(0.7996)]
2026-08-20 00:28:56.232321: Epoch time: 41.11 s
2026-08-20 00:28:57.060936: 
2026-08-20 00:28:57.061151: Epoch 195
2026-08-20 00:28:57.061232: Current learning rate: 0.00641
2026-08-20 00:29:38.412318: train_loss -0.5887
2026-08-20 00:29:38.412491: val_loss -0.5623
2026-08-20 00:29:38.412547: Pseudo dice [np.float32(0.7774)]
2026-08-20 00:29:38.412610: Epoch time: 41.35 s
2026-08-20 00:29:39.241537: 
2026-08-20 00:29:39.241737: Epoch 196
2026-08-20 00:29:39.241838: Current learning rate: 0.00639
2026-08-20 00:30:20.664813: train_loss -0.5828
2026-08-20 00:30:20.665100: val_loss -0.5963
2026-08-20 00:30:20.665158: Pseudo dice [np.float32(0.823)]
2026-08-20 00:30:20.665227: Epoch time: 41.43 s
2026-08-20 00:30:21.491708: 
2026-08-20 00:30:21.491906: Epoch 197
2026-08-20 00:30:21.491989: Current learning rate: 0.00637
2026-08-20 00:31:02.707499: train_loss -0.6197
2026-08-20 00:31:02.707669: val_loss -0.5665
2026-08-20 00:31:02.707727: Pseudo dice [np.float32(0.8175)]
2026-08-20 00:31:02.707798: Epoch time: 41.22 s
2026-08-20 00:31:02.707842: Yayy! New best EMA pseudo Dice: 0.8030999898910522
2026-08-20 00:31:04.780499: 
2026-08-20 00:31:04.780702: Epoch 198
2026-08-20 00:31:04.780777: Current learning rate: 0.00635
2026-08-20 00:31:46.032929: train_loss -0.6112
2026-08-20 00:31:46.033168: val_loss -0.5581
2026-08-20 00:31:46.033226: Pseudo dice [np.float32(0.7753)]
2026-08-20 00:31:46.033300: Epoch time: 41.25 s
2026-08-20 00:31:47.427443: 
2026-08-20 00:31:47.427633: Epoch 199
2026-08-20 00:31:47.427711: Current learning rate: 0.00633
2026-08-20 00:32:28.751510: train_loss -0.6031
2026-08-20 00:32:28.751729: val_loss -0.5485
2026-08-20 00:32:28.751787: Pseudo dice [np.float32(0.742)]
2026-08-20 00:32:28.751860: Epoch time: 41.33 s
2026-08-20 00:32:30.815419: 
2026-08-20 00:32:31.536889: Epoch 200
2026-08-20 00:32:31.537063: Current learning rate: 0.00631
2026-08-20 00:33:12.788125: train_loss -0.5941
2026-08-20 00:33:12.788321: val_loss -0.5284
2026-08-20 00:33:12.788382: Pseudo dice [np.float32(0.7497)]
2026-08-20 00:33:12.788450: Epoch time: 41.98 s
2026-08-20 00:33:13.615212: 
2026-08-20 00:33:13.615411: Epoch 201
2026-08-20 00:33:13.615497: Current learning rate: 0.0063
2026-08-20 00:33:54.970393: train_loss -0.5543
2026-08-20 00:33:54.970658: val_loss -0.5744
2026-08-20 00:33:54.970721: Pseudo dice [np.float32(0.7651)]
2026-08-20 00:33:54.970791: Epoch time: 41.36 s
2026-08-20 00:33:55.797693: 
2026-08-20 00:33:55.797915: Epoch 202
2026-08-20 00:33:55.797992: Current learning rate: 0.00628
2026-08-20 00:34:36.958563: train_loss -0.564
2026-08-20 00:34:36.958771: val_loss -0.5821
2026-08-20 00:34:36.958829: Pseudo dice [np.float32(0.7863)]
2026-08-20 00:34:36.958901: Epoch time: 41.16 s
2026-08-20 00:34:37.786554: 
2026-08-20 00:34:37.786762: Epoch 203
2026-08-20 00:34:37.786841: Current learning rate: 0.00626
2026-08-20 00:35:18.895384: train_loss -0.5609
2026-08-20 00:35:18.895561: val_loss -0.5733
2026-08-20 00:35:18.895620: Pseudo dice [np.float32(0.7922)]
2026-08-20 00:35:18.895686: Epoch time: 41.11 s
2026-08-20 00:35:19.721050: 
2026-08-20 00:35:19.721236: Epoch 204
2026-08-20 00:35:19.721309: Current learning rate: 0.00624
2026-08-20 00:36:01.074457: train_loss -0.5803
2026-08-20 00:36:01.074685: val_loss -0.5588
2026-08-20 00:36:01.074746: Pseudo dice [np.float32(0.7918)]
2026-08-20 00:36:01.074815: Epoch time: 41.36 s
2026-08-20 00:36:01.908408: 
2026-08-20 00:36:01.908762: Epoch 205
2026-08-20 00:36:01.908852: Current learning rate: 0.00622
2026-08-20 00:36:43.267668: train_loss -0.5977
2026-08-20 00:36:43.267862: val_loss -0.5246
2026-08-20 00:36:43.267933: Pseudo dice [np.float32(0.7367)]
2026-08-20 00:36:43.268041: Epoch time: 41.36 s
2026-08-20 00:36:44.073534: 
2026-08-20 00:36:44.073732: Epoch 206
2026-08-20 00:36:44.073816: Current learning rate: 0.0062
2026-08-20 00:37:25.334298: train_loss -0.5887
2026-08-20 00:37:25.334487: val_loss -0.5621
2026-08-20 00:37:25.334552: Pseudo dice [np.float32(0.7925)]
2026-08-20 00:37:25.334621: Epoch time: 41.26 s
2026-08-20 00:37:26.139954: 
2026-08-20 00:37:26.140171: Epoch 207
2026-08-20 00:37:26.140276: Current learning rate: 0.00618
2026-08-20 00:38:07.376065: train_loss -0.6056
2026-08-20 00:38:07.376270: val_loss -0.6118
2026-08-20 00:38:07.376326: Pseudo dice [np.float32(0.8396)]
2026-08-20 00:38:07.376392: Epoch time: 41.24 s
2026-08-20 00:38:08.181959: 
2026-08-20 00:38:08.182178: Epoch 208
2026-08-20 00:38:08.182257: Current learning rate: 0.00616
2026-08-20 00:38:49.349197: train_loss -0.61
2026-08-20 00:38:49.349403: val_loss -0.6055
2026-08-20 00:38:49.349458: Pseudo dice [np.float32(0.8087)]
2026-08-20 00:38:49.349521: Epoch time: 41.17 s
2026-08-20 00:38:50.154195: 
2026-08-20 00:38:50.154392: Epoch 209
2026-08-20 00:38:50.154470: Current learning rate: 0.00614
2026-08-20 00:39:31.236601: train_loss -0.5844
2026-08-20 00:39:31.236808: val_loss -0.6043
2026-08-20 00:39:31.236875: Pseudo dice [np.float32(0.8037)]
2026-08-20 00:39:31.236946: Epoch time: 41.08 s
2026-08-20 00:39:33.005884: 
2026-08-20 00:39:33.811882: Epoch 210
2026-08-20 00:39:33.812032: Current learning rate: 0.00612
2026-08-20 00:40:14.921213: train_loss -0.6035
2026-08-20 00:40:14.921405: val_loss -0.5609
2026-08-20 00:40:14.921460: Pseudo dice [np.float32(0.7711)]
2026-08-20 00:40:14.921525: Epoch time: 41.92 s
2026-08-20 00:40:15.732234: 
2026-08-20 00:40:15.732499: Epoch 211
2026-08-20 00:40:15.732580: Current learning rate: 0.00611
2026-08-20 00:40:56.954848: train_loss -0.6095
2026-08-20 00:40:56.955018: val_loss -0.6077
2026-08-20 00:40:56.955074: Pseudo dice [np.float32(0.8166)]
2026-08-20 00:40:56.955135: Epoch time: 41.23 s
2026-08-20 00:40:57.760870: 
2026-08-20 00:40:57.761083: Epoch 212
2026-08-20 00:40:57.761243: Current learning rate: 0.00609
2026-08-20 00:41:39.131526: train_loss -0.6045
2026-08-20 00:41:39.131720: val_loss -0.5247
2026-08-20 00:41:39.131778: Pseudo dice [np.float32(0.8024)]
2026-08-20 00:41:39.131841: Epoch time: 41.37 s
2026-08-20 00:41:39.937200: 
2026-08-20 00:41:39.937418: Epoch 213
2026-08-20 00:41:39.937494: Current learning rate: 0.00607
2026-08-20 00:42:21.202865: train_loss -0.589
2026-08-20 00:42:21.203032: val_loss -0.5822
2026-08-20 00:42:21.203090: Pseudo dice [np.float32(0.8306)]
2026-08-20 00:42:21.203153: Epoch time: 41.27 s
2026-08-20 00:42:22.007660: 
2026-08-20 00:42:22.007833: Epoch 214
2026-08-20 00:42:22.007910: Current learning rate: 0.00605
2026-08-20 00:43:03.266762: train_loss -0.5976
2026-08-20 00:43:03.266943: val_loss -0.5934
2026-08-20 00:43:03.266999: Pseudo dice [np.float32(0.828)]
2026-08-20 00:43:03.267060: Epoch time: 41.26 s
2026-08-20 00:43:04.072937: 
2026-08-20 00:43:04.073178: Epoch 215
2026-08-20 00:43:04.073254: Current learning rate: 0.00603
2026-08-20 00:43:45.153211: train_loss -0.5884
2026-08-20 00:43:45.153406: val_loss -0.5458
2026-08-20 00:43:45.153463: Pseudo dice [np.float32(0.8032)]
2026-08-20 00:43:45.153525: Epoch time: 41.08 s
2026-08-20 00:43:46.526323: 
2026-08-20 00:43:46.526592: Epoch 216
2026-08-20 00:43:46.526673: Current learning rate: 0.00601
2026-08-20 00:44:27.635025: train_loss -0.5935
2026-08-20 00:44:27.635189: val_loss -0.5648
2026-08-20 00:44:27.635251: Pseudo dice [np.float32(0.7726)]
2026-08-20 00:44:27.635317: Epoch time: 41.11 s
2026-08-20 00:44:28.438086: 
2026-08-20 00:44:28.438290: Epoch 217
2026-08-20 00:44:28.438370: Current learning rate: 0.00599
2026-08-20 00:45:09.801982: train_loss -0.5921
2026-08-20 00:45:09.802167: val_loss -0.5927
2026-08-20 00:45:09.802227: Pseudo dice [np.float32(0.7765)]
2026-08-20 00:45:09.802289: Epoch time: 41.37 s
2026-08-20 00:45:10.611209: 
2026-08-20 00:45:10.611447: Epoch 218
2026-08-20 00:45:10.611528: Current learning rate: 0.00597
2026-08-20 00:45:51.852090: train_loss -0.6095
2026-08-20 00:45:51.852270: val_loss -0.5864
2026-08-20 00:45:51.852326: Pseudo dice [np.float32(0.801)]
2026-08-20 00:45:51.852389: Epoch time: 41.24 s
2026-08-20 00:45:52.656852: 
2026-08-20 00:45:52.657069: Epoch 219
2026-08-20 00:45:52.657147: Current learning rate: 0.00595
2026-08-20 00:46:33.953775: train_loss -0.6007
2026-08-20 00:46:33.953963: val_loss -0.6114
2026-08-20 00:46:33.954023: Pseudo dice [np.float32(0.7812)]
2026-08-20 00:46:33.954089: Epoch time: 41.3 s
2026-08-20 00:46:36.022957: 
2026-08-20 00:46:36.023183: Epoch 220
2026-08-20 00:46:36.023263: Current learning rate: 0.00593
2026-08-20 00:47:17.239877: train_loss -0.5926
2026-08-20 00:47:17.240079: val_loss -0.5446
2026-08-20 00:47:17.240133: Pseudo dice [np.float32(0.8012)]
2026-08-20 00:47:17.240205: Epoch time: 41.22 s
2026-08-20 00:47:18.046206: 
2026-08-20 00:47:18.046438: Epoch 221
2026-08-20 00:47:18.046525: Current learning rate: 0.00592
2026-08-20 00:47:59.324024: train_loss -0.6246
2026-08-20 00:47:59.324218: val_loss -0.5913
2026-08-20 00:47:59.324277: Pseudo dice [np.float32(0.7984)]
2026-08-20 00:47:59.324345: Epoch time: 41.28 s
2026-08-20 00:48:00.130569: 
2026-08-20 00:48:00.130760: Epoch 222
2026-08-20 00:48:00.130836: Current learning rate: 0.0059
2026-08-20 00:48:41.455034: train_loss -0.5875
2026-08-20 00:48:41.455204: val_loss -0.5744
2026-08-20 00:48:41.455261: Pseudo dice [np.float32(0.806)]
2026-08-20 00:48:41.455328: Epoch time: 41.33 s
2026-08-20 00:48:42.257051: 
2026-08-20 00:48:42.257257: Epoch 223
2026-08-20 00:48:42.257366: Current learning rate: 0.00588
2026-08-20 00:49:23.444070: train_loss -0.6113
2026-08-20 00:49:23.444241: val_loss -0.575
2026-08-20 00:49:23.444336: Pseudo dice [np.float32(0.8126)]
2026-08-20 00:49:23.444401: Epoch time: 41.19 s
2026-08-20 00:49:24.243160: 
2026-08-20 00:49:24.243411: Epoch 224
2026-08-20 00:49:24.243488: Current learning rate: 0.00586
2026-08-20 00:50:05.570684: train_loss -0.5949
2026-08-20 00:50:05.570880: val_loss -0.5883
2026-08-20 00:50:05.570939: Pseudo dice [np.float32(0.7837)]
2026-08-20 00:50:05.571009: Epoch time: 41.33 s
2026-08-20 00:50:06.380897: 
2026-08-20 00:50:06.381255: Epoch 225
2026-08-20 00:50:06.381370: Current learning rate: 0.00584
2026-08-20 00:50:47.744210: train_loss -0.6139
2026-08-20 00:50:47.744396: val_loss -0.6344
2026-08-20 00:50:47.744455: Pseudo dice [np.float32(0.8298)]
2026-08-20 00:50:47.744521: Epoch time: 41.37 s
2026-08-20 00:50:48.549974: 
2026-08-20 00:50:48.550226: Epoch 226
2026-08-20 00:50:48.550307: Current learning rate: 0.00582
2026-08-20 00:51:29.820877: train_loss -0.6091
2026-08-20 00:51:29.821072: val_loss -0.5559
2026-08-20 00:51:29.821130: Pseudo dice [np.float32(0.7872)]
2026-08-20 00:51:29.821194: Epoch time: 41.27 s
2026-08-20 00:51:30.620905: 
2026-08-20 00:51:30.621107: Epoch 227
2026-08-20 00:51:30.621207: Current learning rate: 0.0058
2026-08-20 00:52:12.039466: train_loss -0.6307
2026-08-20 00:52:12.039686: val_loss -0.6157
2026-08-20 00:52:12.039741: Pseudo dice [np.float32(0.8157)]
2026-08-20 00:52:12.039813: Epoch time: 41.42 s
2026-08-20 00:52:12.838695: 
2026-08-20 00:52:12.838912: Epoch 228
2026-08-20 00:52:12.838991: Current learning rate: 0.00578
2026-08-20 00:52:54.106712: train_loss -0.6385
2026-08-20 00:52:54.106933: val_loss -0.6317
2026-08-20 00:52:54.106992: Pseudo dice [np.float32(0.8177)]
2026-08-20 00:52:54.107066: Epoch time: 41.27 s
2026-08-20 00:52:54.905991: 
2026-08-20 00:52:54.906184: Epoch 229
2026-08-20 00:52:54.906260: Current learning rate: 0.00576
2026-08-20 00:53:36.271839: train_loss -0.604
2026-08-20 00:53:36.272054: val_loss -0.6166
2026-08-20 00:53:36.272108: Pseudo dice [np.float32(0.8142)]
2026-08-20 00:53:36.272175: Epoch time: 41.37 s
2026-08-20 00:53:37.464428: Yayy! New best EMA pseudo Dice: 0.8034999966621399
2026-08-20 00:53:39.545026: 
2026-08-20 00:53:39.545209: Epoch 230
2026-08-20 00:53:39.545286: Current learning rate: 0.00574
2026-08-20 00:54:20.772431: train_loss -0.6109
2026-08-20 00:54:20.772650: val_loss -0.5981
2026-08-20 00:54:20.772708: Pseudo dice [np.float32(0.8209)]
2026-08-20 00:54:20.772778: Epoch time: 41.23 s
2026-08-20 00:54:20.772826: Yayy! New best EMA pseudo Dice: 0.8052999973297119
2026-08-20 00:54:22.932815: 
2026-08-20 00:54:22.933055: Epoch 231
2026-08-20 00:54:22.933133: Current learning rate: 0.00572
2026-08-20 00:55:04.017942: train_loss -0.6137
2026-08-20 00:55:04.018254: val_loss -0.5856
2026-08-20 00:55:04.018316: Pseudo dice [np.float32(0.8315)]
2026-08-20 00:55:04.018386: Epoch time: 41.09 s
2026-08-20 00:55:04.018433: Yayy! New best EMA pseudo Dice: 0.8079000115394592
2026-08-20 00:55:06.902332: 
2026-08-20 00:55:06.902565: Epoch 232
2026-08-20 00:55:06.902684: Current learning rate: 0.0057
2026-08-20 00:55:48.045156: train_loss -0.6255
2026-08-20 00:55:48.045336: val_loss -0.6126
2026-08-20 00:55:48.045395: Pseudo dice [np.float32(0.7859)]
2026-08-20 00:55:48.045462: Epoch time: 41.15 s
2026-08-20 00:55:48.843866: 
2026-08-20 00:55:48.844107: Epoch 233
2026-08-20 00:55:48.844180: Current learning rate: 0.00569
2026-08-20 00:56:29.976561: train_loss -0.5935
2026-08-20 00:56:29.976726: val_loss -0.5983
2026-08-20 00:56:29.976779: Pseudo dice [np.float32(0.8158)]
2026-08-20 00:56:29.976841: Epoch time: 41.14 s
2026-08-20 00:56:31.334363: 
2026-08-20 00:56:31.334559: Epoch 234
2026-08-20 00:56:31.334642: Current learning rate: 0.00567
2026-08-20 00:57:12.687420: train_loss -0.6263
2026-08-20 00:57:12.687596: val_loss -0.5977
2026-08-20 00:57:12.687654: Pseudo dice [np.float32(0.8166)]
2026-08-20 00:57:12.687777: Epoch time: 41.36 s
2026-08-20 00:57:13.484816: 
2026-08-20 00:57:13.485026: Epoch 235
2026-08-20 00:57:13.485107: Current learning rate: 0.00565
2026-08-20 00:57:54.845394: train_loss -0.6066
2026-08-20 00:57:54.845560: val_loss -0.5836
2026-08-20 00:57:54.845613: Pseudo dice [np.float32(0.8323)]
2026-08-20 00:57:54.845674: Epoch time: 41.36 s
2026-08-20 00:57:54.845719: Yayy! New best EMA pseudo Dice: 0.8101999759674072
2026-08-20 00:57:56.865272: 
2026-08-20 00:57:56.865505: Epoch 236
2026-08-20 00:57:56.865580: Current learning rate: 0.00563
2026-08-20 00:58:38.222265: train_loss -0.6184
2026-08-20 00:58:38.222458: val_loss -0.5378
2026-08-20 00:58:38.222515: Pseudo dice [np.float32(0.8095)]
2026-08-20 00:58:38.222577: Epoch time: 41.36 s
2026-08-20 00:58:39.017812: 
2026-08-20 00:58:39.018052: Epoch 237
2026-08-20 00:58:39.018131: Current learning rate: 0.00561
2026-08-20 00:59:20.493286: train_loss -0.6113
2026-08-20 00:59:20.493560: val_loss -0.5849
2026-08-20 00:59:20.493618: Pseudo dice [np.float32(0.8211)]
2026-08-20 00:59:20.493685: Epoch time: 41.48 s
2026-08-20 00:59:20.493730: Yayy! New best EMA pseudo Dice: 0.8112000226974487
2026-08-20 00:59:23.541611: 
2026-08-20 00:59:23.541907: Epoch 238
2026-08-20 00:59:23.542002: Current learning rate: 0.00559
2026-08-20 01:00:04.890409: train_loss -0.6029
2026-08-20 01:00:04.890577: val_loss -0.5949
2026-08-20 01:00:04.890632: Pseudo dice [np.float32(0.7924)]
2026-08-20 01:00:04.890699: Epoch time: 41.35 s
2026-08-20 01:00:05.687129: 
2026-08-20 01:00:05.687332: Epoch 239
2026-08-20 01:00:05.687411: Current learning rate: 0.00557
2026-08-20 01:00:47.107283: train_loss -0.61
2026-08-20 01:00:47.107450: val_loss -0.5521
2026-08-20 01:00:47.107505: Pseudo dice [np.float32(0.7823)]
2026-08-20 01:00:47.107564: Epoch time: 41.42 s
2026-08-20 01:00:48.855121: 
2026-08-20 01:00:48.855312: Epoch 240
2026-08-20 01:00:48.855390: Current learning rate: 0.00555
2026-08-20 01:01:30.113416: train_loss -0.6212
2026-08-20 01:01:30.113617: val_loss -0.5813
2026-08-20 01:01:30.113674: Pseudo dice [np.float32(0.8177)]
2026-08-20 01:01:30.113734: Epoch time: 41.26 s
2026-08-20 01:01:30.920757: 
2026-08-20 01:01:30.920971: Epoch 241
2026-08-20 01:01:30.921049: Current learning rate: 0.00553
2026-08-20 01:02:12.247548: train_loss -0.6067
2026-08-20 01:02:12.247730: val_loss -0.6048
2026-08-20 01:02:12.247789: Pseudo dice [np.float32(0.818)]
2026-08-20 01:02:12.247863: Epoch time: 41.33 s
2026-08-20 01:02:13.061181: 
2026-08-20 01:02:13.061493: Epoch 242
2026-08-20 01:02:13.061585: Current learning rate: 0.00551
2026-08-20 01:02:54.262939: train_loss -0.6473
2026-08-20 01:02:54.263181: val_loss -0.5475
2026-08-20 01:02:54.263240: Pseudo dice [np.float32(0.8329)]
2026-08-20 01:02:54.263310: Epoch time: 41.2 s
2026-08-20 01:02:55.065938: 
2026-08-20 01:02:55.066136: Epoch 243
2026-08-20 01:02:55.066216: Current learning rate: 0.00549
2026-08-20 01:03:36.202193: train_loss -0.6341
2026-08-20 01:03:36.202379: val_loss -0.6042
2026-08-20 01:03:36.202439: Pseudo dice [np.float32(0.832)]
2026-08-20 01:03:36.202504: Epoch time: 41.14 s
2026-08-20 01:03:36.202550: Yayy! New best EMA pseudo Dice: 0.8131999969482422
2026-08-20 01:03:37.953728: 
2026-08-20 01:03:37.953910: Epoch 244
2026-08-20 01:03:37.953992: Current learning rate: 0.00547
2026-08-20 01:04:19.132359: train_loss -0.6245
2026-08-20 01:04:19.132527: val_loss -0.5869
2026-08-20 01:04:19.132583: Pseudo dice [np.float32(0.8168)]
2026-08-20 01:04:19.132646: Epoch time: 41.18 s
2026-08-20 01:04:19.132691: Yayy! New best EMA pseudo Dice: 0.8136000037193298
2026-08-20 01:04:20.929504: 
2026-08-20 01:04:20.929699: Epoch 245
2026-08-20 01:04:20.929775: Current learning rate: 0.00546
2026-08-20 01:05:02.245632: train_loss -0.6342
2026-08-20 01:05:02.245825: val_loss -0.5802
2026-08-20 01:05:02.245888: Pseudo dice [np.float32(0.7811)]
2026-08-20 01:05:02.245951: Epoch time: 41.32 s
2026-08-20 01:05:03.060931: 
2026-08-20 01:05:03.061193: Epoch 246
2026-08-20 01:05:03.061279: Current learning rate: 0.00544
2026-08-20 01:05:44.272250: train_loss -0.616
2026-08-20 01:05:44.272454: val_loss -0.5953
2026-08-20 01:05:44.272515: Pseudo dice [np.float32(0.8093)]
2026-08-20 01:05:44.272585: Epoch time: 41.21 s
2026-08-20 01:05:45.079217: 
2026-08-20 01:05:45.079390: Epoch 247
2026-08-20 01:05:45.079464: Current learning rate: 0.00542
2026-08-20 01:06:26.421891: train_loss -0.6264
2026-08-20 01:06:26.422095: val_loss -0.5685
2026-08-20 01:06:26.422149: Pseudo dice [np.float32(0.7834)]
2026-08-20 01:06:26.422214: Epoch time: 41.35 s
2026-08-20 01:06:27.223969: 
2026-08-20 01:06:27.224151: Epoch 248
2026-08-20 01:06:27.224228: Current learning rate: 0.0054
2026-08-20 01:07:08.556831: train_loss -0.62
2026-08-20 01:07:08.557228: val_loss -0.6223
2026-08-20 01:07:08.557288: Pseudo dice [np.float32(0.8092)]
2026-08-20 01:07:08.557353: Epoch time: 41.34 s
2026-08-20 01:07:09.358808: 
2026-08-20 01:07:09.358988: Epoch 249
2026-08-20 01:07:09.359061: Current learning rate: 0.00538
2026-08-20 01:07:50.692340: train_loss -0.6149
2026-08-20 01:07:50.692547: val_loss -0.4951
2026-08-20 01:07:50.692609: Pseudo dice [np.float32(0.8008)]
2026-08-20 01:07:50.692682: Epoch time: 41.34 s
2026-08-20 01:07:53.673183: 
2026-08-20 01:07:53.673402: Epoch 250
2026-08-20 01:07:53.673503: Current learning rate: 0.00536
2026-08-20 01:08:35.288232: train_loss -0.589
2026-08-20 01:08:35.288429: val_loss -0.5267
2026-08-20 01:08:35.288495: Pseudo dice [np.float32(0.7457)]
2026-08-20 01:08:35.288566: Epoch time: 41.62 s
2026-08-20 01:08:36.095192: 
2026-08-20 01:08:36.095416: Epoch 251
2026-08-20 01:08:36.095499: Current learning rate: 0.00534
2026-08-20 01:09:17.440455: train_loss -0.6116
2026-08-20 01:09:17.440657: val_loss -0.5958
2026-08-20 01:09:17.440716: Pseudo dice [np.float32(0.813)]
2026-08-20 01:09:17.440784: Epoch time: 41.35 s
2026-08-20 01:09:18.242149: 
2026-08-20 01:09:18.242368: Epoch 252
2026-08-20 01:09:18.242463: Current learning rate: 0.00532
2026-08-20 01:09:59.509271: train_loss -0.6123
2026-08-20 01:09:59.509461: val_loss -0.5761
2026-08-20 01:09:59.509516: Pseudo dice [np.float32(0.8413)]
2026-08-20 01:09:59.509585: Epoch time: 41.27 s
2026-08-20 01:10:00.312523: 
2026-08-20 01:10:00.312719: Epoch 253
2026-08-20 01:10:00.312801: Current learning rate: 0.0053
2026-08-20 01:10:41.686537: train_loss -0.6119
2026-08-20 01:10:41.686751: val_loss -0.6186
2026-08-20 01:10:41.686811: Pseudo dice [np.float32(0.8438)]
2026-08-20 01:10:41.686888: Epoch time: 41.38 s
2026-08-20 01:10:42.501289: 
2026-08-20 01:10:42.501497: Epoch 254
2026-08-20 01:10:42.501570: Current learning rate: 0.00528
2026-08-20 01:11:23.810936: train_loss -0.6178
2026-08-20 01:11:23.811142: val_loss -0.5495
2026-08-20 01:11:23.811196: Pseudo dice [np.float32(0.7686)]
2026-08-20 01:11:23.811262: Epoch time: 41.31 s
2026-08-20 01:11:24.619299: 
2026-08-20 01:11:24.619536: Epoch 255
2026-08-20 01:11:24.619647: Current learning rate: 0.00526
2026-08-20 01:12:05.756596: train_loss -0.6005
2026-08-20 01:12:05.756804: val_loss -0.5425
2026-08-20 01:12:05.756864: Pseudo dice [np.float32(0.8298)]
2026-08-20 01:12:05.756931: Epoch time: 41.14 s
2026-08-20 01:12:06.565998: 
2026-08-20 01:12:06.566198: Epoch 256
2026-08-20 01:12:06.566283: Current learning rate: 0.00524
2026-08-20 01:12:47.983510: train_loss -0.6212
2026-08-20 01:12:47.983705: val_loss -0.6254
2026-08-20 01:12:47.983761: Pseudo dice [np.float32(0.8216)]
2026-08-20 01:12:47.983827: Epoch time: 41.42 s
2026-08-20 01:12:48.789450: 
2026-08-20 01:12:48.789649: Epoch 257
2026-08-20 01:12:48.789721: Current learning rate: 0.00522
2026-08-20 01:13:30.018145: train_loss -0.6131
2026-08-20 01:13:30.018348: val_loss -0.5732
2026-08-20 01:13:30.018409: Pseudo dice [np.float32(0.8271)]
2026-08-20 01:13:30.018473: Epoch time: 41.23 s
2026-08-20 01:13:30.826497: 
2026-08-20 01:13:30.826709: Epoch 258
2026-08-20 01:13:30.826789: Current learning rate: 0.0052
2026-08-20 01:14:12.288228: train_loss -0.6094
2026-08-20 01:14:12.288401: val_loss -0.5616
2026-08-20 01:14:12.288452: Pseudo dice [np.float32(0.7639)]
2026-08-20 01:14:12.288515: Epoch time: 41.46 s
2026-08-20 01:14:13.097703: 
2026-08-20 01:14:13.097953: Epoch 259
2026-08-20 01:14:13.098036: Current learning rate: 0.00518
2026-08-20 01:14:54.413055: train_loss -0.5891
2026-08-20 01:14:54.413269: val_loss -0.5967
2026-08-20 01:14:54.413323: Pseudo dice [np.float32(0.7952)]
2026-08-20 01:14:54.413390: Epoch time: 41.32 s
2026-08-20 01:14:56.518086: 
2026-08-20 01:14:57.093987: Epoch 260
2026-08-20 01:14:57.094144: Current learning rate: 0.00517
2026-08-20 01:15:38.405305: train_loss -0.6083
2026-08-20 01:15:38.405503: val_loss -0.5878
2026-08-20 01:15:38.405559: Pseudo dice [np.float32(0.828)]
2026-08-20 01:15:38.405624: Epoch time: 41.89 s
2026-08-20 01:15:39.214973: 
2026-08-20 01:15:39.215184: Epoch 261
2026-08-20 01:15:39.215258: Current learning rate: 0.00515
2026-08-20 01:16:20.505783: train_loss -0.5985
2026-08-20 01:16:20.505994: val_loss -0.5133
2026-08-20 01:16:20.506057: Pseudo dice [np.float32(0.7647)]
2026-08-20 01:16:20.506130: Epoch time: 41.29 s
2026-08-20 01:16:21.315209: 
2026-08-20 01:16:21.315396: Epoch 262
2026-08-20 01:16:21.315474: Current learning rate: 0.00513
2026-08-20 01:17:02.410948: train_loss -0.616
2026-08-20 01:17:02.411150: val_loss -0.5839
2026-08-20 01:17:02.411210: Pseudo dice [np.float32(0.8008)]
2026-08-20 01:17:02.411280: Epoch time: 41.1 s
2026-08-20 01:17:03.219970: 
2026-08-20 01:17:03.220145: Epoch 263
2026-08-20 01:17:03.220219: Current learning rate: 0.00511
2026-08-20 01:17:44.589605: train_loss -0.6089
2026-08-20 01:17:44.589805: val_loss -0.5989
2026-08-20 01:17:44.589868: Pseudo dice [np.float32(0.8314)]
2026-08-20 01:17:44.589938: Epoch time: 41.37 s
2026-08-20 01:17:45.398591: 
2026-08-20 01:17:45.398783: Epoch 264
2026-08-20 01:17:45.398864: Current learning rate: 0.00509
2026-08-20 01:18:26.716493: train_loss -0.6194
2026-08-20 01:18:26.716676: val_loss -0.5933
2026-08-20 01:18:26.716731: Pseudo dice [np.float32(0.7842)]
2026-08-20 01:18:26.716793: Epoch time: 41.32 s
2026-08-20 01:18:27.525932: 
2026-08-20 01:18:27.526101: Epoch 265
2026-08-20 01:18:27.526177: Current learning rate: 0.00507
2026-08-20 01:19:08.815459: train_loss -0.6166
2026-08-20 01:19:08.815634: val_loss -0.6075
2026-08-20 01:19:08.815695: Pseudo dice [np.float32(0.8042)]
2026-08-20 01:19:08.815764: Epoch time: 41.29 s
2026-08-20 01:19:09.627599: 
2026-08-20 01:19:09.627832: Epoch 266
2026-08-20 01:19:09.627912: Current learning rate: 0.00505
2026-08-20 01:19:51.027760: train_loss -0.5906
2026-08-20 01:19:51.027938: val_loss -0.5346
2026-08-20 01:19:51.027991: Pseudo dice [np.float32(0.7496)]
2026-08-20 01:19:51.028049: Epoch time: 41.4 s
2026-08-20 01:19:51.836038: 
2026-08-20 01:19:51.836232: Epoch 267
2026-08-20 01:19:51.836313: Current learning rate: 0.00503
2026-08-20 01:20:33.197066: train_loss -0.5969
2026-08-20 01:20:33.197230: val_loss -0.5596
2026-08-20 01:20:33.197279: Pseudo dice [np.float32(0.8026)]
2026-08-20 01:20:33.197336: Epoch time: 41.36 s
2026-08-20 01:20:34.005766: 
2026-08-20 01:20:34.006000: Epoch 268
2026-08-20 01:20:34.006077: Current learning rate: 0.00501
2026-08-20 01:21:15.409010: train_loss -0.6177
2026-08-20 01:21:15.409177: val_loss -0.5618
2026-08-20 01:21:15.409233: Pseudo dice [np.float32(0.7846)]
2026-08-20 01:21:15.409298: Epoch time: 41.41 s
2026-08-20 01:21:16.772572: 
2026-08-20 01:21:16.772765: Epoch 269
2026-08-20 01:21:16.772842: Current learning rate: 0.00499
2026-08-20 01:21:58.119587: train_loss -0.6095
2026-08-20 01:21:58.119791: val_loss -0.593
2026-08-20 01:21:58.119859: Pseudo dice [np.float32(0.8077)]
2026-08-20 01:21:58.119929: Epoch time: 41.35 s
2026-08-20 01:22:00.906578: 
2026-08-20 01:22:00.906786: Epoch 270
2026-08-20 01:22:00.906881: Current learning rate: 0.00497
2026-08-20 01:22:42.130816: train_loss -0.6009
2026-08-20 01:22:42.131032: val_loss -0.5924
2026-08-20 01:22:42.131090: Pseudo dice [np.float32(0.8172)]
2026-08-20 01:22:42.131159: Epoch time: 41.23 s
2026-08-20 01:22:42.940000: 
2026-08-20 01:22:42.940252: Epoch 271
2026-08-20 01:22:42.940331: Current learning rate: 0.00495
2026-08-20 01:23:24.324578: train_loss -0.6086
2026-08-20 01:23:24.324781: val_loss -0.6244
2026-08-20 01:23:24.324835: Pseudo dice [np.float32(0.8277)]
2026-08-20 01:23:24.324907: Epoch time: 41.39 s
2026-08-20 01:23:25.134786: 
2026-08-20 01:23:25.134979: Epoch 272
2026-08-20 01:23:25.135057: Current learning rate: 0.00493
2026-08-20 01:24:06.464763: train_loss -0.6054
2026-08-20 01:24:06.464949: val_loss -0.5757
2026-08-20 01:24:06.465008: Pseudo dice [np.float32(0.8042)]
2026-08-20 01:24:06.465073: Epoch time: 41.33 s
2026-08-20 01:24:07.275935: 
2026-08-20 01:24:07.276185: Epoch 273
2026-08-20 01:24:07.276262: Current learning rate: 0.00491
2026-08-20 01:24:48.520944: train_loss -0.6237
2026-08-20 01:24:48.521152: val_loss -0.5854
2026-08-20 01:24:48.521504: Pseudo dice [np.float32(0.8247)]
2026-08-20 01:24:48.521581: Epoch time: 41.25 s
2026-08-20 01:24:49.328645: 
2026-08-20 01:24:49.328840: Epoch 274
2026-08-20 01:24:49.328918: Current learning rate: 0.00489
2026-08-20 01:25:30.587977: train_loss -0.6556
2026-08-20 01:25:30.588180: val_loss -0.5794
2026-08-20 01:25:30.588237: Pseudo dice [np.float32(0.7626)]
2026-08-20 01:25:30.588304: Epoch time: 41.26 s
2026-08-20 01:25:31.397912: 
2026-08-20 01:25:31.398121: Epoch 275
2026-08-20 01:25:31.398200: Current learning rate: 0.00487
2026-08-20 01:26:12.746534: train_loss -0.6352
2026-08-20 01:26:12.746734: val_loss -0.5934
2026-08-20 01:26:12.746788: Pseudo dice [np.float32(0.7979)]
2026-08-20 01:26:12.746865: Epoch time: 41.35 s
2026-08-20 01:26:13.556257: 
2026-08-20 01:26:13.556448: Epoch 276
2026-08-20 01:26:13.556522: Current learning rate: 0.00485
2026-08-20 01:26:54.880831: train_loss -0.6278
2026-08-20 01:26:54.881030: val_loss -0.5793
2026-08-20 01:26:54.881086: Pseudo dice [np.float32(0.8062)]
2026-08-20 01:26:54.881150: Epoch time: 41.33 s
2026-08-20 01:26:55.705982: 
2026-08-20 01:26:55.706172: Epoch 277
2026-08-20 01:26:55.706247: Current learning rate: 0.00484
2026-08-20 01:27:36.991691: train_loss -0.6238
2026-08-20 01:27:36.991907: val_loss -0.6128
2026-08-20 01:27:36.991979: Pseudo dice [np.float32(0.8194)]
2026-08-20 01:27:36.992051: Epoch time: 41.29 s
2026-08-20 01:27:37.801223: 
2026-08-20 01:27:37.801399: Epoch 278
2026-08-20 01:27:37.801476: Current learning rate: 0.00482
2026-08-20 01:28:19.108732: train_loss -0.6151
2026-08-20 01:28:19.108926: val_loss -0.5901
2026-08-20 01:28:19.108987: Pseudo dice [np.float32(0.8251)]
2026-08-20 01:28:19.109055: Epoch time: 41.31 s
2026-08-20 01:28:19.917131: 
2026-08-20 01:28:19.917332: Epoch 279
2026-08-20 01:28:19.917410: Current learning rate: 0.0048
2026-08-20 01:29:01.070356: train_loss -0.6216
2026-08-20 01:29:01.070531: val_loss -0.6086
2026-08-20 01:29:01.070590: Pseudo dice [np.float32(0.8079)]
2026-08-20 01:29:01.070652: Epoch time: 41.16 s
2026-08-20 01:29:02.842152: 
2026-08-20 01:29:02.842360: Epoch 280
2026-08-20 01:29:02.842449: Current learning rate: 0.00478
2026-08-20 01:29:44.089400: train_loss -0.643
2026-08-20 01:29:44.089597: val_loss -0.5773
2026-08-20 01:29:44.089653: Pseudo dice [np.float32(0.7852)]
2026-08-20 01:29:44.089716: Epoch time: 41.25 s
2026-08-20 01:29:44.899220: 
2026-08-20 01:29:44.899451: Epoch 281
2026-08-20 01:29:44.899532: Current learning rate: 0.00476
2026-08-20 01:30:26.280742: train_loss -0.6331
2026-08-20 01:30:26.280965: val_loss -0.6233
2026-08-20 01:30:26.281044: Pseudo dice [np.float32(0.8188)]
2026-08-20 01:30:26.281112: Epoch time: 41.38 s
2026-08-20 01:30:27.091174: 
2026-08-20 01:30:27.091412: Epoch 282
2026-08-20 01:30:27.091515: Current learning rate: 0.00474
2026-08-20 01:31:08.365627: train_loss -0.6058
2026-08-20 01:31:08.365798: val_loss -0.6315
2026-08-20 01:31:08.365851: Pseudo dice [np.float32(0.8323)]
2026-08-20 01:31:08.365938: Epoch time: 41.28 s
2026-08-20 01:31:09.181737: 
2026-08-20 01:31:09.181943: Epoch 283
2026-08-20 01:31:09.182031: Current learning rate: 0.00472
2026-08-20 01:31:50.412979: train_loss -0.6173
2026-08-20 01:31:50.413194: val_loss -0.5709
2026-08-20 01:31:50.413247: Pseudo dice [np.float32(0.8283)]
2026-08-20 01:31:50.413313: Epoch time: 41.23 s
2026-08-20 01:31:51.221645: 
2026-08-20 01:31:51.221819: Epoch 284
2026-08-20 01:31:51.221895: Current learning rate: 0.0047
2026-08-20 01:32:32.465595: train_loss -0.629
2026-08-20 01:32:32.465795: val_loss -0.6435
2026-08-20 01:32:32.465851: Pseudo dice [np.float32(0.8197)]
2026-08-20 01:32:32.465926: Epoch time: 41.25 s
2026-08-20 01:32:33.273099: 
2026-08-20 01:32:33.273332: Epoch 285
2026-08-20 01:32:33.273416: Current learning rate: 0.00468
2026-08-20 01:33:14.656476: train_loss -0.6199
2026-08-20 01:33:14.656657: val_loss -0.619
2026-08-20 01:33:14.656715: Pseudo dice [np.float32(0.8279)]
2026-08-20 01:33:14.656782: Epoch time: 41.39 s
2026-08-20 01:33:15.481828: 
2026-08-20 01:33:15.482030: Epoch 286
2026-08-20 01:33:15.482159: Current learning rate: 0.00466
2026-08-20 01:33:56.885887: train_loss -0.6284
2026-08-20 01:33:56.886098: val_loss -0.5779
2026-08-20 01:33:56.886157: Pseudo dice [np.float32(0.8151)]
2026-08-20 01:33:56.886224: Epoch time: 41.41 s
2026-08-20 01:33:58.286980: 
2026-08-20 01:33:58.287172: Epoch 287
2026-08-20 01:33:58.287250: Current learning rate: 0.00464
2026-08-20 01:34:39.564094: train_loss -0.6253
2026-08-20 01:34:39.564263: val_loss -0.5749
2026-08-20 01:34:39.564319: Pseudo dice [np.float32(0.7966)]
2026-08-20 01:34:39.564379: Epoch time: 41.28 s
2026-08-20 01:34:40.378729: 
2026-08-20 01:34:40.378989: Epoch 288
2026-08-20 01:34:40.379064: Current learning rate: 0.00462
2026-08-20 01:35:21.695208: train_loss -0.6387
2026-08-20 01:35:21.695374: val_loss -0.5722
2026-08-20 01:35:21.695428: Pseudo dice [np.float32(0.795)]
2026-08-20 01:35:21.695491: Epoch time: 41.32 s
2026-08-20 01:35:22.508471: 
2026-08-20 01:35:22.508686: Epoch 289
2026-08-20 01:35:22.508764: Current learning rate: 0.0046
2026-08-20 01:36:03.855531: train_loss -0.6286
2026-08-20 01:36:03.855706: val_loss -0.6539
2026-08-20 01:36:03.855764: Pseudo dice [np.float32(0.8126)]
2026-08-20 01:36:03.855829: Epoch time: 41.35 s
2026-08-20 01:36:05.863353: 
2026-08-20 01:36:05.863547: Epoch 290
2026-08-20 01:36:05.863624: Current learning rate: 0.00458
2026-08-20 01:36:47.153151: train_loss -0.6315
2026-08-20 01:36:47.153321: val_loss -0.5987
2026-08-20 01:36:47.153376: Pseudo dice [np.float32(0.7989)]
2026-08-20 01:36:47.153438: Epoch time: 41.29 s
2026-08-20 01:36:47.966969: 
2026-08-20 01:36:47.967177: Epoch 291
2026-08-20 01:36:47.967258: Current learning rate: 0.00456
2026-08-20 01:37:29.138633: train_loss -0.6312
2026-08-20 01:37:29.138791: val_loss -0.6001
2026-08-20 01:37:29.138846: Pseudo dice [np.float32(0.8228)]
2026-08-20 01:37:29.138913: Epoch time: 41.17 s
2026-08-20 01:37:29.956414: 
2026-08-20 01:37:29.956620: Epoch 292
2026-08-20 01:37:29.956695: Current learning rate: 0.00454
2026-08-20 01:38:11.335365: train_loss -0.6044
2026-08-20 01:38:11.335531: val_loss -0.5689
2026-08-20 01:38:11.335586: Pseudo dice [np.float32(0.7875)]
2026-08-20 01:38:11.335649: Epoch time: 41.38 s
2026-08-20 01:38:12.149643: 
2026-08-20 01:38:12.149882: Epoch 293
2026-08-20 01:38:12.149960: Current learning rate: 0.00452
2026-08-20 01:38:53.444551: train_loss -0.6185
2026-08-20 01:38:53.444730: val_loss -0.5612
2026-08-20 01:38:53.444785: Pseudo dice [np.float32(0.7992)]
2026-08-20 01:38:53.444845: Epoch time: 41.3 s
2026-08-20 01:38:54.259313: 
2026-08-20 01:38:54.259513: Epoch 294
2026-08-20 01:38:54.259597: Current learning rate: 0.0045
2026-08-20 01:39:35.466836: train_loss -0.5953
2026-08-20 01:39:35.467013: val_loss -0.6153
2026-08-20 01:39:35.467065: Pseudo dice [np.float32(0.8397)]
2026-08-20 01:39:35.467124: Epoch time: 41.21 s
2026-08-20 01:39:36.278162: 
2026-08-20 01:39:36.278339: Epoch 295
2026-08-20 01:39:36.278419: Current learning rate: 0.00448
2026-08-20 01:40:17.547566: train_loss -0.5973
2026-08-20 01:40:17.547767: val_loss -0.6044
2026-08-20 01:40:17.547820: Pseudo dice [np.float32(0.7991)]
2026-08-20 01:40:17.547890: Epoch time: 41.27 s
2026-08-20 01:40:18.363489: 
2026-08-20 01:40:18.363673: Epoch 296
2026-08-20 01:40:18.363750: Current learning rate: 0.00446
2026-08-20 01:40:59.584736: train_loss -0.6406
2026-08-20 01:40:59.584985: val_loss -0.6442
2026-08-20 01:40:59.585043: Pseudo dice [np.float32(0.8496)]
2026-08-20 01:40:59.585107: Epoch time: 41.22 s
2026-08-20 01:41:00.397356: 
2026-08-20 01:41:00.397544: Epoch 297
2026-08-20 01:41:00.397620: Current learning rate: 0.00444
2026-08-20 01:41:41.772246: train_loss -0.621
2026-08-20 01:41:41.772430: val_loss -0.5813
2026-08-20 01:41:41.772485: Pseudo dice [np.float32(0.8023)]
2026-08-20 01:41:41.772546: Epoch time: 41.38 s
2026-08-20 01:41:42.604845: 
2026-08-20 01:41:42.605078: Epoch 298
2026-08-20 01:41:42.605151: Current learning rate: 0.00442
2026-08-20 01:42:23.836820: train_loss -0.6161
2026-08-20 01:42:23.837009: val_loss -0.5767
2026-08-20 01:42:23.837147: Pseudo dice [np.float32(0.8337)]
2026-08-20 01:42:23.837218: Epoch time: 41.23 s
2026-08-20 01:42:23.837266: Yayy! New best EMA pseudo Dice: 0.814300000667572
2026-08-20 01:42:25.589013: 
2026-08-20 01:42:25.589200: Epoch 299
2026-08-20 01:42:25.589279: Current learning rate: 0.0044
2026-08-20 01:43:07.008792: train_loss -0.6065
2026-08-20 01:43:07.008973: val_loss -0.6356
2026-08-20 01:43:07.009028: Pseudo dice [np.float32(0.8037)]
2026-08-20 01:43:07.009109: Epoch time: 41.42 s
2026-08-20 01:43:08.718941: 
2026-08-20 01:43:08.719135: Epoch 300
2026-08-20 01:43:08.719211: Current learning rate: 0.00438
2026-08-20 01:43:49.860723: train_loss -0.5964
2026-08-20 01:43:49.860943: val_loss -0.5508
2026-08-20 01:43:49.861009: Pseudo dice [np.float32(0.8064)]
2026-08-20 01:43:49.861075: Epoch time: 41.14 s
2026-08-20 01:43:50.677065: 
2026-08-20 01:43:50.677284: Epoch 301
2026-08-20 01:43:50.677365: Current learning rate: 0.00436
2026-08-20 01:44:31.990499: train_loss -0.6329
2026-08-20 01:44:31.990665: val_loss -0.5817
2026-08-20 01:44:31.990762: Pseudo dice [np.float32(0.8118)]
2026-08-20 01:44:31.990851: Epoch time: 41.32 s
2026-08-20 01:44:32.806042: 
2026-08-20 01:44:32.806268: Epoch 302
2026-08-20 01:44:32.806344: Current learning rate: 0.00434
2026-08-20 01:45:14.027981: train_loss -0.6245
2026-08-20 01:45:14.028141: val_loss -0.6171
2026-08-20 01:45:14.028195: Pseudo dice [np.float32(0.8185)]
2026-08-20 01:45:14.028288: Epoch time: 41.22 s
2026-08-20 01:45:14.841326: 
2026-08-20 01:45:14.841557: Epoch 303
2026-08-20 01:45:14.841652: Current learning rate: 0.00432
2026-08-20 01:45:56.263446: train_loss -0.6337
2026-08-20 01:45:56.263646: val_loss -0.5738
2026-08-20 01:45:56.263705: Pseudo dice [np.float32(0.8115)]
2026-08-20 01:45:56.263768: Epoch time: 41.42 s
2026-08-20 01:45:57.641677: 
2026-08-20 01:45:57.641943: Epoch 304
2026-08-20 01:45:57.642025: Current learning rate: 0.0043
2026-08-20 01:46:38.984035: train_loss -0.6174
2026-08-20 01:46:38.984227: val_loss -0.5703
2026-08-20 01:46:38.984292: Pseudo dice [np.float32(0.8171)]
2026-08-20 01:46:38.984360: Epoch time: 41.34 s
2026-08-20 01:46:39.802150: 
2026-08-20 01:46:39.802405: Epoch 305
2026-08-20 01:46:39.802479: Current learning rate: 0.00429
2026-08-20 01:47:21.142927: train_loss -0.6434
2026-08-20 01:47:21.143137: val_loss -0.5989
2026-08-20 01:47:21.143191: Pseudo dice [np.float32(0.8039)]
2026-08-20 01:47:21.143260: Epoch time: 41.34 s
2026-08-20 01:47:21.966139: 
2026-08-20 01:47:21.966410: Epoch 306
2026-08-20 01:47:21.966490: Current learning rate: 0.00427
2026-08-20 01:48:03.189091: train_loss -0.6042
2026-08-20 01:48:03.189266: val_loss -0.6094
2026-08-20 01:48:03.189319: Pseudo dice [np.float32(0.8294)]
2026-08-20 01:48:03.189380: Epoch time: 41.23 s
2026-08-20 01:48:04.012753: 
2026-08-20 01:48:04.012964: Epoch 307
2026-08-20 01:48:04.013040: Current learning rate: 0.00425
2026-08-20 01:48:45.253660: train_loss -0.6313
2026-08-20 01:48:45.253887: val_loss -0.5845
2026-08-20 01:48:45.253947: Pseudo dice [np.float32(0.8034)]
2026-08-20 01:48:45.254016: Epoch time: 41.24 s
2026-08-20 01:48:46.074011: 
2026-08-20 01:48:46.074187: Epoch 308
2026-08-20 01:48:46.074270: Current learning rate: 0.00423
2026-08-20 01:49:27.173016: train_loss -0.6251
2026-08-20 01:49:27.173230: val_loss -0.6271
2026-08-20 01:49:27.173290: Pseudo dice [np.float32(0.8277)]
2026-08-20 01:49:27.173361: Epoch time: 41.1 s
2026-08-20 01:49:27.173408: Yayy! New best EMA pseudo Dice: 0.8144999742507935
2026-08-20 01:49:30.392136: 
2026-08-20 01:49:30.392334: Epoch 309
2026-08-20 01:49:30.392431: Current learning rate: 0.00421
2026-08-20 01:50:11.462533: train_loss -0.6437
2026-08-20 01:50:11.462778: val_loss -0.6329
2026-08-20 01:50:11.462837: Pseudo dice [np.float32(0.833)]
2026-08-20 01:50:11.462914: Epoch time: 41.07 s
2026-08-20 01:50:12.383307: Yayy! New best EMA pseudo Dice: 0.8162999749183655
2026-08-20 01:50:14.846655: 
2026-08-20 01:50:14.846863: Epoch 310
2026-08-20 01:50:14.846941: Current learning rate: 0.00419
2026-08-20 01:50:55.803283: train_loss -0.6566
2026-08-20 01:50:55.803499: val_loss -0.5678
2026-08-20 01:50:55.803554: Pseudo dice [np.float32(0.7995)]
2026-08-20 01:50:55.803629: Epoch time: 40.96 s
2026-08-20 01:50:56.632919: 
2026-08-20 01:50:56.633122: Epoch 311
2026-08-20 01:50:56.633202: Current learning rate: 0.00417
2026-08-20 01:51:37.771744: train_loss -0.6459
2026-08-20 01:51:37.771971: val_loss -0.619
2026-08-20 01:51:37.772031: Pseudo dice [np.float32(0.7901)]
2026-08-20 01:51:37.772103: Epoch time: 41.14 s
2026-08-20 01:51:38.596614: 
2026-08-20 01:51:38.596843: Epoch 312
2026-08-20 01:51:38.596935: Current learning rate: 0.00415
2026-08-20 01:52:20.013591: train_loss -0.6263
2026-08-20 01:52:20.013798: val_loss -0.578
2026-08-20 01:52:20.013851: Pseudo dice [np.float32(0.8296)]
2026-08-20 01:52:20.013926: Epoch time: 41.42 s
2026-08-20 01:52:20.837645: 
2026-08-20 01:52:20.837823: Epoch 313
2026-08-20 01:52:20.837910: Current learning rate: 0.00413
2026-08-20 01:53:01.934817: train_loss -0.6489
2026-08-20 01:53:01.934999: val_loss -0.6262
2026-08-20 01:53:01.935055: Pseudo dice [np.float32(0.7984)]
2026-08-20 01:53:01.935130: Epoch time: 41.1 s
2026-08-20 01:53:02.753695: 
2026-08-20 01:53:02.753883: Epoch 314
2026-08-20 01:53:02.753959: Current learning rate: 0.00411
2026-08-20 01:53:44.110263: train_loss -0.6323
2026-08-20 01:53:44.110438: val_loss -0.5966
2026-08-20 01:53:44.110495: Pseudo dice [np.float32(0.7819)]
2026-08-20 01:53:44.110559: Epoch time: 41.36 s
2026-08-20 01:53:44.934360: 
2026-08-20 01:53:44.934595: Epoch 315
2026-08-20 01:53:44.934672: Current learning rate: 0.00409
2026-08-20 01:54:26.307442: train_loss -0.6481
2026-08-20 01:54:26.307607: val_loss -0.6303
2026-08-20 01:54:26.307663: Pseudo dice [np.float32(0.8405)]
2026-08-20 01:54:26.307726: Epoch time: 41.38 s
2026-08-20 01:54:27.132273: 
2026-08-20 01:54:27.132467: Epoch 316
2026-08-20 01:54:27.132541: Current learning rate: 0.00407
2026-08-20 01:55:08.463652: train_loss -0.6041
2026-08-20 01:55:08.463816: val_loss -0.6295
2026-08-20 01:55:08.463881: Pseudo dice [np.float32(0.823)]
2026-08-20 01:55:08.463943: Epoch time: 41.33 s
2026-08-20 01:55:09.287816: 
2026-08-20 01:55:09.288089: Epoch 317
2026-08-20 01:55:09.288167: Current learning rate: 0.00405
2026-08-20 01:55:50.511747: train_loss -0.6144
2026-08-20 01:55:50.511964: val_loss -0.5938
2026-08-20 01:55:50.512041: Pseudo dice [np.float32(0.8193)]
2026-08-20 01:55:50.512110: Epoch time: 41.23 s
2026-08-20 01:55:51.332527: 
2026-08-20 01:55:51.332725: Epoch 318
2026-08-20 01:55:51.332802: Current learning rate: 0.00403
2026-08-20 01:56:32.691480: train_loss -0.6109
2026-08-20 01:56:32.691775: val_loss -0.6214
2026-08-20 01:56:32.691836: Pseudo dice [np.float32(0.8312)]
2026-08-20 01:56:32.691919: Epoch time: 41.36 s
2026-08-20 01:56:33.519288: 
2026-08-20 01:56:33.519510: Epoch 319
2026-08-20 01:56:33.519589: Current learning rate: 0.00401
2026-08-20 01:57:14.780869: train_loss -0.6407
2026-08-20 01:57:14.781044: val_loss -0.5998
2026-08-20 01:57:14.781099: Pseudo dice [np.float32(0.8192)]
2026-08-20 01:57:14.781165: Epoch time: 41.26 s
2026-08-20 01:57:17.706818: 
2026-08-20 01:57:17.707054: Epoch 320
2026-08-20 01:57:17.707150: Current learning rate: 0.00399
2026-08-20 01:57:59.055174: train_loss -0.6337
2026-08-20 01:57:59.055395: val_loss -0.5813
2026-08-20 01:57:59.055517: Pseudo dice [np.float32(0.8244)]
2026-08-20 01:57:59.055596: Epoch time: 41.35 s
2026-08-20 01:57:59.055648: Yayy! New best EMA pseudo Dice: 0.8169999718666077
2026-08-20 01:58:02.081486: 
2026-08-20 01:58:02.081745: Epoch 321
2026-08-20 01:58:02.081846: Current learning rate: 0.00397
2026-08-20 01:58:43.351386: train_loss -0.6276
2026-08-20 01:58:43.351631: val_loss -0.5915
2026-08-20 01:58:43.351687: Pseudo dice [np.float32(0.8061)]
2026-08-20 01:58:43.351754: Epoch time: 41.27 s
2026-08-20 01:58:44.165770: 
2026-08-20 01:58:44.165977: Epoch 322
2026-08-20 01:58:44.166052: Current learning rate: 0.00395
2026-08-20 01:59:25.452687: train_loss -0.6312
2026-08-20 01:59:25.452929: val_loss -0.5869
2026-08-20 01:59:25.452993: Pseudo dice [np.float32(0.8238)]
2026-08-20 01:59:25.453410: Epoch time: 41.29 s
2026-08-20 01:59:26.277429: 
2026-08-20 01:59:26.277697: Epoch 323
2026-08-20 01:59:26.277773: Current learning rate: 0.00393
2026-08-20 02:00:07.528885: train_loss -0.6192
2026-08-20 02:00:07.529077: val_loss -0.5854
2026-08-20 02:00:07.529129: Pseudo dice [np.float32(0.7823)]
2026-08-20 02:00:07.529190: Epoch time: 41.25 s
2026-08-20 02:00:08.349244: 
2026-08-20 02:00:08.349488: Epoch 324
2026-08-20 02:00:08.349570: Current learning rate: 0.00391
2026-08-20 02:00:49.627786: train_loss -0.6189
2026-08-20 02:00:49.627985: val_loss -0.5879
2026-08-20 02:00:49.628041: Pseudo dice [np.float32(0.8101)]
2026-08-20 02:00:49.628104: Epoch time: 41.28 s
2026-08-20 02:00:50.449234: 
2026-08-20 02:00:50.449441: Epoch 325
2026-08-20 02:00:50.449518: Current learning rate: 0.00389
2026-08-20 02:01:31.705060: train_loss -0.6448
2026-08-20 02:01:31.705250: val_loss -0.5982
2026-08-20 02:01:31.705308: Pseudo dice [np.float32(0.8158)]
2026-08-20 02:01:31.705392: Epoch time: 41.26 s
2026-08-20 02:01:32.529949: 
2026-08-20 02:01:32.530203: Epoch 326
2026-08-20 02:01:32.530279: Current learning rate: 0.00387
2026-08-20 02:02:13.777385: train_loss -0.6099
2026-08-20 02:02:13.777567: val_loss -0.5805
2026-08-20 02:02:13.777625: Pseudo dice [np.float32(0.8158)]
2026-08-20 02:02:13.777688: Epoch time: 41.25 s
2026-08-20 02:02:14.600452: 
2026-08-20 02:02:14.600671: Epoch 327
2026-08-20 02:02:14.600746: Current learning rate: 0.00385
2026-08-20 02:02:55.935632: train_loss -0.6237
2026-08-20 02:02:55.935849: val_loss -0.6231
2026-08-20 02:02:55.935915: Pseudo dice [np.float32(0.801)]
2026-08-20 02:02:55.935981: Epoch time: 41.34 s
2026-08-20 02:02:56.756161: 
2026-08-20 02:02:56.756387: Epoch 328
2026-08-20 02:02:56.756463: Current learning rate: 0.00383
2026-08-20 02:03:38.123750: train_loss -0.6361
2026-08-20 02:03:38.123944: val_loss -0.5819
2026-08-20 02:03:38.124001: Pseudo dice [np.float32(0.8297)]
2026-08-20 02:03:38.124063: Epoch time: 41.37 s
2026-08-20 02:03:38.957226: 
2026-08-20 02:03:38.957435: Epoch 329
2026-08-20 02:03:38.957523: Current learning rate: 0.00381
2026-08-20 02:04:20.240676: train_loss -0.6269
2026-08-20 02:04:20.240880: val_loss -0.5926
2026-08-20 02:04:20.240942: Pseudo dice [np.float32(0.8136)]
2026-08-20 02:04:20.241008: Epoch time: 41.29 s
2026-08-20 02:04:21.959052: 
2026-08-20 02:04:21.959301: Epoch 330
2026-08-20 02:04:21.959393: Current learning rate: 0.00379
2026-08-20 02:05:03.297869: train_loss -0.6361
2026-08-20 02:05:03.298056: val_loss -0.6196
2026-08-20 02:05:03.298118: Pseudo dice [np.float32(0.8116)]
2026-08-20 02:05:03.298186: Epoch time: 41.34 s
2026-08-20 02:05:04.121275: 
2026-08-20 02:05:04.121561: Epoch 331
2026-08-20 02:05:04.121636: Current learning rate: 0.00377
2026-08-20 02:05:45.352725: train_loss -0.6324
2026-08-20 02:05:45.352931: val_loss -0.5853
2026-08-20 02:05:45.352993: Pseudo dice [np.float32(0.8217)]
2026-08-20 02:05:45.353069: Epoch time: 41.23 s
2026-08-20 02:05:46.176821: 
2026-08-20 02:05:46.177009: Epoch 332
2026-08-20 02:05:46.177085: Current learning rate: 0.00375
2026-08-20 02:06:27.579513: train_loss -0.6205
2026-08-20 02:06:27.579734: val_loss -0.6144
2026-08-20 02:06:27.579788: Pseudo dice [np.float32(0.8103)]
2026-08-20 02:06:27.579862: Epoch time: 41.41 s
2026-08-20 02:06:28.399159: 
2026-08-20 02:06:28.399365: Epoch 333
2026-08-20 02:06:28.399440: Current learning rate: 0.00373
2026-08-20 02:07:09.703238: train_loss -0.6491
2026-08-20 02:07:09.703411: val_loss -0.5354
2026-08-20 02:07:09.703467: Pseudo dice [np.float32(0.7924)]
2026-08-20 02:07:09.703533: Epoch time: 41.31 s
2026-08-20 02:07:10.524199: 
2026-08-20 02:07:10.524443: Epoch 334
2026-08-20 02:07:10.524533: Current learning rate: 0.00371
2026-08-20 02:07:51.859238: train_loss -0.6471
2026-08-20 02:07:51.859438: val_loss -0.5769
2026-08-20 02:07:51.859498: Pseudo dice [np.float32(0.7985)]
2026-08-20 02:07:51.859569: Epoch time: 41.34 s
2026-08-20 02:07:52.682794: 
2026-08-20 02:07:52.683012: Epoch 335
2026-08-20 02:07:52.683101: Current learning rate: 0.00369
2026-08-20 02:08:33.868539: train_loss -0.6171
2026-08-20 02:08:33.868734: val_loss -0.5989
2026-08-20 02:08:33.868791: Pseudo dice [np.float32(0.8228)]
2026-08-20 02:08:33.868865: Epoch time: 41.19 s
2026-08-20 02:08:34.693654: 
2026-08-20 02:08:34.693884: Epoch 336
2026-08-20 02:08:34.693975: Current learning rate: 0.00367
2026-08-20 02:09:15.925627: train_loss -0.6351
2026-08-20 02:09:15.925819: val_loss -0.6286
2026-08-20 02:09:15.925880: Pseudo dice [np.float32(0.8227)]
2026-08-20 02:09:15.925948: Epoch time: 41.23 s
2026-08-20 02:09:16.751203: 
2026-08-20 02:09:16.751442: Epoch 337
2026-08-20 02:09:16.751517: Current learning rate: 0.00365
2026-08-20 02:09:57.831067: train_loss -0.6421
2026-08-20 02:09:57.831282: val_loss -0.6127
2026-08-20 02:09:57.831341: Pseudo dice [np.float32(0.8248)]
2026-08-20 02:09:57.831408: Epoch time: 41.08 s
2026-08-20 02:09:58.656526: 
2026-08-20 02:09:58.656743: Epoch 338
2026-08-20 02:09:58.656822: Current learning rate: 0.00363
2026-08-20 02:10:39.979766: train_loss -0.6375
2026-08-20 02:10:39.979968: val_loss -0.6135
2026-08-20 02:10:39.980028: Pseudo dice [np.float32(0.8144)]
2026-08-20 02:10:39.980099: Epoch time: 41.33 s
2026-08-20 02:10:41.367927: 
2026-08-20 02:10:41.368124: Epoch 339
2026-08-20 02:10:41.368198: Current learning rate: 0.00361
2026-08-20 02:11:22.511045: train_loss -0.6543
2026-08-20 02:11:22.511458: val_loss -0.6474
2026-08-20 02:11:22.511525: Pseudo dice [np.float32(0.8558)]
2026-08-20 02:11:22.511602: Epoch time: 41.15 s
2026-08-20 02:11:23.477671: Yayy! New best EMA pseudo Dice: 0.8183000087738037
2026-08-20 02:11:26.289141: 
2026-08-20 02:11:26.289418: Epoch 340
2026-08-20 02:11:26.289495: Current learning rate: 0.00359
2026-08-20 02:12:07.458264: train_loss -0.6431
2026-08-20 02:12:07.458467: val_loss -0.6289
2026-08-20 02:12:07.458531: Pseudo dice [np.float32(0.822)]
2026-08-20 02:12:07.458601: Epoch time: 41.17 s
2026-08-20 02:12:07.458651: Yayy! New best EMA pseudo Dice: 0.8185999989509583
2026-08-20 02:12:09.232839: 
2026-08-20 02:12:09.233046: Epoch 341
2026-08-20 02:12:09.233129: Current learning rate: 0.00357
2026-08-20 02:12:50.458041: train_loss -0.6455
2026-08-20 02:12:50.458305: val_loss -0.6089
2026-08-20 02:12:50.458368: Pseudo dice [np.float32(0.8221)]
2026-08-20 02:12:50.458431: Epoch time: 41.23 s
2026-08-20 02:12:50.458477: Yayy! New best EMA pseudo Dice: 0.8190000057220459
2026-08-20 02:12:53.038459: 
2026-08-20 02:12:53.038644: Epoch 342
2026-08-20 02:12:53.038728: Current learning rate: 0.00355
2026-08-20 02:13:34.366278: train_loss -0.6478
2026-08-20 02:13:34.366450: val_loss -0.5875
2026-08-20 02:13:34.366508: Pseudo dice [np.float32(0.8036)]
2026-08-20 02:13:34.366573: Epoch time: 41.33 s
2026-08-20 02:13:35.194841: 
2026-08-20 02:13:35.195100: Epoch 343
2026-08-20 02:13:35.195181: Current learning rate: 0.00353
2026-08-20 02:14:16.566622: train_loss -0.6497
2026-08-20 02:14:16.566791: val_loss -0.581
2026-08-20 02:14:16.566845: Pseudo dice [np.float32(0.7848)]
2026-08-20 02:14:16.566911: Epoch time: 41.37 s
2026-08-20 02:14:17.395557: 
2026-08-20 02:14:17.395817: Epoch 344
2026-08-20 02:14:17.395905: Current learning rate: 0.00351
2026-08-20 02:14:58.752479: train_loss -0.6413
2026-08-20 02:14:58.752653: val_loss -0.6441
2026-08-20 02:14:58.752708: Pseudo dice [np.float32(0.8205)]
2026-08-20 02:14:58.752772: Epoch time: 41.36 s
2026-08-20 02:14:59.583454: 
2026-08-20 02:14:59.583696: Epoch 345
2026-08-20 02:14:59.583791: Current learning rate: 0.00349
2026-08-20 02:15:40.880336: train_loss -0.6346
2026-08-20 02:15:40.880505: val_loss -0.588
2026-08-20 02:15:40.880563: Pseudo dice [np.float32(0.7987)]
2026-08-20 02:15:40.880623: Epoch time: 41.3 s
2026-08-20 02:15:41.709385: 
2026-08-20 02:15:41.709659: Epoch 346
2026-08-20 02:15:41.709738: Current learning rate: 0.00346
2026-08-20 02:16:23.027137: train_loss -0.6494
2026-08-20 02:16:23.027322: val_loss -0.5957
2026-08-20 02:16:23.027382: Pseudo dice [np.float32(0.8062)]
2026-08-20 02:16:23.027443: Epoch time: 41.32 s
2026-08-20 02:16:23.861785: 
2026-08-20 02:16:23.862099: Epoch 347
2026-08-20 02:16:23.862177: Current learning rate: 0.00344
2026-08-20 02:17:05.137808: train_loss -0.6448
2026-08-20 02:17:05.138006: val_loss -0.5635
2026-08-20 02:17:05.138063: Pseudo dice [np.float32(0.7979)]
2026-08-20 02:17:05.138123: Epoch time: 41.28 s
2026-08-20 02:17:05.966547: 
2026-08-20 02:17:05.966816: Epoch 348
2026-08-20 02:17:05.966908: Current learning rate: 0.00342
2026-08-20 02:17:47.183259: train_loss -0.6341
2026-08-20 02:17:47.183469: val_loss -0.611
2026-08-20 02:17:47.183527: Pseudo dice [np.float32(0.854)]
2026-08-20 02:17:47.183601: Epoch time: 41.22 s
2026-08-20 02:17:48.008556: 
2026-08-20 02:17:48.008749: Epoch 349
2026-08-20 02:17:48.008823: Current learning rate: 0.0034
2026-08-20 02:18:29.312185: train_loss -0.6602
2026-08-20 02:18:29.312369: val_loss -0.6183
2026-08-20 02:18:29.312436: Pseudo dice [np.float32(0.8445)]
2026-08-20 02:18:29.312500: Epoch time: 41.31 s
2026-08-20 02:18:31.992021: 
2026-08-20 02:18:31.992223: Epoch 350
2026-08-20 02:18:31.992333: Current learning rate: 0.00338
2026-08-20 02:19:13.409539: train_loss -0.6538
2026-08-20 02:19:13.409729: val_loss -0.6261
2026-08-20 02:19:13.409787: Pseudo dice [np.float32(0.8174)]
2026-08-20 02:19:13.409865: Epoch time: 41.42 s
2026-08-20 02:19:14.236299: 
2026-08-20 02:19:14.236494: Epoch 351
2026-08-20 02:19:14.236570: Current learning rate: 0.00336
2026-08-20 02:19:55.588368: train_loss -0.636
2026-08-20 02:19:55.588557: val_loss -0.6261
2026-08-20 02:19:55.588620: Pseudo dice [np.float32(0.789)]
2026-08-20 02:19:55.588691: Epoch time: 41.35 s
2026-08-20 02:19:56.415638: 
2026-08-20 02:19:56.415835: Epoch 352
2026-08-20 02:19:56.415921: Current learning rate: 0.00334
2026-08-20 02:20:37.742455: train_loss -0.6491
2026-08-20 02:20:37.742647: val_loss -0.6608
2026-08-20 02:20:37.742704: Pseudo dice [np.float32(0.855)]
2026-08-20 02:20:37.742772: Epoch time: 41.33 s
2026-08-20 02:20:37.742817: Yayy! New best EMA pseudo Dice: 0.8191999793052673
2026-08-20 02:20:40.500794: 
2026-08-20 02:20:40.500986: Epoch 353
2026-08-20 02:20:40.501069: Current learning rate: 0.00332
2026-08-20 02:21:21.738305: train_loss -0.6548
2026-08-20 02:21:21.738525: val_loss -0.6299
2026-08-20 02:21:21.738586: Pseudo dice [np.float32(0.8292)]
2026-08-20 02:21:21.738660: Epoch time: 41.24 s
2026-08-20 02:21:21.738704: Yayy! New best EMA pseudo Dice: 0.8202000260353088
2026-08-20 02:21:24.839354: 
2026-08-20 02:21:24.839602: Epoch 354
2026-08-20 02:21:24.839696: Current learning rate: 0.0033
2026-08-20 02:22:06.184874: train_loss -0.6523
2026-08-20 02:22:06.185062: val_loss -0.5782
2026-08-20 02:22:06.185123: Pseudo dice [np.float32(0.7989)]
2026-08-20 02:22:06.185191: Epoch time: 41.35 s
2026-08-20 02:22:07.014130: 
2026-08-20 02:22:07.014415: Epoch 355
2026-08-20 02:22:07.014497: Current learning rate: 0.00328
2026-08-20 02:22:48.454720: train_loss -0.6496
2026-08-20 02:22:48.454893: val_loss -0.5896
2026-08-20 02:22:48.454946: Pseudo dice [np.float32(0.7973)]
2026-08-20 02:22:48.455009: Epoch time: 41.44 s
2026-08-20 02:22:49.287697: 
2026-08-20 02:22:49.287919: Epoch 356
2026-08-20 02:22:49.288001: Current learning rate: 0.00326
2026-08-20 02:23:30.658273: train_loss -0.6412
2026-08-20 02:23:30.658513: val_loss -0.6182
2026-08-20 02:23:30.658576: Pseudo dice [np.float32(0.8072)]
2026-08-20 02:23:30.658650: Epoch time: 41.37 s
2026-08-20 02:23:31.492283: 
2026-08-20 02:23:31.492519: Epoch 357
2026-08-20 02:23:31.492599: Current learning rate: 0.00324
2026-08-20 02:24:12.793560: train_loss -0.6383
2026-08-20 02:24:12.793727: val_loss -0.6018
2026-08-20 02:24:12.793781: Pseudo dice [np.float32(0.8002)]
2026-08-20 02:24:12.793845: Epoch time: 41.3 s
2026-08-20 02:24:13.627086: 
2026-08-20 02:24:13.627383: Epoch 358
2026-08-20 02:24:13.627496: Current learning rate: 0.00322
2026-08-20 02:24:54.960971: train_loss -0.6245
2026-08-20 02:24:54.961137: val_loss -0.6233
2026-08-20 02:24:54.961195: Pseudo dice [np.float32(0.816)]
2026-08-20 02:24:54.961257: Epoch time: 41.34 s
2026-08-20 02:24:55.791011: 
2026-08-20 02:24:55.791278: Epoch 359
2026-08-20 02:24:55.791356: Current learning rate: 0.0032
2026-08-20 02:25:37.154835: train_loss -0.6264
2026-08-20 02:25:37.155021: val_loss -0.6329
2026-08-20 02:25:37.155078: Pseudo dice [np.float32(0.8225)]
2026-08-20 02:25:37.155141: Epoch time: 41.37 s
2026-08-20 02:25:39.237203: 
2026-08-20 02:25:39.237453: Epoch 360
2026-08-20 02:25:39.237535: Current learning rate: 0.00318
2026-08-20 02:26:20.577169: train_loss -0.663
2026-08-20 02:26:20.577376: val_loss -0.604
2026-08-20 02:26:20.577430: Pseudo dice [np.float32(0.816)]
2026-08-20 02:26:20.577501: Epoch time: 41.34 s
2026-08-20 02:26:21.415971: 
2026-08-20 02:26:21.416192: Epoch 361
2026-08-20 02:26:21.416283: Current learning rate: 0.00316
2026-08-20 02:27:02.843527: train_loss -0.6311
2026-08-20 02:27:02.843725: val_loss -0.5945
2026-08-20 02:27:02.843781: Pseudo dice [np.float32(0.7804)]
2026-08-20 02:27:02.843846: Epoch time: 41.43 s
2026-08-20 02:27:03.680116: 
2026-08-20 02:27:03.680313: Epoch 362
2026-08-20 02:27:03.680394: Current learning rate: 0.00314
2026-08-20 02:27:44.953464: train_loss -0.6274
2026-08-20 02:27:44.953641: val_loss -0.5799
2026-08-20 02:27:44.953701: Pseudo dice [np.float32(0.8144)]
2026-08-20 02:27:44.953773: Epoch time: 41.28 s
2026-08-20 02:27:45.788404: 
2026-08-20 02:27:45.788609: Epoch 363
2026-08-20 02:27:45.788689: Current learning rate: 0.00312
2026-08-20 02:28:27.077821: train_loss -0.6359
2026-08-20 02:28:27.078031: val_loss -0.5773
2026-08-20 02:28:27.078087: Pseudo dice [np.float32(0.8158)]
2026-08-20 02:28:27.078156: Epoch time: 41.29 s
2026-08-20 02:28:27.912624: 
2026-08-20 02:28:27.912805: Epoch 364
2026-08-20 02:28:27.912890: Current learning rate: 0.0031
2026-08-20 02:29:09.183875: train_loss -0.6575
2026-08-20 02:29:09.184078: val_loss -0.5557
2026-08-20 02:29:09.184139: Pseudo dice [np.float32(0.803)]
2026-08-20 02:29:09.184214: Epoch time: 41.27 s
2026-08-20 02:29:10.016420: 
2026-08-20 02:29:10.016599: Epoch 365
2026-08-20 02:29:10.016677: Current learning rate: 0.00308
2026-08-20 02:29:51.340289: train_loss -0.6481
2026-08-20 02:29:51.340499: val_loss -0.6088
2026-08-20 02:29:51.340557: Pseudo dice [np.float32(0.8047)]
2026-08-20 02:29:51.340626: Epoch time: 41.33 s
2026-08-20 02:29:52.173842: 
2026-08-20 02:29:52.174028: Epoch 366
2026-08-20 02:29:52.174103: Current learning rate: 0.00306
2026-08-20 02:30:33.458612: train_loss -0.6777
2026-08-20 02:30:33.458805: val_loss -0.6092
2026-08-20 02:30:33.458875: Pseudo dice [np.float32(0.8268)]
2026-08-20 02:30:33.458937: Epoch time: 41.29 s
2026-08-20 02:30:34.298139: 
2026-08-20 02:30:34.298360: Epoch 367
2026-08-20 02:30:34.298438: Current learning rate: 0.00304
2026-08-20 02:31:15.672829: train_loss -0.6598
2026-08-20 02:31:15.672999: val_loss -0.6075
2026-08-20 02:31:15.673055: Pseudo dice [np.float32(0.8165)]
2026-08-20 02:31:15.673115: Epoch time: 41.38 s
2026-08-20 02:31:16.501204: 
2026-08-20 02:31:16.501416: Epoch 368
2026-08-20 02:31:16.501499: Current learning rate: 0.00302
2026-08-20 02:31:57.781933: train_loss -0.6505
2026-08-20 02:31:57.782104: val_loss -0.5836
2026-08-20 02:31:57.782160: Pseudo dice [np.float32(0.8206)]
2026-08-20 02:31:57.782222: Epoch time: 41.28 s
2026-08-20 02:31:58.612462: 
2026-08-20 02:31:58.612640: Epoch 369
2026-08-20 02:31:58.612720: Current learning rate: 0.003
2026-08-20 02:32:39.939047: train_loss -0.6444
2026-08-20 02:32:39.939224: val_loss -0.625
2026-08-20 02:32:39.939277: Pseudo dice [np.float32(0.8273)]
2026-08-20 02:32:39.939339: Epoch time: 41.33 s
2026-08-20 02:32:42.617593: 
2026-08-20 02:32:42.617814: Epoch 370
2026-08-20 02:32:42.617916: Current learning rate: 0.00297
2026-08-20 02:33:23.951300: train_loss -0.6562
2026-08-20 02:33:23.951514: val_loss -0.59
2026-08-20 02:33:23.951568: Pseudo dice [np.float32(0.8281)]
2026-08-20 02:33:23.951640: Epoch time: 41.34 s
2026-08-20 02:33:25.363463: 
2026-08-20 02:33:25.363683: Epoch 371
2026-08-20 02:33:25.363766: Current learning rate: 0.00295
2026-08-20 02:34:06.867086: train_loss -0.6631
2026-08-20 02:34:06.867292: val_loss -0.5909
2026-08-20 02:34:06.867643: Pseudo dice [np.float32(0.8294)]
2026-08-20 02:34:06.867719: Epoch time: 41.51 s
2026-08-20 02:34:07.693647: 
2026-08-20 02:34:07.693868: Epoch 372
2026-08-20 02:34:07.693950: Current learning rate: 0.00293
2026-08-20 02:34:48.982657: train_loss -0.6577
2026-08-20 02:34:48.982872: val_loss -0.548
2026-08-20 02:34:48.982931: Pseudo dice [np.float32(0.7873)]
2026-08-20 02:34:48.983004: Epoch time: 41.29 s
2026-08-20 02:34:49.844148: 
2026-08-20 02:34:49.844357: Epoch 373
2026-08-20 02:34:49.844447: Current learning rate: 0.00291
2026-08-20 02:35:31.240646: train_loss -0.6596
2026-08-20 02:35:31.240844: val_loss -0.6168
2026-08-20 02:35:31.240911: Pseudo dice [np.float32(0.8377)]
2026-08-20 02:35:31.240993: Epoch time: 41.4 s
2026-08-20 02:35:32.079019: 
2026-08-20 02:35:32.079277: Epoch 374
2026-08-20 02:35:32.079353: Current learning rate: 0.00289
2026-08-20 02:36:13.477475: train_loss -0.6412
2026-08-20 02:36:13.477706: val_loss -0.6497
2026-08-20 02:36:13.477811: Pseudo dice [np.float32(0.8342)]
2026-08-20 02:36:13.477889: Epoch time: 41.4 s
2026-08-20 02:36:14.310051: 
2026-08-20 02:36:14.310245: Epoch 375
2026-08-20 02:36:14.310320: Current learning rate: 0.00287
2026-08-20 02:36:55.653359: train_loss -0.6509
2026-08-20 02:36:55.653525: val_loss -0.6255
2026-08-20 02:36:55.653578: Pseudo dice [np.float32(0.821)]
2026-08-20 02:36:55.653639: Epoch time: 41.35 s
2026-08-20 02:36:56.490103: 
2026-08-20 02:36:56.490289: Epoch 376
2026-08-20 02:36:56.490367: Current learning rate: 0.00285
2026-08-20 02:37:37.969424: train_loss -0.6437
2026-08-20 02:37:37.969594: val_loss -0.6238
2026-08-20 02:37:37.969670: Pseudo dice [np.float32(0.8193)]
2026-08-20 02:37:37.969734: Epoch time: 41.48 s
2026-08-20 02:37:38.800050: 
2026-08-20 02:37:38.800231: Epoch 377
2026-08-20 02:37:38.800305: Current learning rate: 0.00283
2026-08-20 02:38:20.139019: train_loss -0.6642
2026-08-20 02:38:20.139190: val_loss -0.5835
2026-08-20 02:38:20.139292: Pseudo dice [np.float32(0.7741)]
2026-08-20 02:38:20.139355: Epoch time: 41.34 s
2026-08-20 02:38:20.978264: 
2026-08-20 02:38:20.978501: Epoch 378
2026-08-20 02:38:20.978585: Current learning rate: 0.00281
2026-08-20 02:39:02.237195: train_loss -0.6507
2026-08-20 02:39:02.237368: val_loss -0.5549
2026-08-20 02:39:02.237425: Pseudo dice [np.float32(0.8055)]
2026-08-20 02:39:02.237485: Epoch time: 41.26 s
2026-08-20 02:39:03.072764: 
2026-08-20 02:39:03.072949: Epoch 379
2026-08-20 02:39:03.073024: Current learning rate: 0.00279
2026-08-20 02:39:44.238219: train_loss -0.6477
2026-08-20 02:39:44.238396: val_loss -0.5826
2026-08-20 02:39:44.238450: Pseudo dice [np.float32(0.8301)]
2026-08-20 02:39:44.238511: Epoch time: 41.17 s
2026-08-20 02:39:47.002950: 
2026-08-20 02:39:47.003167: Epoch 380
2026-08-20 02:39:47.003265: Current learning rate: 0.00277
2026-08-20 02:40:28.341792: train_loss -0.6747
2026-08-20 02:40:28.342038: val_loss -0.6373
2026-08-20 02:40:28.342128: Pseudo dice [np.float32(0.8156)]
2026-08-20 02:40:28.342208: Epoch time: 41.34 s
2026-08-20 02:40:29.187270: 
2026-08-20 02:40:29.187466: Epoch 381
2026-08-20 02:40:29.187545: Current learning rate: 0.00275
2026-08-20 02:41:10.617651: train_loss -0.6363
2026-08-20 02:41:10.617837: val_loss -0.609
2026-08-20 02:41:10.617900: Pseudo dice [np.float32(0.8223)]
2026-08-20 02:41:10.617969: Epoch time: 41.43 s
2026-08-20 02:41:11.463489: 
2026-08-20 02:41:11.463706: Epoch 382
2026-08-20 02:41:11.463798: Current learning rate: 0.00273
2026-08-20 02:41:52.688420: train_loss -0.6514
2026-08-20 02:41:52.688672: val_loss -0.5576
2026-08-20 02:41:52.688733: Pseudo dice [np.float32(0.825)]
2026-08-20 02:41:52.688801: Epoch time: 41.23 s
2026-08-20 02:41:53.530435: 
2026-08-20 02:41:53.530616: Epoch 383
2026-08-20 02:41:53.530695: Current learning rate: 0.00271
2026-08-20 02:42:34.719049: train_loss -0.6628
2026-08-20 02:42:34.719265: val_loss -0.6396
2026-08-20 02:42:34.719320: Pseudo dice [np.float32(0.8202)]
2026-08-20 02:42:34.719389: Epoch time: 41.19 s
2026-08-20 02:42:35.558712: 
2026-08-20 02:42:35.558906: Epoch 384
2026-08-20 02:42:35.558990: Current learning rate: 0.00268
2026-08-20 02:43:16.992991: train_loss -0.6428
2026-08-20 02:43:16.993192: val_loss -0.5617
2026-08-20 02:43:16.993248: Pseudo dice [np.float32(0.8098)]
2026-08-20 02:43:16.993315: Epoch time: 41.44 s
2026-08-20 02:43:17.829481: 
2026-08-20 02:43:17.829684: Epoch 385
2026-08-20 02:43:17.829759: Current learning rate: 0.00266
2026-08-20 02:43:59.107623: train_loss -0.6554
2026-08-20 02:43:59.107834: val_loss -0.6328
2026-08-20 02:43:59.107897: Pseudo dice [np.float32(0.832)]
2026-08-20 02:43:59.107967: Epoch time: 41.28 s
2026-08-20 02:43:59.950711: 
2026-08-20 02:43:59.950982: Epoch 386
2026-08-20 02:43:59.951058: Current learning rate: 0.00264
2026-08-20 02:44:41.428424: train_loss -0.6769
2026-08-20 02:44:41.428624: val_loss -0.5919
2026-08-20 02:44:41.428681: Pseudo dice [np.float32(0.7917)]
2026-08-20 02:44:41.428748: Epoch time: 41.48 s
2026-08-20 02:44:42.270625: 
2026-08-20 02:44:42.270868: Epoch 387
2026-08-20 02:44:42.270946: Current learning rate: 0.00262
2026-08-20 02:45:23.603476: train_loss -0.6619
2026-08-20 02:45:23.603686: val_loss -0.5702
2026-08-20 02:45:23.603748: Pseudo dice [np.float32(0.8031)]
2026-08-20 02:45:23.603820: Epoch time: 41.34 s
2026-08-20 02:45:24.998582: 
2026-08-20 02:45:24.998756: Epoch 388
2026-08-20 02:45:24.998841: Current learning rate: 0.0026
2026-08-20 02:46:06.356760: train_loss -0.6709
2026-08-20 02:46:06.356977: val_loss -0.596
2026-08-20 02:46:06.357035: Pseudo dice [np.float32(0.7976)]
2026-08-20 02:46:06.357106: Epoch time: 41.36 s
2026-08-20 02:46:07.200727: 
2026-08-20 02:46:07.200920: Epoch 389
2026-08-20 02:46:07.200997: Current learning rate: 0.00258
2026-08-20 02:46:48.611467: train_loss -0.6739
2026-08-20 02:46:48.611665: val_loss -0.6329
2026-08-20 02:46:48.611722: Pseudo dice [np.float32(0.8252)]
2026-08-20 02:46:48.611793: Epoch time: 41.41 s
2026-08-20 02:46:51.712619: 
2026-08-20 02:46:51.712831: Epoch 390
2026-08-20 02:46:51.712939: Current learning rate: 0.00256
2026-08-20 02:47:33.087461: train_loss -0.6772
2026-08-20 02:47:33.087627: val_loss -0.6197
2026-08-20 02:47:33.087682: Pseudo dice [np.float32(0.827)]
2026-08-20 02:47:33.087742: Epoch time: 41.38 s
2026-08-20 02:47:33.926763: 
2026-08-20 02:47:33.926965: Epoch 391
2026-08-20 02:47:33.927038: Current learning rate: 0.00254
2026-08-20 02:48:15.260895: train_loss -0.675
2026-08-20 02:48:15.261063: val_loss -0.6351
2026-08-20 02:48:15.261121: Pseudo dice [np.float32(0.8463)]
2026-08-20 02:48:15.261185: Epoch time: 41.34 s
2026-08-20 02:48:16.100662: 
2026-08-20 02:48:16.100890: Epoch 392
2026-08-20 02:48:16.100967: Current learning rate: 0.00252
2026-08-20 02:48:57.540164: train_loss -0.6609
2026-08-20 02:48:57.540337: val_loss -0.5486
2026-08-20 02:48:57.540398: Pseudo dice [np.float32(0.7967)]
2026-08-20 02:48:57.540462: Epoch time: 41.44 s
2026-08-20 02:48:58.381264: 
2026-08-20 02:48:58.381463: Epoch 393
2026-08-20 02:48:58.381537: Current learning rate: 0.0025
2026-08-20 02:49:39.842015: train_loss -0.6755
2026-08-20 02:49:39.842184: val_loss -0.6131
2026-08-20 02:49:39.842239: Pseudo dice [np.float32(0.7895)]
2026-08-20 02:49:39.842304: Epoch time: 41.46 s
2026-08-20 02:49:40.681310: 
2026-08-20 02:49:40.681488: Epoch 394
2026-08-20 02:49:40.681561: Current learning rate: 0.00248
2026-08-20 02:50:22.106643: train_loss -0.6707
2026-08-20 02:50:22.106859: val_loss -0.6179
2026-08-20 02:50:22.106917: Pseudo dice [np.float32(0.8233)]
2026-08-20 02:50:22.106982: Epoch time: 41.43 s
2026-08-20 02:50:22.947658: 
2026-08-20 02:50:22.947881: Epoch 395
2026-08-20 02:50:22.947968: Current learning rate: 0.00245
2026-08-20 02:51:04.313731: train_loss -0.6786
2026-08-20 02:51:04.313971: val_loss -0.6404
2026-08-20 02:51:04.314034: Pseudo dice [np.float32(0.8184)]
2026-08-20 02:51:04.314102: Epoch time: 41.37 s
2026-08-20 02:51:05.156007: 
2026-08-20 02:51:05.156183: Epoch 396
2026-08-20 02:51:05.156264: Current learning rate: 0.00243
2026-08-20 02:51:46.501583: train_loss -0.6841
2026-08-20 02:51:46.501786: val_loss -0.6475
2026-08-20 02:51:46.501841: Pseudo dice [np.float32(0.8369)]
2026-08-20 02:51:46.502249: Epoch time: 41.35 s
2026-08-20 02:51:47.348996: 
2026-08-20 02:51:47.349234: Epoch 397
2026-08-20 02:51:47.349322: Current learning rate: 0.00241
2026-08-20 02:52:28.806501: train_loss -0.6808
2026-08-20 02:52:28.806715: val_loss -0.6431
2026-08-20 02:52:28.806773: Pseudo dice [np.float32(0.8625)]
2026-08-20 02:52:28.806841: Epoch time: 41.46 s
2026-08-20 02:52:28.806894: Yayy! New best EMA pseudo Dice: 0.8215000033378601
2026-08-20 02:52:31.520036: 
2026-08-20 02:52:31.520260: Epoch 398
2026-08-20 02:52:31.520362: Current learning rate: 0.00239
2026-08-20 02:53:12.850037: train_loss -0.6712
2026-08-20 02:53:12.850229: val_loss -0.6261
2026-08-20 02:53:12.850288: Pseudo dice [np.float32(0.7921)]
2026-08-20 02:53:12.850360: Epoch time: 41.33 s
2026-08-20 02:53:13.691259: 
2026-08-20 02:53:13.691487: Epoch 399
2026-08-20 02:53:13.691625: Current learning rate: 0.00237
2026-08-20 02:53:55.004085: train_loss -0.6669
2026-08-20 02:53:55.004277: val_loss -0.6154
2026-08-20 02:53:55.004336: Pseudo dice [np.float32(0.833)]
2026-08-20 02:53:55.004399: Epoch time: 41.32 s
2026-08-20 02:53:56.813973: 
2026-08-20 02:53:56.814278: Epoch 400
2026-08-20 02:53:56.814365: Current learning rate: 0.00235
2026-08-20 02:54:38.106116: train_loss -0.6624
2026-08-20 02:54:38.106280: val_loss -0.6264
2026-08-20 02:54:38.106336: Pseudo dice [np.float32(0.8155)]
2026-08-20 02:54:38.106396: Epoch time: 41.29 s
2026-08-20 02:54:38.946291: 
2026-08-20 02:54:38.946465: Epoch 401
2026-08-20 02:54:38.946546: Current learning rate: 0.00233
2026-08-20 02:55:20.356307: train_loss -0.6748
2026-08-20 02:55:20.356526: val_loss -0.553
2026-08-20 02:55:20.356587: Pseudo dice [np.float32(0.7977)]
2026-08-20 02:55:20.356656: Epoch time: 41.41 s
2026-08-20 02:55:21.198326: 
2026-08-20 02:55:21.198576: Epoch 402
2026-08-20 02:55:21.198650: Current learning rate: 0.00231
2026-08-20 02:56:02.560255: train_loss -0.6693
2026-08-20 02:56:02.560423: val_loss -0.6357
2026-08-20 02:56:02.560479: Pseudo dice [np.float32(0.8238)]
2026-08-20 02:56:02.560544: Epoch time: 41.36 s
2026-08-20 02:56:03.409140: 
2026-08-20 02:56:03.409349: Epoch 403
2026-08-20 02:56:03.409429: Current learning rate: 0.00229
2026-08-20 02:56:44.784699: train_loss -0.6542
2026-08-20 02:56:44.784907: val_loss -0.6303
2026-08-20 02:56:44.784964: Pseudo dice [np.float32(0.8362)]
2026-08-20 02:56:44.785033: Epoch time: 41.38 s
2026-08-20 02:56:46.186090: 
2026-08-20 02:56:46.186287: Epoch 404
2026-08-20 02:56:46.186370: Current learning rate: 0.00226
2026-08-20 02:57:27.510492: train_loss -0.6719
2026-08-20 02:57:27.510705: val_loss -0.6105
2026-08-20 02:57:27.510761: Pseudo dice [np.float32(0.8338)]
2026-08-20 02:57:27.510821: Epoch time: 41.33 s
2026-08-20 02:57:28.354403: 
2026-08-20 02:57:28.354592: Epoch 405
2026-08-20 02:57:28.354670: Current learning rate: 0.00224
2026-08-20 02:58:09.634988: train_loss -0.6713
2026-08-20 02:58:09.635220: val_loss -0.6139
2026-08-20 02:58:09.635304: Pseudo dice [np.float32(0.8405)]
2026-08-20 02:58:09.635372: Epoch time: 41.28 s
2026-08-20 02:58:09.635418: Yayy! New best EMA pseudo Dice: 0.823199987411499
2026-08-20 02:58:11.488842: 
2026-08-20 02:58:11.489059: Epoch 406
2026-08-20 02:58:11.489229: Current learning rate: 0.00222
2026-08-20 02:58:52.720946: train_loss -0.6803
2026-08-20 02:58:52.721154: val_loss -0.6618
2026-08-20 02:58:52.721215: Pseudo dice [np.float32(0.8582)]
2026-08-20 02:58:52.721284: Epoch time: 41.23 s
2026-08-20 02:58:52.721330: Yayy! New best EMA pseudo Dice: 0.82669997215271
2026-08-20 02:58:54.501289: 
2026-08-20 02:58:54.501488: Epoch 407
2026-08-20 02:58:54.501566: Current learning rate: 0.0022
2026-08-20 02:59:35.675231: train_loss -0.675
2026-08-20 02:59:35.675432: val_loss -0.6339
2026-08-20 02:59:35.675488: Pseudo dice [np.float32(0.8221)]
2026-08-20 02:59:35.675553: Epoch time: 41.18 s
2026-08-20 02:59:36.520494: 
2026-08-20 02:59:36.520708: Epoch 408
2026-08-20 02:59:36.520785: Current learning rate: 0.00218
2026-08-20 03:00:17.849109: train_loss -0.6717
2026-08-20 03:00:17.849312: val_loss -0.6315
2026-08-20 03:00:17.849370: Pseudo dice [np.float32(0.8033)]
2026-08-20 03:00:17.849438: Epoch time: 41.33 s
2026-08-20 03:00:18.692071: 
2026-08-20 03:00:18.692307: Epoch 409
2026-08-20 03:00:18.692406: Current learning rate: 0.00216
2026-08-20 03:00:59.862406: train_loss -0.68
2026-08-20 03:00:59.862609: val_loss -0.5746
2026-08-20 03:00:59.862667: Pseudo dice [np.float32(0.7949)]
2026-08-20 03:00:59.862736: Epoch time: 41.17 s
2026-08-20 03:01:01.623407: 
2026-08-20 03:01:01.623581: Epoch 410
2026-08-20 03:01:01.623657: Current learning rate: 0.00214
2026-08-20 03:01:42.966578: train_loss -0.6827
2026-08-20 03:01:42.966785: val_loss -0.6366
2026-08-20 03:01:42.966841: Pseudo dice [np.float32(0.8203)]
2026-08-20 03:01:42.966916: Epoch time: 41.35 s
2026-08-20 03:01:43.787086: 
2026-08-20 03:01:43.787349: Epoch 411
2026-08-20 03:01:43.787436: Current learning rate: 0.00212
2026-08-20 03:02:25.060877: train_loss -0.6801
2026-08-20 03:02:25.061069: val_loss -0.6095
2026-08-20 03:02:25.061129: Pseudo dice [np.float32(0.8131)]
2026-08-20 03:02:25.061203: Epoch time: 41.28 s
2026-08-20 03:02:25.876862: 
2026-08-20 03:02:25.877056: Epoch 412
2026-08-20 03:02:25.877133: Current learning rate: 0.00209
2026-08-20 03:03:07.279520: train_loss -0.6926
2026-08-20 03:03:07.279726: val_loss -0.5983
2026-08-20 03:03:07.279783: Pseudo dice [np.float32(0.8208)]
2026-08-20 03:03:07.279852: Epoch time: 41.41 s
2026-08-20 03:03:08.098238: 
2026-08-20 03:03:08.098456: Epoch 413
2026-08-20 03:03:08.098533: Current learning rate: 0.00207
2026-08-20 03:03:49.431484: train_loss -0.6701
2026-08-20 03:03:49.431686: val_loss -0.5894
2026-08-20 03:03:49.431743: Pseudo dice [np.float32(0.8044)]
2026-08-20 03:03:49.431815: Epoch time: 41.34 s
2026-08-20 03:03:50.262026: 
2026-08-20 03:03:50.262227: Epoch 414
2026-08-20 03:03:50.262305: Current learning rate: 0.00205
2026-08-20 03:04:31.496620: train_loss -0.6651
2026-08-20 03:04:31.496826: val_loss -0.5852
2026-08-20 03:04:31.496889: Pseudo dice [np.float32(0.784)]
2026-08-20 03:04:31.496967: Epoch time: 41.24 s
2026-08-20 03:04:32.316139: 
2026-08-20 03:04:32.316345: Epoch 415
2026-08-20 03:04:32.316428: Current learning rate: 0.00203
2026-08-20 03:05:13.581780: train_loss -0.6697
2026-08-20 03:05:13.582059: val_loss -0.6205
2026-08-20 03:05:13.582120: Pseudo dice [np.float32(0.8307)]
2026-08-20 03:05:13.582189: Epoch time: 41.27 s
2026-08-20 03:05:14.398872: 
2026-08-20 03:05:14.399047: Epoch 416
2026-08-20 03:05:14.399128: Current learning rate: 0.00201
2026-08-20 03:05:55.658372: train_loss -0.6726
2026-08-20 03:05:55.658550: val_loss -0.6143
2026-08-20 03:05:55.658605: Pseudo dice [np.float32(0.8321)]
2026-08-20 03:05:55.658669: Epoch time: 41.26 s
2026-08-20 03:05:56.476327: 
2026-08-20 03:05:56.476497: Epoch 417
2026-08-20 03:05:56.476571: Current learning rate: 0.00199
2026-08-20 03:06:37.738275: train_loss -0.6753
2026-08-20 03:06:37.738473: val_loss -0.6358
2026-08-20 03:06:37.738556: Pseudo dice [np.float32(0.8285)]
2026-08-20 03:06:37.738625: Epoch time: 41.26 s
2026-08-20 03:06:38.555175: 
2026-08-20 03:06:38.555405: Epoch 418
2026-08-20 03:06:38.555483: Current learning rate: 0.00196
2026-08-20 03:07:19.851511: train_loss -0.6778
2026-08-20 03:07:19.851727: val_loss -0.6181
2026-08-20 03:07:19.851786: Pseudo dice [np.float32(0.8237)]
2026-08-20 03:07:19.851866: Epoch time: 41.3 s
2026-08-20 03:07:20.668756: 
2026-08-20 03:07:20.668959: Epoch 419
2026-08-20 03:07:20.669038: Current learning rate: 0.00194
2026-08-20 03:08:01.923089: train_loss -0.6576
2026-08-20 03:08:01.923298: val_loss -0.6035
2026-08-20 03:08:01.923354: Pseudo dice [np.float32(0.8444)]
2026-08-20 03:08:01.923427: Epoch time: 41.26 s
2026-08-20 03:08:03.657587: 
2026-08-20 03:08:03.657786: Epoch 420
2026-08-20 03:08:03.657868: Current learning rate: 0.00192
2026-08-20 03:08:45.523042: train_loss -0.661
2026-08-20 03:08:45.523246: val_loss -0.6236
2026-08-20 03:08:45.523301: Pseudo dice [np.float32(0.7918)]
2026-08-20 03:08:45.523368: Epoch time: 41.87 s
2026-08-20 03:08:46.330583: 
2026-08-20 03:08:46.331060: Epoch 421
2026-08-20 03:08:46.331141: Current learning rate: 0.0019
2026-08-20 03:09:27.470886: train_loss -0.6606
2026-08-20 03:09:27.471141: val_loss -0.6451
2026-08-20 03:09:27.471199: Pseudo dice [np.float32(0.8475)]
2026-08-20 03:09:27.471265: Epoch time: 41.14 s
2026-08-20 03:09:28.311615: 
2026-08-20 03:09:28.311806: Epoch 422
2026-08-20 03:09:28.311898: Current learning rate: 0.00188
2026-08-20 03:10:09.482072: train_loss -0.6838
2026-08-20 03:10:09.482243: val_loss -0.5979
2026-08-20 03:10:09.482298: Pseudo dice [np.float32(0.8538)]
2026-08-20 03:10:09.482361: Epoch time: 41.17 s
2026-08-20 03:10:10.296293: 
2026-08-20 03:10:10.296510: Epoch 423
2026-08-20 03:10:10.296594: Current learning rate: 0.00186
2026-08-20 03:10:51.439833: train_loss -0.6889
2026-08-20 03:10:51.440002: val_loss -0.6407
2026-08-20 03:10:51.440058: Pseudo dice [np.float32(0.8219)]
2026-08-20 03:10:51.440123: Epoch time: 41.15 s
2026-08-20 03:10:52.256334: 
2026-08-20 03:10:52.256522: Epoch 424
2026-08-20 03:10:52.256599: Current learning rate: 0.00184
2026-08-20 03:11:33.489060: train_loss -0.6771
2026-08-20 03:11:33.489230: val_loss -0.6408
2026-08-20 03:11:33.489287: Pseudo dice [np.float32(0.8345)]
2026-08-20 03:11:33.489352: Epoch time: 41.24 s
2026-08-20 03:11:34.305952: 
2026-08-20 03:11:34.306130: Epoch 425
2026-08-20 03:11:34.306211: Current learning rate: 0.00181
2026-08-20 03:12:15.751689: train_loss -0.6666
2026-08-20 03:12:15.751902: val_loss -0.6361
2026-08-20 03:12:15.751961: Pseudo dice [np.float32(0.825)]
2026-08-20 03:12:15.752023: Epoch time: 41.45 s
2026-08-20 03:12:16.559600: 
2026-08-20 03:12:16.559795: Epoch 426
2026-08-20 03:12:16.559880: Current learning rate: 0.00179
2026-08-20 03:12:57.803777: train_loss -0.6926
2026-08-20 03:12:57.803956: val_loss -0.6378
2026-08-20 03:12:57.804013: Pseudo dice [np.float32(0.8532)]
2026-08-20 03:12:57.804078: Epoch time: 41.25 s
2026-08-20 03:12:57.804124: Yayy! New best EMA pseudo Dice: 0.828499972820282
2026-08-20 03:12:59.568917: 
2026-08-20 03:12:59.569184: Epoch 427
2026-08-20 03:12:59.569270: Current learning rate: 0.00177
2026-08-20 03:13:40.972096: train_loss -0.675
2026-08-20 03:13:40.972287: val_loss -0.6571
2026-08-20 03:13:40.972343: Pseudo dice [np.float32(0.8546)]
2026-08-20 03:13:40.972409: Epoch time: 41.41 s
2026-08-20 03:13:40.972461: Yayy! New best EMA pseudo Dice: 0.8310999870300293
2026-08-20 03:13:42.685166: 
2026-08-20 03:13:42.685425: Epoch 428
2026-08-20 03:13:42.685521: Current learning rate: 0.00175
2026-08-20 03:14:24.090351: train_loss -0.6965
2026-08-20 03:14:24.090572: val_loss -0.6455
2026-08-20 03:14:24.090631: Pseudo dice [np.float32(0.8569)]
2026-08-20 03:14:24.090698: Epoch time: 41.41 s
2026-08-20 03:14:24.090744: Yayy! New best EMA pseudo Dice: 0.8337000012397766
2026-08-20 03:14:25.856704: 
2026-08-20 03:14:25.856964: Epoch 429
2026-08-20 03:14:25.857069: Current learning rate: 0.00173
2026-08-20 03:15:07.285220: train_loss -0.6854
2026-08-20 03:15:07.285435: val_loss -0.614
2026-08-20 03:15:07.285498: Pseudo dice [np.float32(0.8032)]
2026-08-20 03:15:07.285566: Epoch time: 41.43 s
2026-08-20 03:15:09.036802: 
2026-08-20 03:15:09.037054: Epoch 430
2026-08-20 03:15:09.037134: Current learning rate: 0.0017
2026-08-20 03:15:50.501909: train_loss -0.6749
2026-08-20 03:15:50.502113: val_loss -0.6186
2026-08-20 03:15:50.502260: Pseudo dice [np.float32(0.8387)]
2026-08-20 03:15:50.502327: Epoch time: 41.47 s
2026-08-20 03:15:51.308086: 
2026-08-20 03:15:51.308258: Epoch 431
2026-08-20 03:15:51.308336: Current learning rate: 0.00168
2026-08-20 03:16:32.610740: train_loss -0.6974
2026-08-20 03:16:32.610930: val_loss -0.6188
2026-08-20 03:16:32.610985: Pseudo dice [np.float32(0.8331)]
2026-08-20 03:16:32.611049: Epoch time: 41.31 s
2026-08-20 03:16:33.416692: 
2026-08-20 03:16:33.416869: Epoch 432
2026-08-20 03:16:33.416944: Current learning rate: 0.00166
2026-08-20 03:17:14.893276: train_loss -0.7015
2026-08-20 03:17:14.893451: val_loss -0.6592
2026-08-20 03:17:14.893510: Pseudo dice [np.float32(0.8331)]
2026-08-20 03:17:14.893575: Epoch time: 41.48 s
2026-08-20 03:17:15.686169: 
2026-08-20 03:17:15.686347: Epoch 433
2026-08-20 03:17:15.686425: Current learning rate: 0.00164
2026-08-20 03:17:56.939141: train_loss -0.6819
2026-08-20 03:17:56.939369: val_loss -0.6142
2026-08-20 03:17:56.939429: Pseudo dice [np.float32(0.8219)]
2026-08-20 03:17:56.939509: Epoch time: 41.26 s
2026-08-20 03:17:57.737684: 
2026-08-20 03:17:57.737935: Epoch 434
2026-08-20 03:17:57.738016: Current learning rate: 0.00162
2026-08-20 03:18:39.120227: train_loss -0.6897
2026-08-20 03:18:39.120435: val_loss -0.6342
2026-08-20 03:18:39.120533: Pseudo dice [np.float32(0.8251)]
2026-08-20 03:18:39.120600: Epoch time: 41.38 s
2026-08-20 03:18:39.914229: 
2026-08-20 03:18:39.914420: Epoch 435
2026-08-20 03:18:39.914493: Current learning rate: 0.00159
2026-08-20 03:19:21.072648: train_loss -0.6867
2026-08-20 03:19:21.072860: val_loss -0.6435
2026-08-20 03:19:21.072918: Pseudo dice [np.float32(0.8508)]
2026-08-20 03:19:21.072986: Epoch time: 41.16 s
2026-08-20 03:19:21.868164: 
2026-08-20 03:19:21.868406: Epoch 436
2026-08-20 03:19:21.868485: Current learning rate: 0.00157
2026-08-20 03:20:03.166703: train_loss -0.6983
2026-08-20 03:20:03.166896: val_loss -0.6575
2026-08-20 03:20:03.166951: Pseudo dice [np.float32(0.8512)]
2026-08-20 03:20:03.167016: Epoch time: 41.3 s
2026-08-20 03:20:03.167060: Yayy! New best EMA pseudo Dice: 0.8342000246047974
2026-08-20 03:20:04.897164: 
2026-08-20 03:20:04.897353: Epoch 437
2026-08-20 03:20:04.897430: Current learning rate: 0.00155
2026-08-20 03:20:46.840060: train_loss -0.6767
2026-08-20 03:20:46.840250: val_loss -0.6189
2026-08-20 03:20:46.840309: Pseudo dice [np.float32(0.8478)]
2026-08-20 03:20:46.840370: Epoch time: 41.95 s
2026-08-20 03:20:46.840415: Yayy! New best EMA pseudo Dice: 0.8355000019073486
2026-08-20 03:20:49.616418: 
2026-08-20 03:20:49.616623: Epoch 438
2026-08-20 03:20:49.616719: Current learning rate: 0.00153
2026-08-20 03:21:31.060687: train_loss -0.6936
2026-08-20 03:21:31.060910: val_loss -0.6351
2026-08-20 03:21:31.060975: Pseudo dice [np.float32(0.8604)]
2026-08-20 03:21:31.061047: Epoch time: 41.45 s
2026-08-20 03:21:31.061096: Yayy! New best EMA pseudo Dice: 0.8379999995231628
2026-08-20 03:21:33.155490: 
2026-08-20 03:21:33.295033: Epoch 439
2026-08-20 03:21:33.295124: Current learning rate: 0.00151
2026-08-20 03:22:14.629199: train_loss -0.6879
2026-08-20 03:22:14.629405: val_loss -0.655
2026-08-20 03:22:14.629460: Pseudo dice [np.float32(0.8568)]
2026-08-20 03:22:14.629529: Epoch time: 41.48 s
2026-08-20 03:22:15.606488: Yayy! New best EMA pseudo Dice: 0.839900016784668
2026-08-20 03:22:19.755769: 
2026-08-20 03:22:19.755989: Epoch 440
2026-08-20 03:22:19.756067: Current learning rate: 0.00148
2026-08-20 03:23:01.008744: train_loss -0.7031
2026-08-20 03:23:01.008951: val_loss -0.6174
2026-08-20 03:23:01.009007: Pseudo dice [np.float32(0.8212)]
2026-08-20 03:23:01.009076: Epoch time: 41.26 s
2026-08-20 03:23:01.805280: 
2026-08-20 03:23:01.805487: Epoch 441
2026-08-20 03:23:01.805569: Current learning rate: 0.00146
2026-08-20 03:23:43.137933: train_loss -0.6885
2026-08-20 03:23:43.138210: val_loss -0.6219
2026-08-20 03:23:43.138268: Pseudo dice [np.float32(0.8357)]
2026-08-20 03:23:43.138338: Epoch time: 41.34 s
2026-08-20 03:23:43.938250: 
2026-08-20 03:23:43.938515: Epoch 442
2026-08-20 03:23:43.938591: Current learning rate: 0.00144
2026-08-20 03:24:25.229796: train_loss -0.718
2026-08-20 03:24:25.230014: val_loss -0.6478
2026-08-20 03:24:25.230078: Pseudo dice [np.float32(0.8354)]
2026-08-20 03:24:25.230151: Epoch time: 41.29 s
2026-08-20 03:24:26.025225: 
2026-08-20 03:24:26.025422: Epoch 443
2026-08-20 03:24:26.025499: Current learning rate: 0.00142
2026-08-20 03:25:07.498565: train_loss -0.6868
2026-08-20 03:25:07.498752: val_loss -0.58
2026-08-20 03:25:07.498809: Pseudo dice [np.float32(0.8444)]
2026-08-20 03:25:07.498879: Epoch time: 41.48 s
2026-08-20 03:25:08.294493: 
2026-08-20 03:25:08.294677: Epoch 444
2026-08-20 03:25:08.294754: Current learning rate: 0.00139
2026-08-20 03:25:49.543501: train_loss -0.6895
2026-08-20 03:25:49.543926: val_loss -0.6407
2026-08-20 03:25:49.543990: Pseudo dice [np.float32(0.8497)]
2026-08-20 03:25:49.544053: Epoch time: 41.25 s
2026-08-20 03:25:50.338522: 
2026-08-20 03:25:50.338734: Epoch 445
2026-08-20 03:25:50.338808: Current learning rate: 0.00137
2026-08-20 03:26:31.735084: train_loss -0.6966
2026-08-20 03:26:31.735252: val_loss -0.6462
2026-08-20 03:26:31.735307: Pseudo dice [np.float32(0.8393)]
2026-08-20 03:26:31.735368: Epoch time: 41.4 s
2026-08-20 03:26:32.529350: 
2026-08-20 03:26:32.529532: Epoch 446
2026-08-20 03:26:32.529606: Current learning rate: 0.00135
2026-08-20 03:27:13.815025: train_loss -0.6965
2026-08-20 03:27:13.815215: val_loss -0.6105
2026-08-20 03:27:13.815279: Pseudo dice [np.float32(0.831)]
2026-08-20 03:27:13.815343: Epoch time: 41.29 s
2026-08-20 03:27:14.608279: 
2026-08-20 03:27:14.608474: Epoch 447
2026-08-20 03:27:14.608556: Current learning rate: 0.00133
2026-08-20 03:27:56.043547: train_loss -0.6989
2026-08-20 03:27:56.043746: val_loss -0.6618
2026-08-20 03:27:56.043805: Pseudo dice [np.float32(0.8595)]
2026-08-20 03:27:56.043880: Epoch time: 41.44 s
2026-08-20 03:27:56.043926: Yayy! New best EMA pseudo Dice: 0.8406000137329102
2026-08-20 03:27:57.800227: 
2026-08-20 03:27:57.800456: Epoch 448
2026-08-20 03:27:57.800542: Current learning rate: 0.0013
2026-08-20 03:28:39.147086: train_loss -0.7044
2026-08-20 03:28:39.147265: val_loss -0.6249
2026-08-20 03:28:39.147331: Pseudo dice [np.float32(0.829)]
2026-08-20 03:28:39.147401: Epoch time: 41.35 s
2026-08-20 03:28:39.944150: 
2026-08-20 03:28:39.944332: Epoch 449
2026-08-20 03:28:39.944407: Current learning rate: 0.00128
2026-08-20 03:29:21.258368: train_loss -0.7013
2026-08-20 03:29:21.258536: val_loss -0.6239
2026-08-20 03:29:21.258594: Pseudo dice [np.float32(0.8515)]
2026-08-20 03:29:21.258661: Epoch time: 41.32 s
2026-08-20 03:29:22.254130: Yayy! New best EMA pseudo Dice: 0.8406999707221985
2026-08-20 03:29:23.996975: 
2026-08-20 03:29:23.997231: Epoch 450
2026-08-20 03:29:23.997304: Current learning rate: 0.00126
2026-08-20 03:30:05.249324: train_loss -0.6967
2026-08-20 03:30:05.249538: val_loss -0.6157
2026-08-20 03:30:05.249594: Pseudo dice [np.float32(0.8207)]
2026-08-20 03:30:05.249659: Epoch time: 41.25 s
2026-08-20 03:30:06.043808: 
2026-08-20 03:30:06.044039: Epoch 451
2026-08-20 03:30:06.044122: Current learning rate: 0.00124
2026-08-20 03:30:47.247399: train_loss -0.6883
2026-08-20 03:30:47.247607: val_loss -0.6441
2026-08-20 03:30:47.247661: Pseudo dice [np.float32(0.8521)]
2026-08-20 03:30:47.247727: Epoch time: 41.21 s
2026-08-20 03:30:48.046174: 
2026-08-20 03:30:48.046409: Epoch 452
2026-08-20 03:30:48.046502: Current learning rate: 0.00121
2026-08-20 03:31:29.416295: train_loss -0.6865
2026-08-20 03:31:29.416492: val_loss -0.6291
2026-08-20 03:31:29.416547: Pseudo dice [np.float32(0.8265)]
2026-08-20 03:31:29.416614: Epoch time: 41.37 s
2026-08-20 03:31:30.210119: 
2026-08-20 03:31:30.210307: Epoch 453
2026-08-20 03:31:30.210392: Current learning rate: 0.00119
2026-08-20 03:32:11.398533: train_loss -0.6902
2026-08-20 03:32:11.398776: val_loss -0.6273
2026-08-20 03:32:11.398864: Pseudo dice [np.float32(0.8539)]
2026-08-20 03:32:11.398954: Epoch time: 41.19 s
2026-08-20 03:32:12.745503: 
2026-08-20 03:32:12.745736: Epoch 454
2026-08-20 03:32:12.745823: Current learning rate: 0.00117
2026-08-20 03:32:54.153922: train_loss -0.7011
2026-08-20 03:32:54.154135: val_loss -0.6423
2026-08-20 03:32:54.154196: Pseudo dice [np.float32(0.836)]
2026-08-20 03:32:54.154266: Epoch time: 41.41 s
2026-08-20 03:32:54.945573: 
2026-08-20 03:32:54.945816: Epoch 455
2026-08-20 03:32:54.945898: Current learning rate: 0.00115
2026-08-20 03:33:36.117524: train_loss -0.7015
2026-08-20 03:33:36.117711: val_loss -0.6625
2026-08-20 03:33:36.117767: Pseudo dice [np.float32(0.852)]
2026-08-20 03:33:36.117867: Epoch time: 41.17 s
2026-08-20 03:33:36.117932: Yayy! New best EMA pseudo Dice: 0.8410000205039978
2026-08-20 03:33:37.885715: 
2026-08-20 03:33:37.885901: Epoch 456
2026-08-20 03:33:37.885976: Current learning rate: 0.00112
2026-08-20 03:34:19.270079: train_loss -0.6977
2026-08-20 03:34:19.270266: val_loss -0.6035
2026-08-20 03:34:19.270356: Pseudo dice [np.float32(0.8306)]
2026-08-20 03:34:19.270421: Epoch time: 41.39 s
2026-08-20 03:34:20.067221: 
2026-08-20 03:34:20.067444: Epoch 457
2026-08-20 03:34:20.067518: Current learning rate: 0.0011
2026-08-20 03:35:01.516166: train_loss -0.6954
2026-08-20 03:35:01.516351: val_loss -0.6485
2026-08-20 03:35:01.516411: Pseudo dice [np.float32(0.8498)]
2026-08-20 03:35:01.516496: Epoch time: 41.45 s
2026-08-20 03:35:02.325274: 
2026-08-20 03:35:02.325461: Epoch 458
2026-08-20 03:35:02.325538: Current learning rate: 0.00108
2026-08-20 03:35:43.636405: train_loss -0.7093
2026-08-20 03:35:43.636573: val_loss -0.6524
2026-08-20 03:35:43.636628: Pseudo dice [np.float32(0.827)]
2026-08-20 03:35:43.636692: Epoch time: 41.31 s
2026-08-20 03:35:44.432114: 
2026-08-20 03:35:44.432348: Epoch 459
2026-08-20 03:35:44.432438: Current learning rate: 0.00105
2026-08-20 03:36:25.883240: train_loss -0.7028
2026-08-20 03:36:25.883415: val_loss -0.6418
2026-08-20 03:36:25.883524: Pseudo dice [np.float32(0.8194)]
2026-08-20 03:36:25.883621: Epoch time: 41.45 s
2026-08-20 03:36:27.620995: 
2026-08-20 03:36:27.621217: Epoch 460
2026-08-20 03:36:27.621294: Current learning rate: 0.00103
2026-08-20 03:37:09.009924: train_loss -0.7042
2026-08-20 03:37:09.010115: val_loss -0.6217
2026-08-20 03:37:09.010173: Pseudo dice [np.float32(0.841)]
2026-08-20 03:37:09.010237: Epoch time: 41.39 s
2026-08-20 03:37:09.805633: 
2026-08-20 03:37:09.805804: Epoch 461
2026-08-20 03:37:09.805886: Current learning rate: 0.00101
2026-08-20 03:37:51.272630: train_loss -0.696
2026-08-20 03:37:51.272860: val_loss -0.6362
2026-08-20 03:37:51.272922: Pseudo dice [np.float32(0.8135)]
2026-08-20 03:37:51.272992: Epoch time: 41.47 s
2026-08-20 03:37:52.066397: 
2026-08-20 03:37:52.066632: Epoch 462
2026-08-20 03:37:52.066707: Current learning rate: 0.00098
2026-08-20 03:38:33.539852: train_loss -0.694
2026-08-20 03:38:33.540065: val_loss -0.6819
2026-08-20 03:38:33.540125: Pseudo dice [np.float32(0.8583)]
2026-08-20 03:38:33.540188: Epoch time: 41.48 s
2026-08-20 03:38:34.338567: 
2026-08-20 03:38:34.338760: Epoch 463
2026-08-20 03:38:34.338851: Current learning rate: 0.00096
2026-08-20 03:39:15.554580: train_loss -0.6825
2026-08-20 03:39:15.554786: val_loss -0.621
2026-08-20 03:39:15.554843: Pseudo dice [np.float32(0.8518)]
2026-08-20 03:39:15.554921: Epoch time: 41.22 s
2026-08-20 03:39:16.352592: 
2026-08-20 03:39:16.352838: Epoch 464
2026-08-20 03:39:16.352929: Current learning rate: 0.00094
2026-08-20 03:39:57.713159: train_loss -0.7066
2026-08-20 03:39:57.713351: val_loss -0.641
2026-08-20 03:39:57.713411: Pseudo dice [np.float32(0.8471)]
2026-08-20 03:39:57.713479: Epoch time: 41.36 s
2026-08-20 03:39:58.507571: 
2026-08-20 03:39:58.507838: Epoch 465
2026-08-20 03:39:58.507920: Current learning rate: 0.00091
2026-08-20 03:40:39.903768: train_loss -0.7045
2026-08-20 03:40:39.903942: val_loss -0.6596
2026-08-20 03:40:39.903998: Pseudo dice [np.float32(0.8599)]
2026-08-20 03:40:39.904060: Epoch time: 41.4 s
2026-08-20 03:40:39.904106: Yayy! New best EMA pseudo Dice: 0.8418999910354614
2026-08-20 03:40:42.793064: 
2026-08-20 03:40:42.793288: Epoch 466
2026-08-20 03:40:42.793391: Current learning rate: 0.00089
2026-08-20 03:41:24.212222: train_loss -0.7118
2026-08-20 03:41:24.212423: val_loss -0.6667
2026-08-20 03:41:24.212481: Pseudo dice [np.float32(0.8491)]
2026-08-20 03:41:24.212551: Epoch time: 41.42 s
2026-08-20 03:41:24.212599: Yayy! New best EMA pseudo Dice: 0.8425999879837036
2026-08-20 03:41:25.928519: 
2026-08-20 03:41:26.772262: Epoch 467
2026-08-20 03:41:26.772362: Current learning rate: 0.00087
2026-08-20 03:42:08.150563: train_loss -0.7124
2026-08-20 03:42:08.150860: val_loss -0.6113
2026-08-20 03:42:08.150930: Pseudo dice [np.float32(0.8386)]
2026-08-20 03:42:08.151001: Epoch time: 42.22 s
2026-08-20 03:42:08.958543: 
2026-08-20 03:42:08.958766: Epoch 468
2026-08-20 03:42:08.958860: Current learning rate: 0.00084
2026-08-20 03:42:50.235543: train_loss -0.704
2026-08-20 03:42:50.235749: val_loss -0.6123
2026-08-20 03:42:50.235805: Pseudo dice [np.float32(0.8242)]
2026-08-20 03:42:50.235875: Epoch time: 41.28 s
2026-08-20 03:42:51.029097: 
2026-08-20 03:42:51.029294: Epoch 469
2026-08-20 03:42:51.029370: Current learning rate: 0.00082
2026-08-20 03:43:32.459078: train_loss -0.7111
2026-08-20 03:43:32.459281: val_loss -0.643
2026-08-20 03:43:32.459381: Pseudo dice [np.float32(0.8565)]
2026-08-20 03:43:32.459451: Epoch time: 41.43 s
2026-08-20 03:43:35.310407: 
2026-08-20 03:43:35.310588: Epoch 470
2026-08-20 03:43:35.310684: Current learning rate: 0.00079
2026-08-20 03:44:16.662673: train_loss -0.7126
2026-08-20 03:44:16.662844: val_loss -0.5933
2026-08-20 03:44:16.662911: Pseudo dice [np.float32(0.8285)]
2026-08-20 03:44:16.662981: Epoch time: 41.35 s
2026-08-20 03:44:17.458205: 
2026-08-20 03:44:17.458417: Epoch 471
2026-08-20 03:44:17.458502: Current learning rate: 0.00077
2026-08-20 03:44:58.854346: train_loss -0.7028
2026-08-20 03:44:58.854517: val_loss -0.6493
2026-08-20 03:44:58.854570: Pseudo dice [np.float32(0.815)]
2026-08-20 03:44:58.854633: Epoch time: 41.4 s
2026-08-20 03:45:00.204472: 
2026-08-20 03:45:00.204701: Epoch 472
2026-08-20 03:45:00.204787: Current learning rate: 0.00075
2026-08-20 03:45:41.496090: train_loss -0.7243
2026-08-20 03:45:41.496268: val_loss -0.5786
2026-08-20 03:45:41.496323: Pseudo dice [np.float32(0.824)]
2026-08-20 03:45:41.496389: Epoch time: 41.29 s
2026-08-20 03:45:42.293130: 
2026-08-20 03:45:42.293317: Epoch 473
2026-08-20 03:45:42.293392: Current learning rate: 0.00072
2026-08-20 03:46:23.743685: train_loss -0.7112
2026-08-20 03:46:23.743881: val_loss -0.67
2026-08-20 03:46:23.743940: Pseudo dice [np.float32(0.8291)]
2026-08-20 03:46:23.744009: Epoch time: 41.45 s
2026-08-20 03:46:24.545749: 
2026-08-20 03:46:24.546087: Epoch 474
2026-08-20 03:46:24.546169: Current learning rate: 0.0007
2026-08-20 03:47:05.890028: train_loss -0.7104
2026-08-20 03:47:05.890230: val_loss -0.602
2026-08-20 03:47:05.890285: Pseudo dice [np.float32(0.7778)]
2026-08-20 03:47:05.890355: Epoch time: 41.35 s
2026-08-20 03:47:06.687684: 
2026-08-20 03:47:06.687950: Epoch 475
2026-08-20 03:47:06.688061: Current learning rate: 0.00067
2026-08-20 03:47:48.023538: train_loss -0.7151
2026-08-20 03:47:48.023726: val_loss -0.6365
2026-08-20 03:47:48.023782: Pseudo dice [np.float32(0.8464)]
2026-08-20 03:47:48.023847: Epoch time: 41.34 s
2026-08-20 03:47:48.867222: 
2026-08-20 03:47:48.867383: Epoch 476
2026-08-20 03:47:48.867473: Current learning rate: 0.00065
2026-08-20 03:48:30.097725: train_loss -0.7174
2026-08-20 03:48:30.097894: val_loss -0.5793
2026-08-20 03:48:30.097948: Pseudo dice [np.float32(0.8227)]
2026-08-20 03:48:30.098009: Epoch time: 41.23 s
2026-08-20 03:48:30.896139: 
2026-08-20 03:48:30.896389: Epoch 477
2026-08-20 03:48:30.896478: Current learning rate: 0.00063
2026-08-20 03:49:12.428578: train_loss -0.7133
2026-08-20 03:49:12.428770: val_loss -0.6892
2026-08-20 03:49:12.428829: Pseudo dice [np.float32(0.8705)]
2026-08-20 03:49:12.428908: Epoch time: 41.53 s
2026-08-20 03:49:13.233705: 
2026-08-20 03:49:13.233936: Epoch 478
2026-08-20 03:49:13.234021: Current learning rate: 0.0006
2026-08-20 03:49:54.527374: train_loss -0.7064
2026-08-20 03:49:54.527582: val_loss -0.596
2026-08-20 03:49:54.527642: Pseudo dice [np.float32(0.8182)]
2026-08-20 03:49:54.527714: Epoch time: 41.3 s
2026-08-20 03:49:55.361077: 
2026-08-20 03:49:55.361275: Epoch 479
2026-08-20 03:49:55.361353: Current learning rate: 0.00058
2026-08-20 03:50:36.697352: train_loss -0.7123
2026-08-20 03:50:36.697566: val_loss -0.6063
2026-08-20 03:50:36.697621: Pseudo dice [np.float32(0.8395)]
2026-08-20 03:50:36.697690: Epoch time: 41.34 s
2026-08-20 03:50:38.499446: 
2026-08-20 03:50:38.499677: Epoch 480
2026-08-20 03:50:38.499759: Current learning rate: 0.00055
2026-08-20 03:51:19.760650: train_loss -0.7163
2026-08-20 03:51:19.760863: val_loss -0.6342
2026-08-20 03:51:19.760917: Pseudo dice [np.float32(0.8427)]
2026-08-20 03:51:19.760994: Epoch time: 41.26 s
2026-08-20 03:51:20.572952: 
2026-08-20 03:51:20.573132: Epoch 481
2026-08-20 03:51:20.573218: Current learning rate: 0.00053
2026-08-20 03:52:02.000576: train_loss -0.72
2026-08-20 03:52:02.000771: val_loss -0.6797
2026-08-20 03:52:02.000825: Pseudo dice [np.float32(0.8573)]
2026-08-20 03:52:02.000898: Epoch time: 41.43 s
2026-08-20 03:52:02.804902: 
2026-08-20 03:52:02.805101: Epoch 482
2026-08-20 03:52:02.805176: Current learning rate: 0.0005
2026-08-20 03:52:44.040611: train_loss -0.7076
2026-08-20 03:52:44.040798: val_loss -0.6298
2026-08-20 03:52:44.040851: Pseudo dice [np.float32(0.8509)]
2026-08-20 03:52:44.040926: Epoch time: 41.24 s
2026-08-20 03:52:44.842981: 
2026-08-20 03:52:44.843173: Epoch 483
2026-08-20 03:52:44.843247: Current learning rate: 0.00048
2026-08-20 03:53:26.251761: train_loss -0.6987
2026-08-20 03:53:26.251940: val_loss -0.6525
2026-08-20 03:53:26.251999: Pseudo dice [np.float32(0.8627)]
2026-08-20 03:53:26.252063: Epoch time: 41.41 s
2026-08-20 03:53:27.058764: 
2026-08-20 03:53:27.059003: Epoch 484
2026-08-20 03:53:27.059083: Current learning rate: 0.00045
2026-08-20 03:54:08.415653: train_loss -0.7081
2026-08-20 03:54:08.415930: val_loss -0.6143
2026-08-20 03:54:08.415990: Pseudo dice [np.float32(0.8376)]
2026-08-20 03:54:08.416075: Epoch time: 41.36 s
2026-08-20 03:54:09.230113: 
2026-08-20 03:54:09.230356: Epoch 485
2026-08-20 03:54:09.230430: Current learning rate: 0.00043
2026-08-20 03:54:50.744351: train_loss -0.7052
2026-08-20 03:54:50.744565: val_loss -0.6145
2026-08-20 03:54:50.744638: Pseudo dice [np.float32(0.8334)]
2026-08-20 03:54:50.744738: Epoch time: 41.52 s
2026-08-20 03:54:51.553279: 
2026-08-20 03:54:51.553472: Epoch 486
2026-08-20 03:54:51.553550: Current learning rate: 0.0004
2026-08-20 03:55:32.984097: train_loss -0.713
2026-08-20 03:55:32.984291: val_loss -0.6208
2026-08-20 03:55:32.984343: Pseudo dice [np.float32(0.8222)]
2026-08-20 03:55:32.984412: Epoch time: 41.43 s
2026-08-20 03:55:33.789946: 
2026-08-20 03:55:33.790141: Epoch 487
2026-08-20 03:55:33.790220: Current learning rate: 0.00037
2026-08-20 03:56:15.089398: train_loss -0.7188
2026-08-20 03:56:15.089729: val_loss -0.6025
2026-08-20 03:56:15.089813: Pseudo dice [np.float32(0.8214)]
2026-08-20 03:56:15.089922: Epoch time: 41.3 s
2026-08-20 03:56:15.901852: 
2026-08-20 03:56:15.902148: Epoch 488
2026-08-20 03:56:15.902248: Current learning rate: 0.00035
2026-08-20 03:56:57.140273: train_loss -0.7265
2026-08-20 03:56:57.140476: val_loss -0.6046
2026-08-20 03:56:57.140537: Pseudo dice [np.float32(0.8346)]
2026-08-20 03:56:57.140610: Epoch time: 41.24 s
2026-08-20 03:56:57.944410: 
2026-08-20 03:56:57.944595: Epoch 489
2026-08-20 03:56:57.944669: Current learning rate: 0.00032
2026-08-20 03:57:39.332559: train_loss -0.7383
2026-08-20 03:57:39.332739: val_loss -0.6655
2026-08-20 03:57:39.332797: Pseudo dice [np.float32(0.845)]
2026-08-20 03:57:39.332871: Epoch time: 41.39 s
2026-08-20 03:57:42.288192: 
2026-08-20 03:57:42.288377: Epoch 490
2026-08-20 03:57:42.288459: Current learning rate: 0.0003
2026-08-20 03:58:23.792902: train_loss -0.713
2026-08-20 03:58:23.793093: val_loss -0.621
2026-08-20 03:58:23.793153: Pseudo dice [np.float32(0.8627)]
2026-08-20 03:58:23.793222: Epoch time: 41.51 s
2026-08-20 03:58:25.176873: 
2026-08-20 03:58:25.177086: Epoch 491
2026-08-20 03:58:25.177165: Current learning rate: 0.00027
2026-08-20 03:59:06.634310: train_loss -0.7166
2026-08-20 03:59:06.634491: val_loss -0.6312
2026-08-20 03:59:06.634547: Pseudo dice [np.float32(0.8443)]
2026-08-20 03:59:06.634608: Epoch time: 41.46 s
2026-08-20 03:59:07.442608: 
2026-08-20 03:59:07.442807: Epoch 492
2026-08-20 03:59:07.442884: Current learning rate: 0.00024
2026-08-20 03:59:48.811208: train_loss -0.7136
2026-08-20 03:59:48.811376: val_loss -0.6269
2026-08-20 03:59:48.811434: Pseudo dice [np.float32(0.8275)]
2026-08-20 03:59:48.811501: Epoch time: 41.37 s
2026-08-20 03:59:49.616294: 
2026-08-20 03:59:49.616507: Epoch 493
2026-08-20 03:59:49.616584: Current learning rate: 0.00021
2026-08-20 04:00:31.018232: train_loss -0.705
2026-08-20 04:00:31.018430: val_loss -0.5682
2026-08-20 04:00:31.018482: Pseudo dice [np.float32(0.8291)]
2026-08-20 04:00:31.018546: Epoch time: 41.4 s
2026-08-20 04:00:31.829529: 
2026-08-20 04:00:31.829792: Epoch 494
2026-08-20 04:00:31.829884: Current learning rate: 0.00019
2026-08-20 04:01:13.045245: train_loss -0.716
2026-08-20 04:01:13.045456: val_loss -0.6158
2026-08-20 04:01:13.045515: Pseudo dice [np.float32(0.8478)]
2026-08-20 04:01:13.045585: Epoch time: 41.22 s
2026-08-20 04:01:13.850438: 
2026-08-20 04:01:13.850601: Epoch 495
2026-08-20 04:01:13.850681: Current learning rate: 0.00016
2026-08-20 04:01:55.160973: train_loss -0.728
2026-08-20 04:01:55.161213: val_loss -0.5689
2026-08-20 04:01:55.161273: Pseudo dice [np.float32(0.824)]
2026-08-20 04:01:55.161341: Epoch time: 41.31 s
2026-08-20 04:01:55.967691: 
2026-08-20 04:01:55.967933: Epoch 496
2026-08-20 04:01:55.968016: Current learning rate: 0.00013
2026-08-20 04:02:37.160543: train_loss -0.7153
2026-08-20 04:02:37.160721: val_loss -0.6104
2026-08-20 04:02:37.160776: Pseudo dice [np.float32(0.8096)]
2026-08-20 04:02:37.160846: Epoch time: 41.2 s
2026-08-20 04:02:37.966248: 
2026-08-20 04:02:37.966446: Epoch 497
2026-08-20 04:02:37.966524: Current learning rate: 0.0001
2026-08-20 04:03:19.236595: train_loss -0.7241
2026-08-20 04:03:19.236768: val_loss -0.6445
2026-08-20 04:03:19.236825: Pseudo dice [np.float32(0.8645)]
2026-08-20 04:03:19.236893: Epoch time: 41.27 s
2026-08-20 04:03:20.043610: 
2026-08-20 04:03:20.043829: Epoch 498
2026-08-20 04:03:20.043920: Current learning rate: 7e-05
2026-08-20 04:04:01.428134: train_loss -0.7284
2026-08-20 04:04:01.428301: val_loss -0.6333
2026-08-20 04:04:01.428353: Pseudo dice [np.float32(0.8397)]
2026-08-20 04:04:01.428410: Epoch time: 41.39 s
2026-08-20 04:04:02.234452: 
2026-08-20 04:04:02.234634: Epoch 499
2026-08-20 04:04:02.234711: Current learning rate: 4e-05
2026-08-20 04:04:43.581930: train_loss -0.7262
2026-08-20 04:04:43.582097: val_loss -0.6396
2026-08-20 04:04:43.582200: Pseudo dice [np.float32(0.8638)]
2026-08-20 04:04:43.582265: Epoch time: 41.35 s
2026-08-20 04:04:45.463184: Training done.
2026-08-20 04:04:45.474439: Using splits from existing split file: /home/galia/ISLES2026/nnUNet_preprocessed/Dataset002_ATLAS/splits_final.json
2026-08-20 04:04:45.474695: The split file contains 1 splits.
2026-08-20 04:04:45.474738: Desired fold for training: 0
2026-08-20 04:04:45.474770: This split has 842 training and 120 validation cases.
2026-08-20 04:04:45.475633: predicting ATLAS_r001s003_ses1
2026-08-20 04:04:45.487843: ATLAS_r001s003_ses1, shape torch.Size([1, 151, 177, 141]), rank 0
2026-08-20 04:05:03.606962: predicting ATLAS_r001s012_ses1
2026-08-20 04:05:03.625282: ATLAS_r001s012_ses1, shape torch.Size([1, 154, 169, 139]), rank 0
2026-08-20 04:05:04.991389: predicting ATLAS_r002s009_ses1
2026-08-20 04:05:05.000449: ATLAS_r002s009_ses1, shape torch.Size([1, 143, 165, 140]), rank 0
2026-08-20 04:05:06.368682: predicting ATLAS_r002s010_ses1
2026-08-20 04:05:06.380781: ATLAS_r002s010_ses1, shape torch.Size([1, 147, 179, 134]), rank 0
2026-08-20 04:05:07.749360: predicting ATLAS_r003s009_ses1
2026-08-20 04:05:07.759562: ATLAS_r003s009_ses1, shape torch.Size([1, 142, 166, 135]), rank 0
2026-08-20 04:05:09.128611: predicting ATLAS_r004s020_ses1
2026-08-20 04:05:09.138436: ATLAS_r004s020_ses1, shape torch.Size([1, 150, 173, 135]), rank 0
2026-08-20 04:05:10.508378: predicting ATLAS_r004s037_ses1
2026-08-20 04:05:10.520801: ATLAS_r004s037_ses1, shape torch.Size([1, 146, 176, 146]), rank 0
2026-08-20 04:05:11.892391: predicting ATLAS_r009s022_ses1
2026-08-20 04:05:11.903210: ATLAS_r009s022_ses1, shape torch.Size([1, 149, 175, 144]), rank 0
2026-08-20 04:05:13.276514: predicting ATLAS_r009s029_ses1
2026-08-20 04:05:13.286613: ATLAS_r009s029_ses1, shape torch.Size([1, 150, 159, 135]), rank 0
2026-08-20 04:05:14.658422: predicting ATLAS_r009s030_ses1
2026-08-20 04:05:14.670549: ATLAS_r009s030_ses1, shape torch.Size([1, 156, 161, 149]), rank 0
2026-08-20 04:05:16.041810: predicting ATLAS_r009s038_ses1
2026-08-20 04:05:16.053035: ATLAS_r009s038_ses1, shape torch.Size([1, 147, 176, 142]), rank 0
2026-08-20 04:05:17.426613: predicting ATLAS_r009s040_ses1
2026-08-20 04:05:17.450850: ATLAS_r009s040_ses1, shape torch.Size([1, 153, 179, 146]), rank 0
2026-08-20 04:05:18.829710: predicting ATLAS_r009s044_ses1
2026-08-20 04:05:18.840630: ATLAS_r009s044_ses1, shape torch.Size([1, 153, 163, 138]), rank 0
2026-08-20 04:05:20.208019: predicting ATLAS_r009s046_ses1
2026-08-20 04:05:20.219034: ATLAS_r009s046_ses1, shape torch.Size([1, 145, 171, 138]), rank 0
2026-08-20 04:05:21.588466: predicting ATLAS_r009s052_ses1
2026-08-20 04:05:21.600222: ATLAS_r009s052_ses1, shape torch.Size([1, 156, 171, 145]), rank 0
2026-08-20 04:05:22.969475: predicting ATLAS_r009s054_ses1
2026-08-20 04:05:22.980239: ATLAS_r009s054_ses1, shape torch.Size([1, 152, 172, 135]), rank 0
2026-08-20 04:05:24.349941: predicting ATLAS_r009s055_ses1
2026-08-20 04:05:24.362874: ATLAS_r009s055_ses1, shape torch.Size([1, 157, 179, 144]), rank 0
2026-08-20 04:05:25.732290: predicting ATLAS_r009s066_ses1
2026-08-20 04:05:25.748711: ATLAS_r009s066_ses1, shape torch.Size([1, 159, 172, 147]), rank 0
2026-08-20 04:05:27.117599: predicting ATLAS_r009s074_ses1
2026-08-20 04:05:27.128579: ATLAS_r009s074_ses1, shape torch.Size([1, 149, 184, 141]), rank 0
2026-08-20 04:05:28.499077: predicting ATLAS_r009s076_ses1
2026-08-20 04:05:28.512851: ATLAS_r009s076_ses1, shape torch.Size([1, 150, 161, 143]), rank 0
2026-08-20 04:05:29.882683: predicting ATLAS_r009s085_ses1
2026-08-20 04:05:29.895333: ATLAS_r009s085_ses1, shape torch.Size([1, 156, 181, 141]), rank 0
2026-08-20 04:05:31.263982: predicting ATLAS_r009s088_ses1
2026-08-20 04:05:31.274635: ATLAS_r009s088_ses1, shape torch.Size([1, 152, 184, 141]), rank 0
2026-08-20 04:05:32.645939: predicting ATLAS_r009s098_ses1
2026-08-20 04:05:32.657959: ATLAS_r009s098_ses1, shape torch.Size([1, 150, 173, 143]), rank 0
2026-08-20 04:05:34.029520: predicting ATLAS_r009s117_ses1
2026-08-20 04:05:34.039714: ATLAS_r009s117_ses1, shape torch.Size([1, 145, 158, 136]), rank 0
2026-08-20 04:05:35.412689: predicting ATLAS_r009s125_ses1
2026-08-20 04:05:35.425249: ATLAS_r009s125_ses1, shape torch.Size([1, 148, 172, 137]), rank 0
2026-08-20 04:05:36.796468: predicting ATLAS_r010s006_ses1
2026-08-20 04:05:36.806687: ATLAS_r010s006_ses1, shape torch.Size([1, 150, 170, 144]), rank 0
2026-08-20 04:05:38.727555: predicting ATLAS_r010s009_ses1
2026-08-20 04:05:38.740974: ATLAS_r010s009_ses1, shape torch.Size([1, 149, 178, 143]), rank 0
2026-08-20 04:05:40.116826: predicting ATLAS_r011s014_ses1
2026-08-20 04:05:40.128310: ATLAS_r011s014_ses1, shape torch.Size([1, 152, 165, 150]), rank 0
2026-08-20 04:05:41.505506: predicting ATLAS_r011s026_ses1
2026-08-20 04:05:41.517820: ATLAS_r011s026_ses1, shape torch.Size([1, 155, 170, 148]), rank 0
2026-08-20 04:05:42.904023: predicting ATLAS_r011s027_ses1
2026-08-20 04:05:42.913783: ATLAS_r011s027_ses1, shape torch.Size([1, 140, 154, 131]), rank 0
2026-08-20 04:05:44.294970: predicting ATLAS_r015s003_ses1
2026-08-20 04:05:44.306808: ATLAS_r015s003_ses1, shape torch.Size([1, 146, 160, 138]), rank 0
2026-08-20 04:05:45.684650: predicting ATLAS_r015s006_ses1
2026-08-20 04:05:45.696985: ATLAS_r015s006_ses1, shape torch.Size([1, 154, 188, 138]), rank 0
2026-08-20 04:05:47.085503: predicting ATLAS_r017s101_ses1
2026-08-20 04:05:47.097566: ATLAS_r017s101_ses1, shape torch.Size([1, 154, 189, 137]), rank 0
2026-08-20 04:05:48.477980: predicting ATLAS_r017s116_ses1
2026-08-20 04:05:48.489003: ATLAS_r017s116_ses1, shape torch.Size([1, 143, 176, 134]), rank 0
2026-08-20 04:05:49.872893: predicting ATLAS_r019s007_ses1
2026-08-20 04:05:49.883614: ATLAS_r019s007_ses1, shape torch.Size([1, 155, 149, 144]), rank 0
2026-08-20 04:05:51.268585: predicting ATLAS_r019s008_ses1
2026-08-20 04:05:51.278570: ATLAS_r019s008_ses1, shape torch.Size([1, 148, 159, 139]), rank 0
2026-08-20 04:05:52.663912: predicting ATLAS_r023s004_ses1
2026-08-20 04:05:52.676352: ATLAS_r023s004_ses1, shape torch.Size([1, 160, 167, 145]), rank 0
2026-08-20 04:05:54.060930: predicting ATLAS_r023s010_ses1
2026-08-20 04:05:54.072261: ATLAS_r023s010_ses1, shape torch.Size([1, 160, 164, 131]), rank 0
2026-08-20 04:05:55.455321: predicting ATLAS_r023s015_ses1
2026-08-20 04:05:55.464965: ATLAS_r023s015_ses1, shape torch.Size([1, 148, 159, 121]), rank 0
2026-08-20 04:05:56.168965: predicting ATLAS_r024s002_ses1
2026-08-20 04:05:56.181219: ATLAS_r024s002_ses1, shape torch.Size([1, 156, 176, 138]), rank 0
2026-08-20 04:05:57.564995: predicting ATLAS_r024s009_ses1
2026-08-20 04:05:57.574726: ATLAS_r024s009_ses1, shape torch.Size([1, 143, 170, 126]), rank 0
2026-08-20 04:05:58.279664: predicting ATLAS_r024s013_ses1
2026-08-20 04:05:58.289032: ATLAS_r024s013_ses1, shape torch.Size([1, 148, 174, 137]), rank 0
2026-08-20 04:05:59.673408: predicting ATLAS_r028s007_ses1
2026-08-20 04:05:59.682416: ATLAS_r028s007_ses1, shape torch.Size([1, 145, 164, 136]), rank 0
2026-08-20 04:06:01.067184: predicting ATLAS_r028s015_ses1
2026-08-20 04:06:01.075900: ATLAS_r028s015_ses1, shape torch.Size([1, 146, 166, 137]), rank 0
2026-08-20 04:06:02.460482: predicting ATLAS_r028s020_ses1
2026-08-20 04:06:02.470378: ATLAS_r028s020_ses1, shape torch.Size([1, 143, 171, 143]), rank 0
2026-08-20 04:06:03.856816: predicting ATLAS_r030s002_ses1
2026-08-20 04:06:03.866584: ATLAS_r030s002_ses1, shape torch.Size([1, 150, 176, 136]), rank 0
2026-08-20 04:06:05.250435: predicting ATLAS_r030s003_ses1
2026-08-20 04:06:05.259581: ATLAS_r030s003_ses1, shape torch.Size([1, 145, 170, 147]), rank 0
2026-08-20 04:06:06.644467: predicting ATLAS_r030s011_ses1
2026-08-20 04:06:06.653684: ATLAS_r030s011_ses1, shape torch.Size([1, 142, 153, 143]), rank 0
2026-08-20 04:06:08.037877: predicting ATLAS_r030s013_ses1
2026-08-20 04:06:08.046731: ATLAS_r030s013_ses1, shape torch.Size([1, 148, 159, 140]), rank 0
2026-08-20 04:06:09.430717: predicting ATLAS_r030s014_ses1
2026-08-20 04:06:09.440265: ATLAS_r030s014_ses1, shape torch.Size([1, 143, 164, 134]), rank 0
2026-08-20 04:06:10.822317: predicting ATLAS_r030s019_ses1
2026-08-20 04:06:10.830893: ATLAS_r030s019_ses1, shape torch.Size([1, 139, 163, 146]), rank 0
2026-08-20 04:06:12.214198: predicting ATLAS_r030s023_ses1
2026-08-20 04:06:12.223398: ATLAS_r030s023_ses1, shape torch.Size([1, 137, 173, 139]), rank 0
2026-08-20 04:06:13.606072: predicting ATLAS_r031s023_ses1
2026-08-20 04:06:13.614663: ATLAS_r031s023_ses1, shape torch.Size([1, 134, 161, 141]), rank 0
2026-08-20 04:06:14.994702: predicting ATLAS_r032s013_ses1
2026-08-20 04:06:15.011092: ATLAS_r032s013_ses1, shape torch.Size([1, 137, 306, 134]), rank 0
2026-08-20 04:06:17.764117: predicting ATLAS_r032s014_ses1
2026-08-20 04:06:17.782151: ATLAS_r032s014_ses1, shape torch.Size([1, 137, 312, 139]), rank 0
2026-08-20 04:06:20.534604: predicting ATLAS_r032s039_ses1
2026-08-20 04:06:20.551545: ATLAS_r032s039_ses1, shape torch.Size([1, 133, 303, 131]), rank 0
2026-08-20 04:06:23.288977: predicting ATLAS_r032s043_ses1
2026-08-20 04:06:23.307252: ATLAS_r032s043_ses1, shape torch.Size([1, 142, 315, 144]), rank 0
2026-08-20 04:06:26.035911: predicting ATLAS_r034s008_ses1
2026-08-20 04:06:26.044448: ATLAS_r034s008_ses1, shape torch.Size([1, 135, 158, 126]), rank 0
2026-08-20 04:06:26.741235: predicting ATLAS_r038s013_ses1
2026-08-20 04:06:26.751200: ATLAS_r038s013_ses1, shape torch.Size([1, 147, 157, 131]), rank 0
2026-08-20 04:06:28.123255: predicting ATLAS_r038s017_ses1
2026-08-20 04:06:28.135162: ATLAS_r038s017_ses1, shape torch.Size([1, 153, 167, 141]), rank 0
2026-08-20 04:06:29.506447: predicting ATLAS_r038s018_ses1
2026-08-20 04:06:29.515041: ATLAS_r038s018_ses1, shape torch.Size([1, 144, 148, 134]), rank 0
2026-08-20 04:06:30.886752: predicting ATLAS_r038s027_ses1
2026-08-20 04:06:30.896562: ATLAS_r038s027_ses1, shape torch.Size([1, 157, 151, 134]), rank 0
2026-08-20 04:06:32.267417: predicting ATLAS_r038s029_ses1
2026-08-20 04:06:32.276683: ATLAS_r038s029_ses1, shape torch.Size([1, 150, 150, 143]), rank 0
2026-08-20 04:06:33.646067: predicting ATLAS_r038s032_ses1
2026-08-20 04:06:33.654824: ATLAS_r038s032_ses1, shape torch.Size([1, 143, 160, 136]), rank 0
2026-08-20 04:06:35.024184: predicting ATLAS_r038s055_ses1
2026-08-20 04:06:35.031815: ATLAS_r038s055_ses1, shape torch.Size([1, 138, 161, 130]), rank 0
2026-08-20 04:06:36.401268: predicting ATLAS_r038s081_ses1
2026-08-20 04:06:36.410939: ATLAS_r038s081_ses1, shape torch.Size([1, 147, 155, 133]), rank 0
2026-08-20 04:06:37.781502: predicting ATLAS_r040s027_ses1
2026-08-20 04:06:37.789351: ATLAS_r040s027_ses1, shape torch.Size([1, 145, 143, 130]), rank 0
2026-08-20 04:06:39.159870: predicting ATLAS_r040s028_ses1
2026-08-20 04:06:39.167620: ATLAS_r040s028_ses1, shape torch.Size([1, 138, 152, 129]), rank 0
2026-08-20 04:06:40.536244: predicting ATLAS_r040s030_ses1
2026-08-20 04:06:40.545503: ATLAS_r040s030_ses1, shape torch.Size([1, 146, 164, 130]), rank 0
2026-08-20 04:06:41.914617: predicting ATLAS_r040s031_ses1
2026-08-20 04:06:41.925171: ATLAS_r040s031_ses1, shape torch.Size([1, 151, 172, 138]), rank 0
2026-08-20 04:06:43.293833: predicting ATLAS_r040s066_ses1
2026-08-20 04:06:43.303520: ATLAS_r040s066_ses1, shape torch.Size([1, 145, 162, 143]), rank 0
2026-08-20 04:06:44.674411: predicting ATLAS_r040s069_ses1
2026-08-20 04:06:44.684044: ATLAS_r040s069_ses1, shape torch.Size([1, 151, 155, 138]), rank 0
2026-08-20 04:06:46.052665: predicting ATLAS_r040s080_ses1
2026-08-20 04:06:46.058888: ATLAS_r040s080_ses1, shape torch.Size([1, 140, 150, 126]), rank 0
2026-08-20 04:06:46.755862: predicting ATLAS_r045s004_ses1
2026-08-20 04:06:46.763020: ATLAS_r045s004_ses1, shape torch.Size([1, 142, 160, 124]), rank 0
2026-08-20 04:06:47.460326: predicting ATLAS_r047s003_ses1
2026-08-20 04:06:47.469549: ATLAS_r047s003_ses1, shape torch.Size([1, 145, 161, 136]), rank 0
2026-08-20 04:06:48.841546: predicting ATLAS_r047s015_ses1
2026-08-20 04:06:48.853747: ATLAS_r047s015_ses1, shape torch.Size([1, 153, 170, 144]), rank 0
2026-08-20 04:06:50.226393: predicting ATLAS_r047s019_ses1
2026-08-20 04:06:50.240187: ATLAS_r047s019_ses1, shape torch.Size([1, 151, 182, 139]), rank 0
2026-08-20 04:06:51.615054: predicting ATLAS_r047s043_ses1
2026-08-20 04:06:51.626894: ATLAS_r047s043_ses1, shape torch.Size([1, 149, 171, 143]), rank 0
2026-08-20 04:06:53.002577: predicting ATLAS_r047s048_ses1
2026-08-20 04:06:53.017997: ATLAS_r047s048_ses1, shape torch.Size([1, 161, 188, 141]), rank 0
2026-08-20 04:06:54.393842: predicting ATLAS_r048s003_ses1
2026-08-20 04:06:54.404375: ATLAS_r048s003_ses1, shape torch.Size([1, 142, 174, 133]), rank 0
2026-08-20 04:06:55.781091: predicting ATLAS_r048s006_ses1
2026-08-20 04:06:55.791978: ATLAS_r048s006_ses1, shape torch.Size([1, 147, 174, 147]), rank 0
2026-08-20 04:06:57.168164: predicting ATLAS_r048s020_ses1
2026-08-20 04:06:57.177166: ATLAS_r048s020_ses1, shape torch.Size([1, 145, 163, 132]), rank 0
2026-08-20 04:06:58.554491: predicting ATLAS_r048s024_ses1
2026-08-20 04:06:58.563217: ATLAS_r048s024_ses1, shape torch.Size([1, 139, 163, 138]), rank 0
2026-08-20 04:06:59.940494: predicting ATLAS_r048s030_ses1
2026-08-20 04:06:59.951220: ATLAS_r048s030_ses1, shape torch.Size([1, 152, 173, 141]), rank 0
2026-08-20 04:07:01.329848: predicting ATLAS_r048s039_ses1
2026-08-20 04:07:01.340058: ATLAS_r048s039_ses1, shape torch.Size([1, 144, 168, 139]), rank 0
2026-08-20 04:07:02.720218: predicting ATLAS_r048s043_ses1
2026-08-20 04:07:02.729496: ATLAS_r048s043_ses1, shape torch.Size([1, 150, 178, 137]), rank 0
2026-08-20 04:07:04.109446: predicting ATLAS_r049s011_ses1
2026-08-20 04:07:04.119003: ATLAS_r049s011_ses1, shape torch.Size([1, 153, 166, 134]), rank 0
2026-08-20 04:07:05.501787: predicting ATLAS_r049s020_ses1
2026-08-20 04:07:05.509910: ATLAS_r049s020_ses1, shape torch.Size([1, 150, 158, 130]), rank 0
2026-08-20 04:07:06.892619: predicting ATLAS_r050s011_ses1
2026-08-20 04:07:06.902613: ATLAS_r050s011_ses1, shape torch.Size([1, 143, 158, 134]), rank 0
2026-08-20 04:07:08.283368: predicting ATLAS_r052s005_ses1
2026-08-20 04:07:08.293675: ATLAS_r052s005_ses1, shape torch.Size([1, 150, 176, 140]), rank 0
2026-08-20 04:07:09.675617: predicting ATLAS_r052s008_ses1
2026-08-20 04:07:09.684038: ATLAS_r052s008_ses1, shape torch.Size([1, 150, 157, 131]), rank 0
2026-08-20 04:07:11.065069: predicting ATLAS_r052s017_ses1
2026-08-20 04:07:11.074791: ATLAS_r052s017_ses1, shape torch.Size([1, 152, 173, 135]), rank 0
2026-08-20 04:07:12.457769: predicting ATLAS_r052s019_ses1
2026-08-20 04:07:12.467124: ATLAS_r052s019_ses1, shape torch.Size([1, 151, 161, 140]), rank 0
2026-08-20 04:07:13.851073: predicting ATLAS_r052s028_ses1
2026-08-20 04:07:13.858583: ATLAS_r052s028_ses1, shape torch.Size([1, 148, 156, 130]), rank 0
2026-08-20 04:07:15.241297: predicting ATLAS_r052s031_ses1
2026-08-20 04:07:15.252561: ATLAS_r052s031_ses1, shape torch.Size([1, 155, 187, 138]), rank 0
2026-08-20 04:07:16.637037: predicting ATLAS_r052s033_ses1
2026-08-20 04:07:16.645532: ATLAS_r052s033_ses1, shape torch.Size([1, 148, 157, 124]), rank 0
2026-08-20 04:07:17.348946: predicting ATLAS_r053s016_ses1
2026-08-20 04:07:17.360549: ATLAS_r053s016_ses1, shape torch.Size([1, 149, 167, 145]), rank 0
2026-08-20 04:07:18.745724: predicting ATLAS_r053s053_ses1
2026-08-20 04:07:18.756597: ATLAS_r053s053_ses1, shape torch.Size([1, 161, 171, 138]), rank 0
2026-08-20 04:07:20.138369: predicting ATLAS_r056s002_ses1
2026-08-20 04:07:20.148578: ATLAS_r056s002_ses1, shape torch.Size([1, 157, 152, 147]), rank 0
2026-08-20 04:07:21.533146: predicting ATLAS_r056s009_ses1
2026-08-20 04:07:21.547575: ATLAS_r056s009_ses1, shape torch.Size([1, 158, 179, 140]), rank 0
2026-08-20 04:07:22.931695: predicting ATLAS_r056s010_ses1
2026-08-20 04:07:22.943440: ATLAS_r056s010_ses1, shape torch.Size([1, 147, 150, 136]), rank 0
2026-08-20 04:07:24.327331: predicting ATLAS_r057s047_ses1
2026-08-20 04:07:24.339744: ATLAS_r057s047_ses1, shape torch.Size([1, 158, 165, 137]), rank 0
2026-08-20 04:07:25.722741: predicting ATLAS_r058s035_ses1
2026-08-20 04:07:25.733829: ATLAS_r058s035_ses1, shape torch.Size([1, 141, 170, 130]), rank 0
2026-08-20 04:07:27.117679: predicting ATLAS_r059s028_ses1
2026-08-20 04:07:27.127222: ATLAS_r059s028_ses1, shape torch.Size([1, 146, 171, 134]), rank 0
2026-08-20 04:07:28.508611: predicting ATLAS_r059s037_ses1
2026-08-20 04:07:28.520605: ATLAS_r059s037_ses1, shape torch.Size([1, 154, 178, 137]), rank 0
2026-08-20 04:07:29.902202: predicting ATLAS_r061s001_ses1
2026-08-20 04:07:29.912353: ATLAS_r061s001_ses1, shape torch.Size([1, 148, 170, 137]), rank 0
2026-08-20 04:07:31.292474: predicting ATLAS_r061s007_ses1
2026-08-20 04:07:31.302948: ATLAS_r061s007_ses1, shape torch.Size([1, 156, 173, 139]), rank 0
2026-08-20 04:07:32.682851: predicting ATLAS_r061s008_ses1
2026-08-20 04:07:32.692672: ATLAS_r061s008_ses1, shape torch.Size([1, 148, 163, 142]), rank 0
2026-08-20 04:07:34.071697: predicting ATLAS_r061s012_ses1
2026-08-20 04:07:34.079630: ATLAS_r061s012_ses1, shape torch.Size([1, 154, 158, 139]), rank 0
2026-08-20 04:07:35.458434: predicting ATLAS_r062s007_ses1
2026-08-20 04:07:35.469172: ATLAS_r062s007_ses1, shape torch.Size([1, 149, 183, 135]), rank 0
2026-08-20 04:07:36.845687: predicting ATLAS_r065s015_ses1
2026-08-20 04:07:36.854548: ATLAS_r065s015_ses1, shape torch.Size([1, 146, 153, 135]), rank 0
2026-08-20 04:07:38.231568: predicting ATLAS_r065s021_ses1
2026-08-20 04:07:38.241705: ATLAS_r065s021_ses1, shape torch.Size([1, 143, 166, 134]), rank 0
2026-08-20 04:07:39.618394: predicting ATLAS_r067s039_ses1
2026-08-20 04:07:39.631931: ATLAS_r067s039_ses1, shape torch.Size([1, 154, 169, 138]), rank 0
2026-08-20 04:07:41.007749: predicting ATLAS_r067s041_ses1
2026-08-20 04:07:41.019073: ATLAS_r067s041_ses1, shape torch.Size([1, 156, 166, 137]), rank 0
2026-08-20 04:07:42.395446: predicting ATLAS_r067s043_ses1
2026-08-20 04:07:42.404697: ATLAS_r067s043_ses1, shape torch.Size([1, 153, 159, 127]), rank 0
2026-08-20 04:07:43.102040: predicting ATLAS_r069s029_ses1
2026-08-20 04:07:43.111572: ATLAS_r069s029_ses1, shape torch.Size([1, 147, 155, 132]), rank 0
2026-08-20 04:07:44.484617: predicting ATLAS_r069s034_ses1
2026-08-20 04:07:44.495228: ATLAS_r069s034_ses1, shape torch.Size([1, 147, 177, 133]), rank 0
2026-08-20 04:07:45.868411: predicting ATLAS_r069s040_ses1
2026-08-20 04:07:45.880634: ATLAS_r069s040_ses1, shape torch.Size([1, 151, 179, 137]), rank 0
2026-08-20 04:07:47.257810: predicting ATLAS_r071s026_ses1
2026-08-20 04:07:47.268783: ATLAS_r071s026_ses1, shape torch.Size([1, 146, 166, 138]), rank 0
2026-08-20 04:07:48.647312: predicting ATLAS_r071s036_ses1
2026-08-20 04:07:48.657237: ATLAS_r071s036_ses1, shape torch.Size([1, 145, 158, 131]), rank 0
2026-08-20 04:07:55.538124: Validation complete
2026-08-20 04:07:55.538226: Mean Validation Dice:  0.6563276951587104

== nnUNetTrainerBaseline_500epochs == (plans=nnUNetResEncUNetMPlans)
[run_id] nnUNetTrainerBaseline_500epochs__nnUNetResEncUNetMPlans__3d_fullres__fold0__fpfd2f5a700c
$ nnUNetv2_train 2 3d_fullres 0 -tr nnUNetTrainerBaseline_500epochs -p nnUNetResEncUNetMPlans
[2026-08-20 04:07:58] --- predict held-out test set, with probabilities (one pass) ---

#######################################################################
Please cite the following paper when using nnU-Net:
Isensee, F., Jaeger, P. F., Kohl, S. A., Petersen, J., & Maier-Hein, K. H. (2021). nnU-Net: a self-configuring method for deep learning-based biomedical image segmentation. Nature methods, 18(2), 203-211.
#######################################################################

Trainer 'nnUNetTrainerBaseline_500epochs' not found in nnunetv2.training.nnUNetTrainer.
Searching in external trainer paths from environment variable 'nnUNet_extTrainer'...
Searching in: /home/galia/ISLES2026/isles26_project_simplified
Searching for class nnUNetTrainerBaseline_500epochs in folder /home/galia/ISLES2026/isles26_project_simplified with current module None
  Inspecting module: isles26
  Inspecting module: custom_trainers.install_custom_trainers
  Inspecting module: custom_trainers.losses
  Inspecting module: custom_trainers.nnUNetTrainer1000epochs
  Inspecting module: custom_trainers.nnUNetTrainer500epochs
Found class nnUNetTrainerBaseline_500epochs in custom_trainers.nnUNetTrainer500epochs
Using trainer 'nnUNetTrainerBaseline_500epochs' from: /home/galia/ISLES2026/isles26_project_simplified
There are 250 cases in the source folder
I am process 0 out of 1 (max process ID is 0, we start counting with 0!)
There are 250 cases that I would like to predict

Predicting ATLAS_r001s002_ses1:
perform_everything_on_device: True
  0%|          | 0/8 [00:00<?, ?it/s] 12%|█▎        | 1/8 [00:00<00:05,  1.21it/s] 25%|██▌       | 2/8 [00:01<00:02,  2.26it/s] 38%|███▊      | 3/8 [00:01<00:01,  2.97it/s] 50%|█████     | 4/8 [00:01<00:01,  3.49it/s] 62%|██████▎   | 5/8 [00:01<00:00,  3.86it/s] 75%|███████▌  | 6/8 [00:01<00:00,  4.13it/s] 88%|████████▊ | 7/8 [00:02<00:00,  4.31it/s]100%|██████████| 8/8 [00:02<00:00,  4.44it/s]100%|██████████| 8/8 [00:02<00:00,  3.54it/s]
sending off prediction to background worker for resampling and export
done with ATLAS_r001s002_ses1

Predicting ATLAS_r001s006_ses1:
perform_everything_on_device: True
  0%|          | 0/8 [00:00<?, ?it/s] 12%|█▎        | 1/8 [00:00<00:01,  5.74it/s] 25%|██▌       | 2/8 [00:00<00:01,  5.12it/s] 38%|███▊      | 3/8 [00:00<00:01,  4.94it/s] 50%|█████     | 4/8 [00:00<00:00,  4.87it/s] 62%|██████▎   | 5/8 [00:01<00:00,  4.82it/s] 75%|███████▌  | 6/8 [00:01<00:00,  4.79it/s] 88%|████████▊ | 7/8 [00:01<00:00,  4.78it/s]100%|██████████| 8/8 [00:01<00:00,  4.77it/s]100%|██████████| 8/8 [00:01<00:00,  4.85it/s]
sending off prediction to background worker for resampling and export
done with ATLAS_r001s006_ses1

Predicting ATLAS_r001s027_ses1:
perform_everything_on_device: True
  0%|          | 0/8 [00:00<?, ?it/s] 12%|█▎        | 1/8 [00:00<00:01,  5.74it/s] 25%|██▌       | 2/8 [00:00<00:01,  5.12it/s] 38%|███▊      | 3/8 [00:00<00:01,  4.94it/s] 50%|█████     | 4/8 [00:00<00:00,  4.86it/s] 62%|██████▎   | 5/8 [00:01<00:00,  4.82it/s] 75%|███████▌  | 6/8 [00:01<00:00,  4.79it/s] 88%|████████▊ | 7/8 [00:01<00:00,  4.78it/s]100%|██████████| 8/8 [00:01<00:00,  4.77it/s]100%|██████████| 8/8 [00:01<00:00,  4.85it/s]
sending off prediction to background worker for resampling and export
done with ATLAS_r001s027_ses1

Predicting ATLAS_r001s029_ses1:
perform_everything_on_device: True
  0%|          | 0/8 [00:00<?, ?it/s] 12%|█▎        | 1/8 [00:00<00:01,  5.72it/s] 25%|██▌       | 2/8 [00:00<00:01,  5.11it/s] 38%|███▊      | 3/8 [00:00<00:01,  4.94it/s] 50%|█████     | 4/8 [00:00<00:00,  4.86it/s] 62%|██████▎   | 5/8 [00:01<00:00,  4.82it/s] 75%|███████▌  | 6/8 [00:01<00:00,  4.79it/s] 88%|████████▊ | 7/8 [00:01<00:00,  4.78it/s]100%|██████████| 8/8 [00:01<00:00,  4.77it/s]100%|██████████| 8/8 [00:01<00:00,  4.85it/s]
sending off prediction to background worker for resampling and export
done with ATLAS_r001s029_ses1

Predicting ATLAS_r002s004_ses1:
perform_everything_on_device: True
  0%|          | 0/8 [00:00<?, ?it/s] 12%|█▎        | 1/8 [00:00<00:01,  5.71it/s] 25%|██▌       | 2/8 [00:00<00:01,  5.10it/s] 38%|███▊      | 3/8 [00:00<00:01,  4.94it/s] 50%|█████     | 4/8 [00:00<00:00,  4.86it/s] 62%|██████▎   | 5/8 [00:01<00:00,  4.81it/s] 75%|███████▌  | 6/8 [00:01<00:00,  4.79it/s] 88%|████████▊ | 7/8 [00:01<00:00,  4.77it/s]100%|██████████| 8/8 [00:01<00:00,  4.76it/s]100%|██████████| 8/8 [00:01<00:00,  4.85it/s]
sending off prediction to background worker for resampling and export
done with ATLAS_r002s004_ses1

Predicting ATLAS_r003s011_ses1:
perform_everything_on_device: True
  0%|          | 0/8 [00:00<?, ?it/s] 12%|█▎        | 1/8 [00:00<00:01,  5.73it/s] 25%|██▌       | 2/8 [00:00<00:01,  5.11it/s] 38%|███▊      | 3/8 [00:00<00:01,  4.95it/s] 50%|█████     | 4/8 [00:00<00:00,  4.87it/s] 62%|██████▎   | 5/8 [00:01<00:00,  4.83it/s] 75%|███████▌  | 6/8 [00:01<00:00,  4.80it/s] 88%|████████▊ | 7/8 [00:01<00:00,  4.79it/s]100%|██████████| 8/8 [00:01<00:00,  4.78it/s]100%|██████████| 8/8 [00:01<00:00,  4.86it/s]
sending off prediction to background worker for resampling and export
done with ATLAS_r003s011_ses1

Predicting ATLAS_r003s012_ses1:
perform_everything_on_device: True
  0%|          | 0/8 [00:00<?, ?it/s] 12%|█▎        | 1/8 [00:00<00:01,  5.74it/s] 25%|██▌       | 2/8 [00:00<00:01,  5.12it/s] 38%|███▊      | 3/8 [00:00<00:01,  4.95it/s] 50%|█████     | 4/8 [00:00<00:00,  4.87it/s] 62%|██████▎   | 5/8 [00:01<00:00,  4.83it/s] 75%|███████▌  | 6/8 [00:01<00:00,  4.80it/s] 88%|████████▊ | 7/8 [00:01<00:00,  4.79it/s]100%|██████████| 8/8 [00:01<00:00,  4.77it/s]100%|██████████| 8/8 [00:01<00:00,  4.86it/s]
sending off prediction to background worker for resampling and export
done with ATLAS_r003s012_ses1

Predicting ATLAS_r004s027_ses1:
perform_everything_on_device: True
  0%|          | 0/8 [00:00<?, ?it/s] 12%|█▎        | 1/8 [00:00<00:01,  5.75it/s] 25%|██▌       | 2/8 [00:00<00:01,  5.12it/s] 38%|███▊      | 3/8 [00:00<00:01,  4.95it/s] 50%|█████     | 4/8 [00:00<00:00,  4.87it/s] 62%|██████▎   | 5/8 [00:01<00:00,  4.82it/s] 75%|███████▌  | 6/8 [00:01<00:00,  4.80it/s] 88%|████████▊ | 7/8 [00:01<00:00,  4.78it/s]100%|██████████| 8/8 [00:01<00:00,  4.77it/s]100%|██████████| 8/8 [00:01<00:00,  4.86it/s]
sending off prediction to background worker for resampling and export
done with ATLAS_r004s027_ses1

Predicting ATLAS_r004s030_ses1:
perform_everything_on_device: True
  0%|          | 0/8 [00:00<?, ?it/s] 12%|█▎        | 1/8 [00:00<00:01,  5.73it/s] 25%|██▌       | 2/8 [00:00<00:01,  5.09it/s] 38%|███▊      | 3/8 [00:00<00:01,  4.92it/s] 50%|█████     | 4/8 [00:00<00:00,  4.85it/s] 62%|██████▎   | 5/8 [00:01<00:00,  4.80it/s] 75%|███████▌  | 6/8 [00:01<00:00,  4.78it/s] 88%|████████▊ | 7/8 [00:01<00:00,  4.76it/s]100%|██████████| 8/8 [00:01<00:00,  4.75it/s]100%|██████████| 8/8 [00:01<00:00,  4.83it/s]
sending off prediction to background worker for resampling and export
done with ATLAS_r004s030_ses1

Predicting ATLAS_r004s031_ses1:
perform_everything_on_device: True
  0%|          | 0/8 [00:00<?, ?it/s] 12%|█▎        | 1/8 [00:00<00:01,  5.73it/s] 25%|██▌       | 2/8 [00:00<00:01,  5.10it/s] 38%|███▊      | 3/8 [00:00<00:01,  4.93it/s] 50%|█████     | 4/8 [00:00<00:00,  4.85it/s] 62%|██████▎   | 5/8 [00:01<00:00,  4.81it/s] 75%|███████▌  | 6/8 [00:01<00:00,  4.78it/s] 88%|████████▊ | 7/8 [00:01<00:00,  4.76it/s]100%|██████████| 8/8 [00:01<00:00,  4.76it/s]100%|██████████| 8/8 [00:01<00:00,  4.84it/s]
sending off prediction to background worker for resampling and export
done with ATLAS_r004s031_ses1

Predicting ATLAS_r005s015_ses1:
perform_everything_on_device: True
  0%|          | 0/8 [00:00<?, ?it/s] 12%|█▎        | 1/8 [00:00<00:01,  5.73it/s] 25%|██▌       | 2/8 [00:00<00:01,  5.10it/s] 38%|███▊      | 3/8 [00:00<00:01,  4.92it/s] 50%|█████     | 4/8 [00:00<00:00,  4.84it/s] 62%|██████▎   | 5/8 [00:01<00:00,  4.80it/s] 75%|███████▌  | 6/8 [00:01<00:00,  4.78it/s] 88%|████████▊ | 7/8 [00:01<00:00,  4.76it/s]100%|██████████| 8/8 [00:01<00:00,  4.75it/s]100%|██████████| 8/8 [00:01<00:00,  4.83it/s]
sending off prediction to background worker for resampling and export
done with ATLAS_r005s015_ses1

Predicting ATLAS_r005s016_ses1:
perform_everything_on_device: True
  0%|          | 0/8 [00:00<?, ?it/s] 12%|█▎        | 1/8 [00:00<00:01,  5.74it/s] 25%|██▌       | 2/8 [00:00<00:01,  5.11it/s] 38%|███▊      | 3/8 [00:00<00:01,  4.93it/s] 50%|█████     | 4/8 [00:00<00:00,  4.84it/s] 62%|██████▎   | 5/8 [00:01<00:00,  4.80it/s] 75%|███████▌  | 6/8 [00:01<00:00,  4.78it/s] 88%|████████▊ | 7/8 [00:01<00:00,  4.76it/s]100%|██████████| 8/8 [00:01<00:00,  4.75it/s]100%|██████████| 8/8 [00:01<00:00,  4.84it/s]
sending off prediction to background worker for resampling and export
done with ATLAS_r005s016_ses1

Predicting ATLAS_r005s025_ses1:
perform_everything_on_device: True
  0%|          | 0/8 [00:00<?, ?it/s] 12%|█▎        | 1/8 [00:00<00:01,  5.72it/s] 25%|██▌       | 2/8 [00:00<00:01,  5.09it/s] 38%|███▊      | 3/8 [00:00<00:01,  4.92it/s] 50%|█████     | 4/8 [00:00<00:00,  4.84it/s] 62%|██████▎   | 5/8 [00:01<00:00,  4.80it/s] 75%|███████▌  | 6/8 [00:01<00:00,  4.77it/s] 88%|████████▊ | 7/8 [00:01<00:00,  4.76it/s]100%|██████████| 8/8 [00:01<00:00,  4.75it/s]100%|██████████| 8/8 [00:01<00:00,  4.83it/s]
sending off prediction to background worker for resampling and export
done with ATLAS_r005s025_ses1

Predicting ATLAS_r005s026_ses1:
perform_everything_on_device: True
  0%|          | 0/8 [00:00<?, ?it/s] 12%|█▎        | 1/8 [00:00<00:01,  5.72it/s] 25%|██▌       | 2/8 [00:00<00:01,  5.09it/s] 38%|███▊      | 3/8 [00:00<00:01,  4.92it/s] 50%|█████     | 4/8 [00:00<00:00,  4.84it/s] 62%|██████▎   | 5/8 [00:01<00:00,  4.80it/s] 75%|███████▌  | 6/8 [00:01<00:00,  4.78it/s] 88%|████████▊ | 7/8 [00:01<00:00,  4.76it/s]100%|██████████| 8/8 [00:01<00:00,  4.75it/s]100%|██████████| 8/8 [00:01<00:00,  4.83it/s]
sending off prediction to background worker for resampling and export
done with ATLAS_r005s026_ses1

Predicting ATLAS_r005s030_ses1:
perform_everything_on_device: True
  0%|          | 0/8 [00:00<?, ?it/s] 12%|█▎        | 1/8 [00:00<00:01,  5.71it/s] 25%|██▌       | 2/8 [00:00<00:01,  5.09it/s] 38%|███▊      | 3/8 [00:00<00:01,  4.91it/s] 50%|█████     | 4/8 [00:00<00:00,  4.84it/s] 62%|██████▎   | 5/8 [00:01<00:00,  4.79it/s] 75%|███████▌  | 6/8 [00:01<00:00,  4.77it/s] 88%|████████▊ | 7/8 [00:01<00:00,  4.75it/s]100%|██████████| 8/8 [00:01<00:00,  4.75it/s]100%|██████████| 8/8 [00:01<00:00,  4.83it/s]
sending off prediction to background worker for resampling and export
done with ATLAS_r005s030_ses1

Predicting ATLAS_r005s031_ses1:
perform_everything_on_device: True
  0%|          | 0/8 [00:00<?, ?it/s] 12%|█▎        | 1/8 [00:00<00:01,  5.73it/s] 25%|██▌       | 2/8 [00:00<00:01,  5.11it/s] 38%|███▊      | 3/8 [00:00<00:01,  4.90it/s] 50%|█████     | 4/8 [00:00<00:00,  4.86it/s] 62%|██████▎   | 5/8 [00:01<00:00,  4.81it/s] 75%|███████▌  | 6/8 [00:01<00:00,  4.79it/s] 88%|████████▊ | 7/8 [00:01<00:00,  4.77it/s]100%|██████████| 8/8 [00:01<00:00,  4.76it/s]100%|██████████| 8/8 [00:01<00:00,  4.84it/s]
sending off prediction to background worker for resampling and export
done with ATLAS_r005s031_ses1

Predicting ATLAS_r005s034_ses1:
perform_everything_on_device: True
  0%|          | 0/4 [00:00<?, ?it/s] 25%|██▌       | 1/4 [00:00<00:00,  5.72it/s] 50%|█████     | 2/4 [00:00<00:00,  5.09it/s] 75%|███████▌  | 3/4 [00:00<00:00,  4.91it/s]100%|██████████| 4/4 [00:00<00:00,  4.84it/s]100%|██████████| 4/4 [00:00<00:00,  4.94it/s]
sending off prediction to background worker for resampling and export
done with ATLAS_r005s034_ses1

Predicting ATLAS_r005s044_ses1:
perform_everything_on_device: True
  0%|          | 0/8 [00:00<?, ?it/s] 12%|█▎        | 1/8 [00:00<00:01,  5.74it/s] 25%|██▌       | 2/8 [00:00<00:01,  5.10it/s] 38%|███▊      | 3/8 [00:00<00:01,  4.83it/s] 50%|█████     | 4/8 [00:00<00:00,  4.61it/s] 62%|██████▎   | 5/8 [00:01<00:00,  4.65it/s] 75%|███████▌  | 6/8 [00:01<00:00,  4.64it/s] 88%|████████▊ | 7/8 [00:01<00:00,  4.09it/s]100%|██████████| 8/8 [00:01<00:00,  3.94it/s]100%|██████████| 8/8 [00:01<00:00,  4.34it/s]
sending off prediction to background worker for resampling and export
done with ATLAS_r005s044_ses1

Predicting ATLAS_r005s045_ses1:
perform_everything_on_device: True
  0%|          | 0/8 [00:00<?, ?it/s] 12%|█▎        | 1/8 [00:00<00:02,  3.07it/s] 25%|██▌       | 2/8 [00:00<00:02,  2.47it/s] 38%|███▊      | 3/8 [00:01<00:02,  2.31it/s] 50%|█████     | 4/8 [00:01<00:01,  2.24it/s] 62%|██████▎   | 5/8 [00:02<00:01,  2.21it/s] 75%|███████▌  | 6/8 [00:02<00:00,  2.18it/s] 88%|████████▊ | 7/8 [00:03<00:00,  2.25it/s]100%|██████████| 8/8 [00:03<00:00,  2.65it/s]100%|██████████| 8/8 [00:03<00:00,  2.42it/s]
sending off prediction to background worker for resampling and export
done with ATLAS_r005s045_ses1

Predicting ATLAS_r005s046_ses1:
perform_everything_on_device: True
  0%|          | 0/8 [00:00<?, ?it/s] 12%|█▎        | 1/8 [00:00<00:02,  2.57it/s] 25%|██▌       | 2/8 [00:00<00:02,  2.79it/s] 38%|███▊      | 3/8 [00:00<00:01,  3.31it/s] 50%|█████     | 4/8 [00:01<00:01,  3.49it/s] 62%|██████▎   | 5/8 [00:01<00:01,  2.84it/s] 75%|███████▌  | 6/8 [00:02<00:00,  2.56it/s] 88%|████████▊ | 7/8 [00:02<00:00,  2.40it/s]100%|██████████| 8/8 [00:03<00:00,  2.31it/s]100%|██████████| 8/8 [00:03<00:00,  2.58it/s]
sending off prediction to background worker for resampling and export
done with ATLAS_r005s046_ses1

Predicting ATLAS_r005s047_ses1:
perform_everything_on_device: True
  0%|          | 0/8 [00:00<?, ?it/s] 12%|█▎        | 1/8 [00:00<00:02,  2.59it/s] 25%|██▌       | 2/8 [00:00<00:02,  2.30it/s] 38%|███▊      | 3/8 [00:01<00:02,  2.23it/s] 50%|█████     | 4/8 [00:01<00:01,  2.19it/s] 62%|██████▎   | 5/8 [00:02<00:01,  2.43it/s] 75%|███████▌  | 6/8 [00:02<00:00,  2.84it/s] 88%|████████▊ | 7/8 [00:02<00:00,  3.02it/s]100%|██████████| 8/8 [00:03<00:00,  2.67it/s]100%|██████████| 8/8 [00:03<00:00,  2.57it/s]
sending off prediction to background worker for resampling and export
done with ATLAS_r005s047_ses1

Predicting ATLAS_r005s048_ses1:
perform_everything_on_device: True
  0%|          | 0/8 [00:00<?, ?it/s] 12%|█▎        | 1/8 [00:00<00:02,  2.58it/s] 25%|██▌       | 2/8 [00:00<00:02,  2.30it/s] 38%|███▊      | 3/8 [00:01<00:02,  2.23it/s] 50%|█████     | 4/8 [00:01<00:01,  2.20it/s] 62%|██████▎   | 5/8 [00:02<00:01,  2.18it/s] 75%|███████▌  | 6/8 [00:02<00:00,  2.30it/s] 88%|████████▊ | 7/8 [00:02<00:00,  2.71it/s]100%|██████████| 8/8 [00:03<00:00,  3.07it/s]100%|██████████| 8/8 [00:03<00:00,  2.58it/s]
sending off prediction to background worker for resampling and export
done with ATLAS_r005s048_ses1

Predicting ATLAS_r005s049_ses1:
perform_everything_on_device: True
  0%|          | 0/8 [00:00<?, ?it/s] 12%|█▎        | 1/8 [00:00<00:02,  2.64it/s] 25%|██▌       | 2/8 [00:00<00:02,  2.33it/s] 38%|███▊      | 3/8 [00:01<00:02,  2.24it/s] 50%|█████     | 4/8 [00:01<00:01,  2.20it/s] 62%|██████▎   | 5/8 [00:02<00:01,  2.18it/s] 75%|███████▌  | 6/8 [00:02<00:00,  2.16it/s] 88%|████████▊ | 7/8 [00:03<00:00,  2.31it/s]100%|██████████| 8/8 [00:03<00:00,  2.70it/s]100%|██████████| 8/8 [00:03<00:00,  2.41it/s]
sending off prediction to background worker for resampling and export
done with ATLAS_r005s049_ses1

Predicting ATLAS_r005s054_ses1:
perform_everything_on_device: True
  0%|          | 0/8 [00:00<?, ?it/s] 12%|█▎        | 1/8 [00:00<00:02,  2.61it/s] 25%|██▌       | 2/8 [00:00<00:01,  3.39it/s] 38%|███▊      | 3/8 [00:00<00:01,  3.73it/s] 50%|█████     | 4/8 [00:01<00:01,  3.24it/s] 62%|██████▎   | 5/8 [00:01<00:01,  2.73it/s] 75%|███████▌  | 6/8 [00:02<00:00,  2.49it/s] 88%|████████▊ | 7/8 [00:02<00:00,  2.37it/s]100%|██████████| 8/8 [00:03<00:00,  2.29it/s]100%|██████████| 8/8 [00:03<00:00,  2.58it/s]
sending off prediction to background worker for resampling and export
done with ATLAS_r005s054_ses1

Predicting ATLAS_r005s055_ses1:
perform_everything_on_device: True
  0%|          | 0/8 [00:00<?, ?it/s] 12%|█▎        | 1/8 [00:00<00:02,  2.57it/s] 25%|██▌       | 2/8 [00:00<00:02,  2.29it/s] 38%|███▊      | 3/8 [00:01<00:02,  2.22it/s] 50%|█████     | 4/8 [00:01<00:01,  2.47it/s] 62%|██████▎   | 5/8 [00:01<00:01,  2.91it/s] 75%|███████▌  | 6/8 [00:02<00:00,  3.23it/s] 88%|████████▊ | 7/8 [00:02<00:00,  2.76it/s]100%|██████████| 8/8 [00:03<00:00,  2.52it/s]100%|██████████| 8/8 [00:03<00:00,  2.60it/s]
sending off prediction to background worker for resampling and export
done with ATLAS_r005s055_ses1

Predicting ATLAS_r005s056_ses1:
perform_everything_on_device: True
  0%|          | 0/8 [00:00<?, ?it/s] 12%|█▎        | 1/8 [00:00<00:02,  2.56it/s] 25%|██▌       | 2/8 [00:00<00:02,  2.29it/s] 38%|███▊      | 3/8 [00:01<00:02,  2.21it/s] 50%|█████     | 4/8 [00:01<00:01,  2.17it/s] 62%|██████▎   | 5/8 [00:02<00:01,  2.16it/s] 75%|███████▌  | 6/8 [00:02<00:00,  2.15it/s] 88%|████████▊ | 7/8 [00:03<00:00,  2.36it/s]100%|██████████| 8/8 [00:03<00:00,  2.75it/s]100%|██████████| 8/8 [00:03<00:00,  2.41it/s]
sending off prediction to background worker for resampling and export
done with ATLAS_r005s056_ses1

Predicting ATLAS_r005s057_ses1:
perform_everything_on_device: True
  0%|          | 0/4 [00:00<?, ?it/s] 25%|██▌       | 1/4 [00:00<00:00,  5.13it/s] 50%|█████     | 2/4 [00:00<00:00,  2.86it/s] 75%|███████▌  | 3/4 [00:01<00:00,  2.47it/s]100%|██████████| 4/4 [00:01<00:00,  2.32it/s]100%|██████████| 4/4 [00:01<00:00,  2.51it/s]
sending off prediction to background worker for resampling and export
done with ATLAS_r005s057_ses1

Predicting ATLAS_r005s058_ses1:
perform_everything_on_device: True
  0%|          | 0/8 [00:00<?, ?it/s] 12%|█▎        | 1/8 [00:00<00:02,  2.56it/s] 25%|██▌       | 2/8 [00:00<00:02,  2.29it/s] 38%|███▊      | 3/8 [00:01<00:02,  2.21it/s] 50%|█████     | 4/8 [00:01<00:01,  2.17it/s] 62%|██████▎   | 5/8 [00:02<00:01,  2.15it/s] 75%|███████▌  | 6/8 [00:02<00:00,  2.53it/s] 88%|████████▊ | 7/8 [00:02<00:00,  2.91it/s]100%|██████████| 8/8 [00:03<00:00,  2.93it/s]100%|██████████| 8/8 [00:03<00:00,  2.57it/s]
sending off prediction to background worker for resampling and export
done with ATLAS_r005s058_ses1

Predicting ATLAS_r005s059_ses1:
perform_everything_on_device: True
  0%|          | 0/8 [00:00<?, ?it/s] 12%|█▎        | 1/8 [00:00<00:02,  2.61it/s] 25%|██▌       | 2/8 [00:00<00:02,  2.29it/s] 38%|███▊      | 3/8 [00:01<00:02,  2.21it/s] 50%|█████     | 4/8 [00:01<00:01,  2.17it/s] 62%|██████▎   | 5/8 [00:02<00:01,  2.15it/s] 75%|███████▌  | 6/8 [00:02<00:00,  2.14it/s] 88%|████████▊ | 7/8 [00:03<00:00,  2.30it/s]100%|██████████| 8/8 [00:03<00:00,  2.69it/s]100%|██████████| 8/8 [00:03<00:00,  2.39it/s]
sending off prediction to background worker for resampling and export
done with ATLAS_r005s059_ses1

Predicting ATLAS_r005s068_ses1:
perform_everything_on_device: True
  0%|          | 0/8 [00:00<?, ?it/s] 12%|█▎        | 1/8 [00:00<00:02,  2.55it/s] 25%|██▌       | 2/8 [00:00<00:01,  3.05it/s] 38%|███▊      | 3/8 [00:00<00:01,  3.49it/s] 50%|█████     | 4/8 [00:01<00:01,  3.34it/s] 62%|██████▎   | 5/8 [00:01<00:01,  2.77it/s] 75%|███████▌  | 6/8 [00:02<00:00,  2.51it/s] 88%|████████▊ | 7/8 [00:02<00:00,  2.37it/s]100%|██████████| 8/8 [00:03<00:00,  2.29it/s]100%|██████████| 8/8 [00:03<00:00,  2.57it/s]
sending off prediction to background worker for resampling and export
done with ATLAS_r005s068_ses1

Predicting ATLAS_r005s069_ses1:
perform_everything_on_device: True
  0%|          | 0/8 [00:00<?, ?it/s] 12%|█▎        | 1/8 [00:00<00:02,  2.55it/s] 25%|██▌       | 2/8 [00:00<00:02,  2.28it/s] 38%|███▊      | 3/8 [00:01<00:02,  2.20it/s] 50%|█████     | 4/8 [00:01<00:01,  2.17it/s] 62%|██████▎   | 5/8 [00:02<00:01,  2.54it/s] 75%|███████▌  | 6/8 [00:02<00:00,  2.93it/s] 88%|████████▊ | 7/8 [00:02<00:00,  2.89it/s]100%|██████████| 8/8 [00:03<00:00,  2.60it/s]100%|██████████| 8/8 [00:03<00:00,  2.54it/s]
sending off prediction to background worker for resampling and export
done with ATLAS_r005s069_ses1

Predicting ATLAS_r005s070_ses1:
perform_everything_on_device: True
  0%|          | 0/8 [00:00<?, ?it/s] 12%|█▎        | 1/8 [00:00<00:02,  2.57it/s] 25%|██▌       | 2/8 [00:00<00:02,  2.28it/s] 38%|███▊      | 3/8 [00:01<00:02,  2.21it/s] 50%|█████     | 4/8 [00:01<00:01,  2.18it/s] 62%|██████▎   | 5/8 [00:02<00:01,  2.16it/s] 75%|███████▌  | 6/8 [00:02<00:00,  2.15it/s] 88%|████████▊ | 7/8 [00:02<00:00,  2.53it/s]100%|██████████| 8/8 [00:03<00:00,  2.90it/s]100%|██████████| 8/8 [00:03<00:00,  2.48it/s]
sending off prediction to background worker for resampling and export
done with ATLAS_r005s070_ses1

Predicting ATLAS_r005s071_ses1:
perform_everything_on_device: True
  0%|          | 0/8 [00:00<?, ?it/s] 12%|█▎        | 1/8 [00:00<00:01,  5.10it/s] 25%|██▌       | 2/8 [00:00<00:02,  2.91it/s] 38%|███▊      | 3/8 [00:01<00:02,  2.49it/s] 50%|█████     | 4/8 [00:01<00:01,  2.34it/s] 62%|██████▎   | 5/8 [00:02<00:01,  2.26it/s] 75%|███████▌  | 6/8 [00:02<00:00,  2.21it/s] 88%|████████▊ | 7/8 [00:02<00:00,  2.19it/s]100%|██████████| 8/8 [00:03<00:00,  2.37it/s]100%|██████████| 8/8 [00:03<00:00,  2.40it/s]
sending off prediction to background worker for resampling and export
done with ATLAS_r005s071_ses1

Predicting ATLAS_r005s072_ses1:
perform_everything_on_device: True
  0%|          | 0/8 [00:00<?, ?it/s] 12%|█▎        | 1/8 [00:00<00:02,  2.58it/s] 25%|██▌       | 2/8 [00:00<00:02,  2.76it/s] 38%|███▊      | 3/8 [00:00<00:01,  3.28it/s] 50%|█████     | 4/8 [00:01<00:01,  3.44it/s] 62%|██████▎   | 5/8 [00:01<00:01,  2.83it/s] 75%|███████▌  | 6/8 [00:02<00:00,  2.55it/s] 88%|████████▊ | 7/8 [00:02<00:00,  2.39it/s]100%|██████████| 8/8 [00:03<00:00,  2.31it/s]100%|██████████| 8/8 [00:03<00:00,  2.58it/s]
sending off prediction to background worker for resampling and export
done with ATLAS_r005s072_ses1

Predicting ATLAS_r005s073_ses1:
perform_everything_on_device: True
  0%|          | 0/8 [00:00<?, ?it/s] 12%|█▎        | 1/8 [00:00<00:02,  2.59it/s] 25%|██▌       | 2/8 [00:00<00:02,  2.31it/s] 38%|███▊      | 3/8 [00:01<00:02,  2.23it/s] 50%|█████     | 4/8 [00:01<00:01,  2.19it/s] 62%|██████▎   | 5/8 [00:02<00:01,  2.41it/s] 75%|███████▌  | 6/8 [00:02<00:00,  2.82it/s] 88%|████████▊ | 7/8 [00:02<00:00,  3.18it/s]100%|██████████| 8/8 [00:03<00:00,  2.75it/s]100%|██████████| 8/8 [00:03<00:00,  2.61it/s]
sending off prediction to background worker for resampling and export
done with ATLAS_r005s073_ses1

Predicting ATLAS_r005s074_ses1:
perform_everything_on_device: True
  0%|          | 0/8 [00:00<?, ?it/s] 12%|█▎        | 1/8 [00:00<00:02,  2.59it/s] 25%|██▌       | 2/8 [00:00<00:02,  2.30it/s] 38%|███▊      | 3/8 [00:01<00:02,  2.22it/s] 50%|█████     | 4/8 [00:01<00:01,  2.19it/s] 62%|██████▎   | 5/8 [00:02<00:01,  2.18it/s] 75%|███████▌  | 6/8 [00:02<00:00,  2.16it/s] 88%|████████▊ | 7/8 [00:03<00:00,  2.35it/s]100%|██████████| 8/8 [00:03<00:00,  2.74it/s]100%|██████████| 8/8 [00:03<00:00,  2.42it/s]
sending off prediction to background worker for resampling and export
done with ATLAS_r005s074_ses1

Predicting ATLAS_r005s075_ses1:
perform_everything_on_device: True
  0%|          | 0/8 [00:00<?, ?it/s] 12%|█▎        | 1/8 [00:00<00:01,  4.12it/s] 25%|██▌       | 2/8 [00:00<00:02,  2.69it/s] 38%|███▊      | 3/8 [00:01<00:02,  2.42it/s] 50%|█████     | 4/8 [00:01<00:01,  2.31it/s] 62%|██████▎   | 5/8 [00:02<00:01,  2.25it/s] 75%|███████▌  | 6/8 [00:02<00:00,  2.22it/s] 88%|████████▊ | 7/8 [00:03<00:00,  2.19it/s]100%|██████████| 8/8 [00:03<00:00,  2.52it/s]100%|██████████| 8/8 [00:03<00:00,  2.43it/s]
sending off prediction to background worker for resampling and export
done with ATLAS_r005s075_ses1

Predicting ATLAS_r005s076_ses1:
perform_everything_on_device: True
  0%|          | 0/4 [00:00<?, ?it/s] 25%|██▌       | 1/4 [00:00<00:01,  2.72it/s] 50%|█████     | 2/4 [00:00<00:00,  3.48it/s] 75%|███████▌  | 3/4 [00:00<00:00,  3.81it/s]100%|██████████| 4/4 [00:01<00:00,  3.29it/s]100%|██████████| 4/4 [00:01<00:00,  3.34it/s]
sending off prediction to background worker for resampling and export
done with ATLAS_r005s076_ses1

Predicting ATLAS_r005s077_ses1:
perform_everything_on_device: True
  0%|          | 0/8 [00:00<?, ?it/s] 12%|█▎        | 1/8 [00:00<00:02,  2.59it/s] 25%|██▌       | 2/8 [00:00<00:02,  2.31it/s] 38%|███▊      | 3/8 [00:01<00:02,  2.24it/s] 50%|█████     | 4/8 [00:01<00:01,  2.20it/s] 62%|██████▎   | 5/8 [00:02<00:01,  2.19it/s] 75%|███████▌  | 6/8 [00:02<00:00,  2.18it/s] 88%|████████▊ | 7/8 [00:03<00:00,  2.36it/s]100%|██████████| 8/8 [00:03<00:00,  2.75it/s]100%|██████████| 8/8 [00:03<00:00,  2.43it/s]
sending off prediction to background worker for resampling and export
done with ATLAS_r005s077_ses1

Predicting ATLAS_r005s078_ses1:
perform_everything_on_device: True
  0%|          | 0/8 [00:00<?, ?it/s] 12%|█▎        | 1/8 [00:00<00:01,  4.62it/s] 25%|██▌       | 2/8 [00:00<00:01,  4.42it/s] 38%|███▊      | 3/8 [00:00<00:01,  3.72it/s] 50%|█████     | 4/8 [00:01<00:01,  2.89it/s] 62%|██████▎   | 5/8 [00:01<00:01,  2.57it/s] 75%|███████▌  | 6/8 [00:02<00:00,  2.41it/s] 88%|████████▊ | 7/8 [00:02<00:00,  2.32it/s]100%|██████████| 8/8 [00:03<00:00,  2.26it/s]100%|██████████| 8/8 [00:03<00:00,  2.59it/s]
sending off prediction to background worker for resampling and export
done with ATLAS_r005s078_ses1

Predicting ATLAS_r005s079_ses1:
perform_everything_on_device: True
  0%|          | 0/8 [00:00<?, ?it/s] 12%|█▎        | 1/8 [00:00<00:02,  2.58it/s] 25%|██▌       | 2/8 [00:00<00:02,  2.31it/s] 38%|███▊      | 3/8 [00:01<00:01,  2.67it/s] 50%|█████     | 4/8 [00:01<00:01,  3.13it/s] 62%|██████▎   | 5/8 [00:01<00:00,  3.25it/s] 75%|███████▌  | 6/8 [00:02<00:00,  2.76it/s] 88%|████████▊ | 7/8 [00:02<00:00,  2.52it/s]100%|██████████| 8/8 [00:03<00:00,  2.41it/s]100%|██████████| 8/8 [00:03<00:00,  2.61it/s]
sending off prediction to background worker for resampling and export
done with ATLAS_r005s079_ses1

Predicting ATLAS_r005s080_ses1:
perform_everything_on_device: True
  0%|          | 0/8 [00:00<?, ?it/s] 12%|█▎        | 1/8 [00:00<00:02,  2.59it/s] 25%|██▌       | 2/8 [00:00<00:02,  2.36it/s] 38%|███▊      | 3/8 [00:01<00:01,  2.96it/s] 50%|█████     | 4/8 [00:01<00:01,  3.36it/s] 62%|██████▎   | 5/8 [00:01<00:00,  3.02it/s] 75%|███████▌  | 6/8 [00:02<00:00,  2.65it/s] 88%|████████▊ | 7/8 [00:02<00:00,  2.46it/s]100%|██████████| 8/8 [00:02<00:00,  2.58it/s]100%|██████████| 8/8 [00:02<00:00,  2.68it/s]
sending off prediction to background worker for resampling and export
done with ATLAS_r005s080_ses1

Predicting ATLAS_r005s081_ses1:
perform_everything_on_device: True
  0%|          | 0/8 [00:00<?, ?it/s] 12%|█▎        | 1/8 [00:00<00:02,  2.57it/s] 25%|██▌       | 2/8 [00:00<00:02,  2.50it/s] 38%|███▊      | 3/8 [00:01<00:01,  3.08it/s] 50%|█████     | 4/8 [00:01<00:01,  3.46it/s] 62%|██████▎   | 5/8 [00:01<00:01,  3.00it/s] 75%|███████▌  | 6/8 [00:02<00:00,  2.64it/s] 88%|████████▊ | 7/8 [00:02<00:00,  2.45it/s]100%|██████████| 8/8 [00:03<00:00,  2.34it/s]100%|██████████| 8/8 [00:03<00:00,  2.60it/s]
sending off prediction to background worker for resampling and export
done with ATLAS_r005s081_ses1

Predicting ATLAS_r005s082_ses1:
perform_everything_on_device: True
  0%|          | 0/4 [00:00<?, ?it/s] 25%|██▌       | 1/4 [00:00<00:01,  2.58it/s] 50%|█████     | 2/4 [00:00<00:00,  2.30it/s] 75%|███████▌  | 3/4 [00:01<00:00,  2.23it/s]100%|██████████| 4/4 [00:01<00:00,  2.19it/s]100%|██████████| 4/4 [00:01<00:00,  2.23it/s]
sending off prediction to background worker for resampling and export
done with ATLAS_r005s082_ses1

Predicting ATLAS_r005s084_ses1:
perform_everything_on_device: True
  0%|          | 0/8 [00:00<?, ?it/s] 12%|█▎        | 1/8 [00:00<00:02,  2.58it/s] 25%|██▌       | 2/8 [00:00<00:02,  2.30it/s] 38%|███▊      | 3/8 [00:01<00:01,  2.70it/s] 50%|█████     | 4/8 [00:01<00:01,  3.16it/s] 62%|██████▎   | 5/8 [00:01<00:00,  3.13it/s] 75%|███████▌  | 6/8 [00:02<00:00,  2.70it/s] 88%|████████▊ | 7/8 [00:02<00:00,  2.49it/s]100%|██████████| 8/8 [00:03<00:00,  2.36it/s]100%|██████████| 8/8 [00:03<00:00,  2.57it/s]
sending off prediction to background worker for resampling and export
done with ATLAS_r005s084_ses1

Predicting ATLAS_r005s085_ses1:
perform_everything_on_device: True
  0%|          | 0/4 [00:00<?, ?it/s] 25%|██▌       | 1/4 [00:00<00:01,  2.57it/s] 50%|█████     | 2/4 [00:00<00:00,  2.29it/s] 75%|███████▌  | 3/4 [00:01<00:00,  2.22it/s]100%|██████████| 4/4 [00:01<00:00,  2.18it/s]100%|██████████| 4/4 [00:01<00:00,  2.23it/s]
sending off prediction to background worker for resampling and export
done with ATLAS_r005s085_ses1

Predicting ATLAS_r005s086_ses1:
perform_everything_on_device: True
  0%|          | 0/8 [00:00<?, ?it/s] 12%|█▎        | 1/8 [00:00<00:02,  2.57it/s] 25%|██▌       | 2/8 [00:00<00:02,  2.28it/s] 38%|███▊      | 3/8 [00:01<00:02,  2.21it/s] 50%|█████     | 4/8 [00:01<00:01,  2.33it/s] 62%|██████▎   | 5/8 [00:01<00:01,  2.78it/s] 75%|███████▌  | 6/8 [00:02<00:00,  3.14it/s] 88%|████████▊ | 7/8 [00:02<00:00,  2.79it/s]100%|██████████| 8/8 [00:03<00:00,  2.55it/s]100%|██████████| 8/8 [00:03<00:00,  2.58it/s]
sending off prediction to background worker for resampling and export
done with ATLAS_r005s086_ses1

Predicting ATLAS_r008s001_ses1:
perform_everything_on_device: True
  0%|          | 0/8 [00:00<?, ?it/s] 12%|█▎        | 1/8 [00:00<00:02,  2.57it/s] 25%|██▌       | 2/8 [00:00<00:02,  2.29it/s] 38%|███▊      | 3/8 [00:01<00:02,  2.22it/s] 50%|█████     | 4/8 [00:01<00:01,  2.18it/s] 62%|██████▎   | 5/8 [00:02<00:01,  2.16it/s] 75%|███████▌  | 6/8 [00:02<00:00,  2.26it/s] 88%|████████▊ | 7/8 [00:02<00:00,  2.67it/s]100%|██████████| 8/8 [00:03<00:00,  3.03it/s]100%|██████████| 8/8 [00:03<00:00,  2.55it/s]
sending off prediction to background worker for resampling and export
done with ATLAS_r008s001_ses1

Predicting ATLAS_r008s002_ses1:
perform_everything_on_device: True
  0%|          | 0/8 [00:00<?, ?it/s] 12%|█▎        | 1/8 [00:00<00:01,  4.26it/s] 25%|██▌       | 2/8 [00:00<00:02,  2.69it/s] 38%|███▊      | 3/8 [00:01<00:02,  2.40it/s] 50%|█████     | 4/8 [00:01<00:01,  2.29it/s] 62%|██████▎   | 5/8 [00:02<00:01,  2.23it/s] 75%|███████▌  | 6/8 [00:02<00:00,  2.19it/s] 88%|████████▊ | 7/8 [00:03<00:00,  2.18it/s]100%|██████████| 8/8 [00:03<00:00,  2.48it/s]100%|██████████| 8/8 [00:03<00:00,  2.40it/s]
sending off prediction to background worker for resampling and export
done with ATLAS_r008s002_ses1

Predicting ATLAS_r008s003_ses1:
perform_everything_on_device: True
  0%|          | 0/8 [00:00<?, ?it/s] 12%|█▎        | 1/8 [00:00<00:02,  2.58it/s] 25%|██▌       | 2/8 [00:00<00:01,  3.14it/s] 38%|███▊      | 3/8 [00:00<00:01,  3.56it/s] 50%|█████     | 4/8 [00:01<00:01,  3.28it/s] 62%|██████▎   | 5/8 [00:01<00:01,  2.75it/s] 75%|███████▌  | 6/8 [00:02<00:00,  2.51it/s] 88%|████████▊ | 7/8 [00:02<00:00,  2.37it/s]100%|██████████| 8/8 [00:03<00:00,  2.29it/s]100%|██████████| 8/8 [00:03<00:00,  2.57it/s]
sending off prediction to background worker for resampling and export
done with ATLAS_r008s003_ses1

Predicting ATLAS_r008s004_ses1:
perform_everything_on_device: True
  0%|          | 0/8 [00:00<?, ?it/s] 12%|█▎        | 1/8 [00:00<00:02,  2.84it/s] 25%|██▌       | 2/8 [00:00<00:01,  3.53it/s] 38%|███▊      | 3/8 [00:00<00:01,  3.83it/s] 50%|█████     | 4/8 [00:01<00:01,  3.15it/s] 62%|██████▎   | 5/8 [00:01<00:01,  2.69it/s] 75%|███████▌  | 6/8 [00:02<00:00,  2.48it/s] 88%|████████▊ | 7/8 [00:02<00:00,  2.36it/s]100%|██████████| 8/8 [00:03<00:00,  2.29it/s]100%|██████████| 8/8 [00:03<00:00,  2.59it/s]
sending off prediction to background worker for resampling and export
done with ATLAS_r008s004_ses1

Predicting ATLAS_r008s006_ses1:
perform_everything_on_device: True
  0%|          | 0/4 [00:00<?, ?it/s] 25%|██▌       | 1/4 [00:00<00:00,  3.16it/s] 50%|█████     | 2/4 [00:00<00:00,  3.72it/s] 75%|███████▌  | 3/4 [00:00<00:00,  3.96it/s]100%|██████████| 4/4 [00:01<00:00,  3.20it/s]100%|██████████| 4/4 [00:01<00:00,  3.36it/s]
sending off prediction to background worker for resampling and export
done with ATLAS_r008s006_ses1

Predicting ATLAS_r008s007_ses1:
perform_everything_on_device: True
  0%|          | 0/8 [00:00<?, ?it/s] 12%|█▎        | 1/8 [00:00<00:02,  2.58it/s] 25%|██▌       | 2/8 [00:00<00:02,  2.31it/s] 38%|███▊      | 3/8 [00:01<00:02,  2.24it/s] 50%|█████     | 4/8 [00:01<00:01,  2.20it/s] 62%|██████▎   | 5/8 [00:02<00:01,  2.32it/s] 75%|███████▌  | 6/8 [00:02<00:00,  2.74it/s] 88%|████████▊ | 7/8 [00:02<00:00,  3.11it/s]100%|██████████| 8/8 [00:03<00:00,  2.80it/s]100%|██████████| 8/8 [00:03<00:00,  2.60it/s]
sending off prediction to background worker for resampling and export
done with ATLAS_r008s007_ses1

Predicting ATLAS_r008s008_ses1:
perform_everything_on_device: True
  0%|          | 0/8 [00:00<?, ?it/s] 12%|█▎        | 1/8 [00:00<00:02,  2.58it/s] 25%|██▌       | 2/8 [00:00<00:02,  2.31it/s] 38%|███▊      | 3/8 [00:01<00:02,  2.24it/s] 50%|█████     | 4/8 [00:01<00:01,  2.20it/s] 62%|██████▎   | 5/8 [00:02<00:01,  2.41it/s] 75%|███████▌  | 6/8 [00:02<00:00,  2.83it/s] 88%|████████▊ | 7/8 [00:02<00:00,  3.18it/s]100%|██████████| 8/8 [00:03<00:00,  2.85it/s]100%|██████████| 8/8 [00:03<00:00,  2.65it/s]
sending off prediction to background worker for resampling and export
done with ATLAS_r008s008_ses1

Predicting ATLAS_r009s007_ses1:
perform_everything_on_device: True
  0%|          | 0/8 [00:00<?, ?it/s] 12%|█▎        | 1/8 [00:00<00:02,  2.58it/s] 25%|██▌       | 2/8 [00:00<00:02,  2.31it/s] 38%|███▊      | 3/8 [00:01<00:02,  2.23it/s] 50%|█████     | 4/8 [00:01<00:01,  2.21it/s] 62%|██████▎   | 5/8 [00:02<00:01,  2.68it/s] 75%|███████▌  | 6/8 [00:02<00:00,  3.07it/s] 88%|████████▊ | 7/8 [00:02<00:00,  2.91it/s]100%|██████████| 8/8 [00:03<00:00,  2.61it/s]100%|██████████| 8/8 [00:03<00:00,  2.59it/s]
sending off prediction to background worker for resampling and export
done with ATLAS_r009s007_ses1

Predicting ATLAS_r009s024_ses1:
perform_everything_on_device: True
  0%|          | 0/8 [00:00<?, ?it/s] 12%|█▎        | 1/8 [00:00<00:02,  2.57it/s] 25%|██▌       | 2/8 [00:00<00:02,  2.31it/s] 38%|███▊      | 3/8 [00:01<00:02,  2.23it/s] 50%|█████     | 4/8 [00:01<00:01,  2.20it/s] 62%|██████▎   | 5/8 [00:02<00:01,  2.18it/s] 75%|███████▌  | 6/8 [00:02<00:00,  2.30it/s] 88%|████████▊ | 7/8 [00:02<00:00,  2.71it/s]100%|██████████| 8/8 [00:03<00:00,  3.07it/s]100%|██████████| 8/8 [00:03<00:00,  2.57it/s]
sending off prediction to background worker for resampling and export
done with ATLAS_r009s024_ses1

Predicting ATLAS_r009s071_ses1:
perform_everything_on_device: True
  0%|          | 0/8 [00:00<?, ?it/s] 12%|█▎        | 1/8 [00:00<00:01,  4.28it/s] 25%|██▌       | 2/8 [00:00<00:02,  2.71it/s] 38%|███▊      | 3/8 [00:01<00:02,  2.42it/s] 50%|█████     | 4/8 [00:01<00:01,  2.30it/s] 62%|██████▎   | 5/8 [00:02<00:01,  2.25it/s] 75%|███████▌  | 6/8 [00:02<00:00,  2.21it/s] 88%|████████▊ | 7/8 [00:03<00:00,  2.19it/s]100%|██████████| 8/8 [00:03<00:00,  2.50it/s]100%|██████████| 8/8 [00:03<00:00,  2.42it/s]
sending off prediction to background worker for resampling and export
done with ATLAS_r009s071_ses1

Predicting ATLAS_r009s083_ses1:
perform_everything_on_device: True
  0%|          | 0/8 [00:00<?, ?it/s] 12%|█▎        | 1/8 [00:00<00:02,  2.58it/s] 25%|██▌       | 2/8 [00:00<00:02,  2.81it/s] 38%|███▊      | 3/8 [00:00<00:01,  3.33it/s] 50%|█████     | 4/8 [00:01<00:01,  3.45it/s] 62%|██████▎   | 5/8 [00:01<00:01,  2.84it/s] 75%|███████▌  | 6/8 [00:02<00:00,  2.56it/s] 88%|████████▊ | 7/8 [00:02<00:00,  2.41it/s]100%|██████████| 8/8 [00:03<00:00,  2.32it/s]100%|██████████| 8/8 [00:03<00:00,  2.59it/s]
sending off prediction to background worker for resampling and export
done with ATLAS_r009s083_ses1

Predicting ATLAS_r009s089_ses1:
perform_everything_on_device: True
  0%|          | 0/8 [00:00<?, ?it/s] 12%|█▎        | 1/8 [00:00<00:02,  2.59it/s] 25%|██▌       | 2/8 [00:00<00:02,  2.31it/s] 38%|███▊      | 3/8 [00:01<00:02,  2.23it/s] 50%|█████     | 4/8 [00:01<00:01,  2.29it/s] 62%|██████▎   | 5/8 [00:01<00:01,  2.75it/s] 75%|███████▌  | 6/8 [00:02<00:00,  3.13it/s] 88%|████████▊ | 7/8 [00:02<00:00,  2.83it/s]100%|██████████| 8/8 [00:03<00:00,  2.57it/s]100%|██████████| 8/8 [00:03<00:00,  2.59it/s]
sending off prediction to background worker for resampling and export
done with ATLAS_r009s089_ses1

Predicting ATLAS_r009s090_ses1:
perform_everything_on_device: True
  0%|          | 0/8 [00:00<?, ?it/s] 12%|█▎        | 1/8 [00:00<00:02,  2.58it/s] 25%|██▌       | 2/8 [00:00<00:02,  2.31it/s] 38%|███▊      | 3/8 [00:01<00:02,  2.23it/s] 50%|█████     | 4/8 [00:01<00:01,  2.20it/s] 62%|██████▎   | 5/8 [00:02<00:01,  2.18it/s] 75%|███████▌  | 6/8 [00:02<00:00,  2.31it/s] 88%|████████▊ | 7/8 [00:02<00:00,  2.72it/s]100%|██████████| 8/8 [00:03<00:00,  3.08it/s]100%|██████████| 8/8 [00:03<00:00,  2.58it/s]
sending off prediction to background worker for resampling and export
done with ATLAS_r009s090_ses1

Predicting ATLAS_r009s099_ses1:
perform_everything_on_device: True
  0%|          | 0/8 [00:00<?, ?it/s] 12%|█▎        | 1/8 [00:00<00:02,  2.58it/s] 25%|██▌       | 2/8 [00:00<00:02,  2.31it/s] 38%|███▊      | 3/8 [00:01<00:02,  2.23it/s] 50%|█████     | 4/8 [00:01<00:01,  2.20it/s] 62%|██████▎   | 5/8 [00:02<00:01,  2.18it/s] 75%|███████▌  | 6/8 [00:02<00:00,  2.17it/s] 88%|████████▊ | 7/8 [00:03<00:00,  2.34it/s]100%|██████████| 8/8 [00:03<00:00,  2.73it/s]100%|██████████| 8/8 [00:03<00:00,  2.42it/s]
sending off prediction to background worker for resampling and export
done with ATLAS_r009s099_ses1

Predicting ATLAS_r009s110_ses1:
perform_everything_on_device: True
  0%|          | 0/8 [00:00<?, ?it/s] 12%|█▎        | 1/8 [00:00<00:02,  2.86it/s] 25%|██▌       | 2/8 [00:00<00:01,  3.55it/s] 38%|███▊      | 3/8 [00:00<00:01,  3.85it/s] 50%|█████     | 4/8 [00:01<00:01,  3.12it/s] 62%|██████▎   | 5/8 [00:01<00:01,  2.69it/s] 75%|███████▌  | 6/8 [00:02<00:00,  2.48it/s] 88%|████████▊ | 7/8 [00:02<00:00,  2.35it/s]100%|██████████| 8/8 [00:03<00:00,  2.28it/s]100%|██████████| 8/8 [00:03<00:00,  2.59it/s]
sending off prediction to background worker for resampling and export
done with ATLAS_r009s110_ses1

Predicting ATLAS_r009s121_ses1:
perform_everything_on_device: True
  0%|          | 0/8 [00:00<?, ?it/s] 12%|█▎        | 1/8 [00:00<00:01,  4.33it/s] 25%|██▌       | 2/8 [00:00<00:02,  2.72it/s] 38%|███▊      | 3/8 [00:01<00:02,  2.42it/s] 50%|█████     | 4/8 [00:01<00:01,  2.30it/s] 62%|██████▎   | 5/8 [00:01<00:01,  2.75it/s] 75%|███████▌  | 6/8 [00:02<00:00,  3.13it/s] 88%|████████▊ | 7/8 [00:02<00:00,  2.94it/s]100%|██████████| 8/8 [00:02<00:00,  2.63it/s]100%|██████████| 8/8 [00:02<00:00,  2.71it/s]
sending off prediction to background worker for resampling and export
done with ATLAS_r009s121_ses1

Predicting ATLAS_r010s011_ses1:
perform_everything_on_device: True
  0%|          | 0/8 [00:00<?, ?it/s] 12%|█▎        | 1/8 [00:00<00:02,  2.59it/s] 25%|██▌       | 2/8 [00:00<00:02,  2.32it/s] 38%|███▊      | 3/8 [00:01<00:02,  2.24it/s] 50%|█████     | 4/8 [00:01<00:01,  2.21it/s] 62%|██████▎   | 5/8 [00:02<00:01,  2.18it/s] 75%|███████▌  | 6/8 [00:02<00:00,  2.33it/s] 88%|████████▊ | 7/8 [00:02<00:00,  2.73it/s]100%|██████████| 8/8 [00:03<00:00,  3.05it/s]100%|██████████| 8/8 [00:03<00:00,  2.58it/s]
sending off prediction to background worker for resampling and export
done with ATLAS_r010s011_ses1

Predicting ATLAS_r010s022_ses1:
perform_everything_on_device: True
  0%|          | 0/8 [00:00<?, ?it/s] 12%|█▎        | 1/8 [00:00<00:02,  2.59it/s] 25%|██▌       | 2/8 [00:00<00:02,  2.31it/s] 38%|███▊      | 3/8 [00:01<00:02,  2.24it/s] 50%|█████     | 4/8 [00:01<00:01,  2.20it/s] 62%|██████▎   | 5/8 [00:02<00:01,  2.19it/s] 75%|███████▌  | 6/8 [00:02<00:00,  2.17it/s] 88%|████████▊ | 7/8 [00:03<00:00,  2.33it/s]100%|██████████| 8/8 [00:03<00:00,  2.72it/s]100%|██████████| 8/8 [00:03<00:00,  2.42it/s]
sending off prediction to background worker for resampling and export
done with ATLAS_r010s022_ses1

Predicting ATLAS_r010s024_ses1:
perform_everything_on_device: True
  0%|          | 0/8 [00:00<?, ?it/s] 12%|█▎        | 1/8 [00:00<00:02,  2.83it/s] 25%|██▌       | 2/8 [00:00<00:01,  3.52it/s] 38%|███▊      | 3/8 [00:00<00:01,  3.82it/s] 50%|█████     | 4/8 [00:01<00:01,  3.10it/s] 62%|██████▎   | 5/8 [00:01<00:01,  2.67it/s] 75%|███████▌  | 6/8 [00:02<00:00,  2.46it/s] 88%|████████▊ | 7/8 [00:02<00:00,  2.34it/s]100%|██████████| 8/8 [00:03<00:00,  2.28it/s]100%|██████████| 8/8 [00:03<00:00,  2.57it/s]
sending off prediction to background worker for resampling and export
done with ATLAS_r010s024_ses1

Predicting ATLAS_r010s029_ses1:
perform_everything_on_device: True
  0%|          | 0/8 [00:00<?, ?it/s] 12%|█▎        | 1/8 [00:00<00:02,  2.58it/s] 25%|██▌       | 2/8 [00:00<00:02,  2.30it/s] 38%|███▊      | 3/8 [00:01<00:01,  2.55it/s] 50%|█████     | 4/8 [00:01<00:01,  3.02it/s] 62%|██████▎   | 5/8 [00:01<00:00,  3.19it/s] 75%|███████▌  | 6/8 [00:02<00:00,  2.73it/s] 88%|████████▊ | 7/8 [00:02<00:00,  2.51it/s]100%|██████████| 8/8 [00:03<00:00,  2.37it/s]100%|██████████| 8/8 [00:03<00:00,  2.56it/s]
sending off prediction to background worker for resampling and export
done with ATLAS_r010s029_ses1

Predicting ATLAS_r011s018_ses1:
perform_everything_on_device: True
  0%|          | 0/8 [00:00<?, ?it/s] 12%|█▎        | 1/8 [00:00<00:02,  2.59it/s] 25%|██▌       | 2/8 [00:00<00:02,  2.30it/s] 38%|███▊      | 3/8 [00:01<00:02,  2.22it/s] 50%|█████     | 4/8 [00:01<00:01,  2.18it/s] 62%|██████▎   | 5/8 [00:02<00:01,  2.21it/s] 75%|███████▌  | 6/8 [00:02<00:00,  2.64it/s] 88%|████████▊ | 7/8 [00:02<00:00,  3.01it/s]100%|██████████| 8/8 [00:03<00:00,  2.80it/s]100%|██████████| 8/8 [00:03<00:00,  2.56it/s]
sending off prediction to background worker for resampling and export
done with ATLAS_r011s018_ses1

Predicting ATLAS_r015s011_ses1:
perform_everything_on_device: True
  0%|          | 0/8 [00:00<?, ?it/s] 12%|█▎        | 1/8 [00:00<00:02,  2.58it/s] 25%|██▌       | 2/8 [00:00<00:02,  2.30it/s] 38%|███▊      | 3/8 [00:01<00:02,  2.22it/s] 50%|█████     | 4/8 [00:01<00:01,  2.19it/s] 62%|██████▎   | 5/8 [00:02<00:01,  2.17it/s] 75%|███████▌  | 6/8 [00:02<00:00,  2.16it/s] 88%|████████▊ | 7/8 [00:02<00:00,  2.50it/s]100%|██████████| 8/8 [00:03<00:00,  2.88it/s]100%|██████████| 8/8 [00:03<00:00,  2.47it/s]
sending off prediction to background worker for resampling and export
done with ATLAS_r015s011_ses1

Predicting ATLAS_r015s018_ses1:
perform_everything_on_device: True
  0%|          | 0/8 [00:00<?, ?it/s] 12%|█▎        | 1/8 [00:00<00:01,  5.14it/s] 25%|██▌       | 2/8 [00:00<00:01,  4.18it/s] 38%|███▊      | 3/8 [00:00<00:01,  2.91it/s] 50%|█████     | 4/8 [00:01<00:01,  2.55it/s] 62%|██████▎   | 5/8 [00:01<00:01,  2.38it/s] 75%|███████▌  | 6/8 [00:02<00:00,  2.29it/s] 88%|████████▊ | 7/8 [00:02<00:00,  2.24it/s]100%|██████████| 8/8 [00:03<00:00,  2.21it/s]100%|██████████| 8/8 [00:03<00:00,  2.45it/s]
sending off prediction to background worker for resampling and export
done with ATLAS_r015s018_ses1

Predicting ATLAS_r017s103_ses1:
perform_everything_on_device: True
  0%|          | 0/8 [00:00<?, ?it/s] 12%|█▎        | 1/8 [00:00<00:02,  2.58it/s] 25%|██▌       | 2/8 [00:00<00:02,  2.37it/s] 38%|███▊      | 3/8 [00:01<00:01,  2.98it/s] 50%|█████     | 4/8 [00:01<00:01,  3.38it/s] 62%|██████▎   | 5/8 [00:01<00:01,  3.00it/s] 75%|███████▌  | 6/8 [00:02<00:00,  2.64it/s] 88%|████████▊ | 7/8 [00:02<00:00,  2.45it/s]100%|██████████| 8/8 [00:03<00:00,  2.35it/s]100%|██████████| 8/8 [00:03<00:00,  2.58it/s]
sending off prediction to background worker for resampling and export
done with ATLAS_r017s103_ses1

Predicting ATLAS_r017s119_ses1:
perform_everything_on_device: True
  0%|          | 0/8 [00:00<?, ?it/s] 12%|█▎        | 1/8 [00:00<00:02,  2.59it/s] 25%|██▌       | 2/8 [00:00<00:02,  2.31it/s] 38%|███▊      | 3/8 [00:01<00:02,  2.24it/s] 50%|█████     | 4/8 [00:01<00:01,  2.20it/s] 62%|██████▎   | 5/8 [00:02<00:01,  2.32it/s] 75%|███████▌  | 6/8 [00:02<00:00,  2.75it/s] 88%|████████▊ | 7/8 [00:02<00:00,  3.11it/s]100%|██████████| 8/8 [00:03<00:00,  2.78it/s]100%|██████████| 8/8 [00:03<00:00,  2.60it/s]
sending off prediction to background worker for resampling and export
done with ATLAS_r017s119_ses1

Predicting ATLAS_r018s010_ses1:
perform_everything_on_device: True
  0%|          | 0/4 [00:00<?, ?it/s] 25%|██▌       | 1/4 [00:00<00:01,  2.59it/s] 50%|█████     | 2/4 [00:00<00:00,  2.31it/s] 75%|███████▌  | 3/4 [00:01<00:00,  2.23it/s]100%|██████████| 4/4 [00:01<00:00,  2.20it/s]100%|██████████| 4/4 [00:01<00:00,  2.24it/s]
sending off prediction to background worker for resampling and export
done with ATLAS_r018s010_ses1

Predicting ATLAS_r019s004_ses1:
perform_everything_on_device: True
  0%|          | 0/8 [00:00<?, ?it/s] 12%|█▎        | 1/8 [00:00<00:02,  2.58it/s] 25%|██▌       | 2/8 [00:00<00:02,  2.31it/s] 38%|███▊      | 3/8 [00:01<00:02,  2.23it/s] 50%|█████     | 4/8 [00:01<00:01,  2.28it/s] 62%|██████▎   | 5/8 [00:01<00:01,  2.74it/s] 75%|███████▌  | 6/8 [00:02<00:00,  3.12it/s] 88%|████████▊ | 7/8 [00:02<00:00,  2.86it/s]100%|██████████| 8/8 [00:03<00:00,  2.59it/s]100%|██████████| 8/8 [00:03<00:00,  2.59it/s]
sending off prediction to background worker for resampling and export
done with ATLAS_r019s004_ses1

Predicting ATLAS_r019s014_ses1:
perform_everything_on_device: True
  0%|          | 0/8 [00:00<?, ?it/s] 12%|█▎        | 1/8 [00:00<00:02,  2.58it/s] 25%|██▌       | 2/8 [00:00<00:02,  2.31it/s] 38%|███▊      | 3/8 [00:01<00:02,  2.23it/s] 50%|█████     | 4/8 [00:01<00:01,  2.20it/s] 62%|██████▎   | 5/8 [00:02<00:01,  2.18it/s] 75%|███████▌  | 6/8 [00:02<00:00,  2.27it/s] 88%|████████▊ | 7/8 [00:02<00:00,  2.68it/s]100%|██████████| 8/8 [00:03<00:00,  3.04it/s]100%|██████████| 8/8 [00:03<00:00,  2.56it/s]
sending off prediction to background worker for resampling and export
done with ATLAS_r019s014_ses1

Predicting ATLAS_r023s001_ses1:
perform_everything_on_device: True
  0%|          | 0/8 [00:00<?, ?it/s] 12%|█▎        | 1/8 [00:00<00:02,  2.58it/s] 25%|██▌       | 2/8 [00:00<00:02,  2.31it/s] 38%|███▊      | 3/8 [00:01<00:02,  2.23it/s] 50%|█████     | 4/8 [00:01<00:01,  2.20it/s] 62%|██████▎   | 5/8 [00:02<00:01,  2.18it/s] 75%|███████▌  | 6/8 [00:02<00:00,  2.48it/s] 88%|████████▊ | 7/8 [00:02<00:00,  2.88it/s]100%|██████████| 8/8 [00:03<00:00,  2.98it/s]100%|██████████| 8/8 [00:03<00:00,  2.59it/s]
sending off prediction to background worker for resampling and export
done with ATLAS_r023s001_ses1

Predicting ATLAS_r023s017_ses1:
perform_everything_on_device: True
  0%|          | 0/8 [00:00<?, ?it/s] 12%|█▎        | 1/8 [00:00<00:02,  2.58it/s] 25%|██▌       | 2/8 [00:00<00:02,  2.31it/s] 38%|███▊      | 3/8 [00:01<00:02,  2.24it/s] 50%|█████     | 4/8 [00:01<00:01,  2.20it/s] 62%|██████▎   | 5/8 [00:02<00:01,  2.18it/s] 75%|███████▌  | 6/8 [00:02<00:00,  2.17it/s] 88%|████████▊ | 7/8 [00:02<00:00,  2.56it/s]100%|██████████| 8/8 [00:03<00:00,  2.94it/s]100%|██████████| 8/8 [00:03<00:00,  2.51it/s]
sending off prediction to background worker for resampling and export
done with ATLAS_r023s017_ses1

Predicting ATLAS_r027s001_ses1:
perform_everything_on_device: True
  0%|          | 0/4 [00:00<?, ?it/s] 25%|██▌       | 1/4 [00:00<00:00,  4.37it/s] 50%|█████     | 2/4 [00:00<00:00,  2.72it/s] 75%|███████▌  | 3/4 [00:01<00:00,  2.43it/s]100%|██████████| 4/4 [00:01<00:00,  2.31it/s]100%|██████████| 4/4 [00:01<00:00,  2.47it/s]
sending off prediction to background worker for resampling and export
done with ATLAS_r027s001_ses1

Predicting ATLAS_r027s002_ses1:
perform_everything_on_device: True
  0%|          | 0/8 [00:00<?, ?it/s] 12%|█▎        | 1/8 [00:00<00:02,  2.59it/s] 25%|██▌       | 2/8 [00:00<00:02,  2.31it/s] 38%|███▊      | 3/8 [00:01<00:02,  2.24it/s] 50%|█████     | 4/8 [00:01<00:01,  2.20it/s] 62%|██████▎   | 5/8 [00:02<00:01,  2.19it/s] 75%|███████▌  | 6/8 [00:02<00:00,  2.57it/s] 88%|████████▊ | 7/8 [00:02<00:00,  2.96it/s]100%|██████████| 8/8 [00:03<00:00,  2.91it/s]100%|██████████| 8/8 [00:03<00:00,  2.59it/s]
sending off prediction to background worker for resampling and export
done with ATLAS_r027s002_ses1

Predicting ATLAS_r027s006_ses1:
perform_everything_on_device: True
  0%|          | 0/8 [00:00<?, ?it/s] 12%|█▎        | 1/8 [00:00<00:02,  2.58it/s] 25%|██▌       | 2/8 [00:00<00:02,  2.31it/s] 38%|███▊      | 3/8 [00:01<00:02,  2.23it/s] 50%|█████     | 4/8 [00:01<00:01,  2.20it/s] 62%|██████▎   | 5/8 [00:02<00:01,  2.17it/s] 75%|███████▌  | 6/8 [00:02<00:00,  2.17it/s] 88%|████████▊ | 7/8 [00:03<00:00,  2.34it/s]100%|██████████| 8/8 [00:03<00:00,  2.73it/s]100%|██████████| 8/8 [00:03<00:00,  2.42it/s]
sending off prediction to background worker for resampling and export
done with ATLAS_r027s006_ses1

Predicting ATLAS_r027s009_ses1:
perform_everything_on_device: True
  0%|          | 0/8 [00:00<?, ?it/s] 12%|█▎        | 1/8 [00:00<00:02,  2.83it/s] 25%|██▌       | 2/8 [00:00<00:01,  3.53it/s] 38%|███▊      | 3/8 [00:00<00:01,  3.82it/s] 50%|█████     | 4/8 [00:01<00:01,  3.14it/s] 62%|██████▎   | 5/8 [00:01<00:01,  2.70it/s] 75%|███████▌  | 6/8 [00:02<00:00,  2.48it/s] 88%|████████▊ | 7/8 [00:02<00:00,  2.36it/s]100%|██████████| 8/8 [00:03<00:00,  2.29it/s]100%|██████████| 8/8 [00:03<00:00,  2.59it/s]
sending off prediction to background worker for resampling and export
done with ATLAS_r027s009_ses1

Predicting ATLAS_r027s012_ses1:
perform_everything_on_device: True
  0%|          | 0/8 [00:00<?, ?it/s] 12%|█▎        | 1/8 [00:00<00:02,  2.58it/s] 25%|██▌       | 2/8 [00:00<00:02,  2.30it/s] 38%|███▊      | 3/8 [00:01<00:01,  2.58it/s] 50%|█████     | 4/8 [00:01<00:01,  3.05it/s] 62%|██████▎   | 5/8 [00:01<00:00,  3.21it/s] 75%|███████▌  | 6/8 [00:02<00:00,  2.75it/s] 88%|████████▊ | 7/8 [00:02<00:00,  2.51it/s]100%|██████████| 8/8 [00:03<00:00,  2.38it/s]100%|██████████| 8/8 [00:03<00:00,  2.58it/s]
sending off prediction to background worker for resampling and export
done with ATLAS_r027s012_ses1

Predicting ATLAS_r027s013_ses1:
perform_everything_on_device: True
  0%|          | 0/8 [00:00<?, ?it/s] 12%|█▎        | 1/8 [00:00<00:02,  2.58it/s] 25%|██▌       | 2/8 [00:00<00:02,  2.31it/s] 38%|███▊      | 3/8 [00:01<00:02,  2.23it/s] 50%|█████     | 4/8 [00:01<00:01,  2.20it/s] 62%|██████▎   | 5/8 [00:02<00:01,  2.17it/s] 75%|███████▌  | 6/8 [00:02<00:00,  2.53it/s] 88%|████████▊ | 7/8 [00:02<00:00,  2.91it/s]100%|██████████| 8/8 [00:03<00:00,  2.90it/s]100%|██████████| 8/8 [00:03<00:00,  2.57it/s]
sending off prediction to background worker for resampling and export
done with ATLAS_r027s013_ses1

Predicting ATLAS_r027s014_ses1:
perform_everything_on_device: True
  0%|          | 0/8 [00:00<?, ?it/s] 12%|█▎        | 1/8 [00:00<00:02,  2.58it/s] 25%|██▌       | 2/8 [00:00<00:02,  2.30it/s] 38%|███▊      | 3/8 [00:01<00:02,  2.23it/s] 50%|█████     | 4/8 [00:01<00:01,  2.19it/s] 62%|██████▎   | 5/8 [00:02<00:01,  2.17it/s] 75%|███████▌  | 6/8 [00:02<00:00,  2.15it/s] 88%|████████▊ | 7/8 [00:03<00:00,  2.33it/s]100%|██████████| 8/8 [00:03<00:00,  2.72it/s]100%|██████████| 8/8 [00:03<00:00,  2.41it/s]
sending off prediction to background worker for resampling and export
done with ATLAS_r027s014_ses1

Predicting ATLAS_r027s015_ses1:
perform_everything_on_device: True
  0%|          | 0/8 [00:00<?, ?it/s] 12%|█▎        | 1/8 [00:00<00:02,  3.13it/s] 25%|██▌       | 2/8 [00:00<00:01,  3.70it/s] 38%|███▊      | 3/8 [00:00<00:01,  3.93it/s] 50%|█████     | 4/8 [00:01<00:01,  3.01it/s] 62%|██████▎   | 5/8 [00:01<00:01,  2.62it/s] 75%|███████▌  | 6/8 [00:02<00:00,  2.43it/s] 88%|████████▊ | 7/8 [00:02<00:00,  2.32it/s]100%|██████████| 8/8 [00:03<00:00,  2.26it/s]100%|██████████| 8/8 [00:03<00:00,  2.56it/s]
sending off prediction to background worker for resampling and export
done with ATLAS_r027s015_ses1

Predicting ATLAS_r027s017_ses1:
perform_everything_on_device: True
  0%|          | 0/8 [00:00<?, ?it/s] 12%|█▎        | 1/8 [00:00<00:02,  2.58it/s] 25%|██▌       | 2/8 [00:00<00:02,  2.29it/s] 38%|███▊      | 3/8 [00:01<00:01,  2.70it/s] 50%|█████     | 4/8 [00:01<00:01,  3.15it/s] 62%|██████▎   | 5/8 [00:01<00:00,  3.12it/s] 75%|███████▌  | 6/8 [00:02<00:00,  2.70it/s] 88%|████████▊ | 7/8 [00:02<00:00,  2.49it/s]100%|██████████| 8/8 [00:03<00:00,  2.45it/s]100%|██████████| 8/8 [00:03<00:00,  2.61it/s]
sending off prediction to background worker for resampling and export
done with ATLAS_r027s017_ses1

Predicting ATLAS_r027s019_ses1:
perform_everything_on_device: True
  0%|          | 0/8 [00:00<?, ?it/s] 12%|█▎        | 1/8 [00:00<00:02,  2.58it/s] 25%|██▌       | 2/8 [00:00<00:02,  2.48it/s] 38%|███▊      | 3/8 [00:01<00:01,  3.06it/s] 50%|█████     | 4/8 [00:01<00:01,  3.44it/s] 62%|██████▎   | 5/8 [00:01<00:01,  2.89it/s] 75%|███████▌  | 6/8 [00:02<00:00,  2.58it/s] 88%|████████▊ | 7/8 [00:02<00:00,  2.42it/s]100%|██████████| 8/8 [00:03<00:00,  2.32it/s]100%|██████████| 8/8 [00:03<00:00,  2.56it/s]
sending off prediction to background worker for resampling and export
done with ATLAS_r027s019_ses1

Predicting ATLAS_r027s023_ses1:
perform_everything_on_device: True
  0%|          | 0/8 [00:00<?, ?it/s] 12%|█▎        | 1/8 [00:00<00:02,  2.58it/s] 25%|██▌       | 2/8 [00:00<00:02,  2.30it/s] 38%|███▊      | 3/8 [00:01<00:02,  2.23it/s] 50%|█████     | 4/8 [00:01<00:01,  2.20it/s] 62%|██████▎   | 5/8 [00:02<00:01,  2.63it/s] 75%|███████▌  | 6/8 [00:02<00:00,  3.02it/s] 88%|████████▊ | 7/8 [00:02<00:00,  2.92it/s]100%|██████████| 8/8 [00:03<00:00,  2.62it/s]100%|██████████| 8/8 [00:03<00:00,  2.58it/s]
sending off prediction to background worker for resampling and export
done with ATLAS_r027s023_ses1

Predicting ATLAS_r027s026_ses1:
perform_everything_on_device: True
  0%|          | 0/8 [00:00<?, ?it/s] 12%|█▎        | 1/8 [00:00<00:02,  2.59it/s] 25%|██▌       | 2/8 [00:00<00:02,  2.30it/s] 38%|███▊      | 3/8 [00:01<00:02,  2.23it/s] 50%|█████     | 4/8 [00:01<00:01,  2.20it/s] 62%|██████▎   | 5/8 [00:02<00:01,  2.18it/s] 75%|███████▌  | 6/8 [00:02<00:00,  2.32it/s] 88%|████████▊ | 7/8 [00:02<00:00,  2.78it/s]100%|██████████| 8/8 [00:03<00:00,  3.20it/s]100%|██████████| 8/8 [00:03<00:00,  2.62it/s]
sending off prediction to background worker for resampling and export
done with ATLAS_r027s026_ses1

Predicting ATLAS_r027s028_ses1:
perform_everything_on_device: True
  0%|          | 0/8 [00:00<?, ?it/s] 12%|█▎        | 1/8 [00:00<00:01,  5.74it/s] 25%|██▌       | 2/8 [00:00<00:01,  5.11it/s] 38%|███▊      | 3/8 [00:00<00:01,  4.93it/s] 50%|█████     | 4/8 [00:00<00:00,  4.85it/s] 62%|██████▎   | 5/8 [00:01<00:00,  4.81it/s] 75%|███████▌  | 6/8 [00:01<00:00,  4.77it/s] 88%|████████▊ | 7/8 [00:01<00:00,  4.76it/s]100%|██████████| 8/8 [00:01<00:00,  4.75it/s]100%|██████████| 8/8 [00:01<00:00,  4.84it/s]
sending off prediction to background worker for resampling and export
done with ATLAS_r027s028_ses1

Predicting ATLAS_r027s029_ses1:
perform_everything_on_device: True
  0%|          | 0/8 [00:00<?, ?it/s] 12%|█▎        | 1/8 [00:00<00:01,  5.74it/s] 25%|██▌       | 2/8 [00:00<00:01,  5.11it/s] 38%|███▊      | 3/8 [00:00<00:01,  4.93it/s] 50%|█████     | 4/8 [00:00<00:00,  4.86it/s] 62%|██████▎   | 5/8 [00:01<00:00,  4.82it/s] 75%|███████▌  | 6/8 [00:01<00:00,  4.79it/s] 88%|████████▊ | 7/8 [00:01<00:00,  4.77it/s]100%|██████████| 8/8 [00:01<00:00,  4.76it/s]100%|██████████| 8/8 [00:01<00:00,  4.85it/s]
sending off prediction to background worker for resampling and export
done with ATLAS_r027s029_ses1

Predicting ATLAS_r027s030_ses1:
perform_everything_on_device: True
  0%|          | 0/8 [00:00<?, ?it/s] 12%|█▎        | 1/8 [00:00<00:01,  5.72it/s] 25%|██▌       | 2/8 [00:00<00:01,  5.09it/s] 38%|███▊      | 3/8 [00:00<00:01,  4.92it/s] 50%|█████     | 4/8 [00:00<00:00,  4.84it/s] 62%|██████▎   | 5/8 [00:01<00:00,  4.80it/s] 75%|███████▌  | 6/8 [00:01<00:00,  4.77it/s] 88%|████████▊ | 7/8 [00:01<00:00,  4.76it/s]100%|██████████| 8/8 [00:01<00:00,  4.75it/s]100%|██████████| 8/8 [00:01<00:00,  4.83it/s]
sending off prediction to background worker for resampling and export
done with ATLAS_r027s030_ses1

Predicting ATLAS_r027s031_ses1:
perform_everything_on_device: True
  0%|          | 0/8 [00:00<?, ?it/s] 12%|█▎        | 1/8 [00:00<00:01,  5.71it/s] 25%|██▌       | 2/8 [00:00<00:01,  5.08it/s] 38%|███▊      | 3/8 [00:00<00:01,  4.91it/s] 50%|█████     | 4/8 [00:00<00:00,  4.83it/s] 62%|██████▎   | 5/8 [00:01<00:00,  4.79it/s] 75%|███████▌  | 6/8 [00:01<00:00,  4.76it/s] 88%|████████▊ | 7/8 [00:01<00:00,  4.75it/s]100%|██████████| 8/8 [00:01<00:00,  4.72it/s]100%|██████████| 8/8 [00:01<00:00,  4.81it/s]
sending off prediction to background worker for resampling and export
done with ATLAS_r027s031_ses1

Predicting ATLAS_r027s032_ses1:
perform_everything_on_device: True
  0%|          | 0/8 [00:00<?, ?it/s] 12%|█▎        | 1/8 [00:00<00:01,  5.68it/s] 25%|██▌       | 2/8 [00:00<00:01,  5.08it/s] 38%|███▊      | 3/8 [00:00<00:01,  4.82it/s] 50%|█████     | 4/8 [00:00<00:00,  4.71it/s] 62%|██████▎   | 5/8 [00:01<00:00,  4.61it/s] 75%|███████▌  | 6/8 [00:01<00:00,  4.64it/s] 88%|████████▊ | 7/8 [00:01<00:00,  4.51it/s]100%|██████████| 8/8 [00:01<00:00,  3.92it/s]100%|██████████| 8/8 [00:01<00:00,  4.38it/s]
sending off prediction to background worker for resampling and export
done with ATLAS_r027s032_ses1

Predicting ATLAS_r027s033_ses1:
perform_everything_on_device: True
  0%|          | 0/8 [00:00<?, ?it/s] 12%|█▎        | 1/8 [00:00<00:02,  3.15it/s] 25%|██▌       | 2/8 [00:00<00:02,  2.51it/s] 38%|███▊      | 3/8 [00:01<00:02,  2.32it/s] 50%|█████     | 4/8 [00:01<00:01,  2.24it/s] 62%|██████▎   | 5/8 [00:02<00:01,  2.20it/s] 75%|███████▌  | 6/8 [00:02<00:00,  2.17it/s] 88%|████████▊ | 7/8 [00:03<00:00,  2.21it/s]100%|██████████| 8/8 [00:03<00:00,  2.61it/s]100%|██████████| 8/8 [00:03<00:00,  2.41it/s]
sending off prediction to background worker for resampling and export
done with ATLAS_r027s033_ses1

Predicting ATLAS_r027s035_ses1:
perform_everything_on_device: True
  0%|          | 0/8 [00:00<?, ?it/s] 12%|█▎        | 1/8 [00:00<00:02,  2.59it/s] 25%|██▌       | 2/8 [00:00<00:02,  2.71it/s] 38%|███▊      | 3/8 [00:00<00:01,  3.25it/s] 50%|█████     | 4/8 [00:01<00:01,  3.53it/s] 62%|██████▎   | 5/8 [00:01<00:01,  2.85it/s] 75%|███████▌  | 6/8 [00:02<00:00,  2.57it/s] 88%|████████▊ | 7/8 [00:02<00:00,  2.41it/s]100%|██████████| 8/8 [00:03<00:00,  2.31it/s]100%|██████████| 8/8 [00:03<00:00,  2.58it/s]
sending off prediction to background worker for resampling and export
done with ATLAS_r027s035_ses1

Predicting ATLAS_r027s037_ses1:
perform_everything_on_device: True
  0%|          | 0/4 [00:00<?, ?it/s] 25%|██▌       | 1/4 [00:00<00:01,  2.57it/s] 50%|█████     | 2/4 [00:00<00:00,  2.29it/s] 75%|███████▌  | 3/4 [00:01<00:00,  2.22it/s]100%|██████████| 4/4 [00:01<00:00,  2.18it/s]100%|██████████| 4/4 [00:01<00:00,  2.23it/s]
sending off prediction to background worker for resampling and export
done with ATLAS_r027s037_ses1

Predicting ATLAS_r027s041_ses1:
perform_everything_on_device: True
  0%|          | 0/8 [00:00<?, ?it/s] 12%|█▎        | 1/8 [00:00<00:02,  2.58it/s] 25%|██▌       | 2/8 [00:00<00:02,  2.50it/s] 38%|███▊      | 3/8 [00:01<00:01,  3.07it/s] 50%|█████     | 4/8 [00:01<00:01,  3.44it/s] 62%|██████▎   | 5/8 [00:01<00:01,  2.86it/s] 75%|███████▌  | 6/8 [00:02<00:00,  2.56it/s] 88%|████████▊ | 7/8 [00:02<00:00,  2.40it/s]100%|██████████| 8/8 [00:03<00:00,  2.31it/s]100%|██████████| 8/8 [00:03<00:00,  2.55it/s]
sending off prediction to background worker for resampling and export
done with ATLAS_r027s041_ses1

Predicting ATLAS_r027s042_ses1:
perform_everything_on_device: True
  0%|          | 0/8 [00:00<?, ?it/s] 12%|█▎        | 1/8 [00:00<00:02,  2.55it/s] 25%|██▌       | 2/8 [00:00<00:02,  2.28it/s] 38%|███▊      | 3/8 [00:01<00:02,  2.21it/s] 50%|█████     | 4/8 [00:01<00:01,  2.18it/s] 62%|██████▎   | 5/8 [00:02<00:01,  2.55it/s] 75%|███████▌  | 6/8 [00:02<00:00,  2.95it/s] 88%|████████▊ | 7/8 [00:02<00:00,  2.92it/s]100%|██████████| 8/8 [00:03<00:00,  2.61it/s]100%|██████████| 8/8 [00:03<00:00,  2.55it/s]
sending off prediction to background worker for resampling and export
done with ATLAS_r027s042_ses1

Predicting ATLAS_r027s046_ses1:
perform_everything_on_device: True
  0%|          | 0/8 [00:00<?, ?it/s] 12%|█▎        | 1/8 [00:00<00:02,  2.56it/s] 25%|██▌       | 2/8 [00:00<00:02,  2.29it/s] 38%|███▊      | 3/8 [00:01<00:02,  2.21it/s] 50%|█████     | 4/8 [00:01<00:01,  2.17it/s] 62%|██████▎   | 5/8 [00:02<00:01,  2.16it/s] 75%|███████▌  | 6/8 [00:02<00:00,  2.14it/s] 88%|████████▊ | 7/8 [00:03<00:00,  2.33it/s]100%|██████████| 8/8 [00:03<00:00,  2.72it/s]100%|██████████| 8/8 [00:03<00:00,  2.40it/s]
sending off prediction to background worker for resampling and export
done with ATLAS_r027s046_ses1

Predicting ATLAS_r027s047_ses1:
perform_everything_on_device: True
  0%|          | 0/8 [00:00<?, ?it/s] 12%|█▎        | 1/8 [00:00<00:02,  2.55it/s] 25%|██▌       | 2/8 [00:00<00:01,  3.27it/s] 38%|███▊      | 3/8 [00:00<00:01,  3.65it/s] 50%|█████     | 4/8 [00:01<00:01,  3.22it/s] 62%|██████▎   | 5/8 [00:01<00:01,  2.72it/s] 75%|███████▌  | 6/8 [00:02<00:00,  2.48it/s] 88%|████████▊ | 7/8 [00:02<00:00,  2.36it/s]100%|██████████| 8/8 [00:03<00:00,  2.28it/s]100%|██████████| 8/8 [00:03<00:00,  2.57it/s]
sending off prediction to background worker for resampling and export
done with ATLAS_r027s047_ses1

Predicting ATLAS_r027s048_ses1:
perform_everything_on_device: True
  0%|          | 0/8 [00:00<?, ?it/s] 12%|█▎        | 1/8 [00:00<00:02,  2.55it/s] 25%|██▌       | 2/8 [00:00<00:02,  2.29it/s] 38%|███▊      | 3/8 [00:01<00:02,  2.22it/s] 50%|█████     | 4/8 [00:01<00:01,  2.19it/s] 62%|██████▎   | 5/8 [00:02<00:01,  2.50it/s] 75%|███████▌  | 6/8 [00:02<00:00,  2.90it/s] 88%|████████▊ | 7/8 [00:02<00:00,  3.07it/s]100%|██████████| 8/8 [00:03<00:00,  2.69it/s]100%|██████████| 8/8 [00:03<00:00,  2.59it/s]
sending off prediction to background worker for resampling and export
done with ATLAS_r027s048_ses1

Predicting ATLAS_r027s050_ses1:
perform_everything_on_device: True
  0%|          | 0/4 [00:00<?, ?it/s] 25%|██▌       | 1/4 [00:00<00:01,  2.58it/s] 50%|█████     | 2/4 [00:00<00:00,  2.30it/s] 75%|███████▌  | 3/4 [00:01<00:00,  2.23it/s]100%|██████████| 4/4 [00:01<00:00,  2.19it/s]100%|██████████| 4/4 [00:01<00:00,  2.23it/s]
sending off prediction to background worker for resampling and export
done with ATLAS_r027s050_ses1

Predicting ATLAS_r027s051_ses1:
perform_everything_on_device: True
  0%|          | 0/8 [00:00<?, ?it/s] 12%|█▎        | 1/8 [00:00<00:02,  2.58it/s] 25%|██▌       | 2/8 [00:00<00:02,  2.31it/s] 38%|███▊      | 3/8 [00:01<00:02,  2.22it/s] 50%|█████     | 4/8 [00:01<00:01,  2.20it/s] 62%|██████▎   | 5/8 [00:02<00:01,  2.52it/s] 75%|███████▌  | 6/8 [00:02<00:00,  2.92it/s] 88%|████████▊ | 7/8 [00:02<00:00,  2.98it/s]100%|██████████| 8/8 [00:03<00:00,  2.65it/s]100%|██████████| 8/8 [00:03<00:00,  2.57it/s]
sending off prediction to background worker for resampling and export
done with ATLAS_r027s051_ses1

Predicting ATLAS_r027s052_ses1:
perform_everything_on_device: True
  0%|          | 0/8 [00:00<?, ?it/s] 12%|█▎        | 1/8 [00:00<00:02,  2.59it/s] 25%|██▌       | 2/8 [00:00<00:02,  2.30it/s] 38%|███▊      | 3/8 [00:01<00:02,  2.23it/s] 50%|█████     | 4/8 [00:01<00:01,  2.19it/s] 62%|██████▎   | 5/8 [00:02<00:01,  2.17it/s] 75%|███████▌  | 6/8 [00:02<00:00,  2.16it/s] 88%|████████▊ | 7/8 [00:03<00:00,  2.35it/s]100%|██████████| 8/8 [00:03<00:00,  2.74it/s]100%|██████████| 8/8 [00:03<00:00,  2.42it/s]
sending off prediction to background worker for resampling and export
done with ATLAS_r027s052_ses1

Predicting ATLAS_r027s053_ses1:
perform_everything_on_device: True
  0%|          | 0/8 [00:00<?, ?it/s] 12%|█▎        | 1/8 [00:00<00:02,  3.26it/s] 25%|██▌       | 2/8 [00:00<00:01,  3.77it/s] 38%|███▊      | 3/8 [00:00<00:01,  3.97it/s] 50%|█████     | 4/8 [00:01<00:01,  3.07it/s] 62%|██████▎   | 5/8 [00:01<00:01,  2.65it/s] 75%|███████▌  | 6/8 [00:02<00:00,  2.46it/s] 88%|████████▊ | 7/8 [00:02<00:00,  2.35it/s]100%|██████████| 8/8 [00:03<00:00,  2.28it/s]100%|██████████| 8/8 [00:03<00:00,  2.59it/s]
sending off prediction to background worker for resampling and export
done with ATLAS_r027s053_ses1

Predicting ATLAS_r027s054_ses1:
perform_everything_on_device: True
  0%|          | 0/8 [00:00<?, ?it/s] 12%|█▎        | 1/8 [00:00<00:02,  2.59it/s] 25%|██▌       | 2/8 [00:00<00:02,  2.31it/s] 38%|███▊      | 3/8 [00:01<00:02,  2.29it/s] 50%|█████     | 4/8 [00:01<00:01,  2.81it/s] 62%|██████▎   | 5/8 [00:01<00:00,  3.20it/s] 75%|███████▌  | 6/8 [00:02<00:00,  2.96it/s] 88%|████████▊ | 7/8 [00:02<00:00,  2.64it/s]100%|██████████| 8/8 [00:03<00:00,  2.46it/s]100%|██████████| 8/8 [00:03<00:00,  2.60it/s]
sending off prediction to background worker for resampling and export
done with ATLAS_r027s054_ses1

Predicting ATLAS_r027s057_ses1:
perform_everything_on_device: True
  0%|          | 0/8 [00:00<?, ?it/s] 12%|█▎        | 1/8 [00:00<00:02,  2.58it/s] 25%|██▌       | 2/8 [00:00<00:02,  2.31it/s] 38%|███▊      | 3/8 [00:01<00:02,  2.23it/s] 50%|█████     | 4/8 [00:01<00:01,  2.20it/s] 62%|██████▎   | 5/8 [00:02<00:01,  2.19it/s] 75%|███████▌  | 6/8 [00:02<00:00,  2.36it/s] 88%|████████▊ | 7/8 [00:02<00:00,  2.77it/s]100%|██████████| 8/8 [00:03<00:00,  3.11it/s]100%|██████████| 8/8 [00:03<00:00,  2.60it/s]
sending off prediction to background worker for resampling and export
done with ATLAS_r027s057_ses1

Predicting ATLAS_r027s058_ses1:
perform_everything_on_device: True
  0%|          | 0/8 [00:00<?, ?it/s] 12%|█▎        | 1/8 [00:00<00:01,  4.69it/s] 25%|██▌       | 2/8 [00:00<00:02,  2.77it/s] 38%|███▊      | 3/8 [00:01<00:02,  2.45it/s] 50%|█████     | 4/8 [00:01<00:01,  2.33it/s] 62%|██████▎   | 5/8 [00:02<00:01,  2.26it/s] 75%|███████▌  | 6/8 [00:02<00:00,  2.21it/s] 88%|████████▊ | 7/8 [00:03<00:00,  2.19it/s]100%|██████████| 8/8 [00:03<00:00,  2.44it/s]100%|██████████| 8/8 [00:03<00:00,  2.41it/s]
sending off prediction to background worker for resampling and export
done with ATLAS_r027s058_ses1

Predicting ATLAS_r028s009_ses1:
perform_everything_on_device: True
  0%|          | 0/8 [00:00<?, ?it/s] 12%|█▎        | 1/8 [00:00<00:02,  3.04it/s] 25%|██▌       | 2/8 [00:00<00:01,  3.65it/s] 38%|███▊      | 3/8 [00:00<00:01,  3.90it/s] 50%|█████     | 4/8 [00:01<00:01,  3.03it/s] 62%|██████▎   | 5/8 [00:01<00:01,  2.63it/s] 75%|███████▌  | 6/8 [00:02<00:00,  2.45it/s] 88%|████████▊ | 7/8 [00:02<00:00,  2.34it/s]100%|██████████| 8/8 [00:03<00:00,  2.27it/s]100%|██████████| 8/8 [00:03<00:00,  2.57it/s]
sending off prediction to background worker for resampling and export
done with ATLAS_r028s009_ses1

Predicting ATLAS_r028s013_ses1:
perform_everything_on_device: True
  0%|          | 0/8 [00:00<?, ?it/s] 12%|█▎        | 1/8 [00:00<00:02,  2.59it/s] 25%|██▌       | 2/8 [00:00<00:02,  2.30it/s] 38%|███▊      | 3/8 [00:01<00:01,  2.66it/s] 50%|█████     | 4/8 [00:01<00:01,  3.12it/s] 62%|██████▎   | 5/8 [00:01<00:00,  3.22it/s] 75%|███████▌  | 6/8 [00:02<00:00,  2.74it/s] 88%|████████▊ | 7/8 [00:02<00:00,  2.51it/s]100%|██████████| 8/8 [00:03<00:00,  2.38it/s]100%|██████████| 8/8 [00:03<00:00,  2.58it/s]
sending off prediction to background worker for resampling and export
done with ATLAS_r028s013_ses1

Predicting ATLAS_r028s018_ses1:
perform_everything_on_device: True
  0%|          | 0/4 [00:00<?, ?it/s] 25%|██▌       | 1/4 [00:00<00:01,  2.58it/s] 50%|█████     | 2/4 [00:00<00:00,  2.30it/s] 75%|███████▌  | 3/4 [00:01<00:00,  2.23it/s]100%|██████████| 4/4 [00:01<00:00,  2.19it/s]100%|██████████| 4/4 [00:01<00:00,  2.23it/s]
sending off prediction to background worker for resampling and export
done with ATLAS_r028s018_ses1

Predicting ATLAS_r028s021_ses1:
perform_everything_on_device: True
  0%|          | 0/8 [00:00<?, ?it/s] 12%|█▎        | 1/8 [00:00<00:02,  2.58it/s] 25%|██▌       | 2/8 [00:00<00:02,  2.29it/s] 38%|███▊      | 3/8 [00:01<00:02,  2.22it/s] 50%|█████     | 4/8 [00:01<00:01,  2.36it/s] 62%|██████▎   | 5/8 [00:01<00:01,  2.80it/s] 75%|███████▌  | 6/8 [00:02<00:00,  3.17it/s] 88%|████████▊ | 7/8 [00:02<00:00,  2.78it/s]100%|██████████| 8/8 [00:03<00:00,  2.53it/s]100%|██████████| 8/8 [00:03<00:00,  2.58it/s]
sending off prediction to background worker for resampling and export
done with ATLAS_r028s021_ses1

Predicting ATLAS_r028s026_ses1:
perform_everything_on_device: True
  0%|          | 0/8 [00:00<?, ?it/s] 12%|█▎        | 1/8 [00:00<00:01,  4.24it/s] 25%|██▌       | 2/8 [00:00<00:01,  4.24it/s] 38%|███▊      | 3/8 [00:00<00:01,  3.70it/s] 50%|█████     | 4/8 [00:01<00:01,  2.88it/s] 62%|██████▎   | 5/8 [00:01<00:01,  2.55it/s] 75%|███████▌  | 6/8 [00:02<00:00,  2.39it/s] 88%|████████▊ | 7/8 [00:02<00:00,  2.30it/s]100%|██████████| 8/8 [00:03<00:00,  2.24it/s]100%|██████████| 8/8 [00:03<00:00,  2.56it/s]
sending off prediction to background worker for resampling and export
done with ATLAS_r028s026_ses1

Predicting ATLAS_r029s001_ses1:
perform_everything_on_device: True
  0%|          | 0/18 [00:00<?, ?it/s]  6%|▌         | 1/18 [00:00<00:06,  2.58it/s] 11%|█         | 2/18 [00:00<00:06,  2.30it/s] 17%|█▋        | 3/18 [00:01<00:06,  2.22it/s] 22%|██▏       | 4/18 [00:01<00:06,  2.18it/s] 28%|██▊       | 5/18 [00:02<00:05,  2.47it/s] 33%|███▎      | 6/18 [00:02<00:04,  2.87it/s] 39%|███▉      | 7/18 [00:02<00:03,  3.10it/s] 44%|████▍     | 8/18 [00:03<00:03,  2.72it/s] 50%|█████     | 9/18 [00:03<00:03,  2.50it/s] 56%|█████▌    | 10/18 [00:04<00:03,  2.38it/s] 61%|██████    | 11/18 [00:04<00:03,  2.29it/s] 67%|██████▋   | 12/18 [00:04<00:02,  2.24it/s] 72%|███████▏  | 13/18 [00:05<00:02,  2.20it/s] 78%|███████▊  | 14/18 [00:05<00:01,  2.45it/s] 83%|████████▎ | 15/18 [00:05<00:01,  2.81it/s] 89%|████████▉ | 16/18 [00:06<00:00,  2.94it/s] 94%|█████████▍| 17/18 [00:06<00:00,  2.64it/s]100%|██████████| 18/18 [00:07<00:00,  2.46it/s]100%|██████████| 18/18 [00:07<00:00,  2.50it/s]
sending off prediction to background worker for resampling and export
done with ATLAS_r029s001_ses1

Predicting ATLAS_r029s002_ses1:
perform_everything_on_device: True
  0%|          | 0/18 [00:00<?, ?it/s]  6%|▌         | 1/18 [00:00<00:06,  2.57it/s] 11%|█         | 2/18 [00:00<00:06,  2.29it/s] 17%|█▋        | 3/18 [00:01<00:06,  2.21it/s] 22%|██▏       | 4/18 [00:01<00:06,  2.18it/s] 28%|██▊       | 5/18 [00:02<00:06,  2.16it/s] 33%|███▎      | 6/18 [00:02<00:05,  2.38it/s] 39%|███▉      | 7/18 [00:02<00:03,  2.78it/s] 44%|████▍     | 8/18 [00:03<00:03,  2.97it/s] 50%|█████     | 9/18 [00:03<00:03,  2.65it/s] 56%|█████▌    | 10/18 [00:04<00:03,  2.47it/s] 61%|██████    | 11/18 [00:04<00:02,  2.36it/s] 67%|██████▋   | 12/18 [00:04<00:02,  2.28it/s] 72%|███████▏  | 13/18 [00:05<00:02,  2.24it/s] 78%|███████▊  | 14/18 [00:05<00:01,  2.20it/s] 83%|████████▎ | 15/18 [00:06<00:01,  2.48it/s] 89%|████████▉ | 16/18 [00:06<00:00,  2.84it/s] 94%|█████████▍| 17/18 [00:06<00:00,  2.92it/s]100%|██████████| 18/18 [00:07<00:00,  2.63it/s]100%|██████████| 18/18 [00:07<00:00,  2.48it/s]
sending off prediction to background worker for resampling and export
done with ATLAS_r029s002_ses1

Predicting ATLAS_r029s003_ses1:
perform_everything_on_device: True
  0%|          | 0/18 [00:00<?, ?it/s]  6%|▌         | 1/18 [00:00<00:06,  2.59it/s] 11%|█         | 2/18 [00:00<00:06,  2.30it/s] 17%|█▋        | 3/18 [00:01<00:06,  2.23it/s] 22%|██▏       | 4/18 [00:01<00:05,  2.62it/s] 28%|██▊       | 5/18 [00:01<00:04,  3.05it/s] 33%|███▎      | 6/18 [00:02<00:03,  3.11it/s] 39%|███▉      | 7/18 [00:02<00:04,  2.71it/s] 44%|████▍     | 8/18 [00:03<00:04,  2.50it/s] 50%|█████     | 9/18 [00:03<00:03,  2.38it/s] 56%|█████▌    | 10/18 [00:04<00:03,  2.30it/s] 61%|██████    | 11/18 [00:04<00:03,  2.25it/s] 67%|██████▋   | 12/18 [00:04<00:02,  2.22it/s] 72%|███████▏  | 13/18 [00:05<00:01,  2.54it/s] 78%|███████▊  | 14/18 [00:05<00:01,  2.89it/s] 83%|████████▎ | 15/18 [00:05<00:01,  2.91it/s] 89%|████████▉ | 16/18 [00:06<00:00,  2.64it/s] 94%|█████████▍| 17/18 [00:06<00:00,  2.47it/s]100%|██████████| 18/18 [00:07<00:00,  2.46it/s]100%|██████████| 18/18 [00:07<00:00,  2.53it/s]
sending off prediction to background worker for resampling and export
done with ATLAS_r029s003_ses1

Predicting ATLAS_r029s004_ses1:
perform_everything_on_device: True
  0%|          | 0/18 [00:00<?, ?it/s]  6%|▌         | 1/18 [00:00<00:03,  5.15it/s] 11%|█         | 2/18 [00:00<00:03,  4.59it/s] 17%|█▋        | 3/18 [00:00<00:04,  3.02it/s] 22%|██▏       | 4/18 [00:01<00:05,  2.59it/s] 28%|██▊       | 5/18 [00:01<00:05,  2.41it/s] 33%|███▎      | 6/18 [00:02<00:05,  2.32it/s] 39%|███▉      | 7/18 [00:02<00:04,  2.26it/s] 44%|████▍     | 8/18 [00:03<00:04,  2.22it/s] 50%|█████     | 9/18 [00:03<00:03,  2.43it/s] 56%|█████▌    | 10/18 [00:03<00:02,  2.80it/s] 61%|██████    | 11/18 [00:04<00:02,  3.06it/s] 67%|██████▋   | 12/18 [00:04<00:02,  2.71it/s] 72%|███████▏  | 13/18 [00:04<00:01,  2.51it/s] 78%|███████▊  | 14/18 [00:05<00:01,  2.39it/s] 83%|████████▎ | 15/18 [00:05<00:01,  2.32it/s] 89%|████████▉ | 16/18 [00:06<00:00,  2.27it/s] 94%|█████████▍| 17/18 [00:06<00:00,  2.23it/s]100%|██████████| 18/18 [00:07<00:00,  2.46it/s]100%|██████████| 18/18 [00:07<00:00,  2.52it/s]
sending off prediction to background worker for resampling and export
done with ATLAS_r029s004_ses1

Predicting ATLAS_r029s005_ses1:
perform_everything_on_device: True
  0%|          | 0/18 [00:00<?, ?it/s]  6%|▌         | 1/18 [00:00<00:03,  4.70it/s] 11%|█         | 2/18 [00:00<00:05,  2.76it/s] 17%|█▋        | 3/18 [00:01<00:06,  2.45it/s] 22%|██▏       | 4/18 [00:01<00:06,  2.32it/s] 28%|██▊       | 5/18 [00:02<00:05,  2.26it/s] 33%|███▎      | 6/18 [00:02<00:05,  2.22it/s] 39%|███▉      | 7/18 [00:02<00:04,  2.20it/s] 44%|████▍     | 8/18 [00:03<00:04,  2.44it/s] 50%|█████     | 9/18 [00:03<00:03,  2.82it/s] 56%|█████▌    | 10/18 [00:03<00:02,  3.01it/s] 61%|██████    | 11/18 [00:04<00:02,  2.68it/s] 67%|██████▋   | 12/18 [00:04<00:02,  2.49it/s] 72%|███████▏  | 13/18 [00:05<00:02,  2.38it/s] 78%|███████▊  | 14/18 [00:05<00:01,  2.31it/s] 83%|████████▎ | 15/18 [00:06<00:01,  2.26it/s] 89%|████████▉ | 16/18 [00:06<00:00,  2.22it/s] 94%|█████████▍| 17/18 [00:06<00:00,  2.51it/s]100%|██████████| 18/18 [00:07<00:00,  2.86it/s]100%|██████████| 18/18 [00:07<00:00,  2.52it/s]
sending off prediction to background worker for resampling and export
done with ATLAS_r029s005_ses1

Predicting ATLAS_r029s006_ses1:
perform_everything_on_device: True
  0%|          | 0/18 [00:00<?, ?it/s]  6%|▌         | 1/18 [00:00<00:03,  5.17it/s] 11%|█         | 2/18 [00:00<00:05,  3.11it/s] 17%|█▋        | 3/18 [00:01<00:05,  2.58it/s] 22%|██▏       | 4/18 [00:01<00:05,  2.39it/s] 28%|██▊       | 5/18 [00:01<00:05,  2.30it/s] 33%|███▎      | 6/18 [00:02<00:05,  2.25it/s] 39%|███▉      | 7/18 [00:02<00:04,  2.22it/s] 44%|████▍     | 8/18 [00:03<00:04,  2.32it/s] 50%|█████     | 9/18 [00:03<00:03,  2.71it/s] 56%|█████▌    | 10/18 [00:03<00:02,  3.06it/s] 61%|██████    | 11/18 [00:04<00:02,  2.77it/s] 67%|██████▋   | 12/18 [00:04<00:02,  2.55it/s] 72%|███████▏  | 13/18 [00:05<00:02,  2.41it/s] 78%|███████▊  | 14/18 [00:05<00:01,  2.33it/s] 83%|████████▎ | 15/18 [00:06<00:01,  2.27it/s] 89%|████████▉ | 16/18 [00:06<00:00,  2.23it/s] 94%|█████████▍| 17/18 [00:06<00:00,  2.37it/s]100%|██████████| 18/18 [00:07<00:00,  2.73it/s]100%|██████████| 18/18 [00:07<00:00,  2.52it/s]
sending off prediction to background worker for resampling and export
done with ATLAS_r029s006_ses1

Predicting ATLAS_r029s007_ses1:
perform_everything_on_device: True
  0%|          | 0/18 [00:00<?, ?it/s]  6%|▌         | 1/18 [00:00<00:03,  4.33it/s] 11%|█         | 2/18 [00:00<00:05,  2.71it/s] 17%|█▋        | 3/18 [00:01<00:06,  2.41it/s] 22%|██▏       | 4/18 [00:01<00:06,  2.30it/s] 28%|██▊       | 5/18 [00:02<00:05,  2.24it/s] 33%|███▎      | 6/18 [00:02<00:05,  2.21it/s] 39%|███▉      | 7/18 [00:03<00:05,  2.19it/s] 44%|████▍     | 8/18 [00:03<00:04,  2.47it/s] 50%|█████     | 9/18 [00:03<00:03,  2.84it/s] 56%|█████▌    | 10/18 [00:03<00:02,  2.97it/s] 61%|██████    | 11/18 [00:04<00:02,  2.65it/s] 67%|██████▋   | 12/18 [00:04<00:02,  2.48it/s] 72%|███████▏  | 13/18 [00:05<00:02,  2.37it/s] 78%|███████▊  | 14/18 [00:05<00:01,  2.29it/s] 83%|████████▎ | 15/18 [00:06<00:01,  2.25it/s] 89%|████████▉ | 16/18 [00:06<00:00,  2.22it/s] 94%|█████████▍| 17/18 [00:06<00:00,  2.53it/s]100%|██████████| 18/18 [00:07<00:00,  2.89it/s]100%|██████████| 18/18 [00:07<00:00,  2.52it/s]
sending off prediction to background worker for resampling and export
done with ATLAS_r029s007_ses1

Predicting ATLAS_r029s008_ses1:
perform_everything_on_device: True
  0%|          | 0/18 [00:00<?, ?it/s]  6%|▌         | 1/18 [00:00<00:06,  2.58it/s] 11%|█         | 2/18 [00:00<00:06,  2.31it/s] 17%|█▋        | 3/18 [00:01<00:06,  2.22it/s] 22%|██▏       | 4/18 [00:01<00:06,  2.19it/s] 28%|██▊       | 5/18 [00:02<00:05,  2.17it/s] 33%|███▎      | 6/18 [00:02<00:05,  2.33it/s] 39%|███▉      | 7/18 [00:02<00:04,  2.74it/s] 44%|████▍     | 8/18 [00:03<00:03,  3.09it/s] 50%|█████     | 9/18 [00:03<00:03,  2.74it/s] 56%|█████▌    | 10/18 [00:04<00:03,  2.53it/s] 61%|██████    | 11/18 [00:04<00:02,  2.39it/s] 67%|██████▋   | 12/18 [00:04<00:02,  2.30it/s] 72%|███████▏  | 13/18 [00:05<00:02,  2.25it/s] 78%|███████▊  | 14/18 [00:05<00:01,  2.21it/s] 83%|████████▎ | 15/18 [00:06<00:01,  2.19it/s] 89%|████████▉ | 16/18 [00:06<00:00,  2.17it/s] 94%|█████████▍| 17/18 [00:07<00:00,  2.17it/s]100%|██████████| 18/18 [00:07<00:00,  2.16it/s]100%|██████████| 18/18 [00:07<00:00,  2.32it/s]
sending off prediction to background worker for resampling and export
done with ATLAS_r029s008_ses1

Predicting ATLAS_r029s009_ses1:
perform_everything_on_device: True
  0%|          | 0/18 [00:00<?, ?it/s]  6%|▌         | 1/18 [00:00<00:06,  2.58it/s] 11%|█         | 2/18 [00:00<00:06,  2.30it/s] 17%|█▋        | 3/18 [00:01<00:06,  2.22it/s] 22%|██▏       | 4/18 [00:01<00:06,  2.18it/s] 28%|██▊       | 5/18 [00:02<00:06,  2.16it/s] 33%|███▎      | 6/18 [00:02<00:05,  2.15it/s] 39%|███▉      | 7/18 [00:03<00:05,  2.15it/s] 44%|████▍     | 8/18 [00:03<00:04,  2.14it/s] 50%|█████     | 9/18 [00:04<00:04,  2.14it/s] 56%|█████▌    | 10/18 [00:04<00:03,  2.14it/s] 61%|██████    | 11/18 [00:05<00:03,  2.13it/s] 67%|██████▋   | 12/18 [00:05<00:02,  2.19it/s] 72%|███████▏  | 13/18 [00:05<00:01,  2.56it/s] 78%|███████▊  | 14/18 [00:05<00:01,  2.91it/s] 83%|████████▎ | 15/18 [00:06<00:01,  2.76it/s] 89%|████████▉ | 16/18 [00:06<00:00,  2.54it/s] 94%|█████████▍| 17/18 [00:07<00:00,  2.40it/s]100%|██████████| 18/18 [00:07<00:00,  2.31it/s]100%|██████████| 18/18 [00:07<00:00,  2.31it/s]
sending off prediction to background worker for resampling and export
done with ATLAS_r029s009_ses1

Predicting ATLAS_r029s010_ses1:
perform_everything_on_device: True
  0%|          | 0/18 [00:00<?, ?it/s]  6%|▌         | 1/18 [00:00<00:06,  2.58it/s] 11%|█         | 2/18 [00:00<00:05,  2.72it/s] 17%|█▋        | 3/18 [00:00<00:04,  3.26it/s] 22%|██▏       | 4/18 [00:01<00:03,  3.58it/s] 28%|██▊       | 5/18 [00:01<00:04,  2.97it/s] 33%|███▎      | 6/18 [00:02<00:04,  2.62it/s] 39%|███▉      | 7/18 [00:02<00:04,  2.45it/s] 44%|████▍     | 8/18 [00:02<00:03,  2.64it/s] 50%|█████     | 9/18 [00:03<00:03,  3.00it/s] 56%|█████▌    | 10/18 [00:03<00:02,  3.09it/s] 61%|██████    | 11/18 [00:03<00:02,  2.72it/s] 67%|██████▋   | 12/18 [00:04<00:02,  2.51it/s] 72%|███████▏  | 13/18 [00:04<00:02,  2.38it/s] 78%|███████▊  | 14/18 [00:05<00:01,  2.30it/s] 83%|████████▎ | 15/18 [00:05<00:01,  2.25it/s] 89%|████████▉ | 16/18 [00:06<00:00,  2.21it/s] 94%|█████████▍| 17/18 [00:06<00:00,  2.52it/s]100%|██████████| 18/18 [00:06<00:00,  2.87it/s]100%|██████████| 18/18 [00:06<00:00,  2.67it/s]
sending off prediction to background worker for resampling and export
done with ATLAS_r029s010_ses1

Predicting ATLAS_r030s007_ses1:
perform_everything_on_device: True
  0%|          | 0/8 [00:00<?, ?it/s] 12%|█▎        | 1/8 [00:00<00:01,  3.70it/s] 25%|██▌       | 2/8 [00:00<00:02,  2.58it/s] 38%|███▊      | 3/8 [00:01<00:02,  2.36it/s] 50%|█████     | 4/8 [00:01<00:01,  2.27it/s] 62%|██████▎   | 5/8 [00:02<00:01,  2.21it/s] 75%|███████▌  | 6/8 [00:02<00:00,  2.19it/s] 88%|████████▊ | 7/8 [00:03<00:00,  2.17it/s]100%|██████████| 8/8 [00:03<00:00,  2.52it/s]100%|██████████| 8/8 [00:03<00:00,  2.40it/s]
sending off prediction to background worker for resampling and export
done with ATLAS_r030s007_ses1

Predicting ATLAS_r031s016_ses1:
perform_everything_on_device: True
  0%|          | 0/8 [00:00<?, ?it/s] 12%|█▎        | 1/8 [00:00<00:02,  2.58it/s] 25%|██▌       | 2/8 [00:00<00:02,  2.63it/s] 38%|███▊      | 3/8 [00:00<00:01,  3.18it/s] 50%|█████     | 4/8 [00:01<00:01,  3.49it/s] 62%|██████▎   | 5/8 [00:01<00:01,  2.85it/s] 75%|███████▌  | 6/8 [00:02<00:00,  2.55it/s] 88%|████████▊ | 7/8 [00:02<00:00,  2.40it/s]100%|██████████| 8/8 [00:03<00:00,  2.31it/s]100%|██████████| 8/8 [00:03<00:00,  2.57it/s]
sending off prediction to background worker for resampling and export
done with ATLAS_r031s016_ses1

Predicting ATLAS_r031s032_ses1:
perform_everything_on_device: True
  0%|          | 0/8 [00:00<?, ?it/s] 12%|█▎        | 1/8 [00:00<00:02,  2.57it/s] 25%|██▌       | 2/8 [00:00<00:02,  2.30it/s] 38%|███▊      | 3/8 [00:01<00:02,  2.23it/s] 50%|█████     | 4/8 [00:01<00:01,  2.20it/s] 62%|██████▎   | 5/8 [00:02<00:01,  2.57it/s] 75%|███████▌  | 6/8 [00:02<00:00,  2.98it/s] 88%|████████▊ | 7/8 [00:02<00:00,  2.99it/s]100%|██████████| 8/8 [00:03<00:00,  2.66it/s]100%|██████████| 8/8 [00:03<00:00,  2.59it/s]
sending off prediction to background worker for resampling and export
done with ATLAS_r031s032_ses1

Predicting ATLAS_r031s033_ses1:
perform_everything_on_device: True
  0%|          | 0/8 [00:00<?, ?it/s] 12%|█▎        | 1/8 [00:00<00:02,  2.59it/s] 25%|██▌       | 2/8 [00:00<00:02,  2.31it/s] 38%|███▊      | 3/8 [00:01<00:02,  2.23it/s] 50%|█████     | 4/8 [00:01<00:01,  2.20it/s] 62%|██████▎   | 5/8 [00:02<00:01,  2.18it/s] 75%|███████▌  | 6/8 [00:02<00:00,  2.20it/s] 88%|████████▊ | 7/8 [00:02<00:00,  2.62it/s]100%|██████████| 8/8 [00:03<00:00,  2.99it/s]100%|██████████| 8/8 [00:03<00:00,  2.53it/s]
sending off prediction to background worker for resampling and export
done with ATLAS_r031s033_ses1

Predicting ATLAS_r032s008_ses1:
perform_everything_on_device: True
  0%|          | 0/16 [00:00<?, ?it/s]  6%|▋         | 1/16 [00:00<00:03,  4.95it/s] 12%|█▎        | 2/16 [00:00<00:05,  2.80it/s] 19%|█▉        | 3/16 [00:01<00:05,  2.46it/s] 25%|██▌       | 4/16 [00:01<00:05,  2.33it/s] 31%|███▏      | 5/16 [00:02<00:04,  2.26it/s] 38%|███▊      | 6/16 [00:02<00:04,  2.22it/s] 44%|████▍     | 7/16 [00:02<00:04,  2.20it/s] 50%|█████     | 8/16 [00:03<00:03,  2.42it/s] 56%|█████▋    | 9/16 [00:03<00:02,  2.80it/s] 62%|██████▎   | 10/16 [00:03<00:02,  2.98it/s] 69%|██████▉   | 11/16 [00:04<00:01,  2.67it/s] 75%|███████▌  | 12/16 [00:04<00:01,  2.49it/s] 81%|████████▏ | 13/16 [00:05<00:01,  2.38it/s] 88%|████████▊ | 14/16 [00:05<00:00,  2.30it/s] 94%|█████████▍| 15/16 [00:06<00:00,  2.26it/s]100%|██████████| 16/16 [00:06<00:00,  2.22it/s]100%|██████████| 16/16 [00:06<00:00,  2.42it/s]
sending off prediction to background worker for resampling and export
done with ATLAS_r032s008_ses1

Predicting ATLAS_r032s010_ses1:
perform_everything_on_device: True
  0%|          | 0/16 [00:00<?, ?it/s]  6%|▋         | 1/16 [00:00<00:05,  2.58it/s] 12%|█▎        | 2/16 [00:00<00:06,  2.31it/s] 19%|█▉        | 3/16 [00:01<00:04,  2.78it/s] 25%|██▌       | 4/16 [00:01<00:03,  3.23it/s] 31%|███▏      | 5/16 [00:01<00:03,  3.19it/s] 38%|███▊      | 6/16 [00:02<00:03,  2.74it/s] 44%|████▍     | 7/16 [00:02<00:03,  2.52it/s] 50%|█████     | 8/16 [00:03<00:03,  2.39it/s] 56%|█████▋    | 9/16 [00:03<00:03,  2.31it/s] 62%|██████▎   | 10/16 [00:04<00:02,  2.25it/s] 69%|██████▉   | 11/16 [00:04<00:02,  2.22it/s] 75%|███████▌  | 12/16 [00:04<00:01,  2.58it/s] 81%|████████▏ | 13/16 [00:04<00:01,  2.93it/s] 88%|████████▊ | 14/16 [00:05<00:00,  2.88it/s] 94%|█████████▍| 15/16 [00:05<00:00,  2.61it/s]100%|██████████| 16/16 [00:06<00:00,  2.46it/s]100%|██████████| 16/16 [00:06<00:00,  2.57it/s]
sending off prediction to background worker for resampling and export
done with ATLAS_r032s010_ses1

Predicting ATLAS_r032s028_ses1:
perform_everything_on_device: True
  0%|          | 0/16 [00:00<?, ?it/s]  6%|▋         | 1/16 [00:00<00:05,  2.58it/s] 12%|█▎        | 2/16 [00:00<00:06,  2.31it/s] 19%|█▉        | 3/16 [00:01<00:04,  2.71it/s] 25%|██▌       | 4/16 [00:01<00:03,  3.16it/s] 31%|███▏      | 5/16 [00:01<00:03,  3.15it/s] 38%|███▊      | 6/16 [00:02<00:03,  2.72it/s] 44%|████▍     | 7/16 [00:02<00:03,  2.50it/s] 50%|█████     | 8/16 [00:03<00:03,  2.45it/s] 56%|█████▋    | 9/16 [00:03<00:02,  2.82it/s] 62%|██████▎   | 10/16 [00:03<00:01,  3.15it/s] 69%|██████▉   | 11/16 [00:03<00:01,  2.87it/s] 75%|███████▌  | 12/16 [00:04<00:01,  2.61it/s] 81%|████████▏ | 13/16 [00:04<00:01,  2.45it/s] 88%|████████▊ | 14/16 [00:05<00:00,  2.35it/s] 94%|█████████▍| 15/16 [00:05<00:00,  2.29it/s]100%|██████████| 16/16 [00:06<00:00,  2.25it/s]100%|██████████| 16/16 [00:06<00:00,  2.55it/s]
sending off prediction to background worker for resampling and export
done with ATLAS_r032s028_ses1

Predicting ATLAS_r032s032_ses1:
perform_everything_on_device: True
  0%|          | 0/16 [00:00<?, ?it/s]  6%|▋         | 1/16 [00:00<00:05,  2.59it/s] 12%|█▎        | 2/16 [00:00<00:06,  2.31it/s] 19%|█▉        | 3/16 [00:01<00:04,  2.85it/s] 25%|██▌       | 4/16 [00:01<00:03,  3.28it/s] 31%|███▏      | 5/16 [00:01<00:03,  3.06it/s] 38%|███▊      | 6/16 [00:02<00:03,  2.68it/s] 44%|████▍     | 7/16 [00:02<00:03,  2.48it/s] 50%|█████     | 8/16 [00:03<00:03,  2.37it/s] 56%|█████▋    | 9/16 [00:03<00:03,  2.29it/s] 62%|██████▎   | 10/16 [00:04<00:02,  2.25it/s] 69%|██████▉   | 11/16 [00:04<00:02,  2.26it/s] 75%|███████▌  | 12/16 [00:04<00:01,  2.64it/s] 81%|████████▏ | 13/16 [00:04<00:01,  2.98it/s] 88%|████████▊ | 14/16 [00:05<00:00,  2.80it/s] 94%|█████████▍| 15/16 [00:05<00:00,  2.56it/s]100%|██████████| 16/16 [00:06<00:00,  2.43it/s]100%|██████████| 16/16 [00:06<00:00,  2.55it/s]
sending off prediction to background worker for resampling and export
done with ATLAS_r032s032_ses1

Predicting ATLAS_r032s050_ses1:
perform_everything_on_device: True
  0%|          | 0/16 [00:00<?, ?it/s]  6%|▋         | 1/16 [00:00<00:05,  2.59it/s] 12%|█▎        | 2/16 [00:00<00:06,  2.30it/s] 19%|█▉        | 3/16 [00:01<00:05,  2.23it/s] 25%|██▌       | 4/16 [00:01<00:05,  2.19it/s] 31%|███▏      | 5/16 [00:02<00:05,  2.17it/s] 38%|███▊      | 6/16 [00:02<00:04,  2.39it/s] 44%|████▍     | 7/16 [00:02<00:03,  2.79it/s] 50%|█████     | 8/16 [00:03<00:02,  3.02it/s] 56%|█████▋    | 9/16 [00:03<00:02,  2.68it/s] 62%|██████▎   | 10/16 [00:04<00:02,  2.48it/s] 69%|██████▉   | 11/16 [00:04<00:02,  2.36it/s] 75%|███████▌  | 12/16 [00:04<00:01,  2.29it/s] 81%|████████▏ | 13/16 [00:05<00:01,  2.24it/s] 88%|████████▊ | 14/16 [00:05<00:00,  2.21it/s] 94%|█████████▍| 15/16 [00:06<00:00,  2.47it/s]100%|██████████| 16/16 [00:06<00:00,  2.83it/s]100%|██████████| 16/16 [00:06<00:00,  2.49it/s]
sending off prediction to background worker for resampling and export
done with ATLAS_r032s050_ses1

Predicting ATLAS_r032s057_ses1:
perform_everything_on_device: True
  0%|          | 0/16 [00:00<?, ?it/s]  6%|▋         | 1/16 [00:00<00:03,  4.58it/s] 12%|█▎        | 2/16 [00:00<00:05,  2.73it/s] 19%|█▉        | 3/16 [00:01<00:05,  2.42it/s] 25%|██▌       | 4/16 [00:01<00:05,  2.30it/s] 31%|███▏      | 5/16 [00:02<00:04,  2.24it/s] 38%|███▊      | 6/16 [00:02<00:04,  2.20it/s] 44%|████▍     | 7/16 [00:03<00:04,  2.18it/s] 50%|█████     | 8/16 [00:03<00:03,  2.44it/s] 56%|█████▋    | 9/16 [00:03<00:02,  2.82it/s] 62%|██████▎   | 10/16 [00:03<00:02,  2.96it/s] 69%|██████▉   | 11/16 [00:04<00:01,  2.64it/s] 75%|███████▌  | 12/16 [00:04<00:01,  2.46it/s] 81%|████████▏ | 13/16 [00:05<00:01,  2.35it/s] 88%|████████▊ | 14/16 [00:05<00:00,  2.28it/s] 94%|█████████▍| 15/16 [00:06<00:00,  2.24it/s]100%|██████████| 16/16 [00:06<00:00,  2.21it/s]100%|██████████| 16/16 [00:06<00:00,  2.39it/s]
sending off prediction to background worker for resampling and export
done with ATLAS_r032s057_ses1

Predicting ATLAS_r034s015_ses1:
perform_everything_on_device: True
  0%|          | 0/8 [00:00<?, ?it/s] 12%|█▎        | 1/8 [00:00<00:02,  2.58it/s] 25%|██▌       | 2/8 [00:00<00:02,  2.77it/s] 38%|███▊      | 3/8 [00:00<00:01,  3.28it/s] 50%|█████     | 4/8 [00:01<00:01,  3.41it/s] 62%|██████▎   | 5/8 [00:01<00:01,  2.80it/s] 75%|███████▌  | 6/8 [00:02<00:00,  2.53it/s] 88%|████████▊ | 7/8 [00:02<00:00,  2.39it/s]100%|██████████| 8/8 [00:03<00:00,  2.30it/s]100%|██████████| 8/8 [00:03<00:00,  2.57it/s]
sending off prediction to background worker for resampling and export
done with ATLAS_r034s015_ses1

Predicting ATLAS_r034s047_ses1:
perform_everything_on_device: True
  0%|          | 0/8 [00:00<?, ?it/s] 12%|█▎        | 1/8 [00:00<00:02,  2.59it/s] 25%|██▌       | 2/8 [00:00<00:02,  2.30it/s] 38%|███▊      | 3/8 [00:01<00:02,  2.22it/s] 50%|█████     | 4/8 [00:01<00:01,  2.23it/s] 62%|██████▎   | 5/8 [00:02<00:01,  2.69it/s] 75%|███████▌  | 6/8 [00:02<00:00,  3.07it/s] 88%|████████▊ | 7/8 [00:02<00:00,  2.83it/s]100%|██████████| 8/8 [00:03<00:00,  2.56it/s]100%|██████████| 8/8 [00:03<00:00,  2.56it/s]
sending off prediction to background worker for resampling and export
done with ATLAS_r034s047_ses1

Predicting ATLAS_r034s048_ses1:
perform_everything_on_device: True
  0%|          | 0/8 [00:00<?, ?it/s] 12%|█▎        | 1/8 [00:00<00:02,  2.59it/s] 25%|██▌       | 2/8 [00:00<00:02,  2.30it/s] 38%|███▊      | 3/8 [00:01<00:02,  2.22it/s] 50%|█████     | 4/8 [00:01<00:01,  2.19it/s] 62%|██████▎   | 5/8 [00:02<00:01,  2.18it/s] 75%|███████▌  | 6/8 [00:02<00:00,  2.29it/s] 88%|████████▊ | 7/8 [00:02<00:00,  2.70it/s]100%|██████████| 8/8 [00:03<00:00,  3.05it/s]100%|██████████| 8/8 [00:03<00:00,  2.57it/s]
sending off prediction to background worker for resampling and export
done with ATLAS_r034s048_ses1

Predicting ATLAS_r038s006_ses1:
perform_everything_on_device: True
  0%|          | 0/8 [00:00<?, ?it/s] 12%|█▎        | 1/8 [00:00<00:02,  3.33it/s] 25%|██▌       | 2/8 [00:00<00:02,  2.50it/s] 38%|███▊      | 3/8 [00:01<00:02,  2.33it/s] 50%|█████     | 4/8 [00:01<00:01,  2.24it/s] 62%|██████▎   | 5/8 [00:02<00:01,  2.20it/s] 75%|███████▌  | 6/8 [00:02<00:00,  2.17it/s] 88%|████████▊ | 7/8 [00:03<00:00,  2.18it/s]100%|██████████| 8/8 [00:03<00:00,  2.58it/s]100%|██████████| 8/8 [00:03<00:00,  2.40it/s]
sending off prediction to background worker for resampling and export
done with ATLAS_r038s006_ses1

Predicting ATLAS_r038s036_ses1:
perform_everything_on_device: True
  0%|          | 0/8 [00:00<?, ?it/s] 12%|█▎        | 1/8 [00:00<00:02,  2.59it/s] 25%|██▌       | 2/8 [00:00<00:02,  2.80it/s] 38%|███▊      | 3/8 [00:00<00:01,  3.32it/s] 50%|█████     | 4/8 [00:01<00:01,  3.47it/s] 62%|██████▎   | 5/8 [00:01<00:01,  2.83it/s] 75%|███████▌  | 6/8 [00:02<00:00,  2.56it/s] 88%|████████▊ | 7/8 [00:02<00:00,  2.41it/s]100%|██████████| 8/8 [00:03<00:00,  2.32it/s]100%|██████████| 8/8 [00:03<00:00,  2.59it/s]
sending off prediction to background worker for resampling and export
done with ATLAS_r038s036_ses1

Predicting ATLAS_r038s043_ses1:
perform_everything_on_device: True
  0%|          | 0/8 [00:00<?, ?it/s] 12%|█▎        | 1/8 [00:00<00:02,  2.59it/s] 25%|██▌       | 2/8 [00:00<00:02,  2.31it/s] 38%|███▊      | 3/8 [00:01<00:02,  2.24it/s] 50%|█████     | 4/8 [00:01<00:01,  2.20it/s] 62%|██████▎   | 5/8 [00:02<00:01,  2.60it/s] 75%|███████▌  | 6/8 [00:02<00:00,  3.00it/s] 88%|████████▊ | 7/8 [00:02<00:00,  2.96it/s]100%|██████████| 8/8 [00:03<00:00,  2.65it/s]100%|██████████| 8/8 [00:03<00:00,  2.59it/s]
sending off prediction to background worker for resampling and export
done with ATLAS_r038s043_ses1

Predicting ATLAS_r038s047_ses1:
perform_everything_on_device: True
  0%|          | 0/4 [00:00<?, ?it/s] 25%|██▌       | 1/4 [00:00<00:01,  2.58it/s] 50%|█████     | 2/4 [00:00<00:00,  2.31it/s] 75%|███████▌  | 3/4 [00:01<00:00,  2.23it/s]100%|██████████| 4/4 [00:01<00:00,  2.20it/s]100%|██████████| 4/4 [00:01<00:00,  2.24it/s]
sending off prediction to background worker for resampling and export
done with ATLAS_r038s047_ses1

Predicting ATLAS_r038s048_ses1:
perform_everything_on_device: True
  0%|          | 0/8 [00:00<?, ?it/s] 12%|█▎        | 1/8 [00:00<00:01,  4.51it/s] 25%|██▌       | 2/8 [00:00<00:01,  4.36it/s] 38%|███▊      | 3/8 [00:00<00:01,  3.75it/s] 50%|█████     | 4/8 [00:01<00:01,  2.90it/s] 62%|██████▎   | 5/8 [00:01<00:01,  2.58it/s] 75%|███████▌  | 6/8 [00:02<00:00,  2.42it/s] 88%|████████▊ | 7/8 [00:02<00:00,  2.32it/s]100%|██████████| 8/8 [00:03<00:00,  2.27it/s]100%|██████████| 8/8 [00:03<00:00,  2.59it/s]
sending off prediction to background worker for resampling and export
done with ATLAS_r038s048_ses1

Predicting ATLAS_r038s056_ses1:
perform_everything_on_device: True
  0%|          | 0/8 [00:00<?, ?it/s] 12%|█▎        | 1/8 [00:00<00:02,  2.58it/s] 25%|██▌       | 2/8 [00:00<00:02,  2.37it/s] 38%|███▊      | 3/8 [00:01<00:01,  2.98it/s] 50%|█████     | 4/8 [00:01<00:01,  3.38it/s] 62%|██████▎   | 5/8 [00:01<00:00,  3.01it/s] 75%|███████▌  | 6/8 [00:02<00:00,  2.65it/s] 88%|████████▊ | 7/8 [00:02<00:00,  2.46it/s]100%|██████████| 8/8 [00:03<00:00,  2.36it/s]100%|██████████| 8/8 [00:03<00:00,  2.59it/s]
sending off prediction to background worker for resampling and export
done with ATLAS_r038s056_ses1

Predicting ATLAS_r038s062_ses1:
perform_everything_on_device: True
  0%|          | 0/4 [00:00<?, ?it/s] 25%|██▌       | 1/4 [00:00<00:01,  2.59it/s] 50%|█████     | 2/4 [00:00<00:00,  2.31it/s] 75%|███████▌  | 3/4 [00:01<00:00,  2.24it/s]100%|██████████| 4/4 [00:01<00:00,  2.20it/s]100%|██████████| 4/4 [00:01<00:00,  2.25it/s]
sending off prediction to background worker for resampling and export
done with ATLAS_r038s062_ses1

Predicting ATLAS_r038s063_ses1:
perform_everything_on_device: True
  0%|          | 0/8 [00:00<?, ?it/s] 12%|█▎        | 1/8 [00:00<00:02,  2.59it/s] 25%|██▌       | 2/8 [00:00<00:02,  2.31it/s] 38%|███▊      | 3/8 [00:01<00:01,  2.77it/s] 50%|█████     | 4/8 [00:01<00:01,  3.22it/s] 62%|██████▎   | 5/8 [00:01<00:00,  3.15it/s] 75%|███████▌  | 6/8 [00:02<00:00,  2.72it/s] 88%|████████▊ | 7/8 [00:02<00:00,  2.51it/s]100%|██████████| 8/8 [00:03<00:00,  2.38it/s]100%|██████████| 8/8 [00:03<00:00,  2.59it/s]
sending off prediction to background worker for resampling and export
done with ATLAS_r038s063_ses1

Predicting ATLAS_r038s068_ses1:
perform_everything_on_device: True
  0%|          | 0/8 [00:00<?, ?it/s] 12%|█▎        | 1/8 [00:00<00:02,  2.58it/s] 25%|██▌       | 2/8 [00:00<00:02,  2.31it/s] 38%|███▊      | 3/8 [00:01<00:02,  2.23it/s] 50%|█████     | 4/8 [00:01<00:01,  2.20it/s] 62%|██████▎   | 5/8 [00:02<00:01,  2.26it/s] 75%|███████▌  | 6/8 [00:02<00:00,  2.68it/s] 88%|████████▊ | 7/8 [00:02<00:00,  3.05it/s]100%|██████████| 8/8 [00:03<00:00,  2.80it/s]100%|██████████| 8/8 [00:03<00:00,  2.58it/s]
sending off prediction to background worker for resampling and export
done with ATLAS_r038s068_ses1

Predicting ATLAS_r038s070_ses1:
perform_everything_on_device: True
  0%|          | 0/8 [00:00<?, ?it/s] 12%|█▎        | 1/8 [00:00<00:02,  2.58it/s] 25%|██▌       | 2/8 [00:00<00:02,  2.31it/s] 38%|███▊      | 3/8 [00:01<00:02,  2.24it/s] 50%|█████     | 4/8 [00:01<00:01,  2.20it/s] 62%|██████▎   | 5/8 [00:02<00:01,  2.18it/s] 75%|███████▌  | 6/8 [00:02<00:00,  2.17it/s] 88%|████████▊ | 7/8 [00:03<00:00,  2.34it/s]100%|██████████| 8/8 [00:03<00:00,  2.73it/s]100%|██████████| 8/8 [00:03<00:00,  2.42it/s]
sending off prediction to background worker for resampling and export
done with ATLAS_r038s070_ses1

Predicting ATLAS_r038s080_ses1:
perform_everything_on_device: True
  0%|          | 0/8 [00:00<?, ?it/s] 12%|█▎        | 1/8 [00:00<00:02,  2.83it/s] 25%|██▌       | 2/8 [00:00<00:01,  3.52it/s] 38%|███▊      | 3/8 [00:00<00:01,  3.83it/s] 50%|█████     | 4/8 [00:01<00:01,  3.12it/s] 62%|██████▎   | 5/8 [00:01<00:01,  2.68it/s] 75%|███████▌  | 6/8 [00:02<00:00,  2.47it/s] 88%|████████▊ | 7/8 [00:02<00:00,  2.36it/s]100%|██████████| 8/8 [00:03<00:00,  2.29it/s]100%|██████████| 8/8 [00:03<00:00,  2.58it/s]
sending off prediction to background worker for resampling and export
done with ATLAS_r038s080_ses1

Predicting ATLAS_r038s089_ses1:
perform_everything_on_device: True
  0%|          | 0/8 [00:00<?, ?it/s] 12%|█▎        | 1/8 [00:00<00:02,  2.59it/s] 25%|██▌       | 2/8 [00:00<00:02,  2.31it/s] 38%|███▊      | 3/8 [00:01<00:01,  2.55it/s] 50%|█████     | 4/8 [00:01<00:01,  3.03it/s] 62%|██████▎   | 5/8 [00:01<00:00,  3.25it/s] 75%|███████▌  | 6/8 [00:02<00:00,  2.77it/s] 88%|████████▊ | 7/8 [00:02<00:00,  2.54it/s]100%|██████████| 8/8 [00:03<00:00,  2.40it/s]100%|██████████| 8/8 [00:03<00:00,  2.59it/s]
sending off prediction to background worker for resampling and export
done with ATLAS_r038s089_ses1

Predicting ATLAS_r038s091_ses1:
perform_everything_on_device: True
  0%|          | 0/8 [00:00<?, ?it/s] 12%|█▎        | 1/8 [00:00<00:02,  2.58it/s] 25%|██▌       | 2/8 [00:00<00:02,  2.31it/s] 38%|███▊      | 3/8 [00:01<00:02,  2.23it/s] 50%|█████     | 4/8 [00:01<00:01,  2.19it/s] 62%|██████▎   | 5/8 [00:02<00:01,  2.17it/s] 75%|███████▌  | 6/8 [00:02<00:00,  2.48it/s] 88%|████████▊ | 7/8 [00:02<00:00,  2.87it/s]100%|██████████| 8/8 [00:03<00:00,  2.95it/s]100%|██████████| 8/8 [00:03<00:00,  2.58it/s]
sending off prediction to background worker for resampling and export
done with ATLAS_r038s091_ses1

Predicting ATLAS_r040s004_ses1:
perform_everything_on_device: True
  0%|          | 0/8 [00:00<?, ?it/s] 12%|█▎        | 1/8 [00:00<00:02,  2.60it/s] 25%|██▌       | 2/8 [00:00<00:02,  2.30it/s] 38%|███▊      | 3/8 [00:01<00:02,  2.22it/s] 50%|█████     | 4/8 [00:01<00:01,  2.19it/s] 62%|██████▎   | 5/8 [00:02<00:01,  2.17it/s] 75%|███████▌  | 6/8 [00:02<00:00,  2.15it/s] 88%|████████▊ | 7/8 [00:03<00:00,  2.30it/s]100%|██████████| 8/8 [00:03<00:00,  2.69it/s]100%|██████████| 8/8 [00:03<00:00,  2.40it/s]
sending off prediction to background worker for resampling and export
done with ATLAS_r040s004_ses1

Predicting ATLAS_r040s005_ses1:
perform_everything_on_device: True
  0%|          | 0/8 [00:00<?, ?it/s] 12%|█▎        | 1/8 [00:00<00:02,  2.80it/s] 25%|██▌       | 2/8 [00:00<00:01,  3.50it/s] 38%|███▊      | 3/8 [00:00<00:01,  3.80it/s] 50%|█████     | 4/8 [00:01<00:01,  3.09it/s] 62%|██████▎   | 5/8 [00:01<00:01,  2.66it/s] 75%|███████▌  | 6/8 [00:02<00:00,  2.45it/s] 88%|████████▊ | 7/8 [00:02<00:00,  2.34it/s]100%|██████████| 8/8 [00:03<00:00,  2.27it/s]100%|██████████| 8/8 [00:03<00:00,  2.56it/s]
sending off prediction to background worker for resampling and export
done with ATLAS_r040s005_ses1

Predicting ATLAS_r040s019_ses1:
perform_everything_on_device: True
  0%|          | 0/8 [00:00<?, ?it/s] 12%|█▎        | 1/8 [00:00<00:01,  4.49it/s] 25%|██▌       | 2/8 [00:00<00:02,  2.72it/s] 38%|███▊      | 3/8 [00:01<00:02,  2.42it/s] 50%|█████     | 4/8 [00:01<00:01,  2.30it/s] 62%|██████▎   | 5/8 [00:02<00:01,  2.24it/s] 75%|███████▌  | 6/8 [00:02<00:00,  2.20it/s] 88%|████████▊ | 7/8 [00:03<00:00,  2.18it/s]100%|██████████| 8/8 [00:03<00:00,  2.44it/s]100%|██████████| 8/8 [00:03<00:00,  2.40it/s]
sending off prediction to background worker for resampling and export
done with ATLAS_r040s019_ses1

Predicting ATLAS_r040s029_ses1:
perform_everything_on_device: True
  0%|          | 0/8 [00:00<?, ?it/s] 12%|█▎        | 1/8 [00:00<00:02,  2.59it/s] 25%|██▌       | 2/8 [00:00<00:02,  2.69it/s] 38%|███▊      | 3/8 [00:00<00:01,  3.23it/s] 50%|█████     | 4/8 [00:01<00:01,  3.48it/s] 62%|██████▎   | 5/8 [00:01<00:01,  2.83it/s] 75%|███████▌  | 6/8 [00:02<00:00,  2.56it/s] 88%|████████▊ | 7/8 [00:02<00:00,  2.41it/s]100%|██████████| 8/8 [00:03<00:00,  2.32it/s]100%|██████████| 8/8 [00:03<00:00,  2.58it/s]
sending off prediction to background worker for resampling and export
done with ATLAS_r040s029_ses1

Predicting ATLAS_r040s050_ses1:
perform_everything_on_device: True
  0%|          | 0/8 [00:00<?, ?it/s] 12%|█▎        | 1/8 [00:00<00:02,  2.58it/s] 25%|██▌       | 2/8 [00:00<00:02,  2.31it/s] 38%|███▊      | 3/8 [00:01<00:02,  2.24it/s] 50%|█████     | 4/8 [00:01<00:01,  2.20it/s] 62%|██████▎   | 5/8 [00:02<00:01,  2.62it/s] 75%|███████▌  | 6/8 [00:02<00:00,  3.01it/s] 88%|████████▊ | 7/8 [00:02<00:00,  2.94it/s]100%|██████████| 8/8 [00:03<00:00,  2.63it/s]100%|██████████| 8/8 [00:03<00:00,  2.59it/s]
sending off prediction to background worker for resampling and export
done with ATLAS_r040s050_ses1

Predicting ATLAS_r040s051_ses1:
perform_everything_on_device: True
  0%|          | 0/8 [00:00<?, ?it/s] 12%|█▎        | 1/8 [00:00<00:01,  5.72it/s] 25%|██▌       | 2/8 [00:00<00:01,  5.08it/s] 38%|███▊      | 3/8 [00:00<00:01,  4.92it/s] 50%|█████     | 4/8 [00:00<00:00,  4.84it/s] 62%|██████▎   | 5/8 [00:01<00:00,  4.81it/s] 75%|███████▌  | 6/8 [00:01<00:00,  4.78it/s] 88%|████████▊ | 7/8 [00:01<00:00,  4.76it/s]100%|██████████| 8/8 [00:01<00:00,  4.76it/s]100%|██████████| 8/8 [00:01<00:00,  4.84it/s]
sending off prediction to background worker for resampling and export
done with ATLAS_r040s051_ses1

Predicting ATLAS_r040s065_ses1:
perform_everything_on_device: True
  0%|          | 0/8 [00:00<?, ?it/s] 12%|█▎        | 1/8 [00:00<00:01,  5.74it/s] 25%|██▌       | 2/8 [00:00<00:01,  5.11it/s] 38%|███▊      | 3/8 [00:00<00:01,  4.93it/s] 50%|█████     | 4/8 [00:00<00:00,  4.86it/s] 62%|██████▎   | 5/8 [00:01<00:00,  4.81it/s] 75%|███████▌  | 6/8 [00:01<00:00,  4.78it/s] 88%|████████▊ | 7/8 [00:01<00:00,  4.77it/s]100%|██████████| 8/8 [00:01<00:00,  4.76it/s]100%|██████████| 8/8 [00:01<00:00,  4.85it/s]
sending off prediction to background worker for resampling and export
done with ATLAS_r040s065_ses1

Predicting ATLAS_r040s067_ses1:
perform_everything_on_device: True
  0%|          | 0/8 [00:00<?, ?it/s] 12%|█▎        | 1/8 [00:00<00:01,  5.72it/s] 25%|██▌       | 2/8 [00:00<00:01,  5.10it/s] 38%|███▊      | 3/8 [00:00<00:01,  4.93it/s] 50%|█████     | 4/8 [00:00<00:00,  4.86it/s] 62%|██████▎   | 5/8 [00:01<00:00,  4.82it/s] 75%|███████▌  | 6/8 [00:01<00:00,  4.79it/s] 88%|████████▊ | 7/8 [00:01<00:00,  4.77it/s]100%|██████████| 8/8 [00:01<00:00,  4.76it/s]100%|██████████| 8/8 [00:01<00:00,  4.84it/s]
sending off prediction to background worker for resampling and export
done with ATLAS_r040s067_ses1

Predicting ATLAS_r040s077_ses1:
perform_everything_on_device: True
  0%|          | 0/8 [00:00<?, ?it/s] 12%|█▎        | 1/8 [00:00<00:01,  5.71it/s] 25%|██▌       | 2/8 [00:00<00:01,  5.09it/s] 38%|███▊      | 3/8 [00:00<00:01,  4.92it/s] 50%|█████     | 4/8 [00:00<00:00,  4.85it/s] 62%|██████▎   | 5/8 [00:01<00:00,  4.80it/s] 75%|███████▌  | 6/8 [00:01<00:00,  4.78it/s] 88%|████████▊ | 7/8 [00:01<00:00,  4.76it/s]100%|██████████| 8/8 [00:01<00:00,  4.75it/s]100%|██████████| 8/8 [00:01<00:00,  4.83it/s]
sending off prediction to background worker for resampling and export
done with ATLAS_r040s077_ses1

Predicting ATLAS_r040s081_ses1:
perform_everything_on_device: True
  0%|          | 0/8 [00:00<?, ?it/s] 12%|█▎        | 1/8 [00:00<00:01,  5.70it/s] 25%|██▌       | 2/8 [00:00<00:01,  5.09it/s] 38%|███▊      | 3/8 [00:00<00:01,  4.92it/s] 50%|█████     | 4/8 [00:00<00:00,  4.84it/s] 62%|██████▎   | 5/8 [00:01<00:00,  4.80it/s] 75%|███████▌  | 6/8 [00:01<00:00,  4.70it/s] 88%|████████▊ | 7/8 [00:01<00:00,  4.61it/s]100%|██████████| 8/8 [00:01<00:00,  4.60it/s]100%|██████████| 8/8 [00:01<00:00,  4.74it/s]
sending off prediction to background worker for resampling and export
done with ATLAS_r040s081_ses1

Predicting ATLAS_r040s087_ses1:
perform_everything_on_device: True
  0%|          | 0/8 [00:00<?, ?it/s] 12%|█▎        | 1/8 [00:00<00:01,  4.40it/s] 25%|██▌       | 2/8 [00:00<00:01,  3.65it/s] 38%|███▊      | 3/8 [00:00<00:01,  3.84it/s] 50%|█████     | 4/8 [00:01<00:01,  3.96it/s] 62%|██████▎   | 5/8 [00:01<00:00,  3.87it/s] 75%|███████▌  | 6/8 [00:01<00:00,  3.41it/s] 88%|████████▊ | 7/8 [00:01<00:00,  3.28it/s]100%|██████████| 8/8 [00:02<00:00,  2.83it/s]100%|██████████| 8/8 [00:02<00:00,  3.29it/s]
sending off prediction to background worker for resampling and export
done with ATLAS_r040s087_ses1

Predicting ATLAS_r042s001_ses1:
perform_everything_on_device: True
  0%|          | 0/8 [00:00<?, ?it/s] 12%|█▎        | 1/8 [00:00<00:02,  2.59it/s] 25%|██▌       | 2/8 [00:00<00:02,  2.31it/s] 38%|███▊      | 3/8 [00:01<00:02,  2.22it/s] 50%|█████     | 4/8 [00:01<00:01,  2.20it/s] 62%|██████▎   | 5/8 [00:02<00:01,  2.18it/s] 75%|███████▌  | 6/8 [00:02<00:00,  2.16it/s] 88%|████████▊ | 7/8 [00:03<00:00,  2.35it/s]100%|██████████| 8/8 [00:03<00:00,  2.74it/s]100%|██████████| 8/8 [00:03<00:00,  2.42it/s]
sending off prediction to background worker for resampling and export
done with ATLAS_r042s001_ses1

Predicting ATLAS_r042s002_ses1:
perform_everything_on_device: True
  0%|          | 0/8 [00:00<?, ?it/s] 12%|█▎        | 1/8 [00:00<00:02,  2.90it/s] 25%|██▌       | 2/8 [00:00<00:01,  3.56it/s] 38%|███▊      | 3/8 [00:00<00:01,  3.86it/s] 50%|█████     | 4/8 [00:01<00:01,  3.16it/s] 62%|██████▎   | 5/8 [00:01<00:01,  2.70it/s] 75%|███████▌  | 6/8 [00:02<00:00,  2.49it/s] 88%|████████▊ | 7/8 [00:02<00:00,  2.37it/s]100%|██████████| 8/8 [00:03<00:00,  2.29it/s]100%|██████████| 8/8 [00:03<00:00,  2.60it/s]
sending off prediction to background worker for resampling and export
done with ATLAS_r042s002_ses1

Predicting ATLAS_r042s003_ses1:
perform_everything_on_device: True
  0%|          | 0/8 [00:00<?, ?it/s] 12%|█▎        | 1/8 [00:00<00:02,  2.59it/s] 25%|██▌       | 2/8 [00:00<00:02,  2.31it/s] 38%|███▊      | 3/8 [00:01<00:01,  2.68it/s] 50%|█████     | 4/8 [00:01<00:01,  3.14it/s] 62%|██████▎   | 5/8 [00:01<00:00,  3.16it/s] 75%|███████▌  | 6/8 [00:02<00:00,  2.72it/s] 88%|████████▊ | 7/8 [00:02<00:00,  2.51it/s]100%|██████████| 8/8 [00:03<00:00,  2.38it/s]100%|██████████| 8/8 [00:03<00:00,  2.58it/s]
sending off prediction to background worker for resampling and export
done with ATLAS_r042s003_ses1

Predicting ATLAS_r042s004_ses1:
perform_everything_on_device: True
  0%|          | 0/8 [00:00<?, ?it/s] 12%|█▎        | 1/8 [00:00<00:02,  2.59it/s] 25%|██▌       | 2/8 [00:00<00:02,  2.31it/s] 38%|███▊      | 3/8 [00:01<00:02,  2.24it/s] 50%|█████     | 4/8 [00:01<00:01,  2.20it/s] 62%|██████▎   | 5/8 [00:02<00:01,  2.22it/s] 75%|███████▌  | 6/8 [00:02<00:00,  2.65it/s] 88%|████████▊ | 7/8 [00:02<00:00,  3.02it/s]100%|██████████| 8/8 [00:03<00:00,  2.85it/s]100%|██████████| 8/8 [00:03<00:00,  2.59it/s]
sending off prediction to background worker for resampling and export
done with ATLAS_r042s004_ses1

Predicting ATLAS_r042s005_ses1:
perform_everything_on_device: True
  0%|          | 0/8 [00:00<?, ?it/s] 12%|█▎        | 1/8 [00:00<00:02,  2.59it/s] 25%|██▌       | 2/8 [00:00<00:02,  2.31it/s] 38%|███▊      | 3/8 [00:01<00:02,  2.24it/s] 50%|█████     | 4/8 [00:01<00:01,  2.20it/s] 62%|██████▎   | 5/8 [00:02<00:01,  2.19it/s] 75%|███████▌  | 6/8 [00:02<00:00,  2.18it/s] 88%|████████▊ | 7/8 [00:03<00:00,  2.34it/s]100%|██████████| 8/8 [00:03<00:00,  2.73it/s]100%|██████████| 8/8 [00:03<00:00,  2.42it/s]
sending off prediction to background worker for resampling and export
done with ATLAS_r042s005_ses1

Predicting ATLAS_r042s006_ses1:
perform_everything_on_device: True
  0%|          | 0/8 [00:00<?, ?it/s] 12%|█▎        | 1/8 [00:00<00:02,  2.67it/s] 25%|██▌       | 2/8 [00:00<00:01,  3.42it/s] 38%|███▊      | 3/8 [00:00<00:01,  3.76it/s] 50%|█████     | 4/8 [00:01<00:01,  3.17it/s] 62%|██████▎   | 5/8 [00:01<00:01,  2.71it/s] 75%|███████▌  | 6/8 [00:02<00:00,  2.49it/s] 88%|████████▊ | 7/8 [00:02<00:00,  2.37it/s]100%|██████████| 8/8 [00:03<00:00,  2.30it/s]100%|██████████| 8/8 [00:03<00:00,  2.59it/s]
sending off prediction to background worker for resampling and export
done with ATLAS_r042s006_ses1

Predicting ATLAS_r042s007_ses1:
perform_everything_on_device: True
  0%|          | 0/8 [00:00<?, ?it/s] 12%|█▎        | 1/8 [00:00<00:02,  2.58it/s] 25%|██▌       | 2/8 [00:00<00:02,  2.31it/s] 38%|███▊      | 3/8 [00:01<00:02,  2.24it/s] 50%|█████     | 4/8 [00:01<00:01,  2.20it/s] 62%|██████▎   | 5/8 [00:02<00:01,  2.64it/s] 75%|███████▌  | 6/8 [00:02<00:00,  3.03it/s] 88%|████████▊ | 7/8 [00:02<00:00,  2.99it/s]100%|██████████| 8/8 [00:03<00:00,  2.65it/s]100%|██████████| 8/8 [00:03<00:00,  2.60it/s]
sending off prediction to background worker for resampling and export
done with ATLAS_r042s007_ses1

Predicting ATLAS_r042s008_ses1:
perform_everything_on_device: True
  0%|          | 0/8 [00:00<?, ?it/s] 12%|█▎        | 1/8 [00:00<00:02,  2.58it/s] 25%|██▌       | 2/8 [00:00<00:02,  2.31it/s] 38%|███▊      | 3/8 [00:01<00:02,  2.23it/s] 50%|█████     | 4/8 [00:01<00:01,  2.19it/s] 62%|██████▎   | 5/8 [00:02<00:01,  2.17it/s] 75%|███████▌  | 6/8 [00:02<00:00,  2.16it/s] 88%|████████▊ | 7/8 [00:02<00:00,  2.58it/s]100%|██████████| 8/8 [00:03<00:00,  2.95it/s]100%|██████████| 8/8 [00:03<00:00,  2.51it/s]
sending off prediction to background worker for resampling and export
done with ATLAS_r042s008_ses1

Predicting ATLAS_r042s009_ses1:
perform_everything_on_device: True
  0%|          | 0/8 [00:00<?, ?it/s] 12%|█▎        | 1/8 [00:00<00:01,  5.13it/s] 25%|██▌       | 2/8 [00:00<00:02,  2.87it/s] 38%|███▊      | 3/8 [00:01<00:02,  2.49it/s] 50%|█████     | 4/8 [00:01<00:01,  2.33it/s] 62%|██████▎   | 5/8 [00:02<00:01,  2.25it/s] 75%|███████▌  | 6/8 [00:02<00:00,  2.21it/s] 88%|████████▊ | 7/8 [00:02<00:00,  2.18it/s]100%|██████████| 8/8 [00:03<00:00,  2.40it/s]100%|██████████| 8/8 [00:03<00:00,  2.41it/s]
sending off prediction to background worker for resampling and export
done with ATLAS_r042s009_ses1

Predicting ATLAS_r042s010_ses1:
perform_everything_on_device: True
  0%|          | 0/8 [00:00<?, ?it/s] 12%|█▎        | 1/8 [00:00<00:02,  2.55it/s] 25%|██▌       | 2/8 [00:00<00:02,  2.74it/s] 38%|███▊      | 3/8 [00:00<00:01,  3.27it/s] 50%|█████     | 4/8 [00:01<00:01,  3.47it/s] 62%|██████▎   | 5/8 [00:01<00:01,  2.83it/s] 75%|███████▌  | 6/8 [00:02<00:00,  2.54it/s] 88%|████████▊ | 7/8 [00:02<00:00,  2.39it/s]100%|██████████| 8/8 [00:03<00:00,  2.30it/s]100%|██████████| 8/8 [00:03<00:00,  2.57it/s]
sending off prediction to background worker for resampling and export
done with ATLAS_r042s010_ses1

Predicting ATLAS_r042s011_ses1:
perform_everything_on_device: True
  0%|          | 0/8 [00:00<?, ?it/s] 12%|█▎        | 1/8 [00:00<00:02,  2.56it/s] 25%|██▌       | 2/8 [00:00<00:02,  2.29it/s] 38%|███▊      | 3/8 [00:01<00:02,  2.21it/s] 50%|█████     | 4/8 [00:01<00:01,  2.18it/s] 62%|██████▎   | 5/8 [00:02<00:01,  2.40it/s] 75%|███████▌  | 6/8 [00:02<00:00,  2.81it/s] 88%|████████▊ | 7/8 [00:02<00:00,  3.06it/s]100%|██████████| 8/8 [00:03<00:00,  2.69it/s]100%|██████████| 8/8 [00:03<00:00,  2.57it/s]
sending off prediction to background worker for resampling and export
done with ATLAS_r042s011_ses1

Predicting ATLAS_r042s012_ses1:
perform_everything_on_device: True
  0%|          | 0/8 [00:00<?, ?it/s] 12%|█▎        | 1/8 [00:00<00:02,  2.54it/s] 25%|██▌       | 2/8 [00:00<00:02,  2.28it/s] 38%|███▊      | 3/8 [00:01<00:02,  2.20it/s] 50%|█████     | 4/8 [00:01<00:01,  2.17it/s] 62%|██████▎   | 5/8 [00:02<00:01,  2.16it/s] 75%|███████▌  | 6/8 [00:02<00:00,  2.21it/s] 88%|████████▊ | 7/8 [00:02<00:00,  2.62it/s]100%|██████████| 8/8 [00:03<00:00,  2.98it/s]100%|██████████| 8/8 [00:03<00:00,  2.51it/s]
sending off prediction to background worker for resampling and export
done with ATLAS_r042s012_ses1

Predicting ATLAS_r042s013_ses1:
perform_everything_on_device: True
  0%|          | 0/8 [00:00<?, ?it/s] 12%|█▎        | 1/8 [00:00<00:01,  5.12it/s] 25%|██▌       | 2/8 [00:00<00:02,  2.96it/s] 38%|███▊      | 3/8 [00:01<00:01,  2.50it/s] 50%|█████     | 4/8 [00:01<00:01,  2.34it/s] 62%|██████▎   | 5/8 [00:02<00:01,  2.26it/s] 75%|███████▌  | 6/8 [00:02<00:00,  2.20it/s] 88%|████████▊ | 7/8 [00:02<00:00,  2.18it/s]100%|██████████| 8/8 [00:03<00:00,  2.35it/s]100%|██████████| 8/8 [00:03<00:00,  2.39it/s]
sending off prediction to background worker for resampling and export
done with ATLAS_r042s013_ses1

Predicting ATLAS_r042s014_ses1:
perform_everything_on_device: True
  0%|          | 0/8 [00:00<?, ?it/s] 12%|█▎        | 1/8 [00:00<00:02,  2.56it/s] 25%|██▌       | 2/8 [00:00<00:02,  2.70it/s] 38%|███▊      | 3/8 [00:00<00:01,  3.24it/s] 50%|█████     | 4/8 [00:01<00:01,  3.49it/s] 62%|██████▎   | 5/8 [00:01<00:01,  2.84it/s] 75%|███████▌  | 6/8 [00:02<00:00,  2.55it/s] 88%|████████▊ | 7/8 [00:02<00:00,  2.39it/s]100%|██████████| 8/8 [00:03<00:00,  2.30it/s]100%|██████████| 8/8 [00:03<00:00,  2.57it/s]
sending off prediction to background worker for resampling and export
done with ATLAS_r042s014_ses1

Predicting ATLAS_r042s015_ses1:
perform_everything_on_device: True
  0%|          | 0/8 [00:00<?, ?it/s] 12%|█▎        | 1/8 [00:00<00:02,  2.57it/s] 25%|██▌       | 2/8 [00:00<00:02,  2.28it/s] 38%|███▊      | 3/8 [00:01<00:02,  2.21it/s] 50%|█████     | 4/8 [00:01<00:01,  2.59it/s] 62%|██████▎   | 5/8 [00:01<00:00,  3.01it/s] 75%|███████▌  | 6/8 [00:02<00:00,  2.98it/s] 88%|████████▊ | 7/8 [00:02<00:00,  2.63it/s]100%|██████████| 8/8 [00:03<00:00,  2.45it/s]100%|██████████| 8/8 [00:03<00:00,  2.55it/s]
sending off prediction to background worker for resampling and export
done with ATLAS_r042s015_ses1

Predicting ATLAS_r042s016_ses1:
perform_everything_on_device: True
  0%|          | 0/8 [00:00<?, ?it/s] 12%|█▎        | 1/8 [00:00<00:02,  2.57it/s] 25%|██▌       | 2/8 [00:00<00:02,  2.29it/s] 38%|███▊      | 3/8 [00:01<00:02,  2.23it/s] 50%|█████     | 4/8 [00:01<00:01,  2.19it/s] 62%|██████▎   | 5/8 [00:02<00:01,  2.17it/s] 75%|███████▌  | 6/8 [00:02<00:00,  2.21it/s] 88%|████████▊ | 7/8 [00:02<00:00,  2.63it/s]100%|██████████| 8/8 [00:03<00:00,  2.99it/s]100%|██████████| 8/8 [00:03<00:00,  2.53it/s]
sending off prediction to background worker for resampling and export
done with ATLAS_r042s016_ses1

Predicting ATLAS_r042s017_ses1:
perform_everything_on_device: True
  0%|          | 0/4 [00:00<?, ?it/s] 25%|██▌       | 1/4 [00:00<00:00,  5.18it/s] 50%|█████     | 2/4 [00:00<00:00,  4.59it/s] 75%|███████▌  | 3/4 [00:00<00:00,  3.52it/s]100%|██████████| 4/4 [00:01<00:00,  2.81it/s]100%|██████████| 4/4 [00:01<00:00,  3.18it/s]
sending off prediction to background worker for resampling and export
done with ATLAS_r042s017_ses1

Predicting ATLAS_r042s018_ses1:
perform_everything_on_device: True
  0%|          | 0/8 [00:00<?, ?it/s] 12%|█▎        | 1/8 [00:00<00:02,  2.59it/s] 25%|██▌       | 2/8 [00:00<00:02,  2.31it/s] 38%|███▊      | 3/8 [00:01<00:02,  2.23it/s] 50%|█████     | 4/8 [00:01<00:01,  2.20it/s] 62%|██████▎   | 5/8 [00:02<00:01,  2.17it/s] 75%|███████▌  | 6/8 [00:02<00:00,  2.25it/s] 88%|████████▊ | 7/8 [00:02<00:00,  2.66it/s]100%|██████████| 8/8 [00:03<00:00,  3.02it/s]100%|██████████| 8/8 [00:03<00:00,  2.55it/s]
sending off prediction to background worker for resampling and export
done with ATLAS_r042s018_ses1

Predicting ATLAS_r042s019_ses1:
perform_everything_on_device: True
  0%|          | 0/8 [00:00<?, ?it/s] 12%|█▎        | 1/8 [00:00<00:01,  4.08it/s] 25%|██▌       | 2/8 [00:00<00:02,  2.67it/s] 38%|███▊      | 3/8 [00:01<00:02,  2.41it/s] 50%|█████     | 4/8 [00:01<00:01,  2.30it/s] 62%|██████▎   | 5/8 [00:02<00:01,  2.24it/s] 75%|███████▌  | 6/8 [00:02<00:00,  2.21it/s] 88%|████████▊ | 7/8 [00:03<00:00,  2.19it/s]100%|██████████| 8/8 [00:03<00:00,  2.53it/s]100%|██████████| 8/8 [00:03<00:00,  2.43it/s]
sending off prediction to background worker for resampling and export
done with ATLAS_r042s019_ses1

Predicting ATLAS_r042s020_ses1:
perform_everything_on_device: True
  0%|          | 0/8 [00:00<?, ?it/s] 12%|█▎        | 1/8 [00:00<00:02,  2.58it/s] 25%|██▌       | 2/8 [00:00<00:02,  2.94it/s] 38%|███▊      | 3/8 [00:00<00:01,  3.43it/s] 50%|█████     | 4/8 [00:01<00:01,  3.44it/s] 62%|██████▎   | 5/8 [00:01<00:01,  2.83it/s] 75%|███████▌  | 6/8 [00:02<00:00,  2.56it/s] 88%|████████▊ | 7/8 [00:02<00:00,  2.41it/s]100%|██████████| 8/8 [00:03<00:00,  2.32it/s]100%|██████████| 8/8 [00:03<00:00,  2.60it/s]
sending off prediction to background worker for resampling and export
done with ATLAS_r042s020_ses1

Predicting ATLAS_r042s021_ses1:
perform_everything_on_device: True
  0%|          | 0/8 [00:00<?, ?it/s] 12%|█▎        | 1/8 [00:00<00:02,  2.59it/s] 25%|██▌       | 2/8 [00:00<00:02,  2.31it/s] 38%|███▊      | 3/8 [00:01<00:02,  2.47it/s] 50%|█████     | 4/8 [00:01<00:01,  2.97it/s] 62%|██████▎   | 5/8 [00:01<00:00,  3.28it/s] 75%|███████▌  | 6/8 [00:02<00:00,  2.78it/s] 88%|████████▊ | 7/8 [00:02<00:00,  2.54it/s]100%|██████████| 8/8 [00:03<00:00,  2.40it/s]100%|██████████| 8/8 [00:03<00:00,  2.58it/s]
sending off prediction to background worker for resampling and export
done with ATLAS_r042s021_ses1

Predicting ATLAS_r042s022_ses1:
perform_everything_on_device: True
  0%|          | 0/8 [00:00<?, ?it/s] 12%|█▎        | 1/8 [00:00<00:02,  2.58it/s] 25%|██▌       | 2/8 [00:00<00:02,  2.31it/s] 38%|███▊      | 3/8 [00:01<00:02,  2.24it/s] 50%|█████     | 4/8 [00:01<00:01,  2.20it/s] 62%|██████▎   | 5/8 [00:02<00:01,  2.32it/s] 75%|███████▌  | 6/8 [00:02<00:00,  2.74it/s] 88%|████████▊ | 7/8 [00:02<00:00,  3.10it/s]100%|██████████| 8/8 [00:03<00:00,  2.79it/s]100%|██████████| 8/8 [00:03<00:00,  2.60it/s]
sending off prediction to background worker for resampling and export
done with ATLAS_r042s022_ses1

Predicting ATLAS_r042s023_ses1:
perform_everything_on_device: True
  0%|          | 0/8 [00:00<?, ?it/s] 12%|█▎        | 1/8 [00:00<00:02,  2.59it/s] 25%|██▌       | 2/8 [00:00<00:02,  2.31it/s] 38%|███▊      | 3/8 [00:01<00:02,  2.24it/s] 50%|█████     | 4/8 [00:01<00:01,  2.63it/s] 62%|██████▎   | 5/8 [00:01<00:00,  3.05it/s] 75%|███████▌  | 6/8 [00:02<00:00,  3.03it/s] 88%|████████▊ | 7/8 [00:02<00:00,  2.68it/s]100%|██████████| 8/8 [00:03<00:00,  2.48it/s]100%|██████████| 8/8 [00:03<00:00,  2.59it/s]
sending off prediction to background worker for resampling and export
done with ATLAS_r042s023_ses1

Predicting ATLAS_r042s024_ses1:
perform_everything_on_device: True
  0%|          | 0/8 [00:00<?, ?it/s] 12%|█▎        | 1/8 [00:00<00:02,  2.59it/s] 25%|██▌       | 2/8 [00:00<00:02,  2.31it/s] 38%|███▊      | 3/8 [00:01<00:01,  2.64it/s] 50%|█████     | 4/8 [00:01<00:01,  3.10it/s] 62%|██████▎   | 5/8 [00:01<00:00,  3.26it/s] 75%|███████▌  | 6/8 [00:02<00:00,  2.76it/s] 88%|████████▊ | 7/8 [00:02<00:00,  2.53it/s]100%|██████████| 8/8 [00:03<00:00,  2.39it/s]100%|██████████| 8/8 [00:03<00:00,  2.59it/s]
sending off prediction to background worker for resampling and export
done with ATLAS_r042s024_ses1

Predicting ATLAS_r042s025_ses1:
perform_everything_on_device: True
  0%|          | 0/8 [00:00<?, ?it/s] 12%|█▎        | 1/8 [00:00<00:02,  2.58it/s] 25%|██▌       | 2/8 [00:00<00:02,  2.31it/s] 38%|███▊      | 3/8 [00:01<00:02,  2.24it/s] 50%|█████     | 4/8 [00:01<00:01,  2.20it/s] 62%|██████▎   | 5/8 [00:02<00:01,  2.23it/s] 75%|███████▌  | 6/8 [00:02<00:00,  2.66it/s] 88%|████████▊ | 7/8 [00:02<00:00,  3.03it/s]100%|██████████| 8/8 [00:03<00:00,  2.80it/s]100%|██████████| 8/8 [00:03<00:00,  2.58it/s]
sending off prediction to background worker for resampling and export
done with ATLAS_r042s025_ses1

Predicting ATLAS_r042s027_ses1:
perform_everything_on_device: True
  0%|          | 0/8 [00:00<?, ?it/s] 12%|█▎        | 1/8 [00:00<00:02,  2.58it/s] 25%|██▌       | 2/8 [00:00<00:02,  2.31it/s] 38%|███▊      | 3/8 [00:01<00:02,  2.23it/s] 50%|█████     | 4/8 [00:01<00:01,  2.19it/s] 62%|██████▎   | 5/8 [00:02<00:01,  2.17it/s] 75%|███████▌  | 6/8 [00:02<00:00,  2.16it/s] 88%|████████▊ | 7/8 [00:02<00:00,  2.56it/s]100%|██████████| 8/8 [00:03<00:00,  2.93it/s]100%|██████████| 8/8 [00:03<00:00,  2.50it/s]
sending off prediction to background worker for resampling and export
done with ATLAS_r042s027_ses1

Predicting ATLAS_r042s028_ses1:
perform_everything_on_device: True
  0%|          | 0/8 [00:00<?, ?it/s] 12%|█▎        | 1/8 [00:00<00:01,  5.14it/s] 25%|██▌       | 2/8 [00:00<00:01,  4.25it/s] 38%|███▊      | 3/8 [00:00<00:01,  2.92it/s] 50%|█████     | 4/8 [00:01<00:01,  2.56it/s] 62%|██████▎   | 5/8 [00:01<00:01,  2.39it/s] 75%|███████▌  | 6/8 [00:02<00:00,  2.29it/s] 88%|████████▊ | 7/8 [00:02<00:00,  2.25it/s]100%|██████████| 8/8 [00:03<00:00,  2.21it/s]100%|██████████| 8/8 [00:03<00:00,  2.45it/s]
sending off prediction to background worker for resampling and export
done with ATLAS_r042s028_ses1

Predicting ATLAS_r042s029_ses1:
perform_everything_on_device: True
  0%|          | 0/8 [00:00<?, ?it/s] 12%|█▎        | 1/8 [00:00<00:02,  2.59it/s] 25%|██▌       | 2/8 [00:00<00:02,  2.30it/s] 38%|███▊      | 3/8 [00:01<00:01,  2.69it/s] 50%|█████     | 4/8 [00:01<00:01,  3.15it/s] 62%|██████▎   | 5/8 [00:01<00:00,  3.12it/s] 75%|███████▌  | 6/8 [00:02<00:00,  2.69it/s] 88%|████████▊ | 7/8 [00:02<00:00,  2.48it/s]100%|██████████| 8/8 [00:03<00:00,  2.36it/s]100%|██████████| 8/8 [00:03<00:00,  2.57it/s]
sending off prediction to background worker for resampling and export
done with ATLAS_r042s029_ses1

Predicting ATLAS_r042s030_ses1:
perform_everything_on_device: True
  0%|          | 0/8 [00:00<?, ?it/s] 12%|█▎        | 1/8 [00:00<00:02,  2.59it/s] 25%|██▌       | 2/8 [00:00<00:02,  2.30it/s] 38%|███▊      | 3/8 [00:01<00:02,  2.23it/s] 50%|█████     | 4/8 [00:01<00:01,  2.19it/s] 62%|██████▎   | 5/8 [00:02<00:01,  2.28it/s] 75%|███████▌  | 6/8 [00:02<00:00,  2.71it/s] 88%|████████▊ | 7/8 [00:02<00:00,  3.07it/s]100%|██████████| 8/8 [00:03<00:00,  2.74it/s]100%|██████████| 8/8 [00:03<00:00,  2.57it/s]
sending off prediction to background worker for resampling and export
done with ATLAS_r042s030_ses1

Predicting ATLAS_r042s031_ses1:
perform_everything_on_device: True
  0%|          | 0/8 [00:00<?, ?it/s] 12%|█▎        | 1/8 [00:00<00:02,  2.58it/s] 25%|██▌       | 2/8 [00:00<00:02,  2.30it/s] 38%|███▊      | 3/8 [00:01<00:02,  2.22it/s] 50%|█████     | 4/8 [00:01<00:01,  2.17it/s] 62%|██████▎   | 5/8 [00:02<00:01,  2.16it/s] 75%|███████▌  | 6/8 [00:02<00:00,  2.17it/s] 88%|████████▊ | 7/8 [00:02<00:00,  2.58it/s]100%|██████████| 8/8 [00:03<00:00,  2.94it/s]100%|██████████| 8/8 [00:03<00:00,  2.50it/s]
sending off prediction to background worker for resampling and export
done with ATLAS_r042s031_ses1

Predicting ATLAS_r042s032_ses1:
perform_everything_on_device: True
  0%|          | 0/8 [00:00<?, ?it/s] 12%|█▎        | 1/8 [00:00<00:02,  2.58it/s] 25%|██▌       | 2/8 [00:00<00:02,  2.30it/s] 38%|███▊      | 3/8 [00:01<00:02,  2.22it/s] 50%|█████     | 4/8 [00:01<00:01,  2.18it/s] 62%|██████▎   | 5/8 [00:02<00:01,  2.17it/s] 75%|███████▌  | 6/8 [00:02<00:00,  2.18it/s] 88%|████████▊ | 7/8 [00:02<00:00,  2.59it/s]100%|██████████| 8/8 [00:03<00:00,  2.96it/s]100%|██████████| 8/8 [00:03<00:00,  2.51it/s]
sending off prediction to background worker for resampling and export
done with ATLAS_r042s032_ses1

Predicting ATLAS_r042s033_ses1:
perform_everything_on_device: True
  0%|          | 0/8 [00:00<?, ?it/s] 12%|█▎        | 1/8 [00:00<00:02,  2.58it/s] 25%|██▌       | 2/8 [00:00<00:02,  2.29it/s] 38%|███▊      | 3/8 [00:01<00:02,  2.22it/s] 50%|█████     | 4/8 [00:01<00:01,  2.18it/s] 62%|██████▎   | 5/8 [00:02<00:01,  2.16it/s] 75%|███████▌  | 6/8 [00:02<00:00,  2.15it/s] 88%|████████▊ | 7/8 [00:02<00:00,  2.53it/s]100%|██████████| 8/8 [00:03<00:00,  2.90it/s]100%|██████████| 8/8 [00:03<00:00,  2.48it/s]
sending off prediction to background worker for resampling and export
done with ATLAS_r042s033_ses1

Predicting ATLAS_r042s034_ses1:
perform_everything_on_device: True
  0%|          | 0/8 [00:00<?, ?it/s] 12%|█▎        | 1/8 [00:00<00:02,  2.59it/s] 25%|██▌       | 2/8 [00:00<00:02,  2.30it/s] 38%|███▊      | 3/8 [00:01<00:02,  2.23it/s] 50%|█████     | 4/8 [00:01<00:01,  2.19it/s] 62%|██████▎   | 5/8 [00:02<00:01,  2.17it/s] 75%|███████▌  | 6/8 [00:02<00:00,  2.16it/s] 88%|████████▊ | 7/8 [00:03<00:00,  2.44it/s]100%|██████████| 8/8 [00:03<00:00,  2.82it/s]100%|██████████| 8/8 [00:03<00:00,  2.45it/s]
sending off prediction to background worker for resampling and export
done with ATLAS_r042s034_ses1

Predicting ATLAS_r042s035_ses1:
perform_everything_on_device: True
  0%|          | 0/8 [00:00<?, ?it/s] 12%|█▎        | 1/8 [00:00<00:02,  2.58it/s] 25%|██▌       | 2/8 [00:00<00:02,  2.29it/s] 38%|███▊      | 3/8 [00:01<00:02,  2.22it/s] 50%|█████     | 4/8 [00:01<00:01,  2.19it/s] 62%|██████▎   | 5/8 [00:02<00:01,  2.17it/s] 75%|███████▌  | 6/8 [00:02<00:00,  2.16it/s] 88%|████████▊ | 7/8 [00:03<00:00,  2.35it/s]100%|██████████| 8/8 [00:03<00:00,  2.74it/s]100%|██████████| 8/8 [00:03<00:00,  2.42it/s]
sending off prediction to background worker for resampling and export
done with ATLAS_r042s035_ses1

Predicting ATLAS_r042s036_ses1:
perform_everything_on_device: True
  0%|          | 0/8 [00:00<?, ?it/s] 12%|█▎        | 1/8 [00:00<00:02,  2.57it/s] 25%|██▌       | 2/8 [00:00<00:02,  2.31it/s] 38%|███▊      | 3/8 [00:01<00:02,  2.24it/s] 50%|█████     | 4/8 [00:01<00:01,  2.20it/s] 62%|██████▎   | 5/8 [00:02<00:01,  2.19it/s] 75%|███████▌  | 6/8 [00:02<00:00,  2.24it/s] 88%|████████▊ | 7/8 [00:02<00:00,  2.65it/s]100%|██████████| 8/8 [00:03<00:00,  3.01it/s]100%|██████████| 8/8 [00:03<00:00,  2.55it/s]
sending off prediction to background worker for resampling and export
done with ATLAS_r042s036_ses1

Predicting ATLAS_r044s002_ses1:
perform_everything_on_device: True
  0%|          | 0/8 [00:00<?, ?it/s] 12%|█▎        | 1/8 [00:00<00:01,  4.05it/s] 25%|██▌       | 2/8 [00:00<00:02,  2.65it/s] 38%|███▊      | 3/8 [00:01<00:02,  2.40it/s] 50%|█████     | 4/8 [00:01<00:01,  2.29it/s] 62%|██████▎   | 5/8 [00:02<00:01,  2.24it/s] 75%|███████▌  | 6/8 [00:02<00:00,  2.21it/s] 88%|████████▊ | 7/8 [00:03<00:00,  2.19it/s]100%|██████████| 8/8 [00:03<00:00,  2.52it/s]100%|██████████| 8/8 [00:03<00:00,  2.42it/s]
sending off prediction to background worker for resampling and export
done with ATLAS_r044s002_ses1

Predicting ATLAS_r047s022_ses1:
perform_everything_on_device: True
  0%|          | 0/8 [00:00<?, ?it/s] 12%|█▎        | 1/8 [00:00<00:02,  2.72it/s] 25%|██▌       | 2/8 [00:00<00:01,  3.45it/s] 38%|███▊      | 3/8 [00:00<00:01,  3.78it/s] 50%|█████     | 4/8 [00:01<00:01,  3.13it/s] 62%|██████▎   | 5/8 [00:01<00:01,  2.69it/s] 75%|███████▌  | 6/8 [00:02<00:00,  2.47it/s] 88%|████████▊ | 7/8 [00:02<00:00,  2.36it/s]100%|██████████| 8/8 [00:03<00:00,  2.29it/s]100%|██████████| 8/8 [00:03<00:00,  2.58it/s]
sending off prediction to background worker for resampling and export
done with ATLAS_r047s022_ses1

Predicting ATLAS_r047s038_ses1:
perform_everything_on_device: True
  0%|          | 0/4 [00:00<?, ?it/s] 25%|██▌       | 1/4 [00:00<00:01,  2.58it/s] 50%|█████     | 2/4 [00:00<00:00,  2.31it/s] 75%|███████▌  | 3/4 [00:01<00:00,  2.84it/s]100%|██████████| 4/4 [00:01<00:00,  3.27it/s]100%|██████████| 4/4 [00:01<00:00,  2.98it/s]
sending off prediction to background worker for resampling and export
done with ATLAS_r047s038_ses1

Predicting ATLAS_r047s040_ses1:
perform_everything_on_device: True
  0%|          | 0/8 [00:00<?, ?it/s] 12%|█▎        | 1/8 [00:00<00:01,  5.14it/s] 25%|██▌       | 2/8 [00:00<00:01,  4.29it/s] 38%|███▊      | 3/8 [00:00<00:01,  2.93it/s] 50%|█████     | 4/8 [00:01<00:01,  2.57it/s] 62%|██████▎   | 5/8 [00:01<00:01,  2.40it/s] 75%|███████▌  | 6/8 [00:02<00:00,  2.31it/s] 88%|████████▊ | 7/8 [00:02<00:00,  2.26it/s]100%|██████████| 8/8 [00:03<00:00,  2.22it/s]100%|██████████| 8/8 [00:03<00:00,  2.47it/s]
sending off prediction to background worker for resampling and export
done with ATLAS_r047s040_ses1

Predicting ATLAS_r047s041_ses1:
perform_everything_on_device: True
  0%|          | 0/8 [00:00<?, ?it/s] 12%|█▎        | 1/8 [00:00<00:02,  2.56it/s] 25%|██▌       | 2/8 [00:00<00:02,  2.60it/s] 38%|███▊      | 3/8 [00:01<00:01,  3.17it/s] 50%|█████     | 4/8 [00:01<00:01,  3.49it/s] 62%|██████▎   | 5/8 [00:01<00:01,  2.85it/s] 75%|███████▌  | 6/8 [00:02<00:00,  2.57it/s] 88%|████████▊ | 7/8 [00:02<00:00,  2.42it/s]100%|██████████| 8/8 [00:03<00:00,  2.33it/s]100%|██████████| 8/8 [00:03<00:00,  2.58it/s]
sending off prediction to background worker for resampling and export
done with ATLAS_r047s041_ses1

Predicting ATLAS_r047s042_ses1:
perform_everything_on_device: True
  0%|          | 0/8 [00:00<?, ?it/s] 12%|█▎        | 1/8 [00:00<00:02,  2.58it/s] 25%|██▌       | 2/8 [00:00<00:02,  2.31it/s] 38%|███▊      | 3/8 [00:01<00:02,  2.49it/s] 50%|█████     | 4/8 [00:01<00:01,  2.98it/s] 62%|██████▎   | 5/8 [00:01<00:00,  3.26it/s] 75%|███████▌  | 6/8 [00:02<00:00,  2.77it/s] 88%|████████▊ | 7/8 [00:02<00:00,  2.53it/s]100%|██████████| 8/8 [00:03<00:00,  2.40it/s]100%|██████████| 8/8 [00:03<00:00,  2.58it/s]
sending off prediction to background worker for resampling and export
done with ATLAS_r047s042_ses1

Predicting ATLAS_r047s046_ses1:
perform_everything_on_device: True
  0%|          | 0/8 [00:00<?, ?it/s] 12%|█▎        | 1/8 [00:00<00:02,  2.59it/s] 25%|██▌       | 2/8 [00:00<00:02,  2.31it/s] 38%|███▊      | 3/8 [00:01<00:02,  2.24it/s] 50%|█████     | 4/8 [00:01<00:01,  2.20it/s] 62%|██████▎   | 5/8 [00:02<00:01,  2.25it/s] 75%|███████▌  | 6/8 [00:02<00:00,  2.68it/s] 88%|████████▊ | 7/8 [00:02<00:00,  3.05it/s]100%|██████████| 8/8 [00:03<00:00,  2.79it/s]100%|██████████| 8/8 [00:03<00:00,  2.58it/s]
sending off prediction to background worker for resampling and export
done with ATLAS_r047s046_ses1

Predicting ATLAS_r048s010_ses1:
perform_everything_on_device: True
  0%|          | 0/8 [00:00<?, ?it/s] 12%|█▎        | 1/8 [00:00<00:02,  2.59it/s] 25%|██▌       | 2/8 [00:00<00:02,  2.31it/s] 38%|███▊      | 3/8 [00:01<00:01,  2.64it/s] 50%|█████     | 4/8 [00:01<00:01,  3.10it/s] 62%|██████▎   | 5/8 [00:01<00:00,  3.14it/s] 75%|███████▌  | 6/8 [00:02<00:00,  2.71it/s] 88%|████████▊ | 7/8 [00:02<00:00,  2.49it/s]100%|██████████| 8/8 [00:03<00:00,  2.43it/s]100%|██████████| 8/8 [00:03<00:00,  2.59it/s]
sending off prediction to background worker for resampling and export
done with ATLAS_r048s010_ses1

Predicting ATLAS_r048s025_ses1:
perform_everything_on_device: True
  0%|          | 0/8 [00:00<?, ?it/s] 12%|█▎        | 1/8 [00:00<00:02,  2.59it/s] 25%|██▌       | 2/8 [00:00<00:02,  2.93it/s] 38%|███▊      | 3/8 [00:00<00:01,  3.41it/s] 50%|█████     | 4/8 [00:01<00:01,  3.30it/s] 62%|██████▎   | 5/8 [00:01<00:01,  2.77it/s] 75%|███████▌  | 6/8 [00:02<00:00,  2.51it/s] 88%|████████▊ | 7/8 [00:02<00:00,  2.38it/s]100%|██████████| 8/8 [00:03<00:00,  2.30it/s]100%|██████████| 8/8 [00:03<00:00,  2.57it/s]
sending off prediction to background worker for resampling and export
done with ATLAS_r048s025_ses1

Predicting ATLAS_r048s031_ses1:
perform_everything_on_device: True
  0%|          | 0/8 [00:00<?, ?it/s] 12%|█▎        | 1/8 [00:00<00:02,  2.59it/s] 25%|██▌       | 2/8 [00:00<00:02,  2.30it/s] 38%|███▊      | 3/8 [00:01<00:01,  2.76it/s] 50%|█████     | 4/8 [00:01<00:01,  3.20it/s] 62%|██████▎   | 5/8 [00:01<00:00,  3.06it/s] 75%|███████▌  | 6/8 [00:02<00:00,  2.66it/s] 88%|████████▊ | 7/8 [00:02<00:00,  2.46it/s]100%|██████████| 8/8 [00:03<00:00,  2.35it/s]100%|██████████| 8/8 [00:03<00:00,  2.56it/s]
sending off prediction to background worker for resampling and export
done with ATLAS_r048s031_ses1

Predicting ATLAS_r049s009_ses1:
perform_everything_on_device: True
  0%|          | 0/8 [00:00<?, ?it/s] 12%|█▎        | 1/8 [00:00<00:02,  2.58it/s] 25%|██▌       | 2/8 [00:00<00:02,  2.29it/s] 38%|███▊      | 3/8 [00:01<00:02,  2.22it/s] 50%|█████     | 4/8 [00:01<00:01,  2.18it/s] 62%|██████▎   | 5/8 [00:02<00:01,  2.62it/s] 75%|███████▌  | 6/8 [00:02<00:00,  3.01it/s] 88%|████████▊ | 7/8 [00:02<00:00,  2.86it/s]100%|██████████| 8/8 [00:03<00:00,  2.58it/s]100%|██████████| 8/8 [00:03<00:00,  2.55it/s]
sending off prediction to background worker for resampling and export
done with ATLAS_r049s009_ses1

Predicting ATLAS_r049s023_ses1:
perform_everything_on_device: True
  0%|          | 0/8 [00:00<?, ?it/s] 12%|█▎        | 1/8 [00:00<00:02,  2.56it/s] 25%|██▌       | 2/8 [00:00<00:02,  2.30it/s] 38%|███▊      | 3/8 [00:01<00:02,  2.21it/s] 50%|█████     | 4/8 [00:01<00:01,  2.18it/s] 62%|██████▎   | 5/8 [00:02<00:01,  2.18it/s] 75%|███████▌  | 6/8 [00:02<00:00,  2.61it/s] 88%|████████▊ | 7/8 [00:02<00:00,  2.98it/s]100%|██████████| 8/8 [00:03<00:00,  2.80it/s]100%|██████████| 8/8 [00:03<00:00,  2.55it/s]
sending off prediction to background worker for resampling and export
done with ATLAS_r049s023_ses1

Predicting ATLAS_r050s001_ses1:
perform_everything_on_device: True
  0%|          | 0/8 [00:00<?, ?it/s] 12%|█▎        | 1/8 [00:00<00:02,  2.56it/s] 25%|██▌       | 2/8 [00:00<00:02,  2.29it/s] 38%|███▊      | 3/8 [00:01<00:02,  2.21it/s] 50%|█████     | 4/8 [00:01<00:01,  2.18it/s] 62%|██████▎   | 5/8 [00:02<00:01,  2.16it/s] 75%|███████▌  | 6/8 [00:02<00:00,  2.26it/s] 88%|████████▊ | 7/8 [00:02<00:00,  2.67it/s]100%|██████████| 8/8 [00:03<00:00,  3.02it/s]100%|██████████| 8/8 [00:03<00:00,  2.54it/s]
sending off prediction to background worker for resampling and export
done with ATLAS_r050s001_ses1

Predicting ATLAS_r050s008_ses1:
perform_everything_on_device: True
  0%|          | 0/8 [00:00<?, ?it/s] 12%|█▎        | 1/8 [00:00<00:02,  2.59it/s] 25%|██▌       | 2/8 [00:00<00:02,  2.29it/s] 38%|███▊      | 3/8 [00:01<00:02,  2.21it/s] 50%|█████     | 4/8 [00:01<00:01,  2.18it/s] 62%|██████▎   | 5/8 [00:02<00:01,  2.16it/s] 75%|███████▌  | 6/8 [00:02<00:00,  2.14it/s] 88%|████████▊ | 7/8 [00:03<00:00,  2.32it/s]100%|██████████| 8/8 [00:03<00:00,  2.71it/s]100%|██████████| 8/8 [00:03<00:00,  2.40it/s]
sending off prediction to background worker for resampling and export
done with ATLAS_r050s008_ses1

Predicting ATLAS_r050s009_ses1:
perform_everything_on_device: True
  0%|          | 0/8 [00:00<?, ?it/s] 12%|█▎        | 1/8 [00:00<00:01,  3.77it/s] 25%|██▌       | 2/8 [00:00<00:01,  4.02it/s] 38%|███▊      | 3/8 [00:00<00:01,  3.76it/s] 50%|█████     | 4/8 [00:01<00:01,  2.89it/s] 62%|██████▎   | 5/8 [00:01<00:01,  2.56it/s] 75%|███████▌  | 6/8 [00:02<00:00,  2.39it/s] 88%|████████▊ | 7/8 [00:02<00:00,  2.30it/s]100%|██████████| 8/8 [00:03<00:00,  2.24it/s]100%|██████████| 8/8 [00:03<00:00,  2.55it/s]
sending off prediction to background worker for resampling and export
done with ATLAS_r050s009_ses1

Predicting ATLAS_r052s001_ses1:
perform_everything_on_device: True
  0%|          | 0/8 [00:00<?, ?it/s] 12%|█▎        | 1/8 [00:00<00:02,  2.60it/s] 25%|██▌       | 2/8 [00:00<00:02,  2.51it/s] 38%|███▊      | 3/8 [00:01<00:01,  3.08it/s] 50%|█████     | 4/8 [00:01<00:01,  3.45it/s] 62%|██████▎   | 5/8 [00:01<00:01,  2.86it/s] 75%|███████▌  | 6/8 [00:02<00:00,  2.57it/s] 88%|████████▊ | 7/8 [00:02<00:00,  2.40it/s]100%|██████████| 8/8 [00:03<00:00,  2.32it/s]100%|██████████| 8/8 [00:03<00:00,  2.56it/s]
sending off prediction to background worker for resampling and export
done with ATLAS_r052s001_ses1

Predicting ATLAS_r052s011_ses1:
perform_everything_on_device: True
  0%|          | 0/8 [00:00<?, ?it/s] 12%|█▎        | 1/8 [00:00<00:02,  2.59it/s] 25%|██▌       | 2/8 [00:00<00:02,  2.31it/s] 38%|███▊      | 3/8 [00:01<00:01,  2.67it/s] 50%|█████     | 4/8 [00:01<00:01,  3.13it/s] 62%|██████▎   | 5/8 [00:01<00:00,  3.13it/s] 75%|███████▌  | 6/8 [00:02<00:00,  2.70it/s] 88%|████████▊ | 7/8 [00:02<00:00,  2.49it/s]100%|██████████| 8/8 [00:03<00:00,  2.37it/s]100%|██████████| 8/8 [00:03<00:00,  2.57it/s]
sending off prediction to background worker for resampling and export
done with ATLAS_r052s011_ses1

Predicting ATLAS_r052s016_ses1:
perform_everything_on_device: True
  0%|          | 0/8 [00:00<?, ?it/s] 12%|█▎        | 1/8 [00:00<00:02,  2.59it/s] 25%|██▌       | 2/8 [00:00<00:02,  2.32it/s] 38%|███▊      | 3/8 [00:01<00:02,  2.24it/s] 50%|█████     | 4/8 [00:01<00:01,  2.21it/s] 62%|██████▎   | 5/8 [00:02<00:01,  2.51it/s] 75%|███████▌  | 6/8 [00:02<00:00,  2.92it/s] 88%|████████▊ | 7/8 [00:02<00:00,  3.00it/s]100%|██████████| 8/8 [00:03<00:00,  2.65it/s]100%|██████████| 8/8 [00:03<00:00,  2.58it/s]
sending off prediction to background worker for resampling and export
done with ATLAS_r052s016_ses1

Predicting ATLAS_r053s042_ses1:
perform_everything_on_device: True
  0%|          | 0/8 [00:00<?, ?it/s] 12%|█▎        | 1/8 [00:00<00:02,  2.57it/s] 25%|██▌       | 2/8 [00:00<00:02,  2.31it/s] 38%|███▊      | 3/8 [00:01<00:02,  2.23it/s] 50%|█████     | 4/8 [00:01<00:01,  2.19it/s] 62%|██████▎   | 5/8 [00:02<00:01,  2.18it/s] 75%|███████▌  | 6/8 [00:02<00:00,  2.50it/s] 88%|████████▊ | 7/8 [00:02<00:00,  2.89it/s]100%|██████████| 8/8 [00:03<00:00,  2.93it/s]100%|██████████| 8/8 [00:03<00:00,  2.58it/s]
sending off prediction to background worker for resampling and export
done with ATLAS_r053s042_ses1

Predicting ATLAS_r056s014_ses1:
perform_everything_on_device: True
  0%|          | 0/8 [00:00<?, ?it/s] 12%|█▎        | 1/8 [00:00<00:02,  2.58it/s] 25%|██▌       | 2/8 [00:00<00:02,  2.31it/s] 38%|███▊      | 3/8 [00:01<00:02,  2.34it/s] 50%|█████     | 4/8 [00:01<00:01,  2.84it/s] 62%|██████▎   | 5/8 [00:01<00:00,  3.23it/s] 75%|███████▌  | 6/8 [00:02<00:00,  2.86it/s] 88%|████████▊ | 7/8 [00:02<00:00,  2.57it/s]100%|██████████| 8/8 [00:03<00:00,  2.42it/s]100%|██████████| 8/8 [00:03<00:00,  2.58it/s]
sending off prediction to background worker for resampling and export
done with ATLAS_r056s014_ses1

Predicting ATLAS_r057s028_ses1:
perform_everything_on_device: True
  0%|          | 0/8 [00:00<?, ?it/s] 12%|█▎        | 1/8 [00:00<00:02,  2.58it/s] 25%|██▌       | 2/8 [00:00<00:02,  2.31it/s] 38%|███▊      | 3/8 [00:01<00:02,  2.24it/s] 50%|█████     | 4/8 [00:01<00:01,  2.20it/s] 62%|██████▎   | 5/8 [00:02<00:01,  2.19it/s] 75%|███████▌  | 6/8 [00:02<00:00,  2.51it/s] 88%|████████▊ | 7/8 [00:02<00:00,  2.90it/s]100%|██████████| 8/8 [00:03<00:00,  2.91it/s]100%|██████████| 8/8 [00:03<00:00,  2.58it/s]
sending off prediction to background worker for resampling and export
done with ATLAS_r057s028_ses1

Predicting ATLAS_r058s050_ses1:
perform_everything_on_device: True
  0%|          | 0/8 [00:00<?, ?it/s] 12%|█▎        | 1/8 [00:00<00:02,  2.58it/s] 25%|██▌       | 2/8 [00:00<00:02,  2.31it/s] 38%|███▊      | 3/8 [00:01<00:02,  2.24it/s] 50%|█████     | 4/8 [00:01<00:01,  2.20it/s] 62%|██████▎   | 5/8 [00:02<00:01,  2.18it/s] 75%|███████▌  | 6/8 [00:02<00:00,  2.17it/s] 88%|████████▊ | 7/8 [00:02<00:00,  2.58it/s]100%|██████████| 8/8 [00:03<00:00,  2.96it/s]100%|██████████| 8/8 [00:03<00:00,  2.51it/s]
sending off prediction to background worker for resampling and export
done with ATLAS_r058s050_ses1

Predicting ATLAS_r058s053_ses1:
perform_everything_on_device: True
  0%|          | 0/8 [00:00<?, ?it/s] 12%|█▎        | 1/8 [00:00<00:01,  5.00it/s] 25%|██▌       | 2/8 [00:00<00:02,  2.81it/s] 38%|███▊      | 3/8 [00:01<00:02,  2.47it/s] 50%|█████     | 4/8 [00:01<00:01,  2.33it/s] 62%|██████▎   | 5/8 [00:02<00:01,  2.26it/s] 75%|███████▌  | 6/8 [00:02<00:00,  2.22it/s] 88%|████████▊ | 7/8 [00:02<00:00,  2.20it/s]100%|██████████| 8/8 [00:03<00:00,  2.44it/s]100%|██████████| 8/8 [00:03<00:00,  2.42it/s]
sending off prediction to background worker for resampling and export
done with ATLAS_r058s053_ses1

Predicting ATLAS_r058s066_ses1:
perform_everything_on_device: True
  0%|          | 0/8 [00:00<?, ?it/s] 12%|█▎        | 1/8 [00:00<00:02,  2.59it/s] 25%|██▌       | 2/8 [00:00<00:01,  3.07it/s] 38%|███▊      | 3/8 [00:00<00:01,  3.51it/s] 50%|█████     | 4/8 [00:01<00:01,  3.27it/s] 62%|██████▎   | 5/8 [00:01<00:01,  2.75it/s] 75%|███████▌  | 6/8 [00:02<00:00,  2.50it/s] 88%|████████▊ | 7/8 [00:02<00:00,  2.38it/s]100%|██████████| 8/8 [00:03<00:00,  2.30it/s]100%|██████████| 8/8 [00:03<00:00,  2.57it/s]
sending off prediction to background worker for resampling and export
done with ATLAS_r058s066_ses1

Predicting ATLAS_r059s003_ses1:
perform_everything_on_device: True
  0%|          | 0/8 [00:00<?, ?it/s] 12%|█▎        | 1/8 [00:00<00:02,  2.59it/s] 25%|██▌       | 2/8 [00:00<00:02,  2.32it/s] 38%|███▊      | 3/8 [00:01<00:01,  2.83it/s] 50%|█████     | 4/8 [00:01<00:01,  3.26it/s] 62%|██████▎   | 5/8 [00:01<00:00,  3.08it/s] 75%|███████▌  | 6/8 [00:02<00:00,  2.69it/s] 88%|████████▊ | 7/8 [00:02<00:00,  2.48it/s]100%|██████████| 8/8 [00:03<00:00,  2.36it/s]100%|██████████| 8/8 [00:03<00:00,  2.58it/s]
sending off prediction to background worker for resampling and export
done with ATLAS_r059s003_ses1

Predicting ATLAS_r059s015_ses1:
perform_everything_on_device: True
  0%|          | 0/8 [00:00<?, ?it/s] 12%|█▎        | 1/8 [00:00<00:02,  2.58it/s] 25%|██▌       | 2/8 [00:00<00:02,  2.30it/s] 38%|███▊      | 3/8 [00:01<00:02,  2.22it/s] 50%|█████     | 4/8 [00:01<00:01,  2.19it/s] 62%|██████▎   | 5/8 [00:02<00:01,  2.59it/s] 75%|███████▌  | 6/8 [00:02<00:00,  2.99it/s] 88%|████████▊ | 7/8 [00:02<00:00,  2.91it/s]100%|██████████| 8/8 [00:03<00:00,  2.60it/s]100%|██████████| 8/8 [00:03<00:00,  2.56it/s]
sending off prediction to background worker for resampling and export
done with ATLAS_r059s015_ses1

Predicting ATLAS_r059s029_ses1:
perform_everything_on_device: True
  0%|          | 0/8 [00:00<?, ?it/s] 12%|█▎        | 1/8 [00:00<00:02,  2.56it/s] 25%|██▌       | 2/8 [00:00<00:02,  2.30it/s] 38%|███▊      | 3/8 [00:01<00:02,  2.22it/s] 50%|█████     | 4/8 [00:01<00:01,  2.18it/s] 62%|██████▎   | 5/8 [00:02<00:01,  2.16it/s] 75%|███████▌  | 6/8 [00:02<00:00,  2.45it/s] 88%|████████▊ | 7/8 [00:02<00:00,  2.84it/s]100%|██████████| 8/8 [00:03<00:00,  2.92it/s]100%|██████████| 8/8 [00:03<00:00,  2.56it/s]
sending off prediction to background worker for resampling and export
done with ATLAS_r059s029_ses1

Predicting ATLAS_r059s038_ses1:
perform_everything_on_device: True
  0%|          | 0/4 [00:00<?, ?it/s] 25%|██▌       | 1/4 [00:00<00:01,  2.58it/s] 50%|█████     | 2/4 [00:00<00:00,  2.30it/s] 75%|███████▌  | 3/4 [00:01<00:00,  2.22it/s]100%|██████████| 4/4 [00:01<00:00,  2.19it/s]100%|██████████| 4/4 [00:01<00:00,  2.23it/s]
sending off prediction to background worker for resampling and export
done with ATLAS_r059s038_ses1

Predicting ATLAS_r061s010_ses1:
perform_everything_on_device: True
  0%|          | 0/8 [00:00<?, ?it/s] 12%|█▎        | 1/8 [00:00<00:02,  2.57it/s] 25%|██▌       | 2/8 [00:00<00:02,  2.29it/s] 38%|███▊      | 3/8 [00:01<00:01,  2.70it/s] 50%|█████     | 4/8 [00:01<00:01,  3.15it/s] 62%|██████▎   | 5/8 [00:01<00:00,  3.06it/s] 75%|███████▌  | 6/8 [00:02<00:00,  2.67it/s] 88%|████████▊ | 7/8 [00:02<00:00,  2.46it/s]100%|██████████| 8/8 [00:03<00:00,  2.35it/s]100%|██████████| 8/8 [00:03<00:00,  2.55it/s]
sending off prediction to background worker for resampling and export
done with ATLAS_r061s010_ses1

Predicting ATLAS_r062s009_ses1:
perform_everything_on_device: True
  0%|          | 0/8 [00:00<?, ?it/s] 12%|█▎        | 1/8 [00:00<00:02,  2.58it/s] 25%|██▌       | 2/8 [00:00<00:02,  2.29it/s] 38%|███▊      | 3/8 [00:01<00:02,  2.22it/s] 50%|█████     | 4/8 [00:01<00:01,  2.18it/s] 62%|██████▎   | 5/8 [00:02<00:01,  2.59it/s] 75%|███████▌  | 6/8 [00:02<00:00,  2.98it/s] 88%|████████▊ | 7/8 [00:02<00:00,  2.89it/s]100%|██████████| 8/8 [00:03<00:00,  2.59it/s]100%|██████████| 8/8 [00:03<00:00,  2.56it/s]
sending off prediction to background worker for resampling and export
done with ATLAS_r062s009_ses1

Predicting ATLAS_r062s012_ses1:
perform_everything_on_device: True
  0%|          | 0/8 [00:00<?, ?it/s] 12%|█▎        | 1/8 [00:00<00:02,  2.59it/s] 25%|██▌       | 2/8 [00:00<00:02,  2.36it/s] 38%|███▊      | 3/8 [00:01<00:01,  2.96it/s] 50%|█████     | 4/8 [00:01<00:01,  3.36it/s] 62%|██████▎   | 5/8 [00:01<00:01,  2.96it/s] 75%|███████▌  | 6/8 [00:02<00:00,  2.63it/s] 88%|████████▊ | 7/8 [00:02<00:00,  2.44it/s]100%|██████████| 8/8 [00:03<00:00,  2.34it/s]100%|██████████| 8/8 [00:03<00:00,  2.57it/s]
sending off prediction to background worker for resampling and export
done with ATLAS_r062s012_ses1

Predicting ATLAS_r064s012_ses1:
perform_everything_on_device: True
  0%|          | 0/8 [00:00<?, ?it/s] 12%|█▎        | 1/8 [00:00<00:02,  2.59it/s] 25%|██▌       | 2/8 [00:00<00:02,  2.31it/s] 38%|███▊      | 3/8 [00:01<00:02,  2.23it/s] 50%|█████     | 4/8 [00:01<00:01,  2.59it/s] 62%|██████▎   | 5/8 [00:01<00:00,  3.02it/s] 75%|███████▌  | 6/8 [00:02<00:00,  3.03it/s] 88%|████████▊ | 7/8 [00:02<00:00,  2.66it/s]100%|██████████| 8/8 [00:03<00:00,  2.48it/s]100%|██████████| 8/8 [00:03<00:00,  2.58it/s]
sending off prediction to background worker for resampling and export
done with ATLAS_r064s012_ses1

Predicting ATLAS_r065s008_ses1:
perform_everything_on_device: True
  0%|          | 0/8 [00:00<?, ?it/s] 12%|█▎        | 1/8 [00:00<00:02,  2.57it/s] 25%|██▌       | 2/8 [00:00<00:02,  2.31it/s] 38%|███▊      | 3/8 [00:01<00:02,  2.23it/s] 50%|█████     | 4/8 [00:01<00:01,  2.19it/s] 62%|██████▎   | 5/8 [00:02<00:01,  2.18it/s] 75%|███████▌  | 6/8 [00:02<00:00,  2.63it/s] 88%|████████▊ | 7/8 [00:02<00:00,  3.08it/s]100%|██████████| 8/8 [00:02<00:00,  3.47it/s]100%|██████████| 8/8 [00:02<00:00,  2.76it/s]
sending off prediction to background worker for resampling and export
done with ATLAS_r065s008_ses1

Predicting ATLAS_r065s013_ses1:
perform_everything_on_device: True
  0%|          | 0/4 [00:00<?, ?it/s] 25%|██▌       | 1/4 [00:00<00:00,  5.70it/s] 50%|█████     | 2/4 [00:00<00:00,  5.08it/s] 75%|███████▌  | 3/4 [00:00<00:00,  4.90it/s]100%|██████████| 4/4 [00:00<00:00,  4.81it/s]100%|██████████| 4/4 [00:00<00:00,  4.92it/s]
sending off prediction to background worker for resampling and export
done with ATLAS_r065s013_ses1

Predicting ATLAS_r067s019_ses1:
perform_everything_on_device: True
  0%|          | 0/8 [00:00<?, ?it/s] 12%|█▎        | 1/8 [00:00<00:01,  5.71it/s] 25%|██▌       | 2/8 [00:00<00:01,  5.09it/s] 38%|███▊      | 3/8 [00:00<00:01,  4.91it/s] 50%|█████     | 4/8 [00:00<00:00,  4.83it/s] 62%|██████▎   | 5/8 [00:01<00:00,  4.79it/s] 75%|███████▌  | 6/8 [00:01<00:00,  4.76it/s] 88%|████████▊ | 7/8 [00:01<00:00,  4.74it/s]100%|██████████| 8/8 [00:01<00:00,  4.73it/s]100%|██████████| 8/8 [00:01<00:00,  4.82it/s]
sending off prediction to background worker for resampling and export
done with ATLAS_r067s019_ses1

Predicting ATLAS_r067s036_ses1:
perform_everything_on_device: True
  0%|          | 0/8 [00:00<?, ?it/s] 12%|█▎        | 1/8 [00:00<00:01,  5.71it/s] 25%|██▌       | 2/8 [00:00<00:01,  5.07it/s] 38%|███▊      | 3/8 [00:00<00:01,  4.89it/s] 50%|█████     | 4/8 [00:00<00:00,  4.82it/s] 62%|██████▎   | 5/8 [00:01<00:00,  4.77it/s] 75%|███████▌  | 6/8 [00:01<00:00,  4.74it/s] 88%|████████▊ | 7/8 [00:01<00:00,  4.73it/s]100%|██████████| 8/8 [00:01<00:00,  4.72it/s]100%|██████████| 8/8 [00:01<00:00,  4.80it/s]
sending off prediction to background worker for resampling and export
done with ATLAS_r067s036_ses1

Predicting ATLAS_r067s040_ses1:
perform_everything_on_device: True
  0%|          | 0/8 [00:00<?, ?it/s] 12%|█▎        | 1/8 [00:00<00:01,  5.68it/s] 25%|██▌       | 2/8 [00:00<00:01,  5.06it/s] 38%|███▊      | 3/8 [00:00<00:01,  4.89it/s] 50%|█████     | 4/8 [00:00<00:00,  4.81it/s] 62%|██████▎   | 5/8 [00:01<00:00,  4.77it/s] 75%|███████▌  | 6/8 [00:01<00:00,  4.74it/s] 88%|████████▊ | 7/8 [00:01<00:00,  4.73it/s]100%|██████████| 8/8 [00:01<00:00,  4.72it/s]100%|██████████| 8/8 [00:01<00:00,  4.80it/s]
sending off prediction to background worker for resampling and export
done with ATLAS_r067s040_ses1

Predicting ATLAS_r069s006_ses1:
perform_everything_on_device: True
  0%|          | 0/8 [00:00<?, ?it/s] 12%|█▎        | 1/8 [00:00<00:01,  5.69it/s] 25%|██▌       | 2/8 [00:00<00:01,  5.06it/s] 38%|███▊      | 3/8 [00:00<00:01,  4.89it/s] 50%|█████     | 4/8 [00:00<00:00,  4.81it/s] 62%|██████▎   | 5/8 [00:01<00:00,  4.69it/s] 75%|███████▌  | 6/8 [00:01<00:00,  4.58it/s] 88%|████████▊ | 7/8 [00:01<00:00,  4.58it/s]100%|██████████| 8/8 [00:01<00:00,  4.58it/s]100%|██████████| 8/8 [00:01<00:00,  4.70it/s]
sending off prediction to background worker for resampling and export
done with ATLAS_r069s006_ses1

Predicting ATLAS_r069s010_ses1:
perform_everything_on_device: True
  0%|          | 0/8 [00:00<?, ?it/s] 12%|█▎        | 1/8 [00:00<00:01,  4.55it/s] 25%|██▌       | 2/8 [00:00<00:02,  2.76it/s] 38%|███▊      | 3/8 [00:01<00:02,  2.43it/s] 50%|█████     | 4/8 [00:01<00:01,  2.30it/s] 62%|██████▎   | 5/8 [00:02<00:01,  2.24it/s] 75%|███████▌  | 6/8 [00:02<00:00,  2.20it/s] 88%|████████▊ | 7/8 [00:03<00:00,  2.17it/s]100%|██████████| 8/8 [00:03<00:00,  2.47it/s]100%|██████████| 8/8 [00:03<00:00,  2.41it/s]
sending off prediction to background worker for resampling and export
done with ATLAS_r069s010_ses1

Predicting ATLAS_r069s020_ses1:
perform_everything_on_device: True
  0%|          | 0/8 [00:00<?, ?it/s] 12%|█▎        | 1/8 [00:00<00:02,  2.58it/s] 25%|██▌       | 2/8 [00:00<00:02,  2.76it/s] 38%|███▊      | 3/8 [00:00<00:01,  3.28it/s] 50%|█████     | 4/8 [00:01<00:01,  3.52it/s] 62%|██████▎   | 5/8 [00:01<00:01,  2.84it/s] 75%|███████▌  | 6/8 [00:02<00:00,  2.55it/s] 88%|████████▊ | 7/8 [00:02<00:00,  2.40it/s]100%|██████████| 8/8 [00:03<00:00,  2.30it/s]100%|██████████| 8/8 [00:03<00:00,  2.58it/s]
sending off prediction to background worker for resampling and export
done with ATLAS_r069s020_ses1

Predicting ATLAS_r069s025_ses1:
perform_everything_on_device: True
  0%|          | 0/8 [00:00<?, ?it/s] 12%|█▎        | 1/8 [00:00<00:02,  2.55it/s] 25%|██▌       | 2/8 [00:00<00:02,  2.28it/s] 38%|███▊      | 3/8 [00:01<00:02,  2.20it/s] 50%|█████     | 4/8 [00:01<00:01,  2.17it/s] 62%|██████▎   | 5/8 [00:02<00:01,  2.60it/s] 75%|███████▌  | 6/8 [00:02<00:00,  2.99it/s] 88%|████████▊ | 7/8 [00:02<00:00,  2.90it/s]100%|██████████| 8/8 [00:03<00:00,  2.59it/s]100%|██████████| 8/8 [00:03<00:00,  2.55it/s]
sending off prediction to background worker for resampling and export
done with ATLAS_r069s025_ses1

Predicting ATLAS_r069s027_ses1:
perform_everything_on_device: True
  0%|          | 0/8 [00:00<?, ?it/s] 12%|█▎        | 1/8 [00:00<00:02,  2.55it/s] 25%|██▌       | 2/8 [00:00<00:02,  2.28it/s] 38%|███▊      | 3/8 [00:01<00:02,  2.21it/s] 50%|█████     | 4/8 [00:01<00:01,  2.17it/s] 62%|██████▎   | 5/8 [00:02<00:01,  2.15it/s] 75%|███████▌  | 6/8 [00:02<00:00,  2.36it/s] 88%|████████▊ | 7/8 [00:02<00:00,  2.76it/s]100%|██████████| 8/8 [00:03<00:00,  2.99it/s]100%|██████████| 8/8 [00:03<00:00,  2.55it/s]
sending off prediction to background worker for resampling and export
done with ATLAS_r069s027_ses1

Predicting ATLAS_r069s032_ses1:
perform_everything_on_device: True
  0%|          | 0/8 [00:00<?, ?it/s] 12%|█▎        | 1/8 [00:00<00:02,  2.58it/s] 25%|██▌       | 2/8 [00:00<00:02,  2.29it/s] 38%|███▊      | 3/8 [00:01<00:02,  2.22it/s] 50%|█████     | 4/8 [00:01<00:01,  2.18it/s] 62%|██████▎   | 5/8 [00:02<00:01,  2.16it/s] 75%|███████▌  | 6/8 [00:02<00:00,  2.15it/s] 88%|████████▊ | 7/8 [00:03<00:00,  2.32it/s]100%|██████████| 8/8 [00:03<00:00,  2.71it/s]100%|██████████| 8/8 [00:03<00:00,  2.40it/s]
sending off prediction to background worker for resampling and export
done with ATLAS_r069s032_ses1

Predicting ATLAS_r070s003_ses1:
perform_everything_on_device: True
  0%|          | 0/4 [00:00<?, ?it/s] 25%|██▌       | 1/4 [00:00<00:01,  2.65it/s] 50%|█████     | 2/4 [00:00<00:00,  3.42it/s] 75%|███████▌  | 3/4 [00:00<00:00,  3.75it/s]100%|██████████| 4/4 [00:01<00:00,  3.23it/s]100%|██████████| 4/4 [00:01<00:00,  3.27it/s]
sending off prediction to background worker for resampling and export
done with ATLAS_r070s003_ses1

Predicting ATLAS_r070s004_ses1:
perform_everything_on_device: True
  0%|          | 0/8 [00:00<?, ?it/s] 12%|█▎        | 1/8 [00:00<00:02,  2.57it/s] 25%|██▌       | 2/8 [00:00<00:02,  2.29it/s] 38%|███▊      | 3/8 [00:01<00:02,  2.22it/s] 50%|█████     | 4/8 [00:01<00:01,  2.18it/s] 62%|██████▎   | 5/8 [00:02<00:01,  2.16it/s] 75%|███████▌  | 6/8 [00:02<00:00,  2.16it/s] 88%|████████▊ | 7/8 [00:02<00:00,  2.55it/s]100%|██████████| 8/8 [00:03<00:00,  2.92it/s]100%|██████████| 8/8 [00:03<00:00,  2.49it/s]
sending off prediction to background worker for resampling and export
done with ATLAS_r070s004_ses1

Predicting ATLAS_r070s005_ses1:
perform_everything_on_device: True
  0%|          | 0/8 [00:00<?, ?it/s] 12%|█▎        | 1/8 [00:00<00:01,  5.14it/s] 25%|██▌       | 2/8 [00:00<00:01,  4.58it/s] 38%|███▊      | 3/8 [00:00<00:01,  3.57it/s] 50%|█████     | 4/8 [00:01<00:01,  2.82it/s] 62%|██████▎   | 5/8 [00:01<00:01,  2.52it/s] 75%|███████▌  | 6/8 [00:02<00:00,  2.38it/s] 88%|████████▊ | 7/8 [00:02<00:00,  2.30it/s]100%|██████████| 8/8 [00:03<00:00,  2.24it/s]100%|██████████| 8/8 [00:03<00:00,  2.56it/s]
sending off prediction to background worker for resampling and export
done with ATLAS_r070s005_ses1

Predicting ATLAS_r070s006_ses1:
perform_everything_on_device: True
  0%|          | 0/8 [00:00<?, ?it/s] 12%|█▎        | 1/8 [00:00<00:02,  2.59it/s] 25%|██▌       | 2/8 [00:00<00:02,  2.31it/s] 38%|███▊      | 3/8 [00:01<00:01,  2.75it/s] 50%|█████     | 4/8 [00:01<00:01,  3.19it/s] 62%|██████▎   | 5/8 [00:01<00:00,  3.14it/s] 75%|███████▌  | 6/8 [00:02<00:00,  2.72it/s] 88%|████████▊ | 7/8 [00:02<00:00,  2.49it/s]100%|██████████| 8/8 [00:03<00:00,  2.37it/s]100%|██████████| 8/8 [00:03<00:00,  2.58it/s]
sending off prediction to background worker for resampling and export
done with ATLAS_r070s006_ses1

Predicting ATLAS_r070s007_ses1:
perform_everything_on_device: True
  0%|          | 0/8 [00:00<?, ?it/s] 12%|█▎        | 1/8 [00:00<00:02,  2.58it/s] 25%|██▌       | 2/8 [00:00<00:02,  2.31it/s] 38%|███▊      | 3/8 [00:01<00:02,  2.23it/s] 50%|█████     | 4/8 [00:01<00:01,  2.20it/s] 62%|██████▎   | 5/8 [00:02<00:01,  2.34it/s] 75%|███████▌  | 6/8 [00:02<00:00,  2.77it/s] 88%|████████▊ | 7/8 [00:02<00:00,  3.13it/s]100%|██████████| 8/8 [00:03<00:00,  2.80it/s]100%|██████████| 8/8 [00:03<00:00,  2.61it/s]
sending off prediction to background worker for resampling and export
done with ATLAS_r070s007_ses1

Predicting ATLAS_r070s008_ses1:
perform_everything_on_device: True
  0%|          | 0/8 [00:00<?, ?it/s] 12%|█▎        | 1/8 [00:00<00:02,  2.59it/s] 25%|██▌       | 2/8 [00:00<00:02,  2.31it/s] 38%|███▊      | 3/8 [00:01<00:02,  2.23it/s] 50%|█████     | 4/8 [00:01<00:01,  2.20it/s] 62%|██████▎   | 5/8 [00:02<00:01,  2.18it/s] 75%|███████▌  | 6/8 [00:02<00:00,  2.26it/s] 88%|████████▊ | 7/8 [00:02<00:00,  2.67it/s]100%|██████████| 8/8 [00:03<00:00,  3.04it/s]100%|██████████| 8/8 [00:03<00:00,  2.56it/s]
sending off prediction to background worker for resampling and export
done with ATLAS_r070s008_ses1

Predicting ATLAS_r070s009_ses1:
perform_everything_on_device: True
  0%|          | 0/8 [00:00<?, ?it/s] 12%|█▎        | 1/8 [00:00<00:01,  5.17it/s] 25%|██▌       | 2/8 [00:00<00:01,  3.35it/s] 38%|███▊      | 3/8 [00:01<00:01,  2.67it/s] 50%|█████     | 4/8 [00:01<00:01,  2.44it/s] 62%|██████▎   | 5/8 [00:01<00:01,  2.33it/s] 75%|███████▌  | 6/8 [00:02<00:00,  2.27it/s] 88%|████████▊ | 7/8 [00:02<00:00,  2.23it/s]100%|██████████| 8/8 [00:03<00:00,  2.29it/s]100%|██████████| 8/8 [00:03<00:00,  2.42it/s]
sending off prediction to background worker for resampling and export
done with ATLAS_r070s009_ses1

Predicting ATLAS_r070s010_ses1:
perform_everything_on_device: True
  0%|          | 0/8 [00:00<?, ?it/s] 12%|█▎        | 1/8 [00:00<00:02,  2.58it/s] 25%|██▌       | 2/8 [00:00<00:02,  2.70it/s] 38%|███▊      | 3/8 [00:00<00:01,  3.24it/s] 50%|█████     | 4/8 [00:01<00:01,  3.50it/s] 62%|██████▎   | 5/8 [00:01<00:01,  2.85it/s] 75%|███████▌  | 6/8 [00:02<00:00,  2.56it/s] 88%|████████▊ | 7/8 [00:02<00:00,  2.41it/s]100%|██████████| 8/8 [00:03<00:00,  2.32it/s]100%|██████████| 8/8 [00:03<00:00,  2.58it/s]
sending off prediction to background worker for resampling and export
done with ATLAS_r070s010_ses1

Predicting ATLAS_r071s011_ses1:
perform_everything_on_device: True
  0%|          | 0/8 [00:00<?, ?it/s] 12%|█▎        | 1/8 [00:00<00:02,  2.58it/s] 25%|██▌       | 2/8 [00:00<00:02,  2.31it/s] 38%|███▊      | 3/8 [00:01<00:02,  2.23it/s] 50%|█████     | 4/8 [00:01<00:01,  2.20it/s] 62%|██████▎   | 5/8 [00:02<00:01,  2.60it/s] 75%|███████▌  | 6/8 [00:02<00:00,  2.99it/s] 88%|████████▊ | 7/8 [00:02<00:00,  3.00it/s]100%|██████████| 8/8 [00:03<00:00,  2.67it/s]100%|██████████| 8/8 [00:03<00:00,  2.60it/s]
sending off prediction to background worker for resampling and export
done with ATLAS_r071s011_ses1

Predicting ATLAS_r071s017_ses1:
perform_everything_on_device: True
  0%|          | 0/8 [00:00<?, ?it/s] 12%|█▎        | 1/8 [00:00<00:02,  2.59it/s] 25%|██▌       | 2/8 [00:00<00:02,  2.31it/s] 38%|███▊      | 3/8 [00:01<00:02,  2.24it/s] 50%|█████     | 4/8 [00:01<00:01,  2.20it/s] 62%|██████▎   | 5/8 [00:02<00:01,  2.18it/s] 75%|███████▌  | 6/8 [00:02<00:00,  2.30it/s] 88%|████████▊ | 7/8 [00:02<00:00,  2.70it/s]100%|██████████| 8/8 [00:03<00:00,  3.05it/s]100%|██████████| 8/8 [00:03<00:00,  2.57it/s]
sending off prediction to background worker for resampling and export
done with ATLAS_r071s017_ses1

Predicting ATLAS_r071s021_ses1:
perform_everything_on_device: True
  0%|          | 0/8 [00:00<?, ?it/s] 12%|█▎        | 1/8 [00:00<00:02,  2.65it/s] 25%|██▌       | 2/8 [00:00<00:02,  2.32it/s] 38%|███▊      | 3/8 [00:01<00:02,  2.23it/s] 50%|█████     | 4/8 [00:01<00:01,  2.20it/s] 62%|██████▎   | 5/8 [00:02<00:01,  2.17it/s] 75%|███████▌  | 6/8 [00:02<00:00,  2.16it/s] 88%|████████▊ | 7/8 [00:03<00:00,  2.31it/s]100%|██████████| 8/8 [00:03<00:00,  2.70it/s]100%|██████████| 8/8 [00:03<00:00,  2.40it/s]
sending off prediction to background worker for resampling and export
done with ATLAS_r071s021_ses1
GPU prediction completed. Waiting for remaining segmentation exports to finish...
Collecting results:   0%|          | 0/250 [00:00<?, ?it/s]Collecting results: 100%|██████████| 250/250 [00:00<00:00, 666.97it/s]Collecting results: 100%|██████████| 250/250 [00:00<00:00, 666.79it/s]
Segmentation export complete.
[2026-08-20 04:26:17] --- evaluate (val) ---
[skip] ATLAS_r001s001_ses1: prediction or ground truth missing
[skip] ATLAS_r001s002_ses1: prediction or ground truth missing
[skip] ATLAS_r001s004_ses1: prediction or ground truth missing
[skip] ATLAS_r001s005_ses1: prediction or ground truth missing
[skip] ATLAS_r001s006_ses1: prediction or ground truth missing
[skip] ATLAS_r001s007_ses1: prediction or ground truth missing
[skip] ATLAS_r001s008_ses1: prediction or ground truth missing
[skip] ATLAS_r001s009_ses1: prediction or ground truth missing
[skip] ATLAS_r001s010_ses1: prediction or ground truth missing
[skip] ATLAS_r001s011_ses1: prediction or ground truth missing
[skip] ATLAS_r001s013_ses1: prediction or ground truth missing
[skip] ATLAS_r001s014_ses1: prediction or ground truth missing
[skip] ATLAS_r001s015_ses1: prediction or ground truth missing
[skip] ATLAS_r001s016_ses1: prediction or ground truth missing
[skip] ATLAS_r001s017_ses1: prediction or ground truth missing
[skip] ATLAS_r001s018_ses1: prediction or ground truth missing
[skip] ATLAS_r001s019_ses1: prediction or ground truth missing
[skip] ATLAS_r001s020_ses1: prediction or ground truth missing
[skip] ATLAS_r001s021_ses1: prediction or ground truth missing
[skip] ATLAS_r001s022_ses1: prediction or ground truth missing
[skip] ATLAS_r001s023_ses1: prediction or ground truth missing
[skip] ATLAS_r001s024_ses1: prediction or ground truth missing
[skip] ATLAS_r001s025_ses1: prediction or ground truth missing
[skip] ATLAS_r001s026_ses1: prediction or ground truth missing
[skip] ATLAS_r001s027_ses1: prediction or ground truth missing
[skip] ATLAS_r001s028_ses1: prediction or ground truth missing
[skip] ATLAS_r001s029_ses1: prediction or ground truth missing
[skip] ATLAS_r001s030_ses1: prediction or ground truth missing
[skip] ATLAS_r001s031_ses1: prediction or ground truth missing
[skip] ATLAS_r001s032_ses1: prediction or ground truth missing
[skip] ATLAS_r001s033_ses1: prediction or ground truth missing
[skip] ATLAS_r001s034_ses1: prediction or ground truth missing
[skip] ATLAS_r001s036_ses1: prediction or ground truth missing
[skip] ATLAS_r001s037_ses1: prediction or ground truth missing
[skip] ATLAS_r001s038_ses1: prediction or ground truth missing
[skip] ATLAS_r001s039_ses1: prediction or ground truth missing
[skip] ATLAS_r001s040_ses1: prediction or ground truth missing
[skip] ATLAS_r002s001_ses1: prediction or ground truth missing
[skip] ATLAS_r002s002_ses1: prediction or ground truth missing
[skip] ATLAS_r002s004_ses1: prediction or ground truth missing
[skip] ATLAS_r002s005_ses1: prediction or ground truth missing
[skip] ATLAS_r002s006_ses1: prediction or ground truth missing
[skip] ATLAS_r002s007_ses1: prediction or ground truth missing
[skip] ATLAS_r002s008_ses1: prediction or ground truth missing
[skip] ATLAS_r002s011_ses1: prediction or ground truth missing
[skip] ATLAS_r002s012_ses1: prediction or ground truth missing
[skip] ATLAS_r003s001_ses1: prediction or ground truth missing
[skip] ATLAS_r003s002_ses1: prediction or ground truth missing
[skip] ATLAS_r003s003_ses1: prediction or ground truth missing
[skip] ATLAS_r003s004_ses1: prediction or ground truth missing
[skip] ATLAS_r003s005_ses1: prediction or ground truth missing
[skip] ATLAS_r003s006_ses1: prediction or ground truth missing
[skip] ATLAS_r003s007_ses1: prediction or ground truth missing
[skip] ATLAS_r003s010_ses1: prediction or ground truth missing
[skip] ATLAS_r003s011_ses1: prediction or ground truth missing
[skip] ATLAS_r003s012_ses1: prediction or ground truth missing
[skip] ATLAS_r003s013_ses1: prediction or ground truth missing
[skip] ATLAS_r003s014_ses1: prediction or ground truth missing
[skip] ATLAS_r003s015_ses1: prediction or ground truth missing
[skip] ATLAS_r004s001_ses1: prediction or ground truth missing
[skip] ATLAS_r004s002_ses1: prediction or ground truth missing
[skip] ATLAS_r004s003_ses1: prediction or ground truth missing
[skip] ATLAS_r004s004_ses1: prediction or ground truth missing
[skip] ATLAS_r004s005_ses1: prediction or ground truth missing
[skip] ATLAS_r004s006_ses1: prediction or ground truth missing
[skip] ATLAS_r004s007_ses1: prediction or ground truth missing
[skip] ATLAS_r004s008_ses1: prediction or ground truth missing
[skip] ATLAS_r004s009_ses1: prediction or ground truth missing
[skip] ATLAS_r004s010_ses1: prediction or ground truth missing
[skip] ATLAS_r004s011_ses1: prediction or ground truth missing
[skip] ATLAS_r004s012_ses1: prediction or ground truth missing
[skip] ATLAS_r004s013_ses1: prediction or ground truth missing
[skip] ATLAS_r004s014_ses1: prediction or ground truth missing
[skip] ATLAS_r004s015_ses1: prediction or ground truth missing
[skip] ATLAS_r004s017_ses1: prediction or ground truth missing
[skip] ATLAS_r004s018_ses1: prediction or ground truth missing
[skip] ATLAS_r004s019_ses1: prediction or ground truth missing
[skip] ATLAS_r004s021_ses1: prediction or ground truth missing
[skip] ATLAS_r004s022_ses1: prediction or ground truth missing
[skip] ATLAS_r004s023_ses1: prediction or ground truth missing
[skip] ATLAS_r004s024_ses1: prediction or ground truth missing
[skip] ATLAS_r004s025_ses1: prediction or ground truth missing
[skip] ATLAS_r004s026_ses1: prediction or ground truth missing
[skip] ATLAS_r004s027_ses1: prediction or ground truth missing
[skip] ATLAS_r004s028_ses1: prediction or ground truth missing
[skip] ATLAS_r004s029_ses1: prediction or ground truth missing
[skip] ATLAS_r004s030_ses1: prediction or ground truth missing
[skip] ATLAS_r004s031_ses1: prediction or ground truth missing
[skip] ATLAS_r004s032_ses1: prediction or ground truth missing
[skip] ATLAS_r004s033_ses1: prediction or ground truth missing
[skip] ATLAS_r004s034_ses1: prediction or ground truth missing
[skip] ATLAS_r004s035_ses1: prediction or ground truth missing
[skip] ATLAS_r004s036_ses1: prediction or ground truth missing
[skip] ATLAS_r005s015_ses1: prediction or ground truth missing
[skip] ATLAS_r005s016_ses1: prediction or ground truth missing
[skip] ATLAS_r005s025_ses1: prediction or ground truth missing
[skip] ATLAS_r005s026_ses1: prediction or ground truth missing
[skip] ATLAS_r005s030_ses1: prediction or ground truth missing
[skip] ATLAS_r005s031_ses1: prediction or ground truth missing
[skip] ATLAS_r005s034_ses1: prediction or ground truth missing
[skip] ATLAS_r005s044_ses1: prediction or ground truth missing
[skip] ATLAS_r005s045_ses1: prediction or ground truth missing
[skip] ATLAS_r005s046_ses1: prediction or ground truth missing
[skip] ATLAS_r005s047_ses1: prediction or ground truth missing
[skip] ATLAS_r005s048_ses1: prediction or ground truth missing
[skip] ATLAS_r005s049_ses1: prediction or ground truth missing
[skip] ATLAS_r005s054_ses1: prediction or ground truth missing
[skip] ATLAS_r005s055_ses1: prediction or ground truth missing
[skip] ATLAS_r005s056_ses1: prediction or ground truth missing
[skip] ATLAS_r005s057_ses1: prediction or ground truth missing
[skip] ATLAS_r005s058_ses1: prediction or ground truth missing
[skip] ATLAS_r005s059_ses1: prediction or ground truth missing
[skip] ATLAS_r005s068_ses1: prediction or ground truth missing
[skip] ATLAS_r005s069_ses1: prediction or ground truth missing
[skip] ATLAS_r005s070_ses1: prediction or ground truth missing
[skip] ATLAS_r005s071_ses1: prediction or ground truth missing
[skip] ATLAS_r005s072_ses1: prediction or ground truth missing
[skip] ATLAS_r005s073_ses1: prediction or ground truth missing
[skip] ATLAS_r005s074_ses1: prediction or ground truth missing
[skip] ATLAS_r005s075_ses1: prediction or ground truth missing
[skip] ATLAS_r005s076_ses1: prediction or ground truth missing
[skip] ATLAS_r005s077_ses1: prediction or ground truth missing
[skip] ATLAS_r005s078_ses1: prediction or ground truth missing
[skip] ATLAS_r005s079_ses1: prediction or ground truth missing
[skip] ATLAS_r005s080_ses1: prediction or ground truth missing
[skip] ATLAS_r005s081_ses1: prediction or ground truth missing
[skip] ATLAS_r005s082_ses1: prediction or ground truth missing
[skip] ATLAS_r005s084_ses1: prediction or ground truth missing
[skip] ATLAS_r005s085_ses1: prediction or ground truth missing
[skip] ATLAS_r005s086_ses1: prediction or ground truth missing
[skip] ATLAS_r008s001_ses1: prediction or ground truth missing
[skip] ATLAS_r008s002_ses1: prediction or ground truth missing
[skip] ATLAS_r008s003_ses1: prediction or ground truth missing
[skip] ATLAS_r008s004_ses1: prediction or ground truth missing
[skip] ATLAS_r008s006_ses1: prediction or ground truth missing
[skip] ATLAS_r008s007_ses1: prediction or ground truth missing
[skip] ATLAS_r008s008_ses1: prediction or ground truth missing
[skip] ATLAS_r009s001_ses1: prediction or ground truth missing
[skip] ATLAS_r009s002_ses1: prediction or ground truth missing
[skip] ATLAS_r009s003_ses1: prediction or ground truth missing
[skip] ATLAS_r009s004_ses1: prediction or ground truth missing
[skip] ATLAS_r009s005_ses1: prediction or ground truth missing
[skip] ATLAS_r009s006_ses1: prediction or ground truth missing
[skip] ATLAS_r009s007_ses1: prediction or ground truth missing
[skip] ATLAS_r009s008_ses1: prediction or ground truth missing
[skip] ATLAS_r009s009_ses1: prediction or ground truth missing
[skip] ATLAS_r009s010_ses1: prediction or ground truth missing
[skip] ATLAS_r009s011_ses1: prediction or ground truth missing
[skip] ATLAS_r009s012_ses1: prediction or ground truth missing
[skip] ATLAS_r009s013_ses1: prediction or ground truth missing
[skip] ATLAS_r009s014_ses1: prediction or ground truth missing
[skip] ATLAS_r009s015_ses1: prediction or ground truth missing
[skip] ATLAS_r009s016_ses1: prediction or ground truth missing
[skip] ATLAS_r009s017_ses1: prediction or ground truth missing
[skip] ATLAS_r009s018_ses1: prediction or ground truth missing
[skip] ATLAS_r009s020_ses1: prediction or ground truth missing
[skip] ATLAS_r009s021_ses1: prediction or ground truth missing
[skip] ATLAS_r009s024_ses1: prediction or ground truth missing
[skip] ATLAS_r009s025_ses1: prediction or ground truth missing
[skip] ATLAS_r009s026_ses1: prediction or ground truth missing
[skip] ATLAS_r009s027_ses1: prediction or ground truth missing
[skip] ATLAS_r009s028_ses1: prediction or ground truth missing
[skip] ATLAS_r009s031_ses1: prediction or ground truth missing
[skip] ATLAS_r009s034_ses1: prediction or ground truth missing
[skip] ATLAS_r009s035_ses1: prediction or ground truth missing
[skip] ATLAS_r009s036_ses1: prediction or ground truth missing
[skip] ATLAS_r009s037_ses1: prediction or ground truth missing
[skip] ATLAS_r009s039_ses1: prediction or ground truth missing
[skip] ATLAS_r009s041_ses1: prediction or ground truth missing
[skip] ATLAS_r009s043_ses1: prediction or ground truth missing
[skip] ATLAS_r009s045_ses1: prediction or ground truth missing
[skip] ATLAS_r009s048_ses1: prediction or ground truth missing
[skip] ATLAS_r009s049_ses1: prediction or ground truth missing
[skip] ATLAS_r009s050_ses1: prediction or ground truth missing
[skip] ATLAS_r009s051_ses1: prediction or ground truth missing
[skip] ATLAS_r009s053_ses1: prediction or ground truth missing
[skip] ATLAS_r009s056_ses1: prediction or ground truth missing
[skip] ATLAS_r009s057_ses1: prediction or ground truth missing
[skip] ATLAS_r009s058_ses1: prediction or ground truth missing
[skip] ATLAS_r009s060_ses1: prediction or ground truth missing
[skip] ATLAS_r009s061_ses1: prediction or ground truth missing
[skip] ATLAS_r009s062_ses1: prediction or ground truth missing
[skip] ATLAS_r009s063_ses1: prediction or ground truth missing
[skip] ATLAS_r009s064_ses1: prediction or ground truth missing
[skip] ATLAS_r009s065_ses1: prediction or ground truth missing
[skip] ATLAS_r009s067_ses1: prediction or ground truth missing
[skip] ATLAS_r009s071_ses1: prediction or ground truth missing
[skip] ATLAS_r009s072_ses1: prediction or ground truth missing
[skip] ATLAS_r009s073_ses1: prediction or ground truth missing
[skip] ATLAS_r009s078_ses1: prediction or ground truth missing
[skip] ATLAS_r009s079_ses1: prediction or ground truth missing
[skip] ATLAS_r009s082_ses1: prediction or ground truth missing
[skip] ATLAS_r009s083_ses1: prediction or ground truth missing
[skip] ATLAS_r009s084_ses1: prediction or ground truth missing
[skip] ATLAS_r009s086_ses1: prediction or ground truth missing
[skip] ATLAS_r009s087_ses1: prediction or ground truth missing
[skip] ATLAS_r009s089_ses1: prediction or ground truth missing
[skip] ATLAS_r009s090_ses1: prediction or ground truth missing
[skip] ATLAS_r009s091_ses1: prediction or ground truth missing
[skip] ATLAS_r009s092_ses1: prediction or ground truth missing
[skip] ATLAS_r009s093_ses1: prediction or ground truth missing
[skip] ATLAS_r009s094_ses1: prediction or ground truth missing
[skip] ATLAS_r009s096_ses1: prediction or ground truth missing
[skip] ATLAS_r009s097_ses1: prediction or ground truth missing
[skip] ATLAS_r009s099_ses1: prediction or ground truth missing
[skip] ATLAS_r009s100_ses1: prediction or ground truth missing
[skip] ATLAS_r009s102_ses1: prediction or ground truth missing
[skip] ATLAS_r009s103_ses1: prediction or ground truth missing
[skip] ATLAS_r009s105_ses1: prediction or ground truth missing
[skip] ATLAS_r009s106_ses1: prediction or ground truth missing
[skip] ATLAS_r009s107_ses1: prediction or ground truth missing
[skip] ATLAS_r009s108_ses1: prediction or ground truth missing
[skip] ATLAS_r009s109_ses1: prediction or ground truth missing
[skip] ATLAS_r009s110_ses1: prediction or ground truth missing
[skip] ATLAS_r009s111_ses1: prediction or ground truth missing
[skip] ATLAS_r009s113_ses1: prediction or ground truth missing
[skip] ATLAS_r009s114_ses1: prediction or ground truth missing
[skip] ATLAS_r009s115_ses1: prediction or ground truth missing
[skip] ATLAS_r009s119_ses1: prediction or ground truth missing
[skip] ATLAS_r009s120_ses1: prediction or ground truth missing
[skip] ATLAS_r009s121_ses1: prediction or ground truth missing
[skip] ATLAS_r009s122_ses1: prediction or ground truth missing
[skip] ATLAS_r009s123_ses1: prediction or ground truth missing
[skip] ATLAS_r009s124_ses1: prediction or ground truth missing
[skip] ATLAS_r009s126_ses1: prediction or ground truth missing
[skip] ATLAS_r010s001_ses1: prediction or ground truth missing
[skip] ATLAS_r010s002_ses1: prediction or ground truth missing
[skip] ATLAS_r010s003_ses1: prediction or ground truth missing
[skip] ATLAS_r010s004_ses1: prediction or ground truth missing
[skip] ATLAS_r010s005_ses1: prediction or ground truth missing
[skip] ATLAS_r010s007_ses1: prediction or ground truth missing
[skip] ATLAS_r010s008_ses1: prediction or ground truth missing
[skip] ATLAS_r010s010_ses1: prediction or ground truth missing
[skip] ATLAS_r010s011_ses1: prediction or ground truth missing
[skip] ATLAS_r010s012_ses1: prediction or ground truth missing
[skip] ATLAS_r010s013_ses1: prediction or ground truth missing
[skip] ATLAS_r010s014_ses1: prediction or ground truth missing
[skip] ATLAS_r010s016_ses1: prediction or ground truth missing
[skip] ATLAS_r010s018_ses1: prediction or ground truth missing
[skip] ATLAS_r010s019_ses1: prediction or ground truth missing
[skip] ATLAS_r010s021_ses1: prediction or ground truth missing
[skip] ATLAS_r010s022_ses1: prediction or ground truth missing
[skip] ATLAS_r010s023_ses1: prediction or ground truth missing
[skip] ATLAS_r010s024_ses1: prediction or ground truth missing
[skip] ATLAS_r010s026_ses1: prediction or ground truth missing
[skip] ATLAS_r010s027_ses1: prediction or ground truth missing
[skip] ATLAS_r010s028_ses1: prediction or ground truth missing
[skip] ATLAS_r010s029_ses1: prediction or ground truth missing
[skip] ATLAS_r010s032_ses1: prediction or ground truth missing
[skip] ATLAS_r011s002_ses1: prediction or ground truth missing
[skip] ATLAS_r011s003_ses1: prediction or ground truth missing
[skip] ATLAS_r011s008_ses1: prediction or ground truth missing
[skip] ATLAS_r011s010_ses1: prediction or ground truth missing
[skip] ATLAS_r011s011_ses1: prediction or ground truth missing
[skip] ATLAS_r011s012_ses1: prediction or ground truth missing
[skip] ATLAS_r011s013_ses1: prediction or ground truth missing
[skip] ATLAS_r011s015_ses1: prediction or ground truth missing
[skip] ATLAS_r011s016_ses1: prediction or ground truth missing
[skip] ATLAS_r011s017_ses1: prediction or ground truth missing
[skip] ATLAS_r011s018_ses1: prediction or ground truth missing
[skip] ATLAS_r011s019_ses1: prediction or ground truth missing
[skip] ATLAS_r011s020_ses1: prediction or ground truth missing
[skip] ATLAS_r011s022_ses1: prediction or ground truth missing
[skip] ATLAS_r011s023_ses1: prediction or ground truth missing
[skip] ATLAS_r011s024_ses1: prediction or ground truth missing
[skip] ATLAS_r011s025_ses1: prediction or ground truth missing
[skip] ATLAS_r011s028_ses1: prediction or ground truth missing
[skip] ATLAS_r011s029_ses1: prediction or ground truth missing
[skip] ATLAS_r011s030_ses1: prediction or ground truth missing
[skip] ATLAS_r011s031_ses1: prediction or ground truth missing
[skip] ATLAS_r011s032_ses1: prediction or ground truth missing
[skip] ATLAS_r011s033_ses1: prediction or ground truth missing
[skip] ATLAS_r011s034_ses1: prediction or ground truth missing
[skip] ATLAS_r015s001_ses1: prediction or ground truth missing
[skip] ATLAS_r015s002_ses1: prediction or ground truth missing
[skip] ATLAS_r015s004_ses1: prediction or ground truth missing
[skip] ATLAS_r015s005_ses1: prediction or ground truth missing
[skip] ATLAS_r015s007_ses1: prediction or ground truth missing
[skip] ATLAS_r015s008_ses1: prediction or ground truth missing
[skip] ATLAS_r015s009_ses1: prediction or ground truth missing
[skip] ATLAS_r015s010_ses1: prediction or ground truth missing
[skip] ATLAS_r015s011_ses1: prediction or ground truth missing
[skip] ATLAS_r015s012_ses1: prediction or ground truth missing
[skip] ATLAS_r015s013_ses1: prediction or ground truth missing
[skip] ATLAS_r015s014_ses1: prediction or ground truth missing
[skip] ATLAS_r015s016_ses1: prediction or ground truth missing
[skip] ATLAS_r015s017_ses1: prediction or ground truth missing
[skip] ATLAS_r015s018_ses1: prediction or ground truth missing
[skip] ATLAS_r015s019_ses1: prediction or ground truth missing
[skip] ATLAS_r015s022_ses1: prediction or ground truth missing
[skip] ATLAS_r015s024_ses1: prediction or ground truth missing
[skip] ATLAS_r015s025_ses1: prediction or ground truth missing
[skip] ATLAS_r015s027_ses1: prediction or ground truth missing
[skip] ATLAS_r017s103_ses1: prediction or ground truth missing
[skip] ATLAS_r017s104_ses1: prediction or ground truth missing
[skip] ATLAS_r017s105_ses1: prediction or ground truth missing
[skip] ATLAS_r017s106_ses1: prediction or ground truth missing
[skip] ATLAS_r017s107_ses1: prediction or ground truth missing
[skip] ATLAS_r017s108_ses1: prediction or ground truth missing
[skip] ATLAS_r017s109_ses1: prediction or ground truth missing
[skip] ATLAS_r017s111_ses1: prediction or ground truth missing
[skip] ATLAS_r017s113_ses1: prediction or ground truth missing
[skip] ATLAS_r017s117_ses1: prediction or ground truth missing
[skip] ATLAS_r017s118_ses1: prediction or ground truth missing
[skip] ATLAS_r017s119_ses1: prediction or ground truth missing
[skip] ATLAS_r017s121_ses1: prediction or ground truth missing
[skip] ATLAS_r018s001_ses1: prediction or ground truth missing
[skip] ATLAS_r018s002_ses1: prediction or ground truth missing
[skip] ATLAS_r018s003_ses1: prediction or ground truth missing
[skip] ATLAS_r018s004_ses1: prediction or ground truth missing
[skip] ATLAS_r018s005_ses1: prediction or ground truth missing
[skip] ATLAS_r018s006_ses1: prediction or ground truth missing
[skip] ATLAS_r018s007_ses1: prediction or ground truth missing
[skip] ATLAS_r018s008_ses1: prediction or ground truth missing
[skip] ATLAS_r018s010_ses1: prediction or ground truth missing
[skip] ATLAS_r018s011_ses1: prediction or ground truth missing
[skip] ATLAS_r018s012_ses1: prediction or ground truth missing
[skip] ATLAS_r019s001_ses1: prediction or ground truth missing
[skip] ATLAS_r019s002_ses1: prediction or ground truth missing
[skip] ATLAS_r019s003_ses1: prediction or ground truth missing
[skip] ATLAS_r019s004_ses1: prediction or ground truth missing
[skip] ATLAS_r019s005_ses1: prediction or ground truth missing
[skip] ATLAS_r019s006_ses1: prediction or ground truth missing
[skip] ATLAS_r019s009_ses1: prediction or ground truth missing
[skip] ATLAS_r019s010_ses1: prediction or ground truth missing
[skip] ATLAS_r019s011_ses1: prediction or ground truth missing
[skip] ATLAS_r019s012_ses1: prediction or ground truth missing
[skip] ATLAS_r019s013_ses1: prediction or ground truth missing
[skip] ATLAS_r019s014_ses1: prediction or ground truth missing
[skip] ATLAS_r020s007_ses1: prediction or ground truth missing
[skip] ATLAS_r023s001_ses1: prediction or ground truth missing
[skip] ATLAS_r023s002_ses1: prediction or ground truth missing
[skip] ATLAS_r023s003_ses1: prediction or ground truth missing
[skip] ATLAS_r023s005_ses1: prediction or ground truth missing
[skip] ATLAS_r023s006_ses1: prediction or ground truth missing
[skip] ATLAS_r023s007_ses1: prediction or ground truth missing
[skip] ATLAS_r023s009_ses1: prediction or ground truth missing
[skip] ATLAS_r023s011_ses1: prediction or ground truth missing
[skip] ATLAS_r023s014_ses1: prediction or ground truth missing
[skip] ATLAS_r023s016_ses1: prediction or ground truth missing
[skip] ATLAS_r023s017_ses1: prediction or ground truth missing
[skip] ATLAS_r024s001_ses1: prediction or ground truth missing
[skip] ATLAS_r024s003_ses1: prediction or ground truth missing
[skip] ATLAS_r024s004_ses1: prediction or ground truth missing
[skip] ATLAS_r024s005_ses1: prediction or ground truth missing
[skip] ATLAS_r024s006_ses1: prediction or ground truth missing
[skip] ATLAS_r024s007_ses1: prediction or ground truth missing
[skip] ATLAS_r024s008_ses1: prediction or ground truth missing
[skip] ATLAS_r024s010_ses1: prediction or ground truth missing
[skip] ATLAS_r024s011_ses1: prediction or ground truth missing
[skip] ATLAS_r024s012_ses1: prediction or ground truth missing
[skip] ATLAS_r024s014_ses1: prediction or ground truth missing
[skip] ATLAS_r024s015_ses1: prediction or ground truth missing
[skip] ATLAS_r024s016_ses1: prediction or ground truth missing
[skip] ATLAS_r024s017_ses1: prediction or ground truth missing
[skip] ATLAS_r024s018_ses1: prediction or ground truth missing
[skip] ATLAS_r024s019_ses1: prediction or ground truth missing
[skip] ATLAS_r024s020_ses1: prediction or ground truth missing
[skip] ATLAS_r024s021_ses1: prediction or ground truth missing
[skip] ATLAS_r027s001_ses1: prediction or ground truth missing
[skip] ATLAS_r027s002_ses1: prediction or ground truth missing
[skip] ATLAS_r027s006_ses1: prediction or ground truth missing
[skip] ATLAS_r027s009_ses1: prediction or ground truth missing
[skip] ATLAS_r027s012_ses1: prediction or ground truth missing
[skip] ATLAS_r027s013_ses1: prediction or ground truth missing
[skip] ATLAS_r027s014_ses1: prediction or ground truth missing
[skip] ATLAS_r027s015_ses1: prediction or ground truth missing
[skip] ATLAS_r027s017_ses1: prediction or ground truth missing
[skip] ATLAS_r027s019_ses1: prediction or ground truth missing
[skip] ATLAS_r027s023_ses1: prediction or ground truth missing
[skip] ATLAS_r027s026_ses1: prediction or ground truth missing
[skip] ATLAS_r027s028_ses1: prediction or ground truth missing
[skip] ATLAS_r027s029_ses1: prediction or ground truth missing
[skip] ATLAS_r027s030_ses1: prediction or ground truth missing
[skip] ATLAS_r027s031_ses1: prediction or ground truth missing
[skip] ATLAS_r027s032_ses1: prediction or ground truth missing
[skip] ATLAS_r027s033_ses1: prediction or ground truth missing
[skip] ATLAS_r027s035_ses1: prediction or ground truth missing
[skip] ATLAS_r027s037_ses1: prediction or ground truth missing
[skip] ATLAS_r027s041_ses1: prediction or ground truth missing
[skip] ATLAS_r027s042_ses1: prediction or ground truth missing
[skip] ATLAS_r027s046_ses1: prediction or ground truth missing
[skip] ATLAS_r027s047_ses1: prediction or ground truth missing
[skip] ATLAS_r027s048_ses1: prediction or ground truth missing
[skip] ATLAS_r027s050_ses1: prediction or ground truth missing
[skip] ATLAS_r027s051_ses1: prediction or ground truth missing
[skip] ATLAS_r027s052_ses1: prediction or ground truth missing
[skip] ATLAS_r027s053_ses1: prediction or ground truth missing
[skip] ATLAS_r027s054_ses1: prediction or ground truth missing
[skip] ATLAS_r027s057_ses1: prediction or ground truth missing
[skip] ATLAS_r027s058_ses1: prediction or ground truth missing
[skip] ATLAS_r028s001_ses1: prediction or ground truth missing
[skip] ATLAS_r028s003_ses1: prediction or ground truth missing
[skip] ATLAS_r028s004_ses1: prediction or ground truth missing
[skip] ATLAS_r028s005_ses1: prediction or ground truth missing
[skip] ATLAS_r028s006_ses1: prediction or ground truth missing
[skip] ATLAS_r028s008_ses1: prediction or ground truth missing
[skip] ATLAS_r028s009_ses1: prediction or ground truth missing
[skip] ATLAS_r028s011_ses1: prediction or ground truth missing
[skip] ATLAS_r028s012_ses1: prediction or ground truth missing
[skip] ATLAS_r028s013_ses1: prediction or ground truth missing
[skip] ATLAS_r028s014_ses1: prediction or ground truth missing
[skip] ATLAS_r028s016_ses1: prediction or ground truth missing
[skip] ATLAS_r028s017_ses1: prediction or ground truth missing
[skip] ATLAS_r028s018_ses1: prediction or ground truth missing
[skip] ATLAS_r028s019_ses1: prediction or ground truth missing
[skip] ATLAS_r028s021_ses1: prediction or ground truth missing
[skip] ATLAS_r028s022_ses1: prediction or ground truth missing
[skip] ATLAS_r028s024_ses1: prediction or ground truth missing
[skip] ATLAS_r028s025_ses1: prediction or ground truth missing
[skip] ATLAS_r028s026_ses1: prediction or ground truth missing
[skip] ATLAS_r029s001_ses1: prediction or ground truth missing
[skip] ATLAS_r029s002_ses1: prediction or ground truth missing
[skip] ATLAS_r029s003_ses1: prediction or ground truth missing
[skip] ATLAS_r029s004_ses1: prediction or ground truth missing
[skip] ATLAS_r029s005_ses1: prediction or ground truth missing
[skip] ATLAS_r029s006_ses1: prediction or ground truth missing
[skip] ATLAS_r029s007_ses1: prediction or ground truth missing
[skip] ATLAS_r029s008_ses1: prediction or ground truth missing
[skip] ATLAS_r029s009_ses1: prediction or ground truth missing
[skip] ATLAS_r029s010_ses1: prediction or ground truth missing
[skip] ATLAS_r030s004_ses1: prediction or ground truth missing
[skip] ATLAS_r030s005_ses1: prediction or ground truth missing
[skip] ATLAS_r030s007_ses1: prediction or ground truth missing
[skip] ATLAS_r030s015_ses1: prediction or ground truth missing
[skip] ATLAS_r030s017_ses1: prediction or ground truth missing
[skip] ATLAS_r030s020_ses1: prediction or ground truth missing
[skip] ATLAS_r030s021_ses1: prediction or ground truth missing
[skip] ATLAS_r030s022_ses1: prediction or ground truth missing
[skip] ATLAS_r031s001_ses1: prediction or ground truth missing
[skip] ATLAS_r031s002_ses1: prediction or ground truth missing
[skip] ATLAS_r031s003_ses1: prediction or ground truth missing
[skip] ATLAS_r031s004_ses1: prediction or ground truth missing
[skip] ATLAS_r031s005_ses1: prediction or ground truth missing
[skip] ATLAS_r031s006_ses1: prediction or ground truth missing
[skip] ATLAS_r031s007_ses1: prediction or ground truth missing
[skip] ATLAS_r031s008_ses1: prediction or ground truth missing
[skip] ATLAS_r031s009_ses1: prediction or ground truth missing
[skip] ATLAS_r031s010_ses1: prediction or ground truth missing
[skip] ATLAS_r031s012_ses1: prediction or ground truth missing
[skip] ATLAS_r031s013_ses1: prediction or ground truth missing
[skip] ATLAS_r031s014_ses1: prediction or ground truth missing
[skip] ATLAS_r031s015_ses1: prediction or ground truth missing
[skip] ATLAS_r031s016_ses1: prediction or ground truth missing
[skip] ATLAS_r031s017_ses1: prediction or ground truth missing
[skip] ATLAS_r031s018_ses1: prediction or ground truth missing
[skip] ATLAS_r031s019_ses1: prediction or ground truth missing
[skip] ATLAS_r031s022_ses1: prediction or ground truth missing
[skip] ATLAS_r031s024_ses1: prediction or ground truth missing
[skip] ATLAS_r031s025_ses1: prediction or ground truth missing
[skip] ATLAS_r031s026_ses1: prediction or ground truth missing
[skip] ATLAS_r031s027_ses1: prediction or ground truth missing
[skip] ATLAS_r031s028_ses1: prediction or ground truth missing
[skip] ATLAS_r031s029_ses1: prediction or ground truth missing
[skip] ATLAS_r031s030_ses1: prediction or ground truth missing
[skip] ATLAS_r031s031_ses1: prediction or ground truth missing
[skip] ATLAS_r031s032_ses1: prediction or ground truth missing
[skip] ATLAS_r031s033_ses1: prediction or ground truth missing
[skip] ATLAS_r031s034_ses1: prediction or ground truth missing
[skip] ATLAS_r031s036_ses1: prediction or ground truth missing
[skip] ATLAS_r031s037_ses1: prediction or ground truth missing
[skip] ATLAS_r032s005_ses1: prediction or ground truth missing
[skip] ATLAS_r032s007_ses1: prediction or ground truth missing
[skip] ATLAS_r032s008_ses1: prediction or ground truth missing
[skip] ATLAS_r032s010_ses1: prediction or ground truth missing
[error] ATLAS_r032s013_ses1: Prediction and ground truth geometry (origin/direction) do not match
[skip] ATLAS_r032s018_ses1: prediction or ground truth missing
[skip] ATLAS_r032s019_ses1: prediction or ground truth missing
[skip] ATLAS_r032s020_ses1: prediction or ground truth missing
[skip] ATLAS_r032s023_ses1: prediction or ground truth missing
[skip] ATLAS_r032s024_ses1: prediction or ground truth missing
[skip] ATLAS_r032s025_ses1: prediction or ground truth missing
[skip] ATLAS_r032s027_ses1: prediction or ground truth missing
[skip] ATLAS_r032s028_ses1: prediction or ground truth missing
[skip] ATLAS_r032s030_ses1: prediction or ground truth missing
[skip] ATLAS_r032s031_ses1: prediction or ground truth missing
[skip] ATLAS_r032s032_ses1: prediction or ground truth missing
[skip] ATLAS_r032s034_ses1: prediction or ground truth missing
[skip] ATLAS_r032s037_ses1: prediction or ground truth missing
[skip] ATLAS_r032s038_ses1: prediction or ground truth missing
[skip] ATLAS_r032s040_ses1: prediction or ground truth missing
[skip] ATLAS_r032s041_ses1: prediction or ground truth missing
[skip] ATLAS_r032s045_ses1: prediction or ground truth missing
[skip] ATLAS_r032s046_ses1: prediction or ground truth missing
[skip] ATLAS_r032s048_ses1: prediction or ground truth missing
[skip] ATLAS_r032s050_ses1: prediction or ground truth missing
[skip] ATLAS_r032s051_ses1: prediction or ground truth missing
[skip] ATLAS_r032s052_ses1: prediction or ground truth missing
[skip] ATLAS_r032s053_ses1: prediction or ground truth missing
[skip] ATLAS_r032s054_ses1: prediction or ground truth missing
[skip] ATLAS_r032s055_ses1: prediction or ground truth missing
[skip] ATLAS_r032s056_ses1: prediction or ground truth missing
[skip] ATLAS_r032s057_ses1: prediction or ground truth missing
[skip] ATLAS_r032s058_ses1: prediction or ground truth missing
[skip] ATLAS_r034s003_ses1: prediction or ground truth missing
[skip] ATLAS_r034s006_ses1: prediction or ground truth missing
[skip] ATLAS_r034s007_ses1: prediction or ground truth missing
[skip] ATLAS_r034s009_ses1: prediction or ground truth missing
[skip] ATLAS_r034s010_ses1: prediction or ground truth missing
[skip] ATLAS_r034s011_ses1: prediction or ground truth missing
[skip] ATLAS_r034s012_ses1: prediction or ground truth missing
[skip] ATLAS_r034s014_ses1: prediction or ground truth missing
[skip] ATLAS_r034s015_ses1: prediction or ground truth missing
[skip] ATLAS_r034s021_ses1: prediction or ground truth missing
[skip] ATLAS_r034s022_ses1: prediction or ground truth missing
[skip] ATLAS_r034s025_ses1: prediction or ground truth missing
[skip] ATLAS_r034s026_ses1: prediction or ground truth missing
[skip] ATLAS_r034s032_ses1: prediction or ground truth missing
[skip] ATLAS_r034s033_ses1: prediction or ground truth missing
[skip] ATLAS_r034s036_ses1: prediction or ground truth missing
[skip] ATLAS_r034s037_ses1: prediction or ground truth missing
[skip] ATLAS_r034s040_ses1: prediction or ground truth missing
[skip] ATLAS_r034s046_ses1: prediction or ground truth missing
[skip] ATLAS_r034s047_ses1: prediction or ground truth missing
[skip] ATLAS_r034s048_ses1: prediction or ground truth missing
[skip] ATLAS_r035s001_ses1: prediction or ground truth missing
[skip] ATLAS_r035s002_ses1: prediction or ground truth missing
[skip] ATLAS_r035s003_ses1: prediction or ground truth missing
[skip] ATLAS_r035s004_ses1: prediction or ground truth missing
[skip] ATLAS_r035s005_ses1: prediction or ground truth missing
[skip] ATLAS_r035s006_ses1: prediction or ground truth missing
[skip] ATLAS_r035s007_ses1: prediction or ground truth missing
[skip] ATLAS_r035s009_ses1: prediction or ground truth missing
[skip] ATLAS_r035s010_ses1: prediction or ground truth missing
[skip] ATLAS_r035s011_ses1: prediction or ground truth missing
[skip] ATLAS_r035s012_ses1: prediction or ground truth missing
[skip] ATLAS_r035s013_ses1: prediction or ground truth missing
[skip] ATLAS_r035s014_ses1: prediction or ground truth missing
[skip] ATLAS_r035s015_ses1: prediction or ground truth missing
[skip] ATLAS_r038s001_ses1: prediction or ground truth missing
[skip] ATLAS_r038s003_ses1: prediction or ground truth missing
[skip] ATLAS_r038s005_ses1: prediction or ground truth missing
[skip] ATLAS_r038s006_ses1: prediction or ground truth missing
[skip] ATLAS_r038s007_ses1: prediction or ground truth missing
[skip] ATLAS_r038s008_ses1: prediction or ground truth missing
[skip] ATLAS_r038s010_ses1: prediction or ground truth missing
[skip] ATLAS_r038s011_ses1: prediction or ground truth missing
[skip] ATLAS_r038s012_ses1: prediction or ground truth missing
[skip] ATLAS_r038s014_ses1: prediction or ground truth missing
[skip] ATLAS_r038s015_ses1: prediction or ground truth missing
[skip] ATLAS_r038s016_ses1: prediction or ground truth missing
[skip] ATLAS_r038s019_ses1: prediction or ground truth missing
[skip] ATLAS_r038s020_ses1: prediction or ground truth missing
[skip] ATLAS_r038s021_ses1: prediction or ground truth missing
[skip] ATLAS_r038s022_ses1: prediction or ground truth missing
[skip] ATLAS_r038s023_ses1: prediction or ground truth missing
[skip] ATLAS_r038s024_ses1: prediction or ground truth missing
[skip] ATLAS_r038s025_ses1: prediction or ground truth missing
[skip] ATLAS_r038s026_ses1: prediction or ground truth missing
[skip] ATLAS_r038s028_ses1: prediction or ground truth missing
[skip] ATLAS_r038s030_ses1: prediction or ground truth missing
[skip] ATLAS_r038s031_ses1: prediction or ground truth missing
[skip] ATLAS_r038s033_ses1: prediction or ground truth missing
[skip] ATLAS_r038s034_ses1: prediction or ground truth missing
[skip] ATLAS_r038s035_ses1: prediction or ground truth missing
[skip] ATLAS_r038s036_ses1: prediction or ground truth missing
[skip] ATLAS_r038s038_ses1: prediction or ground truth missing
[skip] ATLAS_r038s039_ses1: prediction or ground truth missing
[skip] ATLAS_r038s040_ses1: prediction or ground truth missing
[skip] ATLAS_r038s041_ses1: prediction or ground truth missing
[skip] ATLAS_r038s042_ses1: prediction or ground truth missing
[skip] ATLAS_r038s043_ses1: prediction or ground truth missing
[skip] ATLAS_r038s045_ses1: prediction or ground truth missing
[skip] ATLAS_r038s047_ses1: prediction or ground truth missing
[skip] ATLAS_r038s048_ses1: prediction or ground truth missing
[skip] ATLAS_r038s049_ses1: prediction or ground truth missing
[skip] ATLAS_r038s050_ses1: prediction or ground truth missing
[skip] ATLAS_r038s051_ses1: prediction or ground truth missing
[skip] ATLAS_r038s052_ses1: prediction or ground truth missing
[skip] ATLAS_r038s053_ses1: prediction or ground truth missing
[skip] ATLAS_r038s054_ses1: prediction or ground truth missing
[skip] ATLAS_r038s056_ses1: prediction or ground truth missing
[skip] ATLAS_r038s057_ses1: prediction or ground truth missing
[skip] ATLAS_r038s058_ses1: prediction or ground truth missing
[skip] ATLAS_r038s059_ses1: prediction or ground truth missing
[skip] ATLAS_r038s060_ses1: prediction or ground truth missing
[skip] ATLAS_r038s061_ses1: prediction or ground truth missing
[skip] ATLAS_r038s062_ses1: prediction or ground truth missing
[skip] ATLAS_r038s063_ses1: prediction or ground truth missing
[skip] ATLAS_r038s064_ses1: prediction or ground truth missing
[skip] ATLAS_r038s065_ses1: prediction or ground truth missing
[skip] ATLAS_r038s066_ses1: prediction or ground truth missing
[skip] ATLAS_r038s067_ses1: prediction or ground truth missing
[skip] ATLAS_r038s068_ses1: prediction or ground truth missing
[skip] ATLAS_r038s069_ses1: prediction or ground truth missing
[skip] ATLAS_r038s070_ses1: prediction or ground truth missing
[skip] ATLAS_r038s071_ses1: prediction or ground truth missing
[skip] ATLAS_r038s072_ses1: prediction or ground truth missing
[skip] ATLAS_r038s073_ses1: prediction or ground truth missing
[skip] ATLAS_r038s074_ses1: prediction or ground truth missing
[skip] ATLAS_r038s075_ses1: prediction or ground truth missing
[skip] ATLAS_r038s076_ses1: prediction or ground truth missing
[skip] ATLAS_r038s077_ses1: prediction or ground truth missing
[skip] ATLAS_r038s078_ses1: prediction or ground truth missing
[skip] ATLAS_r038s079_ses1: prediction or ground truth missing
[skip] ATLAS_r038s080_ses1: prediction or ground truth missing
[skip] ATLAS_r038s082_ses1: prediction or ground truth missing
[skip] ATLAS_r038s083_ses1: prediction or ground truth missing
[skip] ATLAS_r038s084_ses1: prediction or ground truth missing
[skip] ATLAS_r038s085_ses1: prediction or ground truth missing
[skip] ATLAS_r038s086_ses1: prediction or ground truth missing
[skip] ATLAS_r038s089_ses1: prediction or ground truth missing
[skip] ATLAS_r038s090_ses1: prediction or ground truth missing
[skip] ATLAS_r038s091_ses1: prediction or ground truth missing
[skip] ATLAS_r038s092_ses1: prediction or ground truth missing
[skip] ATLAS_r038s094_ses1: prediction or ground truth missing
[skip] ATLAS_r038s095_ses1: prediction or ground truth missing
[skip] ATLAS_r038s096_ses1: prediction or ground truth missing
[skip] ATLAS_r038s097_ses1: prediction or ground truth missing
[skip] ATLAS_r038s098_ses1: prediction or ground truth missing
[skip] ATLAS_r039s001_ses1: prediction or ground truth missing
[skip] ATLAS_r039s002_ses1: prediction or ground truth missing
[skip] ATLAS_r039s003_ses1: prediction or ground truth missing
[skip] ATLAS_r040s002_ses1: prediction or ground truth missing
[skip] ATLAS_r040s003_ses1: prediction or ground truth missing
[skip] ATLAS_r040s004_ses1: prediction or ground truth missing
[skip] ATLAS_r040s005_ses1: prediction or ground truth missing
[skip] ATLAS_r040s006_ses1: prediction or ground truth missing
[skip] ATLAS_r040s007_ses1: prediction or ground truth missing
[skip] ATLAS_r040s008_ses1: prediction or ground truth missing
[skip] ATLAS_r040s009_ses1: prediction or ground truth missing
[skip] ATLAS_r040s010_ses1: prediction or ground truth missing
[skip] ATLAS_r040s011_ses1: prediction or ground truth missing
[skip] ATLAS_r040s012_ses1: prediction or ground truth missing
[skip] ATLAS_r040s013_ses1: prediction or ground truth missing
[skip] ATLAS_r040s014_ses1: prediction or ground truth missing
[skip] ATLAS_r040s015_ses1: prediction or ground truth missing
[skip] ATLAS_r040s016_ses1: prediction or ground truth missing
[skip] ATLAS_r040s017_ses1: prediction or ground truth missing
[skip] ATLAS_r040s018_ses1: prediction or ground truth missing
[skip] ATLAS_r040s019_ses1: prediction or ground truth missing
[skip] ATLAS_r040s020_ses1: prediction or ground truth missing
[skip] ATLAS_r040s023_ses1: prediction or ground truth missing
[skip] ATLAS_r040s024_ses1: prediction or ground truth missing
[skip] ATLAS_r040s025_ses1: prediction or ground truth missing
[skip] ATLAS_r040s026_ses1: prediction or ground truth missing
[skip] ATLAS_r040s029_ses1: prediction or ground truth missing
[skip] ATLAS_r040s032_ses1: prediction or ground truth missing
[skip] ATLAS_r040s033_ses1: prediction or ground truth missing
[skip] ATLAS_r040s034_ses1: prediction or ground truth missing
[skip] ATLAS_r040s035_ses1: prediction or ground truth missing
[skip] ATLAS_r040s036_ses1: prediction or ground truth missing
[skip] ATLAS_r040s037_ses1: prediction or ground truth missing
[skip] ATLAS_r040s039_ses1: prediction or ground truth missing
[skip] ATLAS_r040s041_ses1: prediction or ground truth missing
[skip] ATLAS_r040s042_ses1: prediction or ground truth missing
[skip] ATLAS_r040s043_ses1: prediction or ground truth missing
[skip] ATLAS_r040s044_ses1: prediction or ground truth missing
[skip] ATLAS_r040s045_ses1: prediction or ground truth missing
[skip] ATLAS_r040s046_ses1: prediction or ground truth missing
[skip] ATLAS_r040s047_ses1: prediction or ground truth missing
[skip] ATLAS_r040s048_ses1: prediction or ground truth missing
[skip] ATLAS_r040s049_ses1: prediction or ground truth missing
[skip] ATLAS_r040s050_ses1: prediction or ground truth missing
[skip] ATLAS_r040s051_ses1: prediction or ground truth missing
[skip] ATLAS_r040s052_ses1: prediction or ground truth missing
[skip] ATLAS_r040s053_ses1: prediction or ground truth missing
[skip] ATLAS_r040s054_ses1: prediction or ground truth missing
[skip] ATLAS_r040s055_ses1: prediction or ground truth missing
[skip] ATLAS_r040s056_ses1: prediction or ground truth missing
[skip] ATLAS_r040s057_ses1: prediction or ground truth missing
[skip] ATLAS_r040s058_ses1: prediction or ground truth missing
[skip] ATLAS_r040s060_ses1: prediction or ground truth missing
[skip] ATLAS_r040s061_ses1: prediction or ground truth missing
[skip] ATLAS_r040s062_ses1: prediction or ground truth missing
[skip] ATLAS_r040s063_ses1: prediction or ground truth missing
[skip] ATLAS_r040s064_ses1: prediction or ground truth missing
[skip] ATLAS_r040s065_ses1: prediction or ground truth missing
[skip] ATLAS_r040s067_ses1: prediction or ground truth missing
[skip] ATLAS_r040s068_ses1: prediction or ground truth missing
[skip] ATLAS_r040s070_ses1: prediction or ground truth missing
[skip] ATLAS_r040s071_ses1: prediction or ground truth missing
[skip] ATLAS_r040s072_ses1: prediction or ground truth missing
[skip] ATLAS_r040s073_ses1: prediction or ground truth missing
[skip] ATLAS_r040s074_ses1: prediction or ground truth missing
[skip] ATLAS_r040s075_ses1: prediction or ground truth missing
[skip] ATLAS_r040s076_ses1: prediction or ground truth missing
[skip] ATLAS_r040s077_ses1: prediction or ground truth missing
[skip] ATLAS_r040s078_ses1: prediction or ground truth missing
[skip] ATLAS_r040s079_ses1: prediction or ground truth missing
[skip] ATLAS_r040s081_ses1: prediction or ground truth missing
[skip] ATLAS_r040s082_ses1: prediction or ground truth missing
[skip] ATLAS_r040s083_ses1: prediction or ground truth missing
[skip] ATLAS_r040s084_ses1: prediction or ground truth missing
[skip] ATLAS_r040s085_ses1: prediction or ground truth missing
[skip] ATLAS_r040s086_ses1: prediction or ground truth missing
[skip] ATLAS_r040s087_ses1: prediction or ground truth missing
[skip] ATLAS_r040s088_ses1: prediction or ground truth missing
[skip] ATLAS_r042s001_ses1: prediction or ground truth missing
[skip] ATLAS_r042s002_ses1: prediction or ground truth missing
[skip] ATLAS_r042s003_ses1: prediction or ground truth missing
[skip] ATLAS_r042s004_ses1: prediction or ground truth missing
[skip] ATLAS_r042s005_ses1: prediction or ground truth missing
[skip] ATLAS_r042s006_ses1: prediction or ground truth missing
[skip] ATLAS_r042s007_ses1: prediction or ground truth missing
[skip] ATLAS_r042s008_ses1: prediction or ground truth missing
[skip] ATLAS_r042s009_ses1: prediction or ground truth missing
[skip] ATLAS_r042s010_ses1: prediction or ground truth missing
[skip] ATLAS_r042s011_ses1: prediction or ground truth missing
[skip] ATLAS_r042s012_ses1: prediction or ground truth missing
[skip] ATLAS_r042s013_ses1: prediction or ground truth missing
[skip] ATLAS_r042s014_ses1: prediction or ground truth missing
[skip] ATLAS_r042s015_ses1: prediction or ground truth missing
[skip] ATLAS_r042s016_ses1: prediction or ground truth missing
[skip] ATLAS_r042s017_ses1: prediction or ground truth missing
[skip] ATLAS_r042s018_ses1: prediction or ground truth missing
[skip] ATLAS_r042s019_ses1: prediction or ground truth missing
[skip] ATLAS_r042s020_ses1: prediction or ground truth missing
[skip] ATLAS_r042s021_ses1: prediction or ground truth missing
[skip] ATLAS_r042s022_ses1: prediction or ground truth missing
[skip] ATLAS_r042s023_ses1: prediction or ground truth missing
[skip] ATLAS_r042s024_ses1: prediction or ground truth missing
[skip] ATLAS_r042s025_ses1: prediction or ground truth missing
[skip] ATLAS_r042s027_ses1: prediction or ground truth missing
[skip] ATLAS_r042s028_ses1: prediction or ground truth missing
[skip] ATLAS_r042s029_ses1: prediction or ground truth missing
[skip] ATLAS_r042s030_ses1: prediction or ground truth missing
[skip] ATLAS_r042s031_ses1: prediction or ground truth missing
[skip] ATLAS_r042s032_ses1: prediction or ground truth missing
[skip] ATLAS_r042s033_ses1: prediction or ground truth missing
[skip] ATLAS_r042s034_ses1: prediction or ground truth missing
[skip] ATLAS_r042s035_ses1: prediction or ground truth missing
[skip] ATLAS_r042s036_ses1: prediction or ground truth missing
[skip] ATLAS_r044s001_ses1: prediction or ground truth missing
[skip] ATLAS_r044s002_ses1: prediction or ground truth missing
[skip] ATLAS_r044s003_ses1: prediction or ground truth missing
[skip] ATLAS_r044s004_ses1: prediction or ground truth missing
[skip] ATLAS_r045s001_ses1: prediction or ground truth missing
[skip] ATLAS_r045s002_ses1: prediction or ground truth missing
[skip] ATLAS_r045s003_ses1: prediction or ground truth missing
[skip] ATLAS_r046s001_ses1: prediction or ground truth missing
[skip] ATLAS_r046s003_ses1: prediction or ground truth missing
[skip] ATLAS_r046s004_ses1: prediction or ground truth missing
[skip] ATLAS_r046s005_ses1: prediction or ground truth missing
[skip] ATLAS_r046s006_ses1: prediction or ground truth missing
[skip] ATLAS_r046s007_ses1: prediction or ground truth missing
[skip] ATLAS_r046s009_ses1: prediction or ground truth missing
[skip] ATLAS_r046s010_ses1: prediction or ground truth missing
[skip] ATLAS_r046s011_ses1: prediction or ground truth missing
[skip] ATLAS_r046s012_ses1: prediction or ground truth missing
[skip] ATLAS_r046s013_ses1: prediction or ground truth missing
[skip] ATLAS_r047s001_ses1: prediction or ground truth missing
[skip] ATLAS_r047s002_ses1: prediction or ground truth missing
[skip] ATLAS_r047s004_ses1: prediction or ground truth missing
[skip] ATLAS_r047s005_ses1: prediction or ground truth missing
[skip] ATLAS_r047s006_ses1: prediction or ground truth missing
[skip] ATLAS_r047s007_ses1: prediction or ground truth missing
[skip] ATLAS_r047s008_ses1: prediction or ground truth missing
[skip] ATLAS_r047s010_ses1: prediction or ground truth missing
[skip] ATLAS_r047s012_ses1: prediction or ground truth missing
[skip] ATLAS_r047s013_ses1: prediction or ground truth missing
[skip] ATLAS_r047s014_ses1: prediction or ground truth missing
[skip] ATLAS_r047s016_ses1: prediction or ground truth missing
[skip] ATLAS_r047s017_ses1: prediction or ground truth missing
[skip] ATLAS_r047s018_ses1: prediction or ground truth missing
[skip] ATLAS_r047s020_ses1: prediction or ground truth missing
[skip] ATLAS_r047s021_ses1: prediction or ground truth missing
[skip] ATLAS_r047s022_ses1: prediction or ground truth missing
[skip] ATLAS_r047s023_ses1: prediction or ground truth missing
[skip] ATLAS_r047s025_ses1: prediction or ground truth missing
[skip] ATLAS_r047s026_ses1: prediction or ground truth missing
[skip] ATLAS_r047s027_ses1: prediction or ground truth missing
[skip] ATLAS_r047s028_ses1: prediction or ground truth missing
[skip] ATLAS_r047s029_ses1: prediction or ground truth missing
[skip] ATLAS_r047s030_ses1: prediction or ground truth missing
[skip] ATLAS_r047s031_ses1: prediction or ground truth missing
[skip] ATLAS_r047s032_ses1: prediction or ground truth missing
[skip] ATLAS_r047s033_ses1: prediction or ground truth missing
[skip] ATLAS_r047s034_ses1: prediction or ground truth missing
[skip] ATLAS_r047s035_ses1: prediction or ground truth missing
[skip] ATLAS_r047s036_ses1: prediction or ground truth missing
[skip] ATLAS_r047s037_ses1: prediction or ground truth missing
[skip] ATLAS_r047s038_ses1: prediction or ground truth missing
[skip] ATLAS_r047s039_ses1: prediction or ground truth missing
[skip] ATLAS_r047s040_ses1: prediction or ground truth missing
[skip] ATLAS_r047s041_ses1: prediction or ground truth missing
[skip] ATLAS_r047s042_ses1: prediction or ground truth missing
[skip] ATLAS_r047s044_ses1: prediction or ground truth missing
[skip] ATLAS_r047s045_ses1: prediction or ground truth missing
[skip] ATLAS_r047s046_ses1: prediction or ground truth missing
[skip] ATLAS_r047s047_ses1: prediction or ground truth missing
[skip] ATLAS_r047s049_ses1: prediction or ground truth missing
[skip] ATLAS_r047s050_ses1: prediction or ground truth missing
[skip] ATLAS_r048s001_ses1: prediction or ground truth missing
[skip] ATLAS_r048s002_ses1: prediction or ground truth missing
[skip] ATLAS_r048s004_ses1: prediction or ground truth missing
[skip] ATLAS_r048s005_ses1: prediction or ground truth missing
[skip] ATLAS_r048s008_ses1: prediction or ground truth missing
[skip] ATLAS_r048s010_ses1: prediction or ground truth missing
[skip] ATLAS_r048s011_ses1: prediction or ground truth missing
[skip] ATLAS_r048s012_ses1: prediction or ground truth missing
[skip] ATLAS_r048s013_ses1: prediction or ground truth missing
[skip] ATLAS_r048s014_ses1: prediction or ground truth missing
[skip] ATLAS_r048s015_ses1: prediction or ground truth missing
[skip] ATLAS_r048s016_ses1: prediction or ground truth missing
[skip] ATLAS_r048s018_ses1: prediction or ground truth missing
[skip] ATLAS_r048s019_ses1: prediction or ground truth missing
[skip] ATLAS_r048s021_ses1: prediction or ground truth missing
[skip] ATLAS_r048s022_ses1: prediction or ground truth missing
[skip] ATLAS_r048s023_ses1: prediction or ground truth missing
[skip] ATLAS_r048s025_ses1: prediction or ground truth missing
[skip] ATLAS_r048s026_ses1: prediction or ground truth missing
[skip] ATLAS_r048s027_ses1: prediction or ground truth missing
[skip] ATLAS_r048s028_ses1: prediction or ground truth missing
[skip] ATLAS_r048s029_ses1: prediction or ground truth missing
[skip] ATLAS_r048s031_ses1: prediction or ground truth missing
[skip] ATLAS_r048s032_ses1: prediction or ground truth missing
[skip] ATLAS_r048s033_ses1: prediction or ground truth missing
[skip] ATLAS_r048s034_ses1: prediction or ground truth missing
[skip] ATLAS_r048s035_ses1: prediction or ground truth missing
[skip] ATLAS_r048s036_ses1: prediction or ground truth missing
[skip] ATLAS_r048s037_ses1: prediction or ground truth missing
[skip] ATLAS_r048s038_ses1: prediction or ground truth missing
[skip] ATLAS_r048s040_ses1: prediction or ground truth missing
[skip] ATLAS_r048s041_ses1: prediction or ground truth missing
[skip] ATLAS_r048s042_ses1: prediction or ground truth missing
[skip] ATLAS_r048s044_ses1: prediction or ground truth missing
[skip] ATLAS_r049s003_ses1: prediction or ground truth missing
[skip] ATLAS_r049s004_ses1: prediction or ground truth missing
[skip] ATLAS_r049s005_ses1: prediction or ground truth missing
[skip] ATLAS_r049s006_ses1: prediction or ground truth missing
[skip] ATLAS_r049s007_ses1: prediction or ground truth missing
[skip] ATLAS_r049s008_ses1: prediction or ground truth missing
[skip] ATLAS_r049s009_ses1: prediction or ground truth missing
[skip] ATLAS_r049s010_ses1: prediction or ground truth missing
[skip] ATLAS_r049s012_ses1: prediction or ground truth missing
[skip] ATLAS_r049s014_ses1: prediction or ground truth missing
[skip] ATLAS_r049s016_ses1: prediction or ground truth missing
[skip] ATLAS_r049s018_ses1: prediction or ground truth missing
[skip] ATLAS_r049s021_ses1: prediction or ground truth missing
[skip] ATLAS_r049s023_ses1: prediction or ground truth missing
[skip] ATLAS_r049s024_ses1: prediction or ground truth missing
[skip] ATLAS_r049s025_ses1: prediction or ground truth missing
[skip] ATLAS_r049s026_ses1: prediction or ground truth missing
[skip] ATLAS_r049s028_ses1: prediction or ground truth missing
[skip] ATLAS_r049s029_ses1: prediction or ground truth missing
[skip] ATLAS_r049s033_ses1: prediction or ground truth missing
[skip] ATLAS_r049s034_ses1: prediction or ground truth missing
[skip] ATLAS_r050s001_ses1: prediction or ground truth missing
[skip] ATLAS_r050s002_ses1: prediction or ground truth missing
[skip] ATLAS_r050s003_ses1: prediction or ground truth missing
[skip] ATLAS_r050s005_ses1: prediction or ground truth missing
[skip] ATLAS_r050s006_ses1: prediction or ground truth missing
[skip] ATLAS_r050s007_ses1: prediction or ground truth missing
[skip] ATLAS_r050s008_ses1: prediction or ground truth missing
[skip] ATLAS_r050s009_ses1: prediction or ground truth missing
[skip] ATLAS_r050s010_ses1: prediction or ground truth missing
[skip] ATLAS_r050s013_ses1: prediction or ground truth missing
[skip] ATLAS_r050s014_ses1: prediction or ground truth missing
[skip] ATLAS_r050s016_ses1: prediction or ground truth missing
[skip] ATLAS_r052s001_ses1: prediction or ground truth missing
[skip] ATLAS_r052s002_ses1: prediction or ground truth missing
[skip] ATLAS_r052s003_ses1: prediction or ground truth missing
[skip] ATLAS_r052s004_ses1: prediction or ground truth missing
[skip] ATLAS_r052s006_ses1: prediction or ground truth missing
[skip] ATLAS_r052s007_ses1: prediction or ground truth missing
[skip] ATLAS_r052s009_ses1: prediction or ground truth missing
[skip] ATLAS_r052s010_ses1: prediction or ground truth missing
[skip] ATLAS_r052s011_ses1: prediction or ground truth missing
[skip] ATLAS_r052s013_ses1: prediction or ground truth missing
[skip] ATLAS_r052s014_ses1: prediction or ground truth missing
[skip] ATLAS_r052s016_ses1: prediction or ground truth missing
[skip] ATLAS_r052s018_ses1: prediction or ground truth missing
[skip] ATLAS_r052s021_ses1: prediction or ground truth missing
[skip] ATLAS_r052s022_ses1: prediction or ground truth missing
[skip] ATLAS_r052s023_ses1: prediction or ground truth missing
[skip] ATLAS_r052s024_ses1: prediction or ground truth missing
[skip] ATLAS_r052s025_ses1: prediction or ground truth missing
[skip] ATLAS_r052s026_ses1: prediction or ground truth missing
[skip] ATLAS_r052s027_ses1: prediction or ground truth missing
[skip] ATLAS_r052s029_ses1: prediction or ground truth missing
[skip] ATLAS_r052s030_ses1: prediction or ground truth missing
[skip] ATLAS_r052s034_ses1: prediction or ground truth missing
[skip] ATLAS_r053s021_ses1: prediction or ground truth missing
[skip] ATLAS_r053s039_ses1: prediction or ground truth missing
[skip] ATLAS_r053s042_ses1: prediction or ground truth missing
[skip] ATLAS_r056s001_ses1: prediction or ground truth missing
[skip] ATLAS_r056s003_ses1: prediction or ground truth missing
[skip] ATLAS_r056s004_ses1: prediction or ground truth missing
[skip] ATLAS_r056s005_ses1: prediction or ground truth missing
[skip] ATLAS_r056s006_ses1: prediction or ground truth missing
[skip] ATLAS_r056s007_ses1: prediction or ground truth missing
[skip] ATLAS_r056s008_ses1: prediction or ground truth missing
[skip] ATLAS_r056s012_ses1: prediction or ground truth missing
[skip] ATLAS_r056s014_ses1: prediction or ground truth missing
[skip] ATLAS_r056s015_ses1: prediction or ground truth missing
[skip] ATLAS_r056s016_ses1: prediction or ground truth missing
[skip] ATLAS_r056s017_ses1: prediction or ground truth missing
[skip] ATLAS_r057s021_ses1: prediction or ground truth missing
[skip] ATLAS_r057s028_ses1: prediction or ground truth missing
[skip] ATLAS_r057s039_ses1: prediction or ground truth missing
[skip] ATLAS_r057s040_ses1: prediction or ground truth missing
[skip] ATLAS_r057s041_ses1: prediction or ground truth missing
[skip] ATLAS_r057s042_ses1: prediction or ground truth missing
[skip] ATLAS_r057s043_ses1: prediction or ground truth missing
[skip] ATLAS_r057s044_ses1: prediction or ground truth missing
[skip] ATLAS_r057s045_ses1: prediction or ground truth missing
[skip] ATLAS_r057s046_ses1: prediction or ground truth missing
[skip] ATLAS_r057s048_ses1: prediction or ground truth missing
[skip] ATLAS_r057s049_ses1: prediction or ground truth missing
[skip] ATLAS_r057s050_ses1: prediction or ground truth missing
[skip] ATLAS_r058s032_ses1: prediction or ground truth missing
[skip] ATLAS_r058s033_ses1: prediction or ground truth missing
[skip] ATLAS_r058s034_ses1: prediction or ground truth missing
[skip] ATLAS_r058s036_ses1: prediction or ground truth missing
[skip] ATLAS_r058s037_ses1: prediction or ground truth missing
[skip] ATLAS_r058s038_ses1: prediction or ground truth missing
[skip] ATLAS_r058s039_ses1: prediction or ground truth missing
[skip] ATLAS_r058s040_ses1: prediction or ground truth missing
[skip] ATLAS_r058s041_ses1: prediction or ground truth missing
[skip] ATLAS_r058s042_ses1: prediction or ground truth missing
[skip] ATLAS_r058s043_ses1: prediction or ground truth missing
[skip] ATLAS_r058s044_ses1: prediction or ground truth missing
[skip] ATLAS_r058s046_ses1: prediction or ground truth missing
[skip] ATLAS_r058s047_ses1: prediction or ground truth missing
[skip] ATLAS_r058s048_ses1: prediction or ground truth missing
[skip] ATLAS_r058s049_ses1: prediction or ground truth missing
[skip] ATLAS_r058s050_ses1: prediction or ground truth missing
[skip] ATLAS_r058s051_ses1: prediction or ground truth missing
[skip] ATLAS_r058s052_ses1: prediction or ground truth missing
[skip] ATLAS_r058s053_ses1: prediction or ground truth missing
[skip] ATLAS_r058s054_ses1: prediction or ground truth missing
[skip] ATLAS_r058s055_ses1: prediction or ground truth missing
[skip] ATLAS_r058s056_ses1: prediction or ground truth missing
[skip] ATLAS_r058s057_ses1: prediction or ground truth missing
[skip] ATLAS_r058s058_ses1: prediction or ground truth missing
[skip] ATLAS_r058s059_ses1: prediction or ground truth missing
[skip] ATLAS_r058s060_ses1: prediction or ground truth missing
[skip] ATLAS_r058s061_ses1: prediction or ground truth missing
[skip] ATLAS_r058s062_ses1: prediction or ground truth missing
[skip] ATLAS_r058s063_ses1: prediction or ground truth missing
[skip] ATLAS_r058s064_ses1: prediction or ground truth missing
[skip] ATLAS_r058s065_ses1: prediction or ground truth missing
[skip] ATLAS_r058s066_ses1: prediction or ground truth missing
[skip] ATLAS_r059s001_ses1: prediction or ground truth missing
[skip] ATLAS_r059s002_ses1: prediction or ground truth missing
[skip] ATLAS_r059s003_ses1: prediction or ground truth missing
[skip] ATLAS_r059s004_ses1: prediction or ground truth missing
[skip] ATLAS_r059s005_ses1: prediction or ground truth missing
[skip] ATLAS_r059s006_ses1: prediction or ground truth missing
[skip] ATLAS_r059s007_ses1: prediction or ground truth missing
[skip] ATLAS_r059s008_ses1: prediction or ground truth missing
[skip] ATLAS_r059s009_ses1: prediction or ground truth missing
[skip] ATLAS_r059s010_ses1: prediction or ground truth missing
[skip] ATLAS_r059s012_ses1: prediction or ground truth missing
[skip] ATLAS_r059s014_ses1: prediction or ground truth missing
[skip] ATLAS_r059s015_ses1: prediction or ground truth missing
[skip] ATLAS_r059s017_ses1: prediction or ground truth missing
[skip] ATLAS_r059s018_ses1: prediction or ground truth missing
[skip] ATLAS_r059s019_ses1: prediction or ground truth missing
[skip] ATLAS_r059s020_ses1: prediction or ground truth missing
[skip] ATLAS_r059s021_ses1: prediction or ground truth missing
[skip] ATLAS_r059s022_ses1: prediction or ground truth missing
[skip] ATLAS_r059s023_ses1: prediction or ground truth missing
[skip] ATLAS_r059s024_ses1: prediction or ground truth missing
[skip] ATLAS_r059s025_ses1: prediction or ground truth missing
[skip] ATLAS_r059s026_ses1: prediction or ground truth missing
[skip] ATLAS_r059s029_ses1: prediction or ground truth missing
[skip] ATLAS_r059s030_ses1: prediction or ground truth missing
[skip] ATLAS_r059s031_ses1: prediction or ground truth missing
[skip] ATLAS_r059s032_ses1: prediction or ground truth missing
[skip] ATLAS_r059s033_ses1: prediction or ground truth missing
[skip] ATLAS_r059s035_ses1: prediction or ground truth missing
[skip] ATLAS_r059s038_ses1: prediction or ground truth missing
[skip] ATLAS_r059s039_ses1: prediction or ground truth missing
[skip] ATLAS_r059s040_ses1: prediction or ground truth missing
[skip] ATLAS_r059s041_ses1: prediction or ground truth missing
[skip] ATLAS_r061s002_ses1: prediction or ground truth missing
[skip] ATLAS_r061s003_ses1: prediction or ground truth missing
[skip] ATLAS_r061s004_ses1: prediction or ground truth missing
[skip] ATLAS_r061s005_ses1: prediction or ground truth missing
[skip] ATLAS_r061s006_ses1: prediction or ground truth missing
[skip] ATLAS_r061s009_ses1: prediction or ground truth missing
[skip] ATLAS_r061s010_ses1: prediction or ground truth missing
[skip] ATLAS_r061s011_ses1: prediction or ground truth missing
[skip] ATLAS_r061s013_ses1: prediction or ground truth missing
[skip] ATLAS_r061s014_ses1: prediction or ground truth missing
[skip] ATLAS_r061s015_ses1: prediction or ground truth missing
[skip] ATLAS_r062s006_ses1: prediction or ground truth missing
[skip] ATLAS_r062s009_ses1: prediction or ground truth missing
[skip] ATLAS_r062s010_ses1: prediction or ground truth missing
[skip] ATLAS_r062s011_ses1: prediction or ground truth missing
[skip] ATLAS_r062s012_ses1: prediction or ground truth missing
[skip] ATLAS_r062s013_ses1: prediction or ground truth missing
[skip] ATLAS_r062s014_ses1: prediction or ground truth missing
[skip] ATLAS_r063s053_ses1: prediction or ground truth missing
[skip] ATLAS_r064s003_ses1: prediction or ground truth missing
[skip] ATLAS_r064s006_ses1: prediction or ground truth missing
[skip] ATLAS_r064s007_ses1: prediction or ground truth missing
[skip] ATLAS_r064s008_ses1: prediction or ground truth missing
[skip] ATLAS_r064s009_ses1: prediction or ground truth missing
[skip] ATLAS_r064s012_ses1: prediction or ground truth missing
[skip] ATLAS_r065s002_ses1: prediction or ground truth missing
[skip] ATLAS_r065s003_ses1: prediction or ground truth missing
[skip] ATLAS_r065s005_ses1: prediction or ground truth missing
[skip] ATLAS_r065s006_ses1: prediction or ground truth missing
[skip] ATLAS_r065s008_ses1: prediction or ground truth missing
[skip] ATLAS_r065s009_ses1: prediction or ground truth missing
[skip] ATLAS_r065s011_ses1: prediction or ground truth missing
[skip] ATLAS_r065s012_ses1: prediction or ground truth missing
[skip] ATLAS_r065s013_ses1: prediction or ground truth missing
[skip] ATLAS_r065s014_ses1: prediction or ground truth missing
[skip] ATLAS_r065s016_ses1: prediction or ground truth missing
[skip] ATLAS_r065s017_ses1: prediction or ground truth missing
[skip] ATLAS_r065s018_ses1: prediction or ground truth missing
[skip] ATLAS_r065s019_ses1: prediction or ground truth missing
[skip] ATLAS_r065s020_ses1: prediction or ground truth missing
[skip] ATLAS_r065s023_ses1: prediction or ground truth missing
[skip] ATLAS_r067s017_ses1: prediction or ground truth missing
[skip] ATLAS_r067s019_ses1: prediction or ground truth missing
[skip] ATLAS_r067s020_ses1: prediction or ground truth missing
[skip] ATLAS_r067s021_ses1: prediction or ground truth missing
[skip] ATLAS_r067s023_ses1: prediction or ground truth missing
[skip] ATLAS_r067s024_ses1: prediction or ground truth missing
[skip] ATLAS_r067s025_ses1: prediction or ground truth missing
[skip] ATLAS_r067s027_ses1: prediction or ground truth missing
[skip] ATLAS_r067s028_ses1: prediction or ground truth missing
[skip] ATLAS_r067s029_ses1: prediction or ground truth missing
[skip] ATLAS_r067s030_ses1: prediction or ground truth missing
[skip] ATLAS_r067s031_ses1: prediction or ground truth missing
[skip] ATLAS_r067s032_ses1: prediction or ground truth missing
[skip] ATLAS_r067s033_ses1: prediction or ground truth missing
[skip] ATLAS_r067s034_ses1: prediction or ground truth missing
[skip] ATLAS_r067s035_ses1: prediction or ground truth missing
[skip] ATLAS_r067s036_ses1: prediction or ground truth missing
[skip] ATLAS_r067s037_ses1: prediction or ground truth missing
[skip] ATLAS_r067s038_ses1: prediction or ground truth missing
[skip] ATLAS_r067s040_ses1: prediction or ground truth missing
[skip] ATLAS_r067s042_ses1: prediction or ground truth missing
[skip] ATLAS_r069s002_ses1: prediction or ground truth missing
[skip] ATLAS_r069s003_ses1: prediction or ground truth missing
[skip] ATLAS_r069s004_ses1: prediction or ground truth missing
[skip] ATLAS_r069s005_ses1: prediction or ground truth missing
[skip] ATLAS_r069s006_ses1: prediction or ground truth missing
[skip] ATLAS_r069s007_ses1: prediction or ground truth missing
[skip] ATLAS_r069s008_ses1: prediction or ground truth missing
[skip] ATLAS_r069s009_ses1: prediction or ground truth missing
[skip] ATLAS_r069s010_ses1: prediction or ground truth missing
[skip] ATLAS_r069s011_ses1: prediction or ground truth missing
[skip] ATLAS_r069s012_ses1: prediction or ground truth missing
[skip] ATLAS_r069s013_ses1: prediction or ground truth missing
[skip] ATLAS_r069s014_ses1: prediction or ground truth missing
[skip] ATLAS_r069s015_ses1: prediction or ground truth missing
[skip] ATLAS_r069s016_ses1: prediction or ground truth missing
[skip] ATLAS_r069s017_ses1: prediction or ground truth missing
[skip] ATLAS_r069s019_ses1: prediction or ground truth missing
[skip] ATLAS_r069s020_ses1: prediction or ground truth missing
[skip] ATLAS_r069s021_ses1: prediction or ground truth missing
[skip] ATLAS_r069s022_ses1: prediction or ground truth missing
[skip] ATLAS_r069s023_ses1: prediction or ground truth missing
[skip] ATLAS_r069s024_ses1: prediction or ground truth missing
[skip] ATLAS_r069s025_ses1: prediction or ground truth missing
[skip] ATLAS_r069s027_ses1: prediction or ground truth missing
[skip] ATLAS_r069s030_ses1: prediction or ground truth missing
[skip] ATLAS_r069s031_ses1: prediction or ground truth missing
[skip] ATLAS_r069s032_ses1: prediction or ground truth missing
[skip] ATLAS_r069s033_ses1: prediction or ground truth missing
[skip] ATLAS_r069s036_ses1: prediction or ground truth missing
[skip] ATLAS_r069s037_ses1: prediction or ground truth missing
[skip] ATLAS_r069s039_ses1: prediction or ground truth missing
[skip] ATLAS_r069s041_ses1: prediction or ground truth missing
[skip] ATLAS_r069s043_ses1: prediction or ground truth missing
[skip] ATLAS_r069s044_ses1: prediction or ground truth missing
[skip] ATLAS_r070s003_ses1: prediction or ground truth missing
[skip] ATLAS_r070s004_ses1: prediction or ground truth missing
[skip] ATLAS_r070s005_ses1: prediction or ground truth missing
[skip] ATLAS_r070s006_ses1: prediction or ground truth missing
[skip] ATLAS_r070s007_ses1: prediction or ground truth missing
[skip] ATLAS_r070s008_ses1: prediction or ground truth missing
[skip] ATLAS_r070s009_ses1: prediction or ground truth missing
[skip] ATLAS_r070s010_ses1: prediction or ground truth missing
[skip] ATLAS_r071s001_ses1: prediction or ground truth missing
[skip] ATLAS_r071s007_ses1: prediction or ground truth missing
[skip] ATLAS_r071s010_ses1: prediction or ground truth missing
[skip] ATLAS_r071s011_ses1: prediction or ground truth missing
[skip] ATLAS_r071s014_ses1: prediction or ground truth missing
[skip] ATLAS_r071s016_ses1: prediction or ground truth missing
[skip] ATLAS_r071s017_ses1: prediction or ground truth missing
[skip] ATLAS_r071s018_ses1: prediction or ground truth missing
[skip] ATLAS_r071s020_ses1: prediction or ground truth missing
[skip] ATLAS_r071s021_ses1: prediction or ground truth missing
[skip] ATLAS_r071s022_ses1: prediction or ground truth missing
[skip] ATLAS_r071s023_ses1: prediction or ground truth missing
[skip] ATLAS_r071s024_ses1: prediction or ground truth missing
[skip] ATLAS_r071s025_ses1: prediction or ground truth missing
[skip] ATLAS_r071s027_ses1: prediction or ground truth missing
[skip] ATLAS_r071s028_ses1: prediction or ground truth missing
[skip] ATLAS_r071s029_ses1: prediction or ground truth missing
[skip] ATLAS_r071s030_ses1: prediction or ground truth missing
[skip] ATLAS_r071s031_ses1: prediction or ground truth missing
[skip] ATLAS_r071s032_ses1: prediction or ground truth missing
[skip] ATLAS_r071s033_ses1: prediction or ground truth missing
[skip] ATLAS_r071s034_ses1: prediction or ground truth missing
Wrote 119 rows to /home/galia/ISLES2026/isles26_project_simplified/workspace/evaluation/runs/nnUNetTrainerBaseline_500epochs__nnUNetResEncUNetMPlans__3d_fullres__fold0__fpfd2f5a700c/results_val.csv (skipped=1092, failed=1)
             dice     hd95_mm   lesion_f1       avd_mm3  lesion_count_diff
count  119.000000  117.000000  119.000000    119.000000         119.000000
mean     0.655017   18.950731    0.653914   3585.896454           2.067227
std      0.267025   22.664792    0.271134   5557.963570           3.679377
min      0.000000    1.000000    0.000000      3.000000           0.000000
25%      0.521708    2.862742    0.500000    285.499992           0.000000
50%      0.757047    6.880947    0.666667   1182.000000           1.000000
75%      0.866550   29.596975    0.911111   4870.769848           3.000000
max      0.935329  111.287947    1.000000  31568.000000          36.000000
$ /home/galia/miniconda3/envs/isles2026/bin/python /home/galia/ISLES2026/isles26_project_simplified/evaluation/compute_metrics.py --pred-dir /home/galia/ISLES2026/nnUNet_results/Dataset002_ATLAS/nnUNetTrainerBaseline_500epochs__nnUNetResEncUNetMPlans__3d_fullres/fold_0/validation --gt-dir /home/galia/ISLES2026/nnUNet_raw/Dataset002_ATLAS/labelsTr --case-metadata-csv workspace/splits_full/manifest.csv --experiment-name nnUNetTrainerBaseline_500epochs --out-csv /home/galia/ISLES2026/isles26_project_simplified/workspace/evaluation/runs/nnUNetTrainerBaseline_500epochs__nnUNetResEncUNetMPlans__3d_fullres__fold0__fpfd2f5a700c/results_val.csv --lesion-connectivity 3 --min-lesion-voxels 0
[2026-08-20 04:30:40] --- evaluate (held-out test) ---
[skip] ATLAS_r001s001_ses1: prediction or ground truth missing
[skip] ATLAS_r001s003_ses1: prediction or ground truth missing
[skip] ATLAS_r001s004_ses1: prediction or ground truth missing
[skip] ATLAS_r001s005_ses1: prediction or ground truth missing
[skip] ATLAS_r001s007_ses1: prediction or ground truth missing
[skip] ATLAS_r001s008_ses1: prediction or ground truth missing
[skip] ATLAS_r001s009_ses1: prediction or ground truth missing
[skip] ATLAS_r001s010_ses1: prediction or ground truth missing
[skip] ATLAS_r001s011_ses1: prediction or ground truth missing
[skip] ATLAS_r001s012_ses1: prediction or ground truth missing
[skip] ATLAS_r001s013_ses1: prediction or ground truth missing
[skip] ATLAS_r001s014_ses1: prediction or ground truth missing
[skip] ATLAS_r001s015_ses1: prediction or ground truth missing
[skip] ATLAS_r001s016_ses1: prediction or ground truth missing
[skip] ATLAS_r001s017_ses1: prediction or ground truth missing
[skip] ATLAS_r001s018_ses1: prediction or ground truth missing
[skip] ATLAS_r001s019_ses1: prediction or ground truth missing
[skip] ATLAS_r001s020_ses1: prediction or ground truth missing
[skip] ATLAS_r001s021_ses1: prediction or ground truth missing
[skip] ATLAS_r001s022_ses1: prediction or ground truth missing
[skip] ATLAS_r001s023_ses1: prediction or ground truth missing
[skip] ATLAS_r001s024_ses1: prediction or ground truth missing
[skip] ATLAS_r001s025_ses1: prediction or ground truth missing
[skip] ATLAS_r001s026_ses1: prediction or ground truth missing
[skip] ATLAS_r001s028_ses1: prediction or ground truth missing
[skip] ATLAS_r001s030_ses1: prediction or ground truth missing
[skip] ATLAS_r001s031_ses1: prediction or ground truth missing
[skip] ATLAS_r001s032_ses1: prediction or ground truth missing
[skip] ATLAS_r001s033_ses1: prediction or ground truth missing
[skip] ATLAS_r001s034_ses1: prediction or ground truth missing
[skip] ATLAS_r001s036_ses1: prediction or ground truth missing
[skip] ATLAS_r001s037_ses1: prediction or ground truth missing
[skip] ATLAS_r001s038_ses1: prediction or ground truth missing
[skip] ATLAS_r001s039_ses1: prediction or ground truth missing
[skip] ATLAS_r001s040_ses1: prediction or ground truth missing
[skip] ATLAS_r002s001_ses1: prediction or ground truth missing
[skip] ATLAS_r002s002_ses1: prediction or ground truth missing
[skip] ATLAS_r002s005_ses1: prediction or ground truth missing
[skip] ATLAS_r002s006_ses1: prediction or ground truth missing
[skip] ATLAS_r002s007_ses1: prediction or ground truth missing
[skip] ATLAS_r002s008_ses1: prediction or ground truth missing
[skip] ATLAS_r002s009_ses1: prediction or ground truth missing
[skip] ATLAS_r002s010_ses1: prediction or ground truth missing
[skip] ATLAS_r002s011_ses1: prediction or ground truth missing
[skip] ATLAS_r002s012_ses1: prediction or ground truth missing
[skip] ATLAS_r003s001_ses1: prediction or ground truth missing
[skip] ATLAS_r003s002_ses1: prediction or ground truth missing
[skip] ATLAS_r003s003_ses1: prediction or ground truth missing
[skip] ATLAS_r003s004_ses1: prediction or ground truth missing
[skip] ATLAS_r003s005_ses1: prediction or ground truth missing
[skip] ATLAS_r003s006_ses1: prediction or ground truth missing
[skip] ATLAS_r003s007_ses1: prediction or ground truth missing
[skip] ATLAS_r003s009_ses1: prediction or ground truth missing
[skip] ATLAS_r003s010_ses1: prediction or ground truth missing
[skip] ATLAS_r003s013_ses1: prediction or ground truth missing
[skip] ATLAS_r003s014_ses1: prediction or ground truth missing
[skip] ATLAS_r003s015_ses1: prediction or ground truth missing
[skip] ATLAS_r004s001_ses1: prediction or ground truth missing
[skip] ATLAS_r004s002_ses1: prediction or ground truth missing
[skip] ATLAS_r004s003_ses1: prediction or ground truth missing
[skip] ATLAS_r004s004_ses1: prediction or ground truth missing
[skip] ATLAS_r004s005_ses1: prediction or ground truth missing
[skip] ATLAS_r004s006_ses1: prediction or ground truth missing
[skip] ATLAS_r004s007_ses1: prediction or ground truth missing
[skip] ATLAS_r004s008_ses1: prediction or ground truth missing
[skip] ATLAS_r004s009_ses1: prediction or ground truth missing
[skip] ATLAS_r004s010_ses1: prediction or ground truth missing
[skip] ATLAS_r004s011_ses1: prediction or ground truth missing
[skip] ATLAS_r004s012_ses1: prediction or ground truth missing
[skip] ATLAS_r004s013_ses1: prediction or ground truth missing
[skip] ATLAS_r004s014_ses1: prediction or ground truth missing
[skip] ATLAS_r004s015_ses1: prediction or ground truth missing
[skip] ATLAS_r004s017_ses1: prediction or ground truth missing
[skip] ATLAS_r004s018_ses1: prediction or ground truth missing
[skip] ATLAS_r004s019_ses1: prediction or ground truth missing
[skip] ATLAS_r004s020_ses1: prediction or ground truth missing
[skip] ATLAS_r004s021_ses1: prediction or ground truth missing
[skip] ATLAS_r004s022_ses1: prediction or ground truth missing
[skip] ATLAS_r004s023_ses1: prediction or ground truth missing
[skip] ATLAS_r004s024_ses1: prediction or ground truth missing
[skip] ATLAS_r004s025_ses1: prediction or ground truth missing
[skip] ATLAS_r004s026_ses1: prediction or ground truth missing
[skip] ATLAS_r004s028_ses1: prediction or ground truth missing
[skip] ATLAS_r004s029_ses1: prediction or ground truth missing
[skip] ATLAS_r004s032_ses1: prediction or ground truth missing
[skip] ATLAS_r004s033_ses1: prediction or ground truth missing
[skip] ATLAS_r004s034_ses1: prediction or ground truth missing
[skip] ATLAS_r004s035_ses1: prediction or ground truth missing
[skip] ATLAS_r004s036_ses1: prediction or ground truth missing
[skip] ATLAS_r004s037_ses1: prediction or ground truth missing
[skip] ATLAS_r009s001_ses1: prediction or ground truth missing
[skip] ATLAS_r009s002_ses1: prediction or ground truth missing
[skip] ATLAS_r009s003_ses1: prediction or ground truth missing
[skip] ATLAS_r009s004_ses1: prediction or ground truth missing
[skip] ATLAS_r009s005_ses1: prediction or ground truth missing
[skip] ATLAS_r009s006_ses1: prediction or ground truth missing
[skip] ATLAS_r009s008_ses1: prediction or ground truth missing
[skip] ATLAS_r009s009_ses1: prediction or ground truth missing
[skip] ATLAS_r009s010_ses1: prediction or ground truth missing
[skip] ATLAS_r009s011_ses1: prediction or ground truth missing
[skip] ATLAS_r009s012_ses1: prediction or ground truth missing
[skip] ATLAS_r009s013_ses1: prediction or ground truth missing
[skip] ATLAS_r009s014_ses1: prediction or ground truth missing
[skip] ATLAS_r009s015_ses1: prediction or ground truth missing
[skip] ATLAS_r009s016_ses1: prediction or ground truth missing
[skip] ATLAS_r009s017_ses1: prediction or ground truth missing
[skip] ATLAS_r009s018_ses1: prediction or ground truth missing
[skip] ATLAS_r009s020_ses1: prediction or ground truth missing
[skip] ATLAS_r009s021_ses1: prediction or ground truth missing
[skip] ATLAS_r009s022_ses1: prediction or ground truth missing
[skip] ATLAS_r009s025_ses1: prediction or ground truth missing
[skip] ATLAS_r009s026_ses1: prediction or ground truth missing
[skip] ATLAS_r009s027_ses1: prediction or ground truth missing
[skip] ATLAS_r009s028_ses1: prediction or ground truth missing
[skip] ATLAS_r009s029_ses1: prediction or ground truth missing
[skip] ATLAS_r009s030_ses1: prediction or ground truth missing
[skip] ATLAS_r009s031_ses1: prediction or ground truth missing
[skip] ATLAS_r009s034_ses1: prediction or ground truth missing
[skip] ATLAS_r009s035_ses1: prediction or ground truth missing
[skip] ATLAS_r009s036_ses1: prediction or ground truth missing
[skip] ATLAS_r009s037_ses1: prediction or ground truth missing
[skip] ATLAS_r009s038_ses1: prediction or ground truth missing
[skip] ATLAS_r009s039_ses1: prediction or ground truth missing
[skip] ATLAS_r009s040_ses1: prediction or ground truth missing
[skip] ATLAS_r009s041_ses1: prediction or ground truth missing
[skip] ATLAS_r009s043_ses1: prediction or ground truth missing
[skip] ATLAS_r009s044_ses1: prediction or ground truth missing
[skip] ATLAS_r009s045_ses1: prediction or ground truth missing
[skip] ATLAS_r009s046_ses1: prediction or ground truth missing
[skip] ATLAS_r009s048_ses1: prediction or ground truth missing
[skip] ATLAS_r009s049_ses1: prediction or ground truth missing
[skip] ATLAS_r009s050_ses1: prediction or ground truth missing
[skip] ATLAS_r009s051_ses1: prediction or ground truth missing
[skip] ATLAS_r009s052_ses1: prediction or ground truth missing
[skip] ATLAS_r009s053_ses1: prediction or ground truth missing
[skip] ATLAS_r009s054_ses1: prediction or ground truth missing
[skip] ATLAS_r009s055_ses1: prediction or ground truth missing
[skip] ATLAS_r009s056_ses1: prediction or ground truth missing
[skip] ATLAS_r009s057_ses1: prediction or ground truth missing
[skip] ATLAS_r009s058_ses1: prediction or ground truth missing
[skip] ATLAS_r009s060_ses1: prediction or ground truth missing
[skip] ATLAS_r009s061_ses1: prediction or ground truth missing
[skip] ATLAS_r009s062_ses1: prediction or ground truth missing
[skip] ATLAS_r009s063_ses1: prediction or ground truth missing
[skip] ATLAS_r009s064_ses1: prediction or ground truth missing
[skip] ATLAS_r009s065_ses1: prediction or ground truth missing
[skip] ATLAS_r009s066_ses1: prediction or ground truth missing
[skip] ATLAS_r009s067_ses1: prediction or ground truth missing
[skip] ATLAS_r009s072_ses1: prediction or ground truth missing
[skip] ATLAS_r009s073_ses1: prediction or ground truth missing
[skip] ATLAS_r009s074_ses1: prediction or ground truth missing
[skip] ATLAS_r009s076_ses1: prediction or ground truth missing
[skip] ATLAS_r009s078_ses1: prediction or ground truth missing
[skip] ATLAS_r009s079_ses1: prediction or ground truth missing
[skip] ATLAS_r009s082_ses1: prediction or ground truth missing
[skip] ATLAS_r009s084_ses1: prediction or ground truth missing
[skip] ATLAS_r009s085_ses1: prediction or ground truth missing
[skip] ATLAS_r009s086_ses1: prediction or ground truth missing
[skip] ATLAS_r009s087_ses1: prediction or ground truth missing
[skip] ATLAS_r009s088_ses1: prediction or ground truth missing
[skip] ATLAS_r009s091_ses1: prediction or ground truth missing
[skip] ATLAS_r009s092_ses1: prediction or ground truth missing
[skip] ATLAS_r009s093_ses1: prediction or ground truth missing
[skip] ATLAS_r009s094_ses1: prediction or ground truth missing
[skip] ATLAS_r009s096_ses1: prediction or ground truth missing
[skip] ATLAS_r009s097_ses1: prediction or ground truth missing
[skip] ATLAS_r009s098_ses1: prediction or ground truth missing
[skip] ATLAS_r009s100_ses1: prediction or ground truth missing
[skip] ATLAS_r009s102_ses1: prediction or ground truth missing
[skip] ATLAS_r009s103_ses1: prediction or ground truth missing
[skip] ATLAS_r009s105_ses1: prediction or ground truth missing
[skip] ATLAS_r009s106_ses1: prediction or ground truth missing
[skip] ATLAS_r009s107_ses1: prediction or ground truth missing
[skip] ATLAS_r009s108_ses1: prediction or ground truth missing
[skip] ATLAS_r009s109_ses1: prediction or ground truth missing
[skip] ATLAS_r009s111_ses1: prediction or ground truth missing
[skip] ATLAS_r009s113_ses1: prediction or ground truth missing
[skip] ATLAS_r009s114_ses1: prediction or ground truth missing
[skip] ATLAS_r009s115_ses1: prediction or ground truth missing
[skip] ATLAS_r009s117_ses1: prediction or ground truth missing
[skip] ATLAS_r009s119_ses1: prediction or ground truth missing
[skip] ATLAS_r009s120_ses1: prediction or ground truth missing
[skip] ATLAS_r009s122_ses1: prediction or ground truth missing
[skip] ATLAS_r009s123_ses1: prediction or ground truth missing
[skip] ATLAS_r009s124_ses1: prediction or ground truth missing
[skip] ATLAS_r009s125_ses1: prediction or ground truth missing
[skip] ATLAS_r009s126_ses1: prediction or ground truth missing
[skip] ATLAS_r010s001_ses1: prediction or ground truth missing
[skip] ATLAS_r010s002_ses1: prediction or ground truth missing
[skip] ATLAS_r010s003_ses1: prediction or ground truth missing
[skip] ATLAS_r010s004_ses1: prediction or ground truth missing
[skip] ATLAS_r010s005_ses1: prediction or ground truth missing
[skip] ATLAS_r010s006_ses1: prediction or ground truth missing
[skip] ATLAS_r010s007_ses1: prediction or ground truth missing
[skip] ATLAS_r010s008_ses1: prediction or ground truth missing
[skip] ATLAS_r010s009_ses1: prediction or ground truth missing
[skip] ATLAS_r010s010_ses1: prediction or ground truth missing
[skip] ATLAS_r010s012_ses1: prediction or ground truth missing
[skip] ATLAS_r010s013_ses1: prediction or ground truth missing
[skip] ATLAS_r010s014_ses1: prediction or ground truth missing
[skip] ATLAS_r010s016_ses1: prediction or ground truth missing
[skip] ATLAS_r010s018_ses1: prediction or ground truth missing
[skip] ATLAS_r010s019_ses1: prediction or ground truth missing
[skip] ATLAS_r010s021_ses1: prediction or ground truth missing
[skip] ATLAS_r010s023_ses1: prediction or ground truth missing
[skip] ATLAS_r010s026_ses1: prediction or ground truth missing
[skip] ATLAS_r010s027_ses1: prediction or ground truth missing
[skip] ATLAS_r010s028_ses1: prediction or ground truth missing
[skip] ATLAS_r010s032_ses1: prediction or ground truth missing
[skip] ATLAS_r011s002_ses1: prediction or ground truth missing
[skip] ATLAS_r011s003_ses1: prediction or ground truth missing
[skip] ATLAS_r011s008_ses1: prediction or ground truth missing
[skip] ATLAS_r011s010_ses1: prediction or ground truth missing
[skip] ATLAS_r011s011_ses1: prediction or ground truth missing
[skip] ATLAS_r011s012_ses1: prediction or ground truth missing
[skip] ATLAS_r011s013_ses1: prediction or ground truth missing
[skip] ATLAS_r011s014_ses1: prediction or ground truth missing
[skip] ATLAS_r011s015_ses1: prediction or ground truth missing
[skip] ATLAS_r011s016_ses1: prediction or ground truth missing
[skip] ATLAS_r011s017_ses1: prediction or ground truth missing
[skip] ATLAS_r011s019_ses1: prediction or ground truth missing
[skip] ATLAS_r011s020_ses1: prediction or ground truth missing
[skip] ATLAS_r011s022_ses1: prediction or ground truth missing
[skip] ATLAS_r011s023_ses1: prediction or ground truth missing
[skip] ATLAS_r011s024_ses1: prediction or ground truth missing
[skip] ATLAS_r011s025_ses1: prediction or ground truth missing
[skip] ATLAS_r011s026_ses1: prediction or ground truth missing
[skip] ATLAS_r011s027_ses1: prediction or ground truth missing
[skip] ATLAS_r011s028_ses1: prediction or ground truth missing
[skip] ATLAS_r011s029_ses1: prediction or ground truth missing
[skip] ATLAS_r011s030_ses1: prediction or ground truth missing
[skip] ATLAS_r011s031_ses1: prediction or ground truth missing
[skip] ATLAS_r011s032_ses1: prediction or ground truth missing
[skip] ATLAS_r011s033_ses1: prediction or ground truth missing
[skip] ATLAS_r011s034_ses1: prediction or ground truth missing
[skip] ATLAS_r015s001_ses1: prediction or ground truth missing
[skip] ATLAS_r015s002_ses1: prediction or ground truth missing
[skip] ATLAS_r015s003_ses1: prediction or ground truth missing
[skip] ATLAS_r015s004_ses1: prediction or ground truth missing
[skip] ATLAS_r015s005_ses1: prediction or ground truth missing
[skip] ATLAS_r015s006_ses1: prediction or ground truth missing
[skip] ATLAS_r015s007_ses1: prediction or ground truth missing
[skip] ATLAS_r015s008_ses1: prediction or ground truth missing
[skip] ATLAS_r015s009_ses1: prediction or ground truth missing
[skip] ATLAS_r015s010_ses1: prediction or ground truth missing
[skip] ATLAS_r015s012_ses1: prediction or ground truth missing
[skip] ATLAS_r015s013_ses1: prediction or ground truth missing
[skip] ATLAS_r015s014_ses1: prediction or ground truth missing
[skip] ATLAS_r015s016_ses1: prediction or ground truth missing
[skip] ATLAS_r015s017_ses1: prediction or ground truth missing
[skip] ATLAS_r015s019_ses1: prediction or ground truth missing
[skip] ATLAS_r015s022_ses1: prediction or ground truth missing
[skip] ATLAS_r015s024_ses1: prediction or ground truth missing
[skip] ATLAS_r015s025_ses1: prediction or ground truth missing
[skip] ATLAS_r015s027_ses1: prediction or ground truth missing
[skip] ATLAS_r017s101_ses1: prediction or ground truth missing
[skip] ATLAS_r017s104_ses1: prediction or ground truth missing
[skip] ATLAS_r017s105_ses1: prediction or ground truth missing
[skip] ATLAS_r017s106_ses1: prediction or ground truth missing
[skip] ATLAS_r017s107_ses1: prediction or ground truth missing
[skip] ATLAS_r017s108_ses1: prediction or ground truth missing
[skip] ATLAS_r017s109_ses1: prediction or ground truth missing
[skip] ATLAS_r017s111_ses1: prediction or ground truth missing
[skip] ATLAS_r017s113_ses1: prediction or ground truth missing
[skip] ATLAS_r017s116_ses1: prediction or ground truth missing
[skip] ATLAS_r017s117_ses1: prediction or ground truth missing
[skip] ATLAS_r017s118_ses1: prediction or ground truth missing
[skip] ATLAS_r017s121_ses1: prediction or ground truth missing
[skip] ATLAS_r018s001_ses1: prediction or ground truth missing
[skip] ATLAS_r018s002_ses1: prediction or ground truth missing
[skip] ATLAS_r018s003_ses1: prediction or ground truth missing
[skip] ATLAS_r018s004_ses1: prediction or ground truth missing
[skip] ATLAS_r018s005_ses1: prediction or ground truth missing
[skip] ATLAS_r018s006_ses1: prediction or ground truth missing
[skip] ATLAS_r018s007_ses1: prediction or ground truth missing
[skip] ATLAS_r018s008_ses1: prediction or ground truth missing
[skip] ATLAS_r018s011_ses1: prediction or ground truth missing
[skip] ATLAS_r018s012_ses1: prediction or ground truth missing
[skip] ATLAS_r019s001_ses1: prediction or ground truth missing
[skip] ATLAS_r019s002_ses1: prediction or ground truth missing
[skip] ATLAS_r019s003_ses1: prediction or ground truth missing
[skip] ATLAS_r019s005_ses1: prediction or ground truth missing
[skip] ATLAS_r019s006_ses1: prediction or ground truth missing
[skip] ATLAS_r019s007_ses1: prediction or ground truth missing
[skip] ATLAS_r019s008_ses1: prediction or ground truth missing
[skip] ATLAS_r019s009_ses1: prediction or ground truth missing
[skip] ATLAS_r019s010_ses1: prediction or ground truth missing
[skip] ATLAS_r019s011_ses1: prediction or ground truth missing
[skip] ATLAS_r019s012_ses1: prediction or ground truth missing
[skip] ATLAS_r019s013_ses1: prediction or ground truth missing
[skip] ATLAS_r020s007_ses1: prediction or ground truth missing
[skip] ATLAS_r023s002_ses1: prediction or ground truth missing
[skip] ATLAS_r023s003_ses1: prediction or ground truth missing
[skip] ATLAS_r023s004_ses1: prediction or ground truth missing
[skip] ATLAS_r023s005_ses1: prediction or ground truth missing
[skip] ATLAS_r023s006_ses1: prediction or ground truth missing
[skip] ATLAS_r023s007_ses1: prediction or ground truth missing
[skip] ATLAS_r023s009_ses1: prediction or ground truth missing
[skip] ATLAS_r023s010_ses1: prediction or ground truth missing
[skip] ATLAS_r023s011_ses1: prediction or ground truth missing
[skip] ATLAS_r023s014_ses1: prediction or ground truth missing
[skip] ATLAS_r023s015_ses1: prediction or ground truth missing
[skip] ATLAS_r023s016_ses1: prediction or ground truth missing
[skip] ATLAS_r024s001_ses1: prediction or ground truth missing
[skip] ATLAS_r024s002_ses1: prediction or ground truth missing
[skip] ATLAS_r024s003_ses1: prediction or ground truth missing
[skip] ATLAS_r024s004_ses1: prediction or ground truth missing
[skip] ATLAS_r024s005_ses1: prediction or ground truth missing
[skip] ATLAS_r024s006_ses1: prediction or ground truth missing
[skip] ATLAS_r024s007_ses1: prediction or ground truth missing
[skip] ATLAS_r024s008_ses1: prediction or ground truth missing
[skip] ATLAS_r024s009_ses1: prediction or ground truth missing
[skip] ATLAS_r024s010_ses1: prediction or ground truth missing
[skip] ATLAS_r024s011_ses1: prediction or ground truth missing
[skip] ATLAS_r024s012_ses1: prediction or ground truth missing
[skip] ATLAS_r024s013_ses1: prediction or ground truth missing
[skip] ATLAS_r024s014_ses1: prediction or ground truth missing
[skip] ATLAS_r024s015_ses1: prediction or ground truth missing
[skip] ATLAS_r024s016_ses1: prediction or ground truth missing
[skip] ATLAS_r024s017_ses1: prediction or ground truth missing
[skip] ATLAS_r024s018_ses1: prediction or ground truth missing
[skip] ATLAS_r024s019_ses1: prediction or ground truth missing
[skip] ATLAS_r024s020_ses1: prediction or ground truth missing
[skip] ATLAS_r024s021_ses1: prediction or ground truth missing
[skip] ATLAS_r028s001_ses1: prediction or ground truth missing
[skip] ATLAS_r028s003_ses1: prediction or ground truth missing
[skip] ATLAS_r028s004_ses1: prediction or ground truth missing
[skip] ATLAS_r028s005_ses1: prediction or ground truth missing
[skip] ATLAS_r028s006_ses1: prediction or ground truth missing
[skip] ATLAS_r028s007_ses1: prediction or ground truth missing
[skip] ATLAS_r028s008_ses1: prediction or ground truth missing
[skip] ATLAS_r028s011_ses1: prediction or ground truth missing
[skip] ATLAS_r028s012_ses1: prediction or ground truth missing
[skip] ATLAS_r028s014_ses1: prediction or ground truth missing
[skip] ATLAS_r028s015_ses1: prediction or ground truth missing
[skip] ATLAS_r028s016_ses1: prediction or ground truth missing
[skip] ATLAS_r028s017_ses1: prediction or ground truth missing
[skip] ATLAS_r028s019_ses1: prediction or ground truth missing
[skip] ATLAS_r028s020_ses1: prediction or ground truth missing
[skip] ATLAS_r028s022_ses1: prediction or ground truth missing
[skip] ATLAS_r028s024_ses1: prediction or ground truth missing
[skip] ATLAS_r028s025_ses1: prediction or ground truth missing
[skip] ATLAS_r030s002_ses1: prediction or ground truth missing
[skip] ATLAS_r030s003_ses1: prediction or ground truth missing
[skip] ATLAS_r030s004_ses1: prediction or ground truth missing
[skip] ATLAS_r030s005_ses1: prediction or ground truth missing
[skip] ATLAS_r030s011_ses1: prediction or ground truth missing
[skip] ATLAS_r030s013_ses1: prediction or ground truth missing
[skip] ATLAS_r030s014_ses1: prediction or ground truth missing
[skip] ATLAS_r030s015_ses1: prediction or ground truth missing
[skip] ATLAS_r030s017_ses1: prediction or ground truth missing
[skip] ATLAS_r030s019_ses1: prediction or ground truth missing
[skip] ATLAS_r030s020_ses1: prediction or ground truth missing
[skip] ATLAS_r030s021_ses1: prediction or ground truth missing
[skip] ATLAS_r030s022_ses1: prediction or ground truth missing
[skip] ATLAS_r030s023_ses1: prediction or ground truth missing
[skip] ATLAS_r031s001_ses1: prediction or ground truth missing
[skip] ATLAS_r031s002_ses1: prediction or ground truth missing
[skip] ATLAS_r031s003_ses1: prediction or ground truth missing
[skip] ATLAS_r031s004_ses1: prediction or ground truth missing
[skip] ATLAS_r031s005_ses1: prediction or ground truth missing
[skip] ATLAS_r031s006_ses1: prediction or ground truth missing
[skip] ATLAS_r031s007_ses1: prediction or ground truth missing
[skip] ATLAS_r031s008_ses1: prediction or ground truth missing
[skip] ATLAS_r031s009_ses1: prediction or ground truth missing
[skip] ATLAS_r031s010_ses1: prediction or ground truth missing
[skip] ATLAS_r031s012_ses1: prediction or ground truth missing
[skip] ATLAS_r031s013_ses1: prediction or ground truth missing
[skip] ATLAS_r031s014_ses1: prediction or ground truth missing
[skip] ATLAS_r031s015_ses1: prediction or ground truth missing
[skip] ATLAS_r031s017_ses1: prediction or ground truth missing
[skip] ATLAS_r031s018_ses1: prediction or ground truth missing
[skip] ATLAS_r031s019_ses1: prediction or ground truth missing
[skip] ATLAS_r031s022_ses1: prediction or ground truth missing
[skip] ATLAS_r031s023_ses1: prediction or ground truth missing
[skip] ATLAS_r031s024_ses1: prediction or ground truth missing
[skip] ATLAS_r031s025_ses1: prediction or ground truth missing
[skip] ATLAS_r031s026_ses1: prediction or ground truth missing
[skip] ATLAS_r031s027_ses1: prediction or ground truth missing
[skip] ATLAS_r031s028_ses1: prediction or ground truth missing
[skip] ATLAS_r031s029_ses1: prediction or ground truth missing
[skip] ATLAS_r031s030_ses1: prediction or ground truth missing
[skip] ATLAS_r031s031_ses1: prediction or ground truth missing
[skip] ATLAS_r031s034_ses1: prediction or ground truth missing
[skip] ATLAS_r031s036_ses1: prediction or ground truth missing
[skip] ATLAS_r031s037_ses1: prediction or ground truth missing
[skip] ATLAS_r032s005_ses1: prediction or ground truth missing
[skip] ATLAS_r032s007_ses1: prediction or ground truth missing
[skip] ATLAS_r032s013_ses1: prediction or ground truth missing
[skip] ATLAS_r032s014_ses1: prediction or ground truth missing
[skip] ATLAS_r032s018_ses1: prediction or ground truth missing
[skip] ATLAS_r032s019_ses1: prediction or ground truth missing
[skip] ATLAS_r032s020_ses1: prediction or ground truth missing
[skip] ATLAS_r032s023_ses1: prediction or ground truth missing
[skip] ATLAS_r032s024_ses1: prediction or ground truth missing
[skip] ATLAS_r032s025_ses1: prediction or ground truth missing
[skip] ATLAS_r032s027_ses1: prediction or ground truth missing
[skip] ATLAS_r032s030_ses1: prediction or ground truth missing
[skip] ATLAS_r032s031_ses1: prediction or ground truth missing
[skip] ATLAS_r032s034_ses1: prediction or ground truth missing
[skip] ATLAS_r032s037_ses1: prediction or ground truth missing
[skip] ATLAS_r032s038_ses1: prediction or ground truth missing
[skip] ATLAS_r032s039_ses1: prediction or ground truth missing
[skip] ATLAS_r032s040_ses1: prediction or ground truth missing
[skip] ATLAS_r032s041_ses1: prediction or ground truth missing
[skip] ATLAS_r032s043_ses1: prediction or ground truth missing
[skip] ATLAS_r032s045_ses1: prediction or ground truth missing
[skip] ATLAS_r032s046_ses1: prediction or ground truth missing
[skip] ATLAS_r032s048_ses1: prediction or ground truth missing
[skip] ATLAS_r032s051_ses1: prediction or ground truth missing
[skip] ATLAS_r032s052_ses1: prediction or ground truth missing
[skip] ATLAS_r032s053_ses1: prediction or ground truth missing
[skip] ATLAS_r032s054_ses1: prediction or ground truth missing
[skip] ATLAS_r032s055_ses1: prediction or ground truth missing
[skip] ATLAS_r032s056_ses1: prediction or ground truth missing
[skip] ATLAS_r032s058_ses1: prediction or ground truth missing
[skip] ATLAS_r034s003_ses1: prediction or ground truth missing
[skip] ATLAS_r034s006_ses1: prediction or ground truth missing
[skip] ATLAS_r034s007_ses1: prediction or ground truth missing
[skip] ATLAS_r034s008_ses1: prediction or ground truth missing
[skip] ATLAS_r034s009_ses1: prediction or ground truth missing
[skip] ATLAS_r034s010_ses1: prediction or ground truth missing
[skip] ATLAS_r034s011_ses1: prediction or ground truth missing
[skip] ATLAS_r034s012_ses1: prediction or ground truth missing
[skip] ATLAS_r034s014_ses1: prediction or ground truth missing
[skip] ATLAS_r034s021_ses1: prediction or ground truth missing
[skip] ATLAS_r034s022_ses1: prediction or ground truth missing
[skip] ATLAS_r034s025_ses1: prediction or ground truth missing
[skip] ATLAS_r034s026_ses1: prediction or ground truth missing
[skip] ATLAS_r034s032_ses1: prediction or ground truth missing
[skip] ATLAS_r034s033_ses1: prediction or ground truth missing
[skip] ATLAS_r034s036_ses1: prediction or ground truth missing
[skip] ATLAS_r034s037_ses1: prediction or ground truth missing
[skip] ATLAS_r034s040_ses1: prediction or ground truth missing
[skip] ATLAS_r034s046_ses1: prediction or ground truth missing
[skip] ATLAS_r035s001_ses1: prediction or ground truth missing
[skip] ATLAS_r035s002_ses1: prediction or ground truth missing
[skip] ATLAS_r035s003_ses1: prediction or ground truth missing
[skip] ATLAS_r035s004_ses1: prediction or ground truth missing
[skip] ATLAS_r035s005_ses1: prediction or ground truth missing
[skip] ATLAS_r035s006_ses1: prediction or ground truth missing
[skip] ATLAS_r035s007_ses1: prediction or ground truth missing
[skip] ATLAS_r035s009_ses1: prediction or ground truth missing
[skip] ATLAS_r035s010_ses1: prediction or ground truth missing
[skip] ATLAS_r035s011_ses1: prediction or ground truth missing
[skip] ATLAS_r035s012_ses1: prediction or ground truth missing
[skip] ATLAS_r035s013_ses1: prediction or ground truth missing
[skip] ATLAS_r035s014_ses1: prediction or ground truth missing
[skip] ATLAS_r035s015_ses1: prediction or ground truth missing
[skip] ATLAS_r038s001_ses1: prediction or ground truth missing
[skip] ATLAS_r038s003_ses1: prediction or ground truth missing
[skip] ATLAS_r038s005_ses1: prediction or ground truth missing
[skip] ATLAS_r038s007_ses1: prediction or ground truth missing
[skip] ATLAS_r038s008_ses1: prediction or ground truth missing
[skip] ATLAS_r038s010_ses1: prediction or ground truth missing
[skip] ATLAS_r038s011_ses1: prediction or ground truth missing
[skip] ATLAS_r038s012_ses1: prediction or ground truth missing
[skip] ATLAS_r038s013_ses1: prediction or ground truth missing
[skip] ATLAS_r038s014_ses1: prediction or ground truth missing
[skip] ATLAS_r038s015_ses1: prediction or ground truth missing
[skip] ATLAS_r038s016_ses1: prediction or ground truth missing
[skip] ATLAS_r038s017_ses1: prediction or ground truth missing
[skip] ATLAS_r038s018_ses1: prediction or ground truth missing
[skip] ATLAS_r038s019_ses1: prediction or ground truth missing
[skip] ATLAS_r038s020_ses1: prediction or ground truth missing
[skip] ATLAS_r038s021_ses1: prediction or ground truth missing
[skip] ATLAS_r038s022_ses1: prediction or ground truth missing
[skip] ATLAS_r038s023_ses1: prediction or ground truth missing
[skip] ATLAS_r038s024_ses1: prediction or ground truth missing
[skip] ATLAS_r038s025_ses1: prediction or ground truth missing
[skip] ATLAS_r038s026_ses1: prediction or ground truth missing
[skip] ATLAS_r038s027_ses1: prediction or ground truth missing
[skip] ATLAS_r038s028_ses1: prediction or ground truth missing
[skip] ATLAS_r038s029_ses1: prediction or ground truth missing
[skip] ATLAS_r038s030_ses1: prediction or ground truth missing
[skip] ATLAS_r038s031_ses1: prediction or ground truth missing
[skip] ATLAS_r038s032_ses1: prediction or ground truth missing
[skip] ATLAS_r038s033_ses1: prediction or ground truth missing
[skip] ATLAS_r038s034_ses1: prediction or ground truth missing
[skip] ATLAS_r038s035_ses1: prediction or ground truth missing
[skip] ATLAS_r038s038_ses1: prediction or ground truth missing
[skip] ATLAS_r038s039_ses1: prediction or ground truth missing
[skip] ATLAS_r038s040_ses1: prediction or ground truth missing
[skip] ATLAS_r038s041_ses1: prediction or ground truth missing
[skip] ATLAS_r038s042_ses1: prediction or ground truth missing
[skip] ATLAS_r038s045_ses1: prediction or ground truth missing
[skip] ATLAS_r038s049_ses1: prediction or ground truth missing
[skip] ATLAS_r038s050_ses1: prediction or ground truth missing
[skip] ATLAS_r038s051_ses1: prediction or ground truth missing
[skip] ATLAS_r038s052_ses1: prediction or ground truth missing
[skip] ATLAS_r038s053_ses1: prediction or ground truth missing
[skip] ATLAS_r038s054_ses1: prediction or ground truth missing
[skip] ATLAS_r038s055_ses1: prediction or ground truth missing
[skip] ATLAS_r038s057_ses1: prediction or ground truth missing
[skip] ATLAS_r038s058_ses1: prediction or ground truth missing
[skip] ATLAS_r038s059_ses1: prediction or ground truth missing
[skip] ATLAS_r038s060_ses1: prediction or ground truth missing
[skip] ATLAS_r038s061_ses1: prediction or ground truth missing
[skip] ATLAS_r038s064_ses1: prediction or ground truth missing
[skip] ATLAS_r038s065_ses1: prediction or ground truth missing
[skip] ATLAS_r038s066_ses1: prediction or ground truth missing
[skip] ATLAS_r038s067_ses1: prediction or ground truth missing
[skip] ATLAS_r038s069_ses1: prediction or ground truth missing
[skip] ATLAS_r038s071_ses1: prediction or ground truth missing
[skip] ATLAS_r038s072_ses1: prediction or ground truth missing
[skip] ATLAS_r038s073_ses1: prediction or ground truth missing
[skip] ATLAS_r038s074_ses1: prediction or ground truth missing
[skip] ATLAS_r038s075_ses1: prediction or ground truth missing
[skip] ATLAS_r038s076_ses1: prediction or ground truth missing
[skip] ATLAS_r038s077_ses1: prediction or ground truth missing
[skip] ATLAS_r038s078_ses1: prediction or ground truth missing
[skip] ATLAS_r038s079_ses1: prediction or ground truth missing
[skip] ATLAS_r038s081_ses1: prediction or ground truth missing
[skip] ATLAS_r038s082_ses1: prediction or ground truth missing
[skip] ATLAS_r038s083_ses1: prediction or ground truth missing
[skip] ATLAS_r038s084_ses1: prediction or ground truth missing
[skip] ATLAS_r038s085_ses1: prediction or ground truth missing
[skip] ATLAS_r038s086_ses1: prediction or ground truth missing
[skip] ATLAS_r038s090_ses1: prediction or ground truth missing
[skip] ATLAS_r038s092_ses1: prediction or ground truth missing
WARNING: In /tmp/SimpleITK-build/ITK/Modules/IO/NIFTI/src/itkNiftiImageIO.cxx, line 2008
NiftiImageIO (0x5cb0c96d1010): /home/galia/ISLES2026/nnUNet_raw/Dataset002_ATLAS/labelsTs/ATLAS_r040s087_ses1.nii.gz has unexpected scales in sform

WARNING: In /tmp/SimpleITK-build/ITK/Modules/IO/NIFTI/src/itkNiftiImageIO.cxx, line 2008
NiftiImageIO (0x5cb0c96d1010): /home/galia/ISLES2026/nnUNet_raw/Dataset002_ATLAS/labelsTs/ATLAS_r040s087_ses1.nii.gz has unexpected scales in sform

[skip] ATLAS_r038s094_ses1: prediction or ground truth missing
[skip] ATLAS_r038s095_ses1: prediction or ground truth missing
[skip] ATLAS_r038s096_ses1: prediction or ground truth missing
[skip] ATLAS_r038s097_ses1: prediction or ground truth missing
[skip] ATLAS_r038s098_ses1: prediction or ground truth missing
[skip] ATLAS_r039s001_ses1: prediction or ground truth missing
[skip] ATLAS_r039s002_ses1: prediction or ground truth missing
[skip] ATLAS_r039s003_ses1: prediction or ground truth missing
[skip] ATLAS_r040s002_ses1: prediction or ground truth missing
[skip] ATLAS_r040s003_ses1: prediction or ground truth missing
[skip] ATLAS_r040s006_ses1: prediction or ground truth missing
[skip] ATLAS_r040s007_ses1: prediction or ground truth missing
[skip] ATLAS_r040s008_ses1: prediction or ground truth missing
[skip] ATLAS_r040s009_ses1: prediction or ground truth missing
[skip] ATLAS_r040s010_ses1: prediction or ground truth missing
[skip] ATLAS_r040s011_ses1: prediction or ground truth missing
[skip] ATLAS_r040s012_ses1: prediction or ground truth missing
[skip] ATLAS_r040s013_ses1: prediction or ground truth missing
[skip] ATLAS_r040s014_ses1: prediction or ground truth missing
[skip] ATLAS_r040s015_ses1: prediction or ground truth missing
[skip] ATLAS_r040s016_ses1: prediction or ground truth missing
[skip] ATLAS_r040s017_ses1: prediction or ground truth missing
[skip] ATLAS_r040s018_ses1: prediction or ground truth missing
[skip] ATLAS_r040s020_ses1: prediction or ground truth missing
[skip] ATLAS_r040s023_ses1: prediction or ground truth missing
[skip] ATLAS_r040s024_ses1: prediction or ground truth missing
[skip] ATLAS_r040s025_ses1: prediction or ground truth missing
[skip] ATLAS_r040s026_ses1: prediction or ground truth missing
[skip] ATLAS_r040s027_ses1: prediction or ground truth missing
[skip] ATLAS_r040s028_ses1: prediction or ground truth missing
[skip] ATLAS_r040s030_ses1: prediction or ground truth missing
[skip] ATLAS_r040s031_ses1: prediction or ground truth missing
[skip] ATLAS_r040s032_ses1: prediction or ground truth missing
[skip] ATLAS_r040s033_ses1: prediction or ground truth missing
[skip] ATLAS_r040s034_ses1: prediction or ground truth missing
[skip] ATLAS_r040s035_ses1: prediction or ground truth missing
[skip] ATLAS_r040s036_ses1: prediction or ground truth missing
[skip] ATLAS_r040s037_ses1: prediction or ground truth missing
[skip] ATLAS_r040s039_ses1: prediction or ground truth missing
[skip] ATLAS_r040s041_ses1: prediction or ground truth missing
[skip] ATLAS_r040s042_ses1: prediction or ground truth missing
[skip] ATLAS_r040s043_ses1: prediction or ground truth missing
[skip] ATLAS_r040s044_ses1: prediction or ground truth missing
[skip] ATLAS_r040s045_ses1: prediction or ground truth missing
[skip] ATLAS_r040s046_ses1: prediction or ground truth missing
[skip] ATLAS_r040s047_ses1: prediction or ground truth missing
[skip] ATLAS_r040s048_ses1: prediction or ground truth missing
[skip] ATLAS_r040s049_ses1: prediction or ground truth missing
[skip] ATLAS_r040s052_ses1: prediction or ground truth missing
[skip] ATLAS_r040s053_ses1: prediction or ground truth missing
[skip] ATLAS_r040s054_ses1: prediction or ground truth missing
[skip] ATLAS_r040s055_ses1: prediction or ground truth missing
[skip] ATLAS_r040s056_ses1: prediction or ground truth missing
[skip] ATLAS_r040s057_ses1: prediction or ground truth missing
[skip] ATLAS_r040s058_ses1: prediction or ground truth missing
[skip] ATLAS_r040s060_ses1: prediction or ground truth missing
[skip] ATLAS_r040s061_ses1: prediction or ground truth missing
[skip] ATLAS_r040s062_ses1: prediction or ground truth missing
[skip] ATLAS_r040s063_ses1: prediction or ground truth missing
[skip] ATLAS_r040s064_ses1: prediction or ground truth missing
[skip] ATLAS_r040s066_ses1: prediction or ground truth missing
[skip] ATLAS_r040s068_ses1: prediction or ground truth missing
[skip] ATLAS_r040s069_ses1: prediction or ground truth missing
[skip] ATLAS_r040s070_ses1: prediction or ground truth missing
[skip] ATLAS_r040s071_ses1: prediction or ground truth missing
[skip] ATLAS_r040s072_ses1: prediction or ground truth missing
[skip] ATLAS_r040s073_ses1: prediction or ground truth missing
[skip] ATLAS_r040s074_ses1: prediction or ground truth missing
[skip] ATLAS_r040s075_ses1: prediction or ground truth missing
[skip] ATLAS_r040s076_ses1: prediction or ground truth missing
[skip] ATLAS_r040s078_ses1: prediction or ground truth missing
[skip] ATLAS_r040s079_ses1: prediction or ground truth missing
[skip] ATLAS_r040s080_ses1: prediction or ground truth missing
[skip] ATLAS_r040s082_ses1: prediction or ground truth missing
[skip] ATLAS_r040s083_ses1: prediction or ground truth missing
[skip] ATLAS_r040s084_ses1: prediction or ground truth missing
[skip] ATLAS_r040s085_ses1: prediction or ground truth missing
[skip] ATLAS_r040s086_ses1: prediction or ground truth missing
[error] ATLAS_r040s087_ses1: Prediction and ground truth geometry (origin/direction) do not match
[skip] ATLAS_r040s088_ses1: prediction or ground truth missing
[skip] ATLAS_r044s001_ses1: prediction or ground truth missing
[skip] ATLAS_r044s003_ses1: prediction or ground truth missing
[skip] ATLAS_r044s004_ses1: prediction or ground truth missing
[skip] ATLAS_r045s001_ses1: prediction or ground truth missing
[skip] ATLAS_r045s002_ses1: prediction or ground truth missing
[skip] ATLAS_r045s003_ses1: prediction or ground truth missing
[skip] ATLAS_r045s004_ses1: prediction or ground truth missing
[skip] ATLAS_r046s001_ses1: prediction or ground truth missing
[skip] ATLAS_r046s003_ses1: prediction or ground truth missing
[skip] ATLAS_r046s004_ses1: prediction or ground truth missing
[skip] ATLAS_r046s005_ses1: prediction or ground truth missing
[skip] ATLAS_r046s006_ses1: prediction or ground truth missing
[skip] ATLAS_r046s007_ses1: prediction or ground truth missing
[skip] ATLAS_r046s009_ses1: prediction or ground truth missing
[skip] ATLAS_r046s010_ses1: prediction or ground truth missing
[skip] ATLAS_r046s011_ses1: prediction or ground truth missing
[skip] ATLAS_r046s012_ses1: prediction or ground truth missing
[skip] ATLAS_r046s013_ses1: prediction or ground truth missing
[skip] ATLAS_r047s001_ses1: prediction or ground truth missing
[skip] ATLAS_r047s002_ses1: prediction or ground truth missing
[skip] ATLAS_r047s003_ses1: prediction or ground truth missing
[skip] ATLAS_r047s004_ses1: prediction or ground truth missing
[skip] ATLAS_r047s005_ses1: prediction or ground truth missing
[skip] ATLAS_r047s006_ses1: prediction or ground truth missing
[skip] ATLAS_r047s007_ses1: prediction or ground truth missing
[skip] ATLAS_r047s008_ses1: prediction or ground truth missing
[skip] ATLAS_r047s010_ses1: prediction or ground truth missing
[skip] ATLAS_r047s012_ses1: prediction or ground truth missing
[skip] ATLAS_r047s013_ses1: prediction or ground truth missing
[skip] ATLAS_r047s014_ses1: prediction or ground truth missing
[skip] ATLAS_r047s015_ses1: prediction or ground truth missing
[skip] ATLAS_r047s016_ses1: prediction or ground truth missing
[skip] ATLAS_r047s017_ses1: prediction or ground truth missing
[skip] ATLAS_r047s018_ses1: prediction or ground truth missing
[skip] ATLAS_r047s019_ses1: prediction or ground truth missing
[skip] ATLAS_r047s020_ses1: prediction or ground truth missing
[skip] ATLAS_r047s021_ses1: prediction or ground truth missing
[skip] ATLAS_r047s023_ses1: prediction or ground truth missing
[skip] ATLAS_r047s025_ses1: prediction or ground truth missing
[skip] ATLAS_r047s026_ses1: prediction or ground truth missing
[skip] ATLAS_r047s027_ses1: prediction or ground truth missing
[skip] ATLAS_r047s028_ses1: prediction or ground truth missing
[skip] ATLAS_r047s029_ses1: prediction or ground truth missing
[skip] ATLAS_r047s030_ses1: prediction or ground truth missing
[skip] ATLAS_r047s031_ses1: prediction or ground truth missing
[skip] ATLAS_r047s032_ses1: prediction or ground truth missing
[skip] ATLAS_r047s033_ses1: prediction or ground truth missing
[skip] ATLAS_r047s034_ses1: prediction or ground truth missing
[skip] ATLAS_r047s035_ses1: prediction or ground truth missing
[skip] ATLAS_r047s036_ses1: prediction or ground truth missing
[skip] ATLAS_r047s037_ses1: prediction or ground truth missing
[skip] ATLAS_r047s039_ses1: prediction or ground truth missing
[skip] ATLAS_r047s043_ses1: prediction or ground truth missing
[skip] ATLAS_r047s044_ses1: prediction or ground truth missing
[skip] ATLAS_r047s045_ses1: prediction or ground truth missing
[skip] ATLAS_r047s047_ses1: prediction or ground truth missing
[skip] ATLAS_r047s048_ses1: prediction or ground truth missing
[skip] ATLAS_r047s049_ses1: prediction or ground truth missing
[skip] ATLAS_r047s050_ses1: prediction or ground truth missing
[skip] ATLAS_r048s001_ses1: prediction or ground truth missing
[skip] ATLAS_r048s002_ses1: prediction or ground truth missing
[skip] ATLAS_r048s003_ses1: prediction or ground truth missing
[skip] ATLAS_r048s004_ses1: prediction or ground truth missing
[skip] ATLAS_r048s005_ses1: prediction or ground truth missing
[skip] ATLAS_r048s006_ses1: prediction or ground truth missing
[skip] ATLAS_r048s008_ses1: prediction or ground truth missing
[skip] ATLAS_r048s011_ses1: prediction or ground truth missing
[skip] ATLAS_r048s012_ses1: prediction or ground truth missing
[skip] ATLAS_r048s013_ses1: prediction or ground truth missing
[skip] ATLAS_r048s014_ses1: prediction or ground truth missing
[skip] ATLAS_r048s015_ses1: prediction or ground truth missing
[skip] ATLAS_r048s016_ses1: prediction or ground truth missing
[skip] ATLAS_r048s018_ses1: prediction or ground truth missing
[skip] ATLAS_r048s019_ses1: prediction or ground truth missing
[skip] ATLAS_r048s020_ses1: prediction or ground truth missing
[skip] ATLAS_r048s021_ses1: prediction or ground truth missing
[skip] ATLAS_r048s022_ses1: prediction or ground truth missing
[skip] ATLAS_r048s023_ses1: prediction or ground truth missing
[skip] ATLAS_r048s024_ses1: prediction or ground truth missing
[skip] ATLAS_r048s026_ses1: prediction or ground truth missing
[skip] ATLAS_r048s027_ses1: prediction or ground truth missing
[skip] ATLAS_r048s028_ses1: prediction or ground truth missing
[skip] ATLAS_r048s029_ses1: prediction or ground truth missing
[skip] ATLAS_r048s030_ses1: prediction or ground truth missing
[skip] ATLAS_r048s032_ses1: prediction or ground truth missing
[skip] ATLAS_r048s033_ses1: prediction or ground truth missing
[skip] ATLAS_r048s034_ses1: prediction or ground truth missing
[skip] ATLAS_r048s035_ses1: prediction or ground truth missing
[skip] ATLAS_r048s036_ses1: prediction or ground truth missing
[skip] ATLAS_r048s037_ses1: prediction or ground truth missing
[skip] ATLAS_r048s038_ses1: prediction or ground truth missing
[skip] ATLAS_r048s039_ses1: prediction or ground truth missing
[skip] ATLAS_r048s040_ses1: prediction or ground truth missing
[skip] ATLAS_r048s041_ses1: prediction or ground truth missing
[skip] ATLAS_r048s042_ses1: prediction or ground truth missing
[skip] ATLAS_r048s043_ses1: prediction or ground truth missing
[skip] ATLAS_r048s044_ses1: prediction or ground truth missing
[skip] ATLAS_r049s003_ses1: prediction or ground truth missing
[skip] ATLAS_r049s004_ses1: prediction or ground truth missing
[skip] ATLAS_r049s005_ses1: prediction or ground truth missing
[skip] ATLAS_r049s006_ses1: prediction or ground truth missing
[skip] ATLAS_r049s007_ses1: prediction or ground truth missing
[skip] ATLAS_r049s008_ses1: prediction or ground truth missing
[skip] ATLAS_r049s010_ses1: prediction or ground truth missing
[skip] ATLAS_r049s011_ses1: prediction or ground truth missing
[skip] ATLAS_r049s012_ses1: prediction or ground truth missing
[skip] ATLAS_r049s014_ses1: prediction or ground truth missing
[skip] ATLAS_r049s016_ses1: prediction or ground truth missing
[skip] ATLAS_r049s018_ses1: prediction or ground truth missing
[skip] ATLAS_r049s020_ses1: prediction or ground truth missing
[skip] ATLAS_r049s021_ses1: prediction or ground truth missing
[skip] ATLAS_r049s024_ses1: prediction or ground truth missing
[skip] ATLAS_r049s025_ses1: prediction or ground truth missing
[skip] ATLAS_r049s026_ses1: prediction or ground truth missing
[skip] ATLAS_r049s028_ses1: prediction or ground truth missing
[skip] ATLAS_r049s029_ses1: prediction or ground truth missing
[skip] ATLAS_r049s033_ses1: prediction or ground truth missing
[skip] ATLAS_r049s034_ses1: prediction or ground truth missing
[skip] ATLAS_r050s002_ses1: prediction or ground truth missing
[skip] ATLAS_r050s003_ses1: prediction or ground truth missing
[skip] ATLAS_r050s005_ses1: prediction or ground truth missing
[skip] ATLAS_r050s006_ses1: prediction or ground truth missing
[skip] ATLAS_r050s007_ses1: prediction or ground truth missing
[skip] ATLAS_r050s010_ses1: prediction or ground truth missing
[skip] ATLAS_r050s011_ses1: prediction or ground truth missing
[skip] ATLAS_r050s013_ses1: prediction or ground truth missing
[skip] ATLAS_r050s014_ses1: prediction or ground truth missing
[skip] ATLAS_r050s016_ses1: prediction or ground truth missing
[skip] ATLAS_r052s002_ses1: prediction or ground truth missing
[skip] ATLAS_r052s003_ses1: prediction or ground truth missing
[skip] ATLAS_r052s004_ses1: prediction or ground truth missing
[skip] ATLAS_r052s005_ses1: prediction or ground truth missing
[skip] ATLAS_r052s006_ses1: prediction or ground truth missing
[skip] ATLAS_r052s007_ses1: prediction or ground truth missing
[skip] ATLAS_r052s008_ses1: prediction or ground truth missing
[skip] ATLAS_r052s009_ses1: prediction or ground truth missing
[skip] ATLAS_r052s010_ses1: prediction or ground truth missing
[skip] ATLAS_r052s013_ses1: prediction or ground truth missing
[skip] ATLAS_r052s014_ses1: prediction or ground truth missing
[skip] ATLAS_r052s017_ses1: prediction or ground truth missing
[skip] ATLAS_r052s018_ses1: prediction or ground truth missing
[skip] ATLAS_r052s019_ses1: prediction or ground truth missing
[skip] ATLAS_r052s021_ses1: prediction or ground truth missing
[skip] ATLAS_r052s022_ses1: prediction or ground truth missing
[skip] ATLAS_r052s023_ses1: prediction or ground truth missing
[skip] ATLAS_r052s024_ses1: prediction or ground truth missing
[skip] ATLAS_r052s025_ses1: prediction or ground truth missing
[skip] ATLAS_r052s026_ses1: prediction or ground truth missing
[skip] ATLAS_r052s027_ses1: prediction or ground truth missing
[skip] ATLAS_r052s028_ses1: prediction or ground truth missing
[skip] ATLAS_r052s029_ses1: prediction or ground truth missing
[skip] ATLAS_r052s030_ses1: prediction or ground truth missing
[skip] ATLAS_r052s031_ses1: prediction or ground truth missing
[skip] ATLAS_r052s033_ses1: prediction or ground truth missing
[skip] ATLAS_r052s034_ses1: prediction or ground truth missing
[skip] ATLAS_r053s016_ses1: prediction or ground truth missing
[skip] ATLAS_r053s021_ses1: prediction or ground truth missing
[skip] ATLAS_r053s039_ses1: prediction or ground truth missing
[skip] ATLAS_r053s053_ses1: prediction or ground truth missing
[skip] ATLAS_r056s001_ses1: prediction or ground truth missing
[skip] ATLAS_r056s002_ses1: prediction or ground truth missing
[skip] ATLAS_r056s003_ses1: prediction or ground truth missing
[skip] ATLAS_r056s004_ses1: prediction or ground truth missing
[skip] ATLAS_r056s005_ses1: prediction or ground truth missing
[skip] ATLAS_r056s006_ses1: prediction or ground truth missing
[skip] ATLAS_r056s007_ses1: prediction or ground truth missing
[skip] ATLAS_r056s008_ses1: prediction or ground truth missing
[skip] ATLAS_r056s009_ses1: prediction or ground truth missing
[skip] ATLAS_r056s010_ses1: prediction or ground truth missing
[skip] ATLAS_r056s012_ses1: prediction or ground truth missing
[skip] ATLAS_r056s015_ses1: prediction or ground truth missing
[skip] ATLAS_r056s016_ses1: prediction or ground truth missing
[skip] ATLAS_r056s017_ses1: prediction or ground truth missing
[skip] ATLAS_r057s021_ses1: prediction or ground truth missing
[skip] ATLAS_r057s039_ses1: prediction or ground truth missing
[skip] ATLAS_r057s040_ses1: prediction or ground truth missing
[skip] ATLAS_r057s041_ses1: prediction or ground truth missing
[skip] ATLAS_r057s042_ses1: prediction or ground truth missing
[skip] ATLAS_r057s043_ses1: prediction or ground truth missing
[skip] ATLAS_r057s044_ses1: prediction or ground truth missing
[skip] ATLAS_r057s045_ses1: prediction or ground truth missing
[skip] ATLAS_r057s046_ses1: prediction or ground truth missing
[skip] ATLAS_r057s047_ses1: prediction or ground truth missing
[skip] ATLAS_r057s048_ses1: prediction or ground truth missing
[skip] ATLAS_r057s049_ses1: prediction or ground truth missing
[skip] ATLAS_r057s050_ses1: prediction or ground truth missing
[skip] ATLAS_r058s032_ses1: prediction or ground truth missing
[skip] ATLAS_r058s033_ses1: prediction or ground truth missing
[skip] ATLAS_r058s034_ses1: prediction or ground truth missing
[skip] ATLAS_r058s035_ses1: prediction or ground truth missing
[skip] ATLAS_r058s036_ses1: prediction or ground truth missing
[skip] ATLAS_r058s037_ses1: prediction or ground truth missing
[skip] ATLAS_r058s038_ses1: prediction or ground truth missing
[skip] ATLAS_r058s039_ses1: prediction or ground truth missing
[skip] ATLAS_r058s040_ses1: prediction or ground truth missing
[skip] ATLAS_r058s041_ses1: prediction or ground truth missing
[skip] ATLAS_r058s042_ses1: prediction or ground truth missing
[skip] ATLAS_r058s043_ses1: prediction or ground truth missing
[skip] ATLAS_r058s044_ses1: prediction or ground truth missing
[skip] ATLAS_r058s046_ses1: prediction or ground truth missing
[skip] ATLAS_r058s047_ses1: prediction or ground truth missing
[skip] ATLAS_r058s048_ses1: prediction or ground truth missing
[skip] ATLAS_r058s049_ses1: prediction or ground truth missing
[skip] ATLAS_r058s051_ses1: prediction or ground truth missing
[skip] ATLAS_r058s052_ses1: prediction or ground truth missing
[skip] ATLAS_r058s054_ses1: prediction or ground truth missing
[skip] ATLAS_r058s055_ses1: prediction or ground truth missing
[skip] ATLAS_r058s056_ses1: prediction or ground truth missing
[skip] ATLAS_r058s057_ses1: prediction or ground truth missing
[skip] ATLAS_r058s058_ses1: prediction or ground truth missing
[skip] ATLAS_r058s059_ses1: prediction or ground truth missing
[skip] ATLAS_r058s060_ses1: prediction or ground truth missing
[skip] ATLAS_r058s061_ses1: prediction or ground truth missing
[skip] ATLAS_r058s062_ses1: prediction or ground truth missing
[skip] ATLAS_r058s063_ses1: prediction or ground truth missing
[skip] ATLAS_r058s064_ses1: prediction or ground truth missing
[skip] ATLAS_r058s065_ses1: prediction or ground truth missing
[skip] ATLAS_r059s001_ses1: prediction or ground truth missing
[skip] ATLAS_r059s002_ses1: prediction or ground truth missing
[skip] ATLAS_r059s004_ses1: prediction or ground truth missing
[skip] ATLAS_r059s005_ses1: prediction or ground truth missing
[skip] ATLAS_r059s006_ses1: prediction or ground truth missing
[skip] ATLAS_r059s007_ses1: prediction or ground truth missing
[skip] ATLAS_r059s008_ses1: prediction or ground truth missing
[skip] ATLAS_r059s009_ses1: prediction or ground truth missing
[skip] ATLAS_r059s010_ses1: prediction or ground truth missing
[skip] ATLAS_r059s012_ses1: prediction or ground truth missing
[skip] ATLAS_r059s014_ses1: prediction or ground truth missing
[skip] ATLAS_r059s017_ses1: prediction or ground truth missing
[skip] ATLAS_r059s018_ses1: prediction or ground truth missing
[skip] ATLAS_r059s019_ses1: prediction or ground truth missing
[skip] ATLAS_r059s020_ses1: prediction or ground truth missing
[skip] ATLAS_r059s021_ses1: prediction or ground truth missing
[skip] ATLAS_r059s022_ses1: prediction or ground truth missing
[skip] ATLAS_r059s023_ses1: prediction or ground truth missing
[skip] ATLAS_r059s024_ses1: prediction or ground truth missing
[skip] ATLAS_r059s025_ses1: prediction or ground truth missing
[skip] ATLAS_r059s026_ses1: prediction or ground truth missing
[skip] ATLAS_r059s028_ses1: prediction or ground truth missing
[skip] ATLAS_r059s030_ses1: prediction or ground truth missing
[skip] ATLAS_r059s031_ses1: prediction or ground truth missing
[skip] ATLAS_r059s032_ses1: prediction or ground truth missing
[skip] ATLAS_r059s033_ses1: prediction or ground truth missing
[skip] ATLAS_r059s035_ses1: prediction or ground truth missing
[skip] ATLAS_r059s037_ses1: prediction or ground truth missing
[skip] ATLAS_r059s039_ses1: prediction or ground truth missing
[skip] ATLAS_r059s040_ses1: prediction or ground truth missing
[skip] ATLAS_r059s041_ses1: prediction or ground truth missing
[skip] ATLAS_r061s001_ses1: prediction or ground truth missing
[skip] ATLAS_r061s002_ses1: prediction or ground truth missing
[skip] ATLAS_r061s003_ses1: prediction or ground truth missing
[skip] ATLAS_r061s004_ses1: prediction or ground truth missing
[skip] ATLAS_r061s005_ses1: prediction or ground truth missing
[skip] ATLAS_r061s006_ses1: prediction or ground truth missing
[skip] ATLAS_r061s007_ses1: prediction or ground truth missing
[skip] ATLAS_r061s008_ses1: prediction or ground truth missing
[skip] ATLAS_r061s009_ses1: prediction or ground truth missing
[skip] ATLAS_r061s011_ses1: prediction or ground truth missing
[skip] ATLAS_r061s012_ses1: prediction or ground truth missing
[skip] ATLAS_r061s013_ses1: prediction or ground truth missing
[skip] ATLAS_r061s014_ses1: prediction or ground truth missing
[skip] ATLAS_r061s015_ses1: prediction or ground truth missing
[skip] ATLAS_r062s006_ses1: prediction or ground truth missing
[skip] ATLAS_r062s007_ses1: prediction or ground truth missing
[skip] ATLAS_r062s010_ses1: prediction or ground truth missing
[skip] ATLAS_r062s011_ses1: prediction or ground truth missing
[skip] ATLAS_r062s013_ses1: prediction or ground truth missing
[skip] ATLAS_r062s014_ses1: prediction or ground truth missing
[skip] ATLAS_r063s053_ses1: prediction or ground truth missing
[skip] ATLAS_r064s003_ses1: prediction or ground truth missing
[skip] ATLAS_r064s006_ses1: prediction or ground truth missing
[skip] ATLAS_r064s007_ses1: prediction or ground truth missing
[skip] ATLAS_r064s008_ses1: prediction or ground truth missing
[skip] ATLAS_r064s009_ses1: prediction or ground truth missing
[skip] ATLAS_r065s002_ses1: prediction or ground truth missing
[skip] ATLAS_r065s003_ses1: prediction or ground truth missing
[skip] ATLAS_r065s005_ses1: prediction or ground truth missing
[skip] ATLAS_r065s006_ses1: prediction or ground truth missing
[skip] ATLAS_r065s009_ses1: prediction or ground truth missing
[skip] ATLAS_r065s011_ses1: prediction or ground truth missing
[skip] ATLAS_r065s012_ses1: prediction or ground truth missing
[skip] ATLAS_r065s014_ses1: prediction or ground truth missing
[skip] ATLAS_r065s015_ses1: prediction or ground truth missing
[skip] ATLAS_r065s016_ses1: prediction or ground truth missing
[skip] ATLAS_r065s017_ses1: prediction or ground truth missing
[skip] ATLAS_r065s018_ses1: prediction or ground truth missing
[skip] ATLAS_r065s019_ses1: prediction or ground truth missing
[skip] ATLAS_r065s020_ses1: prediction or ground truth missing
[skip] ATLAS_r065s021_ses1: prediction or ground truth missing
[skip] ATLAS_r065s023_ses1: prediction or ground truth missing
[skip] ATLAS_r067s017_ses1: prediction or ground truth missing
[skip] ATLAS_r067s020_ses1: prediction or ground truth missing
[skip] ATLAS_r067s021_ses1: prediction or ground truth missing
[skip] ATLAS_r067s023_ses1: prediction or ground truth missing
[skip] ATLAS_r067s024_ses1: prediction or ground truth missing
[skip] ATLAS_r067s025_ses1: prediction or ground truth missing
[skip] ATLAS_r067s027_ses1: prediction or ground truth missing
[skip] ATLAS_r067s028_ses1: prediction or ground truth missing
[skip] ATLAS_r067s029_ses1: prediction or ground truth missing
[skip] ATLAS_r067s030_ses1: prediction or ground truth missing
[skip] ATLAS_r067s031_ses1: prediction or ground truth missing
[skip] ATLAS_r067s032_ses1: prediction or ground truth missing
[skip] ATLAS_r067s033_ses1: prediction or ground truth missing
[skip] ATLAS_r067s034_ses1: prediction or ground truth missing
[skip] ATLAS_r067s035_ses1: prediction or ground truth missing
[skip] ATLAS_r067s037_ses1: prediction or ground truth missing
[skip] ATLAS_r067s038_ses1: prediction or ground truth missing
[skip] ATLAS_r067s039_ses1: prediction or ground truth missing
[skip] ATLAS_r067s041_ses1: prediction or ground truth missing
[skip] ATLAS_r067s042_ses1: prediction or ground truth missing
[skip] ATLAS_r067s043_ses1: prediction or ground truth missing
[skip] ATLAS_r069s002_ses1: prediction or ground truth missing
[skip] ATLAS_r069s003_ses1: prediction or ground truth missing
[skip] ATLAS_r069s004_ses1: prediction or ground truth missing
[skip] ATLAS_r069s005_ses1: prediction or ground truth missing
[skip] ATLAS_r069s007_ses1: prediction or ground truth missing
[skip] ATLAS_r069s008_ses1: prediction or ground truth missing
[skip] ATLAS_r069s009_ses1: prediction or ground truth missing
[skip] ATLAS_r069s011_ses1: prediction or ground truth missing
[skip] ATLAS_r069s012_ses1: prediction or ground truth missing
[skip] ATLAS_r069s013_ses1: prediction or ground truth missing
[skip] ATLAS_r069s014_ses1: prediction or ground truth missing
[skip] ATLAS_r069s015_ses1: prediction or ground truth missing
[skip] ATLAS_r069s016_ses1: prediction or ground truth missing
[skip] ATLAS_r069s017_ses1: prediction or ground truth missing
[skip] ATLAS_r069s019_ses1: prediction or ground truth missing
[skip] ATLAS_r069s021_ses1: prediction or ground truth missing
[skip] ATLAS_r069s022_ses1: prediction or ground truth missing
[skip] ATLAS_r069s023_ses1: prediction or ground truth missing
[skip] ATLAS_r069s024_ses1: prediction or ground truth missing
[skip] ATLAS_r069s029_ses1: prediction or ground truth missing
[skip] ATLAS_r069s030_ses1: prediction or ground truth missing
[skip] ATLAS_r069s031_ses1: prediction or ground truth missing
[skip] ATLAS_r069s033_ses1: prediction or ground truth missing
[skip] ATLAS_r069s034_ses1: prediction or ground truth missing
[skip] ATLAS_r069s036_ses1: prediction or ground truth missing
[skip] ATLAS_r069s037_ses1: prediction or ground truth missing
[skip] ATLAS_r069s039_ses1: prediction or ground truth missing
[skip] ATLAS_r069s040_ses1: prediction or ground truth missing
[skip] ATLAS_r069s041_ses1: prediction or ground truth missing
[skip] ATLAS_r069s043_ses1: prediction or ground truth missing
[skip] ATLAS_r069s044_ses1: prediction or ground truth missing
[skip] ATLAS_r071s001_ses1: prediction or ground truth missing
[skip] ATLAS_r071s007_ses1: prediction or ground truth missing
[skip] ATLAS_r071s010_ses1: prediction or ground truth missing
[skip] ATLAS_r071s014_ses1: prediction or ground truth missing
[skip] ATLAS_r071s016_ses1: prediction or ground truth missing
[skip] ATLAS_r071s018_ses1: prediction or ground truth missing
[skip] ATLAS_r071s020_ses1: prediction or ground truth missing
[skip] ATLAS_r071s022_ses1: prediction or ground truth missing
[skip] ATLAS_r071s023_ses1: prediction or ground truth missing
[skip] ATLAS_r071s024_ses1: prediction or ground truth missing
[skip] ATLAS_r071s025_ses1: prediction or ground truth missing
[skip] ATLAS_r071s026_ses1: prediction or ground truth missing
[skip] ATLAS_r071s027_ses1: prediction or ground truth missing
[skip] ATLAS_r071s028_ses1: prediction or ground truth missing
[skip] ATLAS_r071s029_ses1: prediction or ground truth missing
[skip] ATLAS_r071s030_ses1: prediction or ground truth missing
[skip] ATLAS_r071s031_ses1: prediction or ground truth missing
[skip] ATLAS_r071s032_ses1: prediction or ground truth missing
[skip] ATLAS_r071s033_ses1: prediction or ground truth missing
[skip] ATLAS_r071s034_ses1: prediction or ground truth missing
[skip] ATLAS_r071s036_ses1: prediction or ground truth missing
Wrote 249 rows to /home/galia/ISLES2026/isles26_project_simplified/workspace/evaluation/runs/nnUNetTrainerBaseline_500epochs__nnUNetResEncUNetMPlans__3d_fullres__fold0__fpfd2f5a700c/results_test.csv (skipped=962, failed=1)
             dice     hd95_mm   lesion_f1       avd_mm3  lesion_count_diff
count  249.000000  246.000000  249.000000    249.000000         249.000000
mean     0.649830   17.639092    0.662315   5456.154403           1.791165
std      0.277959   23.407888    0.307945   9577.282753           2.895450
min      0.000000    0.898438    0.000000      4.408095           0.000000
25%      0.508449    2.831136    0.500000    385.284424           0.000000
50%      0.761242    5.787755    0.666667   1502.930336           1.000000
75%      0.855412   23.563206    1.000000   5293.000000           2.000000
max      0.949148  143.028952    1.000000  63489.550781          25.000000
$ /home/galia/miniconda3/envs/isles2026/bin/python /home/galia/ISLES2026/isles26_project_simplified/evaluation/compute_metrics.py --pred-dir /home/galia/ISLES2026/nnUNet_results/Dataset002_ATLAS/nnUNetTrainerBaseline_500epochs__nnUNetResEncUNetMPlans__3d_fullres/fold_0/predTs --gt-dir /home/galia/ISLES2026/nnUNet_raw/Dataset002_ATLAS/labelsTs --case-metadata-csv workspace/splits_full/manifest.csv --experiment-name nnUNetTrainerBaseline_500epochs --out-csv /home/galia/ISLES2026/isles26_project_simplified/workspace/evaluation/runs/nnUNetTrainerBaseline_500epochs__nnUNetResEncUNetMPlans__3d_fullres__fold0__fpfd2f5a700c/results_test.csv --lesion-connectivity 3 --min-lesion-voxels 0
[2026-08-20 04:38:33] --- aggregate + plot ---
usage: aggregate_results.py [-h] [--out-combined OUT_COMBINED]
                            [--out-summary OUT_SUMMARY]
                            [--out-summary-by-size OUT_SUMMARY_BY_SIZE]
                            [--out-summary-by-split OUT_SUMMARY_BY_SPLIT]
                            [--out-summary-by-split-siteweighted OUT_SUMMARY_BY_SPLIT_SITEWEIGHTED]
                            result_csvs [result_csvs ...]
aggregate_results.py: error: duplicate case/experiment rows found, for example: [{'case_id': 'ATLAS_r001s002_ses1', 'experiment': 'nnUNetTrainerBaseline_500epochs'}, {'case_id': 'ATLAS_r001s006_ses1', 'experiment': 'nnUNetTrainerBaseline_500epochs'}, {'case_id': 'ATLAS_r001s027_ses1', 'experiment': 'nnUNetTrainerBaseline_500epochs'}, {'case_id': 'ATLAS_r001s029_ses1', 'experiment': 'nnUNetTrainerBaseline_500epochs'}, {'case_id': 'ATLAS_r002s004_ses1', 'experiment': 'nnUNetTrainerBaseline_500epochs'}]
Command failed with exit code 2.
$ /home/galia/miniconda3/envs/isles2026/bin/python /home/galia/ISLES2026/isles26_project_simplified/evaluation/aggregate_results.py /home/galia/ISLES2026/isles26_project_simplified/workspace/evaluation/runs/nnUNetTrainerBaseline_500epochs__3d_fullres__fold0__fp149e0ab945/results_test.csv /home/galia/ISLES2026/isles26_project_simplified/workspace/evaluation/runs/nnUNetTrainerBaseline_500epochs__3d_fullres__fold0__fp149e0ab945/results_val.csv /home/galia/ISLES2026/isles26_project_simplified/workspace/evaluation/runs/nnUNetTrainerBaseline_500epochs__nnUNetResEncUNetMPlans__3d_fullres__fold0__fpfd2f5a700c/results_test.csv /home/galia/ISLES2026/isles26_project_simplified/workspace/evaluation/runs/nnUNetTrainerBaseline_500epochs__nnUNetResEncUNetMPlans__3d_fullres__fold0__fpfd2f5a700c/results_val.csv /home/galia/ISLES2026/isles26_project_simplified/workspace/evaluation/runs/nnUNetTrainerFocalTversky_500epochs__3d_fullres__fold0__fp320e540428/results_test.csv /home/galia/ISLES2026/isles26_project_simplified/workspace/evaluation/runs/nnUNetTrainerFocalTversky_500epochs__3d_fullres__fold0__fp320e540428/results_val.csv /home/galia/ISLES2026/isles26_project_simplified/workspace/evaluation/runs/nnUNetTrainerLesionAwareSamplingPowCurriculum_500epochs_full__3d_fullres__fold0__fp31ae961670/results_val.csv /home/galia/ISLES2026/isles26_project_simplified/workspace/evaluation/runs/nnUNetTrainerLesionAwareSamplingPow_500epochs_full__3d_fullres__fold0__fpfda38a2498/results_test.csv /home/galia/ISLES2026/isles26_project_simplified/workspace/evaluation/runs/nnUNetTrainerLesionAwareSamplingPow_500epochs_full__3d_fullres__fold0__fpfda38a2498/results_val.csv /home/galia/ISLES2026/isles26_project_simplified/workspace/evaluation/runs/nnUNetTrainerLesionAwareSampling_500epochs_full__3d_fullres__fold0__fp09587d610a/results_test.csv /home/galia/ISLES2026/isles26_project_simplified/workspace/evaluation/runs/nnUNetTrainerLesionAwareSampling_500epochs_full__3d_fullres__fold0__fp09587d610a/results_val.csv /home/galia/ISLES2026/isles26_project_simplified/workspace/evaluation/runs/nnUNetTrainerTverskyMild_500epochs__3d_fullres__fold0__fp8959622c8f/results_test.csv /home/galia/ISLES2026/isles26_project_simplified/workspace/evaluation/runs/nnUNetTrainerTverskyMild_500epochs__3d_fullres__fold0__fp8959622c8f/results_val.csv /home/galia/ISLES2026/isles26_project_simplified/workspace/evaluation/runs/nnUNetTrainerWideAugBaseline_500epochs__3d_fullres__fold0__fpf891878bd9/results_test.csv /home/galia/ISLES2026/isles26_project_simplified/workspace/evaluation/runs/nnUNetTrainerWideAugBaseline_500epochs__3d_fullres__fold0__fpf891878bd9/results_val.csv --out-combined /home/galia/ISLES2026/isles26_project_simplified/workspace/evaluation/results.csv --out-summary /home/galia/ISLES2026/isles26_project_simplified/workspace/evaluation/summary_by_experiment.csv --out-summary-by-size /home/galia/ISLES2026/isles26_project_simplified/workspace/evaluation/summary_by_size_bin.csv --out-summary-by-split /home/galia/ISLES2026/isles26_project_simplified/workspace/evaluation/summary_by_split.csv --out-summary-by-split-siteweighted /home/galia/ISLES2026/isles26_project_simplified/workspace/evaluation/summary_by_split_siteweighted.csv
[2026-08-20 04:38:33] [FAIL] aggregate
Figures written to /home/galia/ISLES2026/isles26_project_simplified/workspace/figures
$ /home/galia/miniconda3/envs/isles2026/bin/python /home/galia/ISLES2026/isles26_project_simplified/analysis/plot_results.py --results-csv /home/galia/ISLES2026/isles26_project_simplified/workspace/evaluation/results.csv --out-dir /home/galia/ISLES2026/isles26_project_simplified/workspace/figures
[2026-08-20 04:38:36] === queue_resencm_baseline500.sh finished ===
