[2026-08-20 00:50:19] === queue_baseline1000_after_resencm_export.sh starting ===
[2026-08-20 00:50:19] --- waiting for queue_resencm_baseline500.sh and queue_export_after_resencm.sh (and any GPU job) to finish ---
[2026-08-20 04:38:49] --- GPU free, proceeding ---
[2026-08-20 04:38:49] --- train baseline-1000 (default plans) ---

############################
INFO: You are using the old nnU-Net default plans. We have updated our recommendations. Please consider using those instead! Read more here: https://github.com/MIC-DKFZ/nnUNet/blob/master/documentation/resenc_presets.md
############################

Trainer 'nnUNetTrainerBaseline_1000epochs' not found in nnunetv2.training.nnUNetTrainer.
Searching in external trainer paths from environment variable 'nnUNet_extTrainer'...
Searching in: /home/galia/ISLES2026/isles26_project_simplified
Searching for class nnUNetTrainerBaseline_1000epochs in folder /home/galia/ISLES2026/isles26_project_simplified with current module None
  Inspecting module: isles26
  Inspecting module: custom_trainers.install_custom_trainers
  Inspecting module: custom_trainers.losses
  Inspecting module: custom_trainers.nnUNetTrainer1000epochs
Found class nnUNetTrainerBaseline_1000epochs in custom_trainers.nnUNetTrainer1000epochs
Using trainer 'nnUNetTrainerBaseline_1000epochs' from: /home/galia/ISLES2026/isles26_project_simplified
Using device: cuda:0

#######################################################################
Please cite the following paper when using nnU-Net:
Isensee, F., Jaeger, P. F., Kohl, S. A., Petersen, J., & Maier-Hein, K. H. (2021). nnU-Net: a self-configuring method for deep learning-based biomedical image segmentation. Nature methods, 18(2), 203-211.
#######################################################################

2026-08-20 04:38:56.929055: Using torch.compile...
2026-08-20 04:38:57.967182: do_dummy_2d_data_aug: False
2026-08-20 04:38:57.968917: Using splits from existing split file: /home/galia/ISLES2026/nnUNet_preprocessed/Dataset002_ATLAS/splits_final.json
2026-08-20 04:38:57.969089: The split file contains 1 splits.
2026-08-20 04:38:57.969123: Desired fold for training: 0
2026-08-20 04:38:57.969150: This split has 842 training and 120 validation cases.
using pin_memory on device 0
using pin_memory on device 0

This is the configuration used by this training:
Configuration name: 3d_fullres
 {'data_identifier': 'nnUNetPlans_3d_fullres', 'preprocessor_name': 'DefaultPreprocessor', 'batch_size': 2, 'patch_size': [128, 128, 128], 'median_image_size_in_voxels': [148.0, 167.0, 138.0], 'spacing': [1.0, 1.0, 1.0], 'normalization_schemes': ['ZScoreNormalization'], 'use_mask_for_norm': [True], 'resampling_fn_data': 'resample_data_or_seg_to_shape', 'resampling_fn_seg': 'resample_data_or_seg_to_shape', 'resampling_fn_data_kwargs': {'is_seg': False, 'order': 3, 'order_z': 0, 'force_separate_z': None}, 'resampling_fn_seg_kwargs': {'is_seg': True, 'order': 1, 'order_z': 0, 'force_separate_z': None}, 'resampling_fn_probabilities': 'resample_data_or_seg_to_shape', 'resampling_fn_probabilities_kwargs': {'is_seg': False, 'order': 1, 'order_z': 0, 'force_separate_z': None}, 'architecture': {'network_class_name': 'dynamic_network_architectures.architectures.unet.PlainConvUNet', 'arch_kwargs': {'n_stages': 6, 'features_per_stage': [32, 64, 128, 256, 320, 320], 'conv_op': 'torch.nn.modules.conv.Conv3d', 'kernel_sizes': [[3, 3, 3], [3, 3, 3], [3, 3, 3], [3, 3, 3], [3, 3, 3], [3, 3, 3]], 'strides': [[1, 1, 1], [2, 2, 2], [2, 2, 2], [2, 2, 2], [2, 2, 2], [2, 2, 2]], 'n_conv_per_stage': [2, 2, 2, 2, 2, 2], 'n_conv_per_stage_decoder': [2, 2, 2, 2, 2], 'conv_bias': True, 'norm_op': 'torch.nn.modules.instancenorm.InstanceNorm3d', 'norm_op_kwargs': {'eps': 1e-05, 'affine': True}, 'dropout_op': None, 'dropout_op_kwargs': None, 'nonlin': 'torch.nn.LeakyReLU', 'nonlin_kwargs': {'inplace': True}}, '_kw_requires_import': ['conv_op', 'norm_op', 'dropout_op', 'nonlin']}, 'batch_dice': False} 

These are the global plan.json settings:
 {'dataset_name': 'Dataset002_ATLAS', 'plans_name': 'nnUNetPlans', 'original_median_spacing_after_transp': [1.0, 1.0, 1.0], 'original_median_shape_after_transp': [149, 167, 138], 'image_reader_writer': 'SimpleITKIO', 'transpose_forward': [0, 1, 2], 'transpose_backward': [0, 1, 2], 'experiment_planner_used': 'ExperimentPlanner', 'label_manager': 'LabelManager', 'foreground_intensity_properties_per_channel': {'0': {'max': 57923.84375, 'mean': 504.29374022590616, 'median': 229.0031280517578, 'min': 0.0, 'percentile_00_5': 5.998413562774658, 'percentile_99_5': 4478.9052734375, 'std': 1415.2436182024787}}} 

2026-08-20 04:38:58.932243: Unable to plot network architecture: nnUNet_compile is enabled!
2026-08-20 04:38:58.949678: 
2026-08-20 04:38:58.950001: Epoch 0
2026-08-20 04:38:58.950428: Current learning rate: 0.01
2026-08-20 04:39:34.974326: train_loss 0.0524
2026-08-20 04:39:34.974603: val_loss 0.0026
2026-08-20 04:39:34.974666: Pseudo dice [np.float32(0.2005)]
2026-08-20 04:39:34.974759: Epoch time: 36.03 s
2026-08-20 04:39:34.974806: Yayy! New best EMA pseudo Dice: 0.2004999965429306
2026-08-20 04:39:35.851413: 
2026-08-20 04:39:35.851662: Epoch 1
2026-08-20 04:39:35.851743: Current learning rate: 0.00999
2026-08-20 04:40:06.019470: train_loss -0.0448
2026-08-20 04:40:06.019778: val_loss -0.1199
2026-08-20 04:40:06.019838: Pseudo dice [np.float32(0.3714)]
2026-08-20 04:40:06.019966: Epoch time: 30.17 s
2026-08-20 04:40:06.020049: Yayy! New best EMA pseudo Dice: 0.2176000028848648
2026-08-20 04:40:07.223072: 
2026-08-20 04:40:07.223171: Epoch 2
2026-08-20 04:40:07.223240: Current learning rate: 0.00998
2026-08-20 04:40:37.416752: train_loss -0.1305
2026-08-20 04:40:37.416993: val_loss -0.1804
2026-08-20 04:40:37.417059: Pseudo dice [np.float32(0.4612)]
2026-08-20 04:40:37.417130: Epoch time: 30.19 s
2026-08-20 04:40:37.417179: Yayy! New best EMA pseudo Dice: 0.2418999969959259
2026-08-20 04:40:38.480872: 
2026-08-20 04:40:38.480983: Epoch 3
2026-08-20 04:40:38.481057: Current learning rate: 0.00997
2026-08-20 04:41:08.751666: train_loss -0.1748
2026-08-20 04:41:08.751897: val_loss -0.2254
2026-08-20 04:41:08.751960: Pseudo dice [np.float32(0.5256)]
2026-08-20 04:41:08.752031: Epoch time: 30.27 s
2026-08-20 04:41:08.752080: Yayy! New best EMA pseudo Dice: 0.2703000009059906
2026-08-20 04:41:09.782666: 
2026-08-20 04:41:09.782819: Epoch 4
2026-08-20 04:41:09.782932: Current learning rate: 0.00996
2026-08-20 04:41:40.190012: train_loss -0.2216
2026-08-20 04:41:40.190222: val_loss -0.2574
2026-08-20 04:41:40.190284: Pseudo dice [np.float32(0.5423)]
2026-08-20 04:41:40.190358: Epoch time: 30.41 s
2026-08-20 04:41:40.190406: Yayy! New best EMA pseudo Dice: 0.29750001430511475
2026-08-20 04:41:41.260592: 
2026-08-20 04:41:41.260721: Epoch 5
2026-08-20 04:41:41.260798: Current learning rate: 0.00995
2026-08-20 04:42:11.644821: train_loss -0.247
2026-08-20 04:42:11.645092: val_loss -0.2594
2026-08-20 04:42:11.645155: Pseudo dice [np.float32(0.5492)]
2026-08-20 04:42:11.645231: Epoch time: 30.39 s
2026-08-20 04:42:11.645278: Yayy! New best EMA pseudo Dice: 0.32269999384880066
2026-08-20 04:42:12.731242: 
2026-08-20 04:42:12.731400: Epoch 6
2026-08-20 04:42:12.731474: Current learning rate: 0.00995
2026-08-20 04:42:43.193181: train_loss -0.2395
2026-08-20 04:42:43.193398: val_loss -0.2917
2026-08-20 04:42:43.193551: Pseudo dice [np.float32(0.5877)]
2026-08-20 04:42:43.193623: Epoch time: 30.46 s
2026-08-20 04:42:43.193666: Yayy! New best EMA pseudo Dice: 0.3492000102996826
2026-08-20 04:42:44.531872: 
2026-08-20 04:42:44.531986: Epoch 7
2026-08-20 04:42:44.532059: Current learning rate: 0.00994
2026-08-20 04:43:14.941566: train_loss -0.2621
2026-08-20 04:43:14.941754: val_loss -0.2939
2026-08-20 04:43:14.941816: Pseudo dice [np.float32(0.6301)]
2026-08-20 04:43:14.941892: Epoch time: 30.41 s
2026-08-20 04:43:14.941938: Yayy! New best EMA pseudo Dice: 0.3772999942302704
2026-08-20 04:43:16.000329: 
2026-08-20 04:43:16.000464: Epoch 8
2026-08-20 04:43:16.000545: Current learning rate: 0.00993
2026-08-20 04:43:46.400605: train_loss -0.3102
2026-08-20 04:43:46.400805: val_loss -0.3592
2026-08-20 04:43:46.400874: Pseudo dice [np.float32(0.6385)]
2026-08-20 04:43:46.400946: Epoch time: 30.4 s
2026-08-20 04:43:46.400995: Yayy! New best EMA pseudo Dice: 0.4034000039100647
2026-08-20 04:43:47.455131: 
2026-08-20 04:43:47.455469: Epoch 9
2026-08-20 04:43:47.455564: Current learning rate: 0.00992
2026-08-20 04:44:17.912980: train_loss -0.3111
2026-08-20 04:44:17.913188: val_loss -0.3261
2026-08-20 04:44:17.913250: Pseudo dice [np.float32(0.6586)]
2026-08-20 04:44:17.913323: Epoch time: 30.46 s
2026-08-20 04:44:18.121789: Yayy! New best EMA pseudo Dice: 0.42890000343322754
2026-08-20 04:44:19.201694: 
2026-08-20 04:44:19.201824: Epoch 10
2026-08-20 04:44:19.201943: Current learning rate: 0.00991
2026-08-20 04:44:49.470310: train_loss -0.2792
2026-08-20 04:44:49.470506: val_loss -0.3573
2026-08-20 04:44:49.470564: Pseudo dice [np.float32(0.6873)]
2026-08-20 04:44:49.470638: Epoch time: 30.27 s
2026-08-20 04:44:49.470682: Yayy! New best EMA pseudo Dice: 0.4546999931335449
2026-08-20 04:44:50.583017: 
2026-08-20 04:44:50.583151: Epoch 11
2026-08-20 04:44:50.583235: Current learning rate: 0.0099
2026-08-20 04:45:20.893310: train_loss -0.2876
2026-08-20 04:45:20.893508: val_loss -0.2782
2026-08-20 04:45:20.893568: Pseudo dice [np.float32(0.5951)]
2026-08-20 04:45:20.893641: Epoch time: 30.31 s
2026-08-20 04:45:20.893688: Yayy! New best EMA pseudo Dice: 0.46880000829696655
2026-08-20 04:45:21.938227: 
2026-08-20 04:45:21.938331: Epoch 12
2026-08-20 04:45:21.938403: Current learning rate: 0.00989
2026-08-20 04:45:52.296615: train_loss -0.3149
2026-08-20 04:45:52.296806: val_loss -0.2915
2026-08-20 04:45:52.296872: Pseudo dice [np.float32(0.5273)]
2026-08-20 04:45:52.297010: Epoch time: 30.36 s
2026-08-20 04:45:52.297063: Yayy! New best EMA pseudo Dice: 0.4745999872684479
2026-08-20 04:45:53.359303: 
2026-08-20 04:45:53.359457: Epoch 13
2026-08-20 04:45:53.359531: Current learning rate: 0.00988
2026-08-20 04:46:23.828989: train_loss -0.3172
2026-08-20 04:46:23.829164: val_loss -0.333
2026-08-20 04:46:23.829219: Pseudo dice [np.float32(0.6486)]
2026-08-20 04:46:23.829283: Epoch time: 30.47 s
2026-08-20 04:46:23.829327: Yayy! New best EMA pseudo Dice: 0.492000013589859
2026-08-20 04:46:25.102979: 
2026-08-20 04:46:25.103122: Epoch 14
2026-08-20 04:46:25.103197: Current learning rate: 0.00987
2026-08-20 04:46:55.497402: train_loss -0.3579
2026-08-20 04:46:55.497573: val_loss -0.3376
2026-08-20 04:46:55.497630: Pseudo dice [np.float32(0.6505)]
2026-08-20 04:46:55.497692: Epoch time: 30.4 s
2026-08-20 04:46:55.497738: Yayy! New best EMA pseudo Dice: 0.5078999996185303
2026-08-20 04:46:56.535213: 
2026-08-20 04:46:56.535385: Epoch 15
2026-08-20 04:46:56.535460: Current learning rate: 0.00986
2026-08-20 04:47:27.017754: train_loss -0.3408
2026-08-20 04:47:27.017972: val_loss -0.3594
2026-08-20 04:47:27.018030: Pseudo dice [np.float32(0.6796)]
2026-08-20 04:47:27.018098: Epoch time: 30.48 s
2026-08-20 04:47:27.018143: Yayy! New best EMA pseudo Dice: 0.5250999927520752
2026-08-20 04:47:28.141383: 
2026-08-20 04:47:28.141492: Epoch 16
2026-08-20 04:47:28.141562: Current learning rate: 0.00986
2026-08-20 04:47:58.615197: train_loss -0.367
2026-08-20 04:47:58.615417: val_loss -0.3906
2026-08-20 04:47:58.615480: Pseudo dice [np.float32(0.7087)]
2026-08-20 04:47:58.615552: Epoch time: 30.47 s
2026-08-20 04:47:58.615600: Yayy! New best EMA pseudo Dice: 0.54339998960495
2026-08-20 04:47:59.739604: 
2026-08-20 04:47:59.739836: Epoch 17
2026-08-20 04:47:59.739924: Current learning rate: 0.00985
2026-08-20 04:48:30.244615: train_loss -0.346
2026-08-20 04:48:30.244798: val_loss -0.3936
2026-08-20 04:48:30.244864: Pseudo dice [np.float32(0.6645)]
2026-08-20 04:48:30.244932: Epoch time: 30.51 s
2026-08-20 04:48:30.244976: Yayy! New best EMA pseudo Dice: 0.5554999709129333
2026-08-20 04:48:31.314740: 
2026-08-20 04:48:31.314987: Epoch 18
2026-08-20 04:48:31.315063: Current learning rate: 0.00984
2026-08-20 04:49:01.738654: train_loss -0.4053
2026-08-20 04:49:01.738844: val_loss -0.455
2026-08-20 04:49:01.738973: Pseudo dice [np.float32(0.7052)]
2026-08-20 04:49:01.739046: Epoch time: 30.42 s
2026-08-20 04:49:01.739094: Yayy! New best EMA pseudo Dice: 0.5705000162124634
2026-08-20 04:49:03.069714: 
2026-08-20 04:49:03.069966: Epoch 19
2026-08-20 04:49:03.070039: Current learning rate: 0.00983
2026-08-20 04:49:33.421959: train_loss -0.3589
2026-08-20 04:49:33.422125: val_loss -0.418
2026-08-20 04:49:33.422184: Pseudo dice [np.float32(0.7137)]
2026-08-20 04:49:33.422246: Epoch time: 30.35 s
2026-08-20 04:49:33.684245: Yayy! New best EMA pseudo Dice: 0.5848000049591064
2026-08-20 04:49:34.717831: 
2026-08-20 04:49:34.717956: Epoch 20
2026-08-20 04:49:34.718028: Current learning rate: 0.00982
2026-08-20 04:50:05.211945: train_loss -0.3876
2026-08-20 04:50:05.212121: val_loss -0.4226
2026-08-20 04:50:05.212181: Pseudo dice [np.float32(0.7051)]
2026-08-20 04:50:05.212245: Epoch time: 30.5 s
2026-08-20 04:50:05.212292: Yayy! New best EMA pseudo Dice: 0.5968000292778015
2026-08-20 04:50:06.488717: 
2026-08-20 04:50:06.488987: Epoch 21
2026-08-20 04:50:06.489061: Current learning rate: 0.00981
2026-08-20 04:50:36.887495: train_loss -0.3757
2026-08-20 04:50:36.887745: val_loss -0.4225
2026-08-20 04:50:36.887805: Pseudo dice [np.float32(0.7314)]
2026-08-20 04:50:36.887882: Epoch time: 30.4 s
2026-08-20 04:50:36.887930: Yayy! New best EMA pseudo Dice: 0.6103000044822693
2026-08-20 04:50:38.191336: 
2026-08-20 04:50:38.191602: Epoch 22
2026-08-20 04:50:38.191690: Current learning rate: 0.0098
2026-08-20 04:51:08.510950: train_loss -0.4136
2026-08-20 04:51:08.511162: val_loss -0.4087
2026-08-20 04:51:08.511223: Pseudo dice [np.float32(0.717)]
2026-08-20 04:51:08.511297: Epoch time: 30.32 s
2026-08-20 04:51:08.511344: Yayy! New best EMA pseudo Dice: 0.6209999918937683
2026-08-20 04:51:09.687265: 
2026-08-20 04:51:09.687513: Epoch 23
2026-08-20 04:51:09.687597: Current learning rate: 0.00979
2026-08-20 04:51:40.205679: train_loss -0.425
2026-08-20 04:51:40.205885: val_loss -0.4778
2026-08-20 04:51:40.205946: Pseudo dice [np.float32(0.7368)]
2026-08-20 04:51:40.206015: Epoch time: 30.52 s
2026-08-20 04:51:40.206061: Yayy! New best EMA pseudo Dice: 0.6324999928474426
2026-08-20 04:51:41.239558: 
2026-08-20 04:51:41.239698: Epoch 24
2026-08-20 04:51:41.239782: Current learning rate: 0.00978
2026-08-20 04:52:11.747986: train_loss -0.3842
2026-08-20 04:52:11.748499: val_loss -0.4487
2026-08-20 04:52:11.748570: Pseudo dice [np.float32(0.6836)]
2026-08-20 04:52:11.749025: Epoch time: 30.51 s
2026-08-20 04:52:11.749090: Yayy! New best EMA pseudo Dice: 0.6377000212669373
2026-08-20 04:52:12.838753: 
2026-08-20 04:52:12.839059: Epoch 25
2026-08-20 04:52:12.839147: Current learning rate: 0.00977
2026-08-20 04:52:43.307518: train_loss -0.4196
2026-08-20 04:52:43.307766: val_loss -0.4704
2026-08-20 04:52:43.307830: Pseudo dice [np.float32(0.7463)]
2026-08-20 04:52:43.307909: Epoch time: 30.47 s
2026-08-20 04:52:43.307957: Yayy! New best EMA pseudo Dice: 0.6485000252723694
2026-08-20 04:52:44.346892: 
2026-08-20 04:52:44.347091: Epoch 26
2026-08-20 04:52:44.347166: Current learning rate: 0.00977
2026-08-20 04:53:14.882156: train_loss -0.408
2026-08-20 04:53:14.882385: val_loss -0.439
2026-08-20 04:53:14.882447: Pseudo dice [np.float32(0.7053)]
2026-08-20 04:53:14.882521: Epoch time: 30.54 s
2026-08-20 04:53:14.882578: Yayy! New best EMA pseudo Dice: 0.65420001745224
2026-08-20 04:53:16.052847: 
2026-08-20 04:53:16.052996: Epoch 27
2026-08-20 04:53:16.053132: Current learning rate: 0.00976
2026-08-20 04:53:46.356487: train_loss -0.446
2026-08-20 04:53:46.356714: val_loss -0.4265
2026-08-20 04:53:46.356776: Pseudo dice [np.float32(0.7076)]
2026-08-20 04:53:46.356911: Epoch time: 30.3 s
2026-08-20 04:53:46.356993: Yayy! New best EMA pseudo Dice: 0.659500002861023
2026-08-20 04:53:47.491468: 
2026-08-20 04:53:47.491658: Epoch 28
2026-08-20 04:53:47.491741: Current learning rate: 0.00975
2026-08-20 04:54:17.876281: train_loss -0.4179
2026-08-20 04:54:17.876518: val_loss -0.4417
2026-08-20 04:54:17.876578: Pseudo dice [np.float32(0.7344)]
2026-08-20 04:54:17.876643: Epoch time: 30.39 s
2026-08-20 04:54:17.876686: Yayy! New best EMA pseudo Dice: 0.6669999957084656
2026-08-20 04:54:18.920646: 
2026-08-20 04:54:18.920749: Epoch 29
2026-08-20 04:54:18.920822: Current learning rate: 0.00974
2026-08-20 04:54:49.422012: train_loss -0.4326
2026-08-20 04:54:49.422214: val_loss -0.4613
2026-08-20 04:54:49.422273: Pseudo dice [np.float32(0.7347)]
2026-08-20 04:54:49.422342: Epoch time: 30.5 s
2026-08-20 04:54:49.703957: Yayy! New best EMA pseudo Dice: 0.673799991607666
2026-08-20 04:54:50.747441: 
2026-08-20 04:54:50.747619: Epoch 30
2026-08-20 04:54:50.747689: Current learning rate: 0.00973
2026-08-20 04:55:21.157913: train_loss -0.426
2026-08-20 04:55:21.158189: val_loss -0.4007
2026-08-20 04:55:21.158251: Pseudo dice [np.float32(0.6627)]
2026-08-20 04:55:21.158324: Epoch time: 30.41 s
2026-08-20 04:55:22.317386: 
2026-08-20 04:55:22.317676: Epoch 31
2026-08-20 04:55:22.317753: Current learning rate: 0.00972
2026-08-20 04:55:52.885734: train_loss -0.4162
2026-08-20 04:55:52.885981: val_loss -0.4417
2026-08-20 04:55:52.886045: Pseudo dice [np.float32(0.6928)]
2026-08-20 04:55:52.886159: Epoch time: 30.57 s
2026-08-20 04:55:52.886210: Yayy! New best EMA pseudo Dice: 0.6747000217437744
2026-08-20 04:55:53.965920: 
2026-08-20 04:55:53.966150: Epoch 32
2026-08-20 04:55:53.966225: Current learning rate: 0.00971
2026-08-20 04:56:24.525766: train_loss -0.4348
2026-08-20 04:56:24.526005: val_loss -0.4839
2026-08-20 04:56:24.526067: Pseudo dice [np.float32(0.7784)]
2026-08-20 04:56:24.526149: Epoch time: 30.56 s
2026-08-20 04:56:24.526196: Yayy! New best EMA pseudo Dice: 0.6851000189781189
2026-08-20 04:56:25.586379: 
2026-08-20 04:56:25.586546: Epoch 33
2026-08-20 04:56:25.586644: Current learning rate: 0.0097
2026-08-20 04:56:56.097718: train_loss -0.4554
2026-08-20 04:56:56.097996: val_loss -0.4814
2026-08-20 04:56:56.098056: Pseudo dice [np.float32(0.7462)]
2026-08-20 04:56:56.098132: Epoch time: 30.51 s
2026-08-20 04:56:56.098178: Yayy! New best EMA pseudo Dice: 0.6912000179290771
2026-08-20 04:56:57.168454: 
2026-08-20 04:56:57.168739: Epoch 34
2026-08-20 04:56:57.168833: Current learning rate: 0.00969
2026-08-20 04:57:27.519671: train_loss -0.4447
2026-08-20 04:57:27.519920: val_loss -0.408
2026-08-20 04:57:27.519986: Pseudo dice [np.float32(0.7334)]
2026-08-20 04:57:27.520468: Epoch time: 30.35 s
2026-08-20 04:57:27.520537: Yayy! New best EMA pseudo Dice: 0.6953999996185303
2026-08-20 04:57:28.840742: 
2026-08-20 04:57:28.840863: Epoch 35
2026-08-20 04:57:28.840940: Current learning rate: 0.00968
2026-08-20 04:57:59.184257: train_loss -0.4576
2026-08-20 04:57:59.184459: val_loss -0.4277
2026-08-20 04:57:59.184520: Pseudo dice [np.float32(0.7077)]
2026-08-20 04:57:59.184594: Epoch time: 30.34 s
2026-08-20 04:57:59.184640: Yayy! New best EMA pseudo Dice: 0.6966000199317932
2026-08-20 04:58:00.474286: 
2026-08-20 04:58:00.474438: Epoch 36
2026-08-20 04:58:00.474516: Current learning rate: 0.00968
2026-08-20 04:58:30.845427: train_loss -0.4613
2026-08-20 04:58:30.845608: val_loss -0.4911
2026-08-20 04:58:30.845669: Pseudo dice [np.float32(0.7712)]
2026-08-20 04:58:30.845734: Epoch time: 30.37 s
2026-08-20 04:58:30.845779: Yayy! New best EMA pseudo Dice: 0.7041000127792358
2026-08-20 04:58:31.913970: 
2026-08-20 04:58:31.914274: Epoch 37
2026-08-20 04:58:31.914365: Current learning rate: 0.00967
2026-08-20 04:59:02.512797: train_loss -0.4538
2026-08-20 04:59:02.513026: val_loss -0.4504
2026-08-20 04:59:02.513088: Pseudo dice [np.float32(0.7252)]
2026-08-20 04:59:02.513163: Epoch time: 30.6 s
2026-08-20 04:59:02.513211: Yayy! New best EMA pseudo Dice: 0.7062000036239624
2026-08-20 04:59:03.601388: 
2026-08-20 04:59:03.601657: Epoch 38
2026-08-20 04:59:03.601752: Current learning rate: 0.00966
2026-08-20 04:59:34.204582: train_loss -0.4664
2026-08-20 04:59:34.204829: val_loss -0.4442
2026-08-20 04:59:34.204895: Pseudo dice [np.float32(0.7365)]
2026-08-20 04:59:34.204972: Epoch time: 30.6 s
2026-08-20 04:59:34.205018: Yayy! New best EMA pseudo Dice: 0.7092000246047974
2026-08-20 04:59:35.497557: 
2026-08-20 04:59:35.497665: Epoch 39
2026-08-20 04:59:35.497739: Current learning rate: 0.00965
2026-08-20 05:00:05.933777: train_loss -0.4699
2026-08-20 05:00:05.934015: val_loss -0.4236
2026-08-20 05:00:05.934077: Pseudo dice [np.float32(0.7495)]
2026-08-20 05:00:05.934151: Epoch time: 30.44 s
2026-08-20 05:00:06.209977: Yayy! New best EMA pseudo Dice: 0.7132999897003174
2026-08-20 05:00:07.753861: 
2026-08-20 05:00:07.754014: Epoch 40
2026-08-20 05:00:07.754092: Current learning rate: 0.00964
2026-08-20 05:00:38.165559: train_loss -0.4394
2026-08-20 05:00:38.165778: val_loss -0.461
2026-08-20 05:00:38.165838: Pseudo dice [np.float32(0.7043)]
2026-08-20 05:00:38.165912: Epoch time: 30.41 s
2026-08-20 05:00:38.963705: 
2026-08-20 05:00:38.963895: Epoch 41
2026-08-20 05:00:38.964044: Current learning rate: 0.00963
2026-08-20 05:01:09.482424: train_loss -0.4432
2026-08-20 05:01:09.482704: val_loss -0.5076
2026-08-20 05:01:09.482767: Pseudo dice [np.float32(0.728)]
2026-08-20 05:01:09.482834: Epoch time: 30.52 s
2026-08-20 05:01:09.482888: Yayy! New best EMA pseudo Dice: 0.7139000296592712
2026-08-20 05:01:10.737172: 
2026-08-20 05:01:10.737303: Epoch 42
2026-08-20 05:01:10.737387: Current learning rate: 0.00962
2026-08-20 05:01:41.433478: train_loss -0.4493
2026-08-20 05:01:41.433668: val_loss -0.5084
2026-08-20 05:01:41.433725: Pseudo dice [np.float32(0.7465)]
2026-08-20 05:01:41.433796: Epoch time: 30.7 s
2026-08-20 05:01:41.433841: Yayy! New best EMA pseudo Dice: 0.717199981212616
2026-08-20 05:01:42.886583: 
2026-08-20 05:01:42.886714: Epoch 43
2026-08-20 05:01:42.886794: Current learning rate: 0.00961
2026-08-20 05:02:13.322163: train_loss -0.4703
2026-08-20 05:02:13.322394: val_loss -0.4618
2026-08-20 05:02:13.322454: Pseudo dice [np.float32(0.7173)]
2026-08-20 05:02:13.322531: Epoch time: 30.44 s
2026-08-20 05:02:13.322578: Yayy! New best EMA pseudo Dice: 0.717199981212616
2026-08-20 05:02:14.373379: 
2026-08-20 05:02:14.373599: Epoch 44
2026-08-20 05:02:14.373680: Current learning rate: 0.0096
2026-08-20 05:02:44.908986: train_loss -0.4648
2026-08-20 05:02:44.909191: val_loss -0.5493
2026-08-20 05:02:44.909311: Pseudo dice [np.float32(0.7565)]
2026-08-20 05:02:44.909388: Epoch time: 30.54 s
2026-08-20 05:02:44.909438: Yayy! New best EMA pseudo Dice: 0.7210999727249146
2026-08-20 05:02:45.963701: 
2026-08-20 05:02:45.963996: Epoch 45
2026-08-20 05:02:45.964073: Current learning rate: 0.00959
2026-08-20 05:03:16.317868: train_loss -0.4713
2026-08-20 05:03:16.318079: val_loss -0.4641
2026-08-20 05:03:16.318141: Pseudo dice [np.float32(0.738)]
2026-08-20 05:03:16.318208: Epoch time: 30.36 s
2026-08-20 05:03:16.318253: Yayy! New best EMA pseudo Dice: 0.7228000164031982
2026-08-20 05:03:17.382902: 
2026-08-20 05:03:17.383044: Epoch 46
2026-08-20 05:03:17.383113: Current learning rate: 0.00959
2026-08-20 05:03:47.764301: train_loss -0.4444
2026-08-20 05:03:47.764497: val_loss -0.5115
2026-08-20 05:03:47.764556: Pseudo dice [np.float32(0.731)]
2026-08-20 05:03:47.764624: Epoch time: 30.38 s
2026-08-20 05:03:47.764742: Yayy! New best EMA pseudo Dice: 0.7235999703407288
2026-08-20 05:03:48.810166: 
2026-08-20 05:03:48.810285: Epoch 47
2026-08-20 05:03:48.810360: Current learning rate: 0.00958
2026-08-20 05:04:19.344012: train_loss -0.4908
2026-08-20 05:04:19.344186: val_loss -0.4559
2026-08-20 05:04:19.344243: Pseudo dice [np.float32(0.7271)]
2026-08-20 05:04:19.344312: Epoch time: 30.53 s
2026-08-20 05:04:19.344362: Yayy! New best EMA pseudo Dice: 0.7239999771118164
2026-08-20 05:04:20.518405: 
2026-08-20 05:04:20.518528: Epoch 48
2026-08-20 05:04:20.518603: Current learning rate: 0.00957
2026-08-20 05:04:51.104415: train_loss -0.4039
2026-08-20 05:04:51.104633: val_loss -0.4921
2026-08-20 05:04:51.104697: Pseudo dice [np.float32(0.7058)]
2026-08-20 05:04:51.104769: Epoch time: 30.59 s
2026-08-20 05:04:51.869200: 
2026-08-20 05:04:51.869358: Epoch 49
2026-08-20 05:04:51.869442: Current learning rate: 0.00956
2026-08-20 05:05:22.212790: train_loss -0.4475
2026-08-20 05:05:22.213018: val_loss -0.4679
2026-08-20 05:05:22.213077: Pseudo dice [np.float32(0.7069)]
2026-08-20 05:05:22.213152: Epoch time: 30.34 s
2026-08-20 05:05:23.268665: 
2026-08-20 05:05:23.268882: Epoch 50
2026-08-20 05:05:23.268956: Current learning rate: 0.00955
2026-08-20 05:05:53.725351: train_loss -0.4756
2026-08-20 05:05:53.725569: val_loss -0.4882
2026-08-20 05:05:53.725628: Pseudo dice [np.float32(0.7217)]
2026-08-20 05:05:53.725701: Epoch time: 30.46 s
2026-08-20 05:05:54.490673: 
2026-08-20 05:05:54.490936: Epoch 51
2026-08-20 05:05:54.491036: Current learning rate: 0.00954
2026-08-20 05:06:25.008916: train_loss -0.4731
2026-08-20 05:06:25.009115: val_loss -0.5234
2026-08-20 05:06:25.009173: Pseudo dice [np.float32(0.7423)]
2026-08-20 05:06:25.009239: Epoch time: 30.52 s
2026-08-20 05:06:25.775784: 
2026-08-20 05:06:25.775932: Epoch 52
2026-08-20 05:06:25.776012: Current learning rate: 0.00953
2026-08-20 05:06:56.333340: train_loss -0.4675
2026-08-20 05:06:56.333582: val_loss -0.489
2026-08-20 05:06:56.333645: Pseudo dice [np.float32(0.7801)]
2026-08-20 05:06:56.333717: Epoch time: 30.56 s
2026-08-20 05:06:56.333765: Yayy! New best EMA pseudo Dice: 0.728600025177002
2026-08-20 05:06:57.393054: 
2026-08-20 05:06:57.393176: Epoch 53
2026-08-20 05:06:57.393251: Current learning rate: 0.00952
2026-08-20 05:07:27.810811: train_loss -0.432
2026-08-20 05:07:27.811041: val_loss -0.4469
2026-08-20 05:07:27.811103: Pseudo dice [np.float32(0.7218)]
2026-08-20 05:07:27.811182: Epoch time: 30.42 s
2026-08-20 05:07:28.580400: 
2026-08-20 05:07:28.580544: Epoch 54
2026-08-20 05:07:28.580618: Current learning rate: 0.00951
2026-08-20 05:07:59.051567: train_loss -0.4578
2026-08-20 05:07:59.051785: val_loss -0.5023
2026-08-20 05:07:59.051844: Pseudo dice [np.float32(0.7173)]
2026-08-20 05:07:59.051921: Epoch time: 30.47 s
2026-08-20 05:08:00.126928: 
2026-08-20 05:08:00.127074: Epoch 55
2026-08-20 05:08:00.127149: Current learning rate: 0.0095
2026-08-20 05:08:30.452418: train_loss -0.4804
2026-08-20 05:08:30.452642: val_loss -0.4988
2026-08-20 05:08:30.452708: Pseudo dice [np.float32(0.7251)]
2026-08-20 05:08:30.452778: Epoch time: 30.33 s
2026-08-20 05:08:31.222240: 
2026-08-20 05:08:31.222357: Epoch 56
2026-08-20 05:08:31.222429: Current learning rate: 0.00949
2026-08-20 05:09:01.605576: train_loss -0.4795
2026-08-20 05:09:01.605794: val_loss -0.4687
2026-08-20 05:09:01.606196: Pseudo dice [np.float32(0.7295)]
2026-08-20 05:09:01.606272: Epoch time: 30.38 s
2026-08-20 05:09:02.375010: 
2026-08-20 05:09:02.375271: Epoch 57
2026-08-20 05:09:02.375353: Current learning rate: 0.00949
2026-08-20 05:09:32.864538: train_loss -0.4987
2026-08-20 05:09:32.864720: val_loss -0.4828
2026-08-20 05:09:32.864779: Pseudo dice [np.float32(0.7744)]
2026-08-20 05:09:32.864847: Epoch time: 30.49 s
2026-08-20 05:09:32.864903: Yayy! New best EMA pseudo Dice: 0.7317000031471252
2026-08-20 05:09:34.019791: 
2026-08-20 05:09:34.019916: Epoch 58
2026-08-20 05:09:34.019988: Current learning rate: 0.00948
2026-08-20 05:10:04.462870: train_loss -0.4924
2026-08-20 05:10:04.463094: val_loss -0.4885
2026-08-20 05:10:04.463158: Pseudo dice [np.float32(0.7528)]
2026-08-20 05:10:04.463229: Epoch time: 30.44 s
2026-08-20 05:10:04.463280: Yayy! New best EMA pseudo Dice: 0.7337999939918518
2026-08-20 05:10:05.526808: 
2026-08-20 05:10:05.526952: Epoch 59
2026-08-20 05:10:05.527024: Current learning rate: 0.00947
2026-08-20 05:10:36.005693: train_loss -0.4507
2026-08-20 05:10:36.005901: val_loss -0.4379
2026-08-20 05:10:36.005991: Pseudo dice [np.float32(0.7439)]
2026-08-20 05:10:36.006058: Epoch time: 30.48 s
2026-08-20 05:10:36.294223: Yayy! New best EMA pseudo Dice: 0.7347999811172485
2026-08-20 05:10:37.353931: 
2026-08-20 05:10:37.354043: Epoch 60
2026-08-20 05:10:37.354111: Current learning rate: 0.00946
2026-08-20 05:11:07.757979: train_loss -0.473
2026-08-20 05:11:07.758502: val_loss -0.5013
2026-08-20 05:11:07.758745: Pseudo dice [np.float32(0.7755)]
2026-08-20 05:11:07.758949: Epoch time: 30.4 s
2026-08-20 05:11:07.759309: Yayy! New best EMA pseudo Dice: 0.7389000058174133
2026-08-20 05:11:08.952792: 
2026-08-20 05:11:08.953043: Epoch 61
2026-08-20 05:11:08.953122: Current learning rate: 0.00945
2026-08-20 05:11:39.467087: train_loss -0.5149
2026-08-20 05:11:39.467297: val_loss -0.516
2026-08-20 05:11:39.467362: Pseudo dice [np.float32(0.7868)]
2026-08-20 05:11:39.467429: Epoch time: 30.52 s
2026-08-20 05:11:39.467479: Yayy! New best EMA pseudo Dice: 0.7437000274658203
2026-08-20 05:11:40.528779: 
2026-08-20 05:11:40.528914: Epoch 62
2026-08-20 05:11:40.529018: Current learning rate: 0.00944
2026-08-20 05:12:10.925343: train_loss -0.5077
2026-08-20 05:12:10.925536: val_loss -0.5279
2026-08-20 05:12:10.925595: Pseudo dice [np.float32(0.7757)]
2026-08-20 05:12:10.925661: Epoch time: 30.4 s
2026-08-20 05:12:10.925708: Yayy! New best EMA pseudo Dice: 0.7469000220298767
2026-08-20 05:12:11.978623: 
2026-08-20 05:12:11.978776: Epoch 63
2026-08-20 05:12:11.978861: Current learning rate: 0.00943
2026-08-20 05:12:42.465616: train_loss -0.4778
2026-08-20 05:12:42.465794: val_loss -0.4882
2026-08-20 05:12:42.465851: Pseudo dice [np.float32(0.7751)]
2026-08-20 05:12:42.465935: Epoch time: 30.49 s
2026-08-20 05:12:42.465983: Yayy! New best EMA pseudo Dice: 0.7497000098228455
2026-08-20 05:12:43.529102: 
2026-08-20 05:12:43.529318: Epoch 64
2026-08-20 05:12:43.529391: Current learning rate: 0.00942
2026-08-20 05:13:13.903075: train_loss -0.4762
2026-08-20 05:13:13.903257: val_loss -0.5212
2026-08-20 05:13:13.903313: Pseudo dice [np.float32(0.7578)]
2026-08-20 05:13:13.903376: Epoch time: 30.37 s
2026-08-20 05:13:13.903421: Yayy! New best EMA pseudo Dice: 0.7505000233650208
2026-08-20 05:13:14.977729: 
2026-08-20 05:13:14.977864: Epoch 65
2026-08-20 05:13:14.977947: Current learning rate: 0.00941
2026-08-20 05:13:45.476367: train_loss -0.489
2026-08-20 05:13:45.476591: val_loss -0.5137
2026-08-20 05:13:45.476655: Pseudo dice [np.float32(0.7677)]
2026-08-20 05:13:45.476727: Epoch time: 30.5 s
2026-08-20 05:13:45.476774: Yayy! New best EMA pseudo Dice: 0.7522000074386597
2026-08-20 05:13:46.548144: 
2026-08-20 05:13:46.548271: Epoch 66
2026-08-20 05:13:46.548344: Current learning rate: 0.0094
2026-08-20 05:14:17.057617: train_loss -0.4932
2026-08-20 05:14:17.057809: val_loss -0.4803
2026-08-20 05:14:17.057873: Pseudo dice [np.float32(0.7438)]
2026-08-20 05:14:17.057942: Epoch time: 30.51 s
2026-08-20 05:14:18.136846: 
2026-08-20 05:14:18.137091: Epoch 67
2026-08-20 05:14:18.137200: Current learning rate: 0.00939
2026-08-20 05:14:48.677908: train_loss -0.5205
2026-08-20 05:14:48.678122: val_loss -0.5189
2026-08-20 05:14:48.678181: Pseudo dice [np.float32(0.7803)]
2026-08-20 05:14:48.678252: Epoch time: 30.54 s
2026-08-20 05:14:48.678297: Yayy! New best EMA pseudo Dice: 0.7542999982833862
2026-08-20 05:14:49.745229: 
2026-08-20 05:14:49.745374: Epoch 68
2026-08-20 05:14:49.745446: Current learning rate: 0.00939
2026-08-20 05:15:20.312224: train_loss -0.4778
2026-08-20 05:15:20.312454: val_loss -0.5451
2026-08-20 05:15:20.312515: Pseudo dice [np.float32(0.7571)]
2026-08-20 05:15:20.312587: Epoch time: 30.57 s
2026-08-20 05:15:20.312636: Yayy! New best EMA pseudo Dice: 0.7545999884605408
2026-08-20 05:15:21.380018: 
2026-08-20 05:15:21.380150: Epoch 69
2026-08-20 05:15:21.380224: Current learning rate: 0.00938
2026-08-20 05:15:51.864059: train_loss -0.5027
2026-08-20 05:15:51.864366: val_loss -0.5399
2026-08-20 05:15:51.864427: Pseudo dice [np.float32(0.793)]
2026-08-20 05:15:51.864496: Epoch time: 30.48 s
2026-08-20 05:15:52.169146: Yayy! New best EMA pseudo Dice: 0.758400022983551
2026-08-20 05:15:53.539613: 
2026-08-20 05:15:53.539770: Epoch 70
2026-08-20 05:15:53.539859: Current learning rate: 0.00937
2026-08-20 05:16:24.081682: train_loss -0.4864
2026-08-20 05:16:24.081973: val_loss -0.5052
2026-08-20 05:16:24.082036: Pseudo dice [np.float32(0.7524)]
2026-08-20 05:16:24.082106: Epoch time: 30.54 s
2026-08-20 05:16:24.870943: 
2026-08-20 05:16:24.871181: Epoch 71
2026-08-20 05:16:24.871255: Current learning rate: 0.00936
2026-08-20 05:16:55.422940: train_loss -0.508
2026-08-20 05:16:55.423210: val_loss -0.5637
2026-08-20 05:16:55.423276: Pseudo dice [np.float32(0.7768)]
2026-08-20 05:16:55.423398: Epoch time: 30.55 s
2026-08-20 05:16:55.423450: Yayy! New best EMA pseudo Dice: 0.7597000002861023
2026-08-20 05:16:56.511539: 
2026-08-20 05:16:56.511804: Epoch 72
2026-08-20 05:16:56.511928: Current learning rate: 0.00935
2026-08-20 05:17:26.897596: train_loss -0.4737
2026-08-20 05:17:26.897815: val_loss -0.4793
2026-08-20 05:17:26.897885: Pseudo dice [np.float32(0.7395)]
2026-08-20 05:17:26.897957: Epoch time: 30.39 s
2026-08-20 05:17:27.680587: 
2026-08-20 05:17:27.680743: Epoch 73
2026-08-20 05:17:27.680822: Current learning rate: 0.00934
2026-08-20 05:17:58.097622: train_loss -0.4816
2026-08-20 05:17:58.097843: val_loss -0.496
2026-08-20 05:17:58.097925: Pseudo dice [np.float32(0.732)]
2026-08-20 05:17:58.098013: Epoch time: 30.42 s
2026-08-20 05:17:58.900923: 
2026-08-20 05:17:58.901179: Epoch 74
2026-08-20 05:17:58.901262: Current learning rate: 0.00933
2026-08-20 05:18:29.356200: train_loss -0.4939
2026-08-20 05:18:29.356384: val_loss -0.4813
2026-08-20 05:18:29.356440: Pseudo dice [np.float32(0.7357)]
2026-08-20 05:18:29.356509: Epoch time: 30.46 s
2026-08-20 05:18:30.144667: 
2026-08-20 05:18:30.144821: Epoch 75
2026-08-20 05:18:30.144946: Current learning rate: 0.00932
2026-08-20 05:19:00.754858: train_loss -0.5146
2026-08-20 05:19:00.755094: val_loss -0.5479
2026-08-20 05:19:00.755156: Pseudo dice [np.float32(0.7487)]
2026-08-20 05:19:00.755222: Epoch time: 30.61 s
2026-08-20 05:19:01.552931: 
2026-08-20 05:19:01.553042: Epoch 76
2026-08-20 05:19:01.553118: Current learning rate: 0.00931
2026-08-20 05:19:32.043614: train_loss -0.4997
2026-08-20 05:19:32.043894: val_loss -0.4934
2026-08-20 05:19:32.043961: Pseudo dice [np.float32(0.7389)]
2026-08-20 05:19:32.044030: Epoch time: 30.49 s
2026-08-20 05:19:32.831939: 
2026-08-20 05:19:32.832056: Epoch 77
2026-08-20 05:19:32.832136: Current learning rate: 0.0093
2026-08-20 05:20:03.302425: train_loss -0.4932
2026-08-20 05:20:03.302623: val_loss -0.5405
2026-08-20 05:20:03.302683: Pseudo dice [np.float32(0.7655)]
2026-08-20 05:20:03.302749: Epoch time: 30.47 s
2026-08-20 05:20:04.094608: 
2026-08-20 05:20:04.094819: Epoch 78
2026-08-20 05:20:04.094912: Current learning rate: 0.0093
2026-08-20 05:20:34.467599: train_loss -0.5011
2026-08-20 05:20:34.467775: val_loss -0.4939
2026-08-20 05:20:34.468067: Pseudo dice [np.float32(0.773)]
2026-08-20 05:20:34.468139: Epoch time: 30.37 s
2026-08-20 05:20:35.550573: 
2026-08-20 05:20:35.550776: Epoch 79
2026-08-20 05:20:35.550862: Current learning rate: 0.00929
2026-08-20 05:21:06.138666: train_loss -0.5207
2026-08-20 05:21:06.138867: val_loss -0.5212
2026-08-20 05:21:06.138926: Pseudo dice [np.float32(0.7591)]
2026-08-20 05:21:06.138990: Epoch time: 30.59 s
2026-08-20 05:21:07.211476: 
2026-08-20 05:21:07.211688: Epoch 80
2026-08-20 05:21:07.211763: Current learning rate: 0.00928
2026-08-20 05:21:37.629224: train_loss -0.5017
2026-08-20 05:21:37.629489: val_loss -0.4909
2026-08-20 05:21:37.629554: Pseudo dice [np.float32(0.7208)]
2026-08-20 05:21:37.629628: Epoch time: 30.42 s
2026-08-20 05:21:38.425956: 
2026-08-20 05:21:38.426102: Epoch 81
2026-08-20 05:21:38.426175: Current learning rate: 0.00927
2026-08-20 05:22:08.871203: train_loss -0.5112
2026-08-20 05:22:08.871394: val_loss -0.4627
2026-08-20 05:22:08.871451: Pseudo dice [np.float32(0.7365)]
2026-08-20 05:22:08.871516: Epoch time: 30.45 s
2026-08-20 05:22:09.666759: 
2026-08-20 05:22:09.666960: Epoch 82
2026-08-20 05:22:09.667037: Current learning rate: 0.00926
2026-08-20 05:22:40.261770: train_loss -0.4856
2026-08-20 05:22:40.262114: val_loss -0.4702
2026-08-20 05:22:40.262178: Pseudo dice [np.float32(0.7609)]
2026-08-20 05:22:40.262252: Epoch time: 30.6 s
2026-08-20 05:22:41.032945: 
2026-08-20 05:22:41.033084: Epoch 83
2026-08-20 05:22:41.033158: Current learning rate: 0.00925
2026-08-20 05:23:11.630646: train_loss -0.5044
2026-08-20 05:23:11.630842: val_loss -0.458
2026-08-20 05:23:11.630907: Pseudo dice [np.float32(0.7315)]
2026-08-20 05:23:11.630975: Epoch time: 30.6 s
2026-08-20 05:23:12.402579: 
2026-08-20 05:23:12.402744: Epoch 84
2026-08-20 05:23:12.402821: Current learning rate: 0.00924
2026-08-20 05:23:42.966884: train_loss -0.519
2026-08-20 05:23:42.967109: val_loss -0.5247
2026-08-20 05:23:42.967171: Pseudo dice [np.float32(0.7654)]
2026-08-20 05:23:42.967249: Epoch time: 30.57 s
2026-08-20 05:23:43.737995: 
2026-08-20 05:23:43.738131: Epoch 85
2026-08-20 05:23:43.738205: Current learning rate: 0.00923
2026-08-20 05:24:14.266758: train_loss -0.4891
2026-08-20 05:24:14.266996: val_loss -0.5067
2026-08-20 05:24:14.267066: Pseudo dice [np.float32(0.774)]
2026-08-20 05:24:14.267139: Epoch time: 30.53 s
2026-08-20 05:24:15.040581: 
2026-08-20 05:24:15.040903: Epoch 86
2026-08-20 05:24:15.040991: Current learning rate: 0.00922
2026-08-20 05:24:45.429959: train_loss -0.4639
2026-08-20 05:24:45.430220: val_loss -0.5039
2026-08-20 05:24:45.430290: Pseudo dice [np.float32(0.7615)]
2026-08-20 05:24:45.430356: Epoch time: 30.39 s
2026-08-20 05:24:46.202712: 
2026-08-20 05:24:46.203062: Epoch 87
2026-08-20 05:24:46.203143: Current learning rate: 0.00921
2026-08-20 05:25:16.596318: train_loss -0.4966
2026-08-20 05:25:16.596545: val_loss -0.5319
2026-08-20 05:25:16.596611: Pseudo dice [np.float32(0.789)]
2026-08-20 05:25:16.596689: Epoch time: 30.39 s
2026-08-20 05:25:17.373853: 
2026-08-20 05:25:17.374145: Epoch 88
2026-08-20 05:25:17.374229: Current learning rate: 0.0092
2026-08-20 05:25:47.873326: train_loss -0.5115
2026-08-20 05:25:47.873573: val_loss -0.4784
2026-08-20 05:25:47.873637: Pseudo dice [np.float32(0.7425)]
2026-08-20 05:25:47.873718: Epoch time: 30.5 s
2026-08-20 05:25:48.650711: 
2026-08-20 05:25:48.650938: Epoch 89
2026-08-20 05:25:48.651054: Current learning rate: 0.0092
2026-08-20 05:26:19.082216: train_loss -0.487
2026-08-20 05:26:19.082435: val_loss -0.5132
2026-08-20 05:26:19.082495: Pseudo dice [np.float32(0.7563)]
2026-08-20 05:26:19.082571: Epoch time: 30.43 s
2026-08-20 05:26:20.279142: 
2026-08-20 05:26:20.279279: Epoch 90
2026-08-20 05:26:20.279393: Current learning rate: 0.00919
2026-08-20 05:26:50.848552: train_loss -0.5081
2026-08-20 05:26:50.848768: val_loss -0.5468
2026-08-20 05:26:50.848828: Pseudo dice [np.float32(0.7837)]
2026-08-20 05:26:50.848908: Epoch time: 30.57 s
2026-08-20 05:26:51.918496: 
2026-08-20 05:26:51.918608: Epoch 91
2026-08-20 05:26:51.918680: Current learning rate: 0.00918
2026-08-20 05:27:22.418034: train_loss -0.551
2026-08-20 05:27:22.418238: val_loss -0.5421
2026-08-20 05:27:22.418298: Pseudo dice [np.float32(0.7835)]
2026-08-20 05:27:22.418365: Epoch time: 30.5 s
2026-08-20 05:27:22.418414: Yayy! New best EMA pseudo Dice: 0.7613000273704529
2026-08-20 05:27:23.470084: 
2026-08-20 05:27:23.470229: Epoch 92
2026-08-20 05:27:23.470343: Current learning rate: 0.00917
2026-08-20 05:27:54.014285: train_loss -0.5139
2026-08-20 05:27:54.014470: val_loss -0.5022
2026-08-20 05:27:54.014534: Pseudo dice [np.float32(0.7832)]
2026-08-20 05:27:54.014602: Epoch time: 30.55 s
2026-08-20 05:27:54.014649: Yayy! New best EMA pseudo Dice: 0.7634999752044678
2026-08-20 05:27:55.073710: 
2026-08-20 05:27:55.073826: Epoch 93
2026-08-20 05:27:55.073906: Current learning rate: 0.00916
2026-08-20 05:28:25.638454: train_loss -0.5254
2026-08-20 05:28:25.638639: val_loss -0.5215
2026-08-20 05:28:25.638700: Pseudo dice [np.float32(0.7649)]
2026-08-20 05:28:25.638767: Epoch time: 30.57 s
2026-08-20 05:28:25.638814: Yayy! New best EMA pseudo Dice: 0.7635999917984009
2026-08-20 05:28:26.689648: 
2026-08-20 05:28:26.689772: Epoch 94
2026-08-20 05:28:26.689845: Current learning rate: 0.00915
2026-08-20 05:28:57.156788: train_loss -0.5042
2026-08-20 05:28:57.156968: val_loss -0.4894
2026-08-20 05:28:57.157030: Pseudo dice [np.float32(0.7245)]
2026-08-20 05:28:57.157094: Epoch time: 30.47 s
2026-08-20 05:28:57.922576: 
2026-08-20 05:28:57.922910: Epoch 95
2026-08-20 05:28:57.922993: Current learning rate: 0.00914
2026-08-20 05:29:28.436071: train_loss -0.5175
2026-08-20 05:29:28.436256: val_loss -0.4923
2026-08-20 05:29:28.436316: Pseudo dice [np.float32(0.7627)]
2026-08-20 05:29:28.436380: Epoch time: 30.51 s
2026-08-20 05:29:29.204411: 
2026-08-20 05:29:29.204646: Epoch 96
2026-08-20 05:29:29.204719: Current learning rate: 0.00913
2026-08-20 05:29:59.808920: train_loss -0.5077
2026-08-20 05:29:59.809100: val_loss -0.4939
2026-08-20 05:29:59.809155: Pseudo dice [np.float32(0.7564)]
2026-08-20 05:29:59.809216: Epoch time: 30.61 s
2026-08-20 05:30:00.581466: 
2026-08-20 05:30:00.581725: Epoch 97
2026-08-20 05:30:00.581823: Current learning rate: 0.00912
2026-08-20 05:30:31.030557: train_loss -0.5213
2026-08-20 05:30:31.030732: val_loss -0.5352
2026-08-20 05:30:31.030789: Pseudo dice [np.float32(0.804)]
2026-08-20 05:30:31.030896: Epoch time: 30.45 s
2026-08-20 05:30:31.030948: Yayy! New best EMA pseudo Dice: 0.7641000151634216
2026-08-20 05:30:32.320322: 
2026-08-20 05:30:32.320586: Epoch 98
2026-08-20 05:30:32.320672: Current learning rate: 0.00911
2026-08-20 05:31:02.855330: train_loss -0.509
2026-08-20 05:31:02.855508: val_loss -0.4955
2026-08-20 05:31:02.855566: Pseudo dice [np.float32(0.787)]
2026-08-20 05:31:02.855636: Epoch time: 30.54 s
2026-08-20 05:31:02.855684: Yayy! New best EMA pseudo Dice: 0.7663999795913696
2026-08-20 05:31:03.913789: 
2026-08-20 05:31:03.913978: Epoch 99
2026-08-20 05:31:03.914135: Current learning rate: 0.0091
2026-08-20 05:31:34.406344: train_loss -0.5296
2026-08-20 05:31:34.406523: val_loss -0.586
2026-08-20 05:31:34.406619: Pseudo dice [np.float32(0.8037)]
2026-08-20 05:31:34.406688: Epoch time: 30.49 s
2026-08-20 05:31:34.680569: Yayy! New best EMA pseudo Dice: 0.7700999975204468
2026-08-20 05:31:35.732885: 
2026-08-20 05:31:35.733079: Epoch 100
2026-08-20 05:31:35.733155: Current learning rate: 0.0091
2026-08-20 05:32:06.132837: train_loss -0.5157
2026-08-20 05:32:06.133127: val_loss -0.4965
2026-08-20 05:32:06.133187: Pseudo dice [np.float32(0.7733)]
2026-08-20 05:32:06.133254: Epoch time: 30.4 s
2026-08-20 05:32:06.133299: Yayy! New best EMA pseudo Dice: 0.7703999876976013
2026-08-20 05:32:07.217946: 
2026-08-20 05:32:07.218112: Epoch 101
2026-08-20 05:32:07.218189: Current learning rate: 0.00909
2026-08-20 05:32:37.656894: train_loss -0.5382
2026-08-20 05:32:37.657064: val_loss -0.5113
2026-08-20 05:32:37.657122: Pseudo dice [np.float32(0.7333)]
2026-08-20 05:32:37.657183: Epoch time: 30.44 s
2026-08-20 05:32:38.426551: 
2026-08-20 05:32:38.426923: Epoch 102
2026-08-20 05:32:38.427010: Current learning rate: 0.00908
2026-08-20 05:33:08.803458: train_loss -0.5183
2026-08-20 05:33:08.803655: val_loss -0.5256
2026-08-20 05:33:08.803713: Pseudo dice [np.float32(0.7737)]
2026-08-20 05:33:08.803776: Epoch time: 30.38 s
2026-08-20 05:33:09.874688: 
2026-08-20 05:33:09.874933: Epoch 103
2026-08-20 05:33:09.875067: Current learning rate: 0.00907
2026-08-20 05:33:40.371228: train_loss -0.5146
2026-08-20 05:33:40.371469: val_loss -0.5251
2026-08-20 05:33:40.371535: Pseudo dice [np.float32(0.7652)]
2026-08-20 05:33:40.371610: Epoch time: 30.5 s
2026-08-20 05:33:41.144250: 
2026-08-20 05:33:41.144390: Epoch 104
2026-08-20 05:33:41.144466: Current learning rate: 0.00906
2026-08-20 05:34:11.568244: train_loss -0.4915
2026-08-20 05:34:11.568465: val_loss -0.5567
2026-08-20 05:34:11.568528: Pseudo dice [np.float32(0.7784)]
2026-08-20 05:34:11.568606: Epoch time: 30.42 s
2026-08-20 05:34:12.346039: 
2026-08-20 05:34:12.346273: Epoch 105
2026-08-20 05:34:12.346355: Current learning rate: 0.00905
2026-08-20 05:34:42.817093: train_loss -0.5133
2026-08-20 05:34:42.817330: val_loss -0.486
2026-08-20 05:34:42.817393: Pseudo dice [np.float32(0.7412)]
2026-08-20 05:34:42.817467: Epoch time: 30.47 s
2026-08-20 05:34:43.590287: 
2026-08-20 05:34:43.590518: Epoch 106
2026-08-20 05:34:43.590621: Current learning rate: 0.00904
2026-08-20 05:35:13.913321: train_loss -0.5078
2026-08-20 05:35:13.913513: val_loss -0.5069
2026-08-20 05:35:13.913572: Pseudo dice [np.float32(0.7642)]
2026-08-20 05:35:13.913638: Epoch time: 30.32 s
2026-08-20 05:35:14.707182: 
2026-08-20 05:35:14.707368: Epoch 107
2026-08-20 05:35:14.707450: Current learning rate: 0.00903
2026-08-20 05:35:45.205569: train_loss -0.5318
2026-08-20 05:35:45.205757: val_loss -0.4968
2026-08-20 05:35:45.205818: Pseudo dice [np.float32(0.7192)]
2026-08-20 05:35:45.205892: Epoch time: 30.5 s
2026-08-20 05:35:45.987182: 
2026-08-20 05:35:45.987301: Epoch 108
2026-08-20 05:35:45.987384: Current learning rate: 0.00902
2026-08-20 05:36:16.350219: train_loss -0.5296
2026-08-20 05:36:16.350499: val_loss -0.5531
2026-08-20 05:36:16.350561: Pseudo dice [np.float32(0.7782)]
2026-08-20 05:36:16.350630: Epoch time: 30.36 s
2026-08-20 05:36:17.129382: 
2026-08-20 05:36:17.129557: Epoch 109
2026-08-20 05:36:17.129640: Current learning rate: 0.00901
2026-08-20 05:36:47.428916: train_loss -0.516
2026-08-20 05:36:47.429093: val_loss -0.4878
2026-08-20 05:36:47.429174: Pseudo dice [np.float32(0.7556)]
2026-08-20 05:36:47.429238: Epoch time: 30.3 s
2026-08-20 05:36:48.485753: 
2026-08-20 05:36:48.485908: Epoch 110
2026-08-20 05:36:48.485983: Current learning rate: 0.009
2026-08-20 05:37:18.968706: train_loss -0.4844
2026-08-20 05:37:18.968884: val_loss -0.5399
2026-08-20 05:37:18.968944: Pseudo dice [np.float32(0.7712)]
2026-08-20 05:37:18.969007: Epoch time: 30.48 s
2026-08-20 05:37:19.745315: 
2026-08-20 05:37:19.745444: Epoch 111
2026-08-20 05:37:19.745523: Current learning rate: 0.009
2026-08-20 05:37:50.109964: train_loss -0.5181
2026-08-20 05:37:50.110181: val_loss -0.5542
2026-08-20 05:37:50.110241: Pseudo dice [np.float32(0.7677)]
2026-08-20 05:37:50.110311: Epoch time: 30.37 s
2026-08-20 05:37:50.886424: 
2026-08-20 05:37:50.886681: Epoch 112
2026-08-20 05:37:50.886766: Current learning rate: 0.00899
2026-08-20 05:38:21.279016: train_loss -0.4895
2026-08-20 05:38:21.279213: val_loss -0.5299
2026-08-20 05:38:21.279275: Pseudo dice [np.float32(0.7785)]
2026-08-20 05:38:21.279347: Epoch time: 30.39 s
2026-08-20 05:38:22.052609: 
2026-08-20 05:38:22.052722: Epoch 113
2026-08-20 05:38:22.052796: Current learning rate: 0.00898
2026-08-20 05:38:52.541092: train_loss -0.5043
2026-08-20 05:38:52.541272: val_loss -0.4954
2026-08-20 05:38:52.541329: Pseudo dice [np.float32(0.7323)]
2026-08-20 05:38:52.541393: Epoch time: 30.49 s
2026-08-20 05:38:53.315396: 
2026-08-20 05:38:53.315614: Epoch 114
2026-08-20 05:38:53.315690: Current learning rate: 0.00897
2026-08-20 05:39:23.617728: train_loss -0.5185
2026-08-20 05:39:23.617931: val_loss -0.5159
2026-08-20 05:39:23.617992: Pseudo dice [np.float32(0.8153)]
2026-08-20 05:39:23.618058: Epoch time: 30.3 s
2026-08-20 05:39:24.704555: 
2026-08-20 05:39:24.704780: Epoch 115
2026-08-20 05:39:24.704858: Current learning rate: 0.00896
2026-08-20 05:39:55.100002: train_loss -0.5178
2026-08-20 05:39:55.100199: val_loss -0.5161
2026-08-20 05:39:55.100263: Pseudo dice [np.float32(0.7605)]
2026-08-20 05:39:55.100330: Epoch time: 30.4 s
2026-08-20 05:39:55.883555: 
2026-08-20 05:39:55.883714: Epoch 116
2026-08-20 05:39:55.883794: Current learning rate: 0.00895
2026-08-20 05:40:26.275096: train_loss -0.5418
2026-08-20 05:40:26.275270: val_loss -0.516
2026-08-20 05:40:26.275325: Pseudo dice [np.float32(0.7472)]
2026-08-20 05:40:26.275389: Epoch time: 30.39 s
2026-08-20 05:40:27.056556: 
2026-08-20 05:40:27.056712: Epoch 117
2026-08-20 05:40:27.056787: Current learning rate: 0.00894
2026-08-20 05:40:57.373954: train_loss -0.5065
2026-08-20 05:40:57.374145: val_loss -0.5382
2026-08-20 05:40:57.374206: Pseudo dice [np.float32(0.7441)]
2026-08-20 05:40:57.374270: Epoch time: 30.32 s
2026-08-20 05:40:58.159191: 
2026-08-20 05:40:58.159306: Epoch 118
2026-08-20 05:40:58.159428: Current learning rate: 0.00893
2026-08-20 05:41:28.629144: train_loss -0.5222
2026-08-20 05:41:28.629325: val_loss -0.5607
2026-08-20 05:41:28.629385: Pseudo dice [np.float32(0.7613)]
2026-08-20 05:41:28.629522: Epoch time: 30.47 s
2026-08-20 05:41:29.413208: 
2026-08-20 05:41:29.413385: Epoch 119
2026-08-20 05:41:29.413471: Current learning rate: 0.00892
2026-08-20 05:41:59.900768: train_loss -0.5312
2026-08-20 05:41:59.900955: val_loss -0.5513
2026-08-20 05:41:59.901013: Pseudo dice [np.float32(0.7563)]
2026-08-20 05:41:59.901078: Epoch time: 30.49 s
2026-08-20 05:42:01.239847: 
2026-08-20 05:42:01.240020: Epoch 120
2026-08-20 05:42:01.240105: Current learning rate: 0.00891
2026-08-20 05:42:31.575589: train_loss -0.511
2026-08-20 05:42:31.575780: val_loss -0.5111
2026-08-20 05:42:31.575839: Pseudo dice [np.float32(0.7615)]
2026-08-20 05:42:31.575909: Epoch time: 30.34 s
2026-08-20 05:42:32.366772: 
2026-08-20 05:42:32.366954: Epoch 121
2026-08-20 05:42:32.367069: Current learning rate: 0.0089
2026-08-20 05:43:02.867083: train_loss -0.4998
2026-08-20 05:43:02.867293: val_loss -0.5488
2026-08-20 05:43:02.867351: Pseudo dice [np.float32(0.7884)]
2026-08-20 05:43:02.867427: Epoch time: 30.5 s
2026-08-20 05:43:03.651661: 
2026-08-20 05:43:03.651914: Epoch 122
2026-08-20 05:43:03.651988: Current learning rate: 0.00889
2026-08-20 05:43:34.122485: train_loss -0.5232
2026-08-20 05:43:34.122710: val_loss -0.5073
2026-08-20 05:43:34.122775: Pseudo dice [np.float32(0.758)]
2026-08-20 05:43:34.122852: Epoch time: 30.47 s
2026-08-20 05:43:34.908149: 
2026-08-20 05:43:34.908264: Epoch 123
2026-08-20 05:43:34.908334: Current learning rate: 0.00889
2026-08-20 05:44:05.272386: train_loss -0.485
2026-08-20 05:44:05.272577: val_loss -0.486
2026-08-20 05:44:05.272639: Pseudo dice [np.float32(0.7561)]
2026-08-20 05:44:05.272703: Epoch time: 30.37 s
2026-08-20 05:44:06.054077: 
2026-08-20 05:44:06.054205: Epoch 124
2026-08-20 05:44:06.054288: Current learning rate: 0.00888
2026-08-20 05:44:36.630475: train_loss -0.5294
2026-08-20 05:44:36.630663: val_loss -0.4803
2026-08-20 05:44:36.630724: Pseudo dice [np.float32(0.7184)]
2026-08-20 05:44:36.630788: Epoch time: 30.58 s
2026-08-20 05:44:37.413454: 
2026-08-20 05:44:37.413718: Epoch 125
2026-08-20 05:44:37.413804: Current learning rate: 0.00887
2026-08-20 05:45:07.990335: train_loss -0.5226
2026-08-20 05:45:07.990509: val_loss -0.5076
2026-08-20 05:45:07.990565: Pseudo dice [np.float32(0.7375)]
2026-08-20 05:45:07.990626: Epoch time: 30.58 s
2026-08-20 05:45:08.773791: 
2026-08-20 05:45:08.773894: Epoch 126
2026-08-20 05:45:08.773964: Current learning rate: 0.00886
2026-08-20 05:45:39.259001: train_loss -0.5252
2026-08-20 05:45:39.259174: val_loss -0.4278
2026-08-20 05:45:39.259228: Pseudo dice [np.float32(0.6732)]
2026-08-20 05:45:39.259289: Epoch time: 30.49 s
2026-08-20 05:45:40.044412: 
2026-08-20 05:45:40.044513: Epoch 127
2026-08-20 05:45:40.044703: Current learning rate: 0.00885
2026-08-20 05:46:10.781245: train_loss -0.522
2026-08-20 05:46:10.781429: val_loss -0.5504
2026-08-20 05:46:10.781492: Pseudo dice [np.float32(0.7841)]
2026-08-20 05:46:10.781553: Epoch time: 30.74 s
2026-08-20 05:46:11.559610: 
2026-08-20 05:46:11.559774: Epoch 128
2026-08-20 05:46:11.559872: Current learning rate: 0.00884
2026-08-20 05:46:42.021558: train_loss -0.5263
2026-08-20 05:46:42.021744: val_loss -0.4798
2026-08-20 05:46:42.021802: Pseudo dice [np.float32(0.7708)]
2026-08-20 05:46:42.021873: Epoch time: 30.46 s
2026-08-20 05:46:42.809998: 
2026-08-20 05:46:42.810109: Epoch 129
2026-08-20 05:46:42.810180: Current learning rate: 0.00883
2026-08-20 05:47:13.315089: train_loss -0.4806
2026-08-20 05:47:13.315295: val_loss -0.5135
2026-08-20 05:47:13.315349: Pseudo dice [np.float32(0.7697)]
2026-08-20 05:47:13.315413: Epoch time: 30.51 s
2026-08-20 05:47:14.390954: 
2026-08-20 05:47:14.391082: Epoch 130
2026-08-20 05:47:14.391152: Current learning rate: 0.00882
2026-08-20 05:47:44.926440: train_loss -0.4976
2026-08-20 05:47:44.926641: val_loss -0.5496
2026-08-20 05:47:44.926702: Pseudo dice [np.float32(0.7815)]
2026-08-20 05:47:44.926769: Epoch time: 30.54 s
2026-08-20 05:47:45.712842: 
2026-08-20 05:47:45.712968: Epoch 131
2026-08-20 05:47:45.713036: Current learning rate: 0.00881
2026-08-20 05:48:16.169059: train_loss -0.535
2026-08-20 05:48:16.169260: val_loss -0.547
2026-08-20 05:48:16.169323: Pseudo dice [np.float32(0.7735)]
2026-08-20 05:48:16.169388: Epoch time: 30.46 s
2026-08-20 05:48:16.956197: 
2026-08-20 05:48:16.956328: Epoch 132
2026-08-20 05:48:16.956401: Current learning rate: 0.0088
2026-08-20 05:48:47.474437: train_loss -0.5393
2026-08-20 05:48:47.474612: val_loss -0.5158
2026-08-20 05:48:47.474668: Pseudo dice [np.float32(0.7771)]
2026-08-20 05:48:47.474730: Epoch time: 30.52 s
2026-08-20 05:48:48.263469: 
2026-08-20 05:48:48.263797: Epoch 133
2026-08-20 05:48:48.263887: Current learning rate: 0.00879
2026-08-20 05:49:18.794203: train_loss -0.509
2026-08-20 05:49:18.794380: val_loss -0.4882
2026-08-20 05:49:18.794439: Pseudo dice [np.float32(0.7705)]
2026-08-20 05:49:18.794504: Epoch time: 30.53 s
2026-08-20 05:49:19.582069: 
2026-08-20 05:49:19.582196: Epoch 134
2026-08-20 05:49:19.582286: Current learning rate: 0.00879
2026-08-20 05:49:50.056525: train_loss -0.5308
2026-08-20 05:49:50.056708: val_loss -0.5662
2026-08-20 05:49:50.056766: Pseudo dice [np.float32(0.79)]
2026-08-20 05:49:50.056829: Epoch time: 30.48 s
2026-08-20 05:49:50.849809: 
2026-08-20 05:49:50.850024: Epoch 135
2026-08-20 05:49:50.850108: Current learning rate: 0.00878
2026-08-20 05:50:21.383065: train_loss -0.5555
2026-08-20 05:50:21.383236: val_loss -0.5352
2026-08-20 05:50:21.383296: Pseudo dice [np.float32(0.7758)]
2026-08-20 05:50:21.383361: Epoch time: 30.53 s
2026-08-20 05:50:22.174698: 
2026-08-20 05:50:22.174819: Epoch 136
2026-08-20 05:50:22.174904: Current learning rate: 0.00877
2026-08-20 05:50:52.548115: train_loss -0.5536
2026-08-20 05:50:52.548291: val_loss -0.5432
2026-08-20 05:50:52.548344: Pseudo dice [np.float32(0.7764)]
2026-08-20 05:50:52.548409: Epoch time: 30.37 s
2026-08-20 05:50:53.337812: 
2026-08-20 05:50:53.337946: Epoch 137
2026-08-20 05:50:53.338017: Current learning rate: 0.00876
2026-08-20 05:51:23.677587: train_loss -0.5246
2026-08-20 05:51:23.677764: val_loss -0.5439
2026-08-20 05:51:23.677863: Pseudo dice [np.float32(0.7709)]
2026-08-20 05:51:23.677938: Epoch time: 30.34 s
2026-08-20 05:51:24.470394: 
2026-08-20 05:51:24.470505: Epoch 138
2026-08-20 05:51:24.470576: Current learning rate: 0.00875
2026-08-20 05:51:54.787614: train_loss -0.5018
2026-08-20 05:51:54.787830: val_loss -0.5459
2026-08-20 05:51:54.787898: Pseudo dice [np.float32(0.7823)]
2026-08-20 05:51:54.787964: Epoch time: 30.32 s
2026-08-20 05:51:55.876698: 
2026-08-20 05:51:55.876801: Epoch 139
2026-08-20 05:51:55.876874: Current learning rate: 0.00874
2026-08-20 05:52:26.296098: train_loss -0.5446
2026-08-20 05:52:26.296274: val_loss -0.4922
2026-08-20 05:52:26.296377: Pseudo dice [np.float32(0.7701)]
2026-08-20 05:52:26.296440: Epoch time: 30.42 s
2026-08-20 05:52:27.560660: 
2026-08-20 05:52:27.560840: Epoch 140
2026-08-20 05:52:27.560916: Current learning rate: 0.00873
2026-08-20 05:52:58.049336: train_loss -0.5391
2026-08-20 05:52:58.049508: val_loss -0.4964
2026-08-20 05:52:58.049567: Pseudo dice [np.float32(0.7499)]
2026-08-20 05:52:58.049632: Epoch time: 30.49 s
2026-08-20 05:52:58.842410: 
2026-08-20 05:52:58.842564: Epoch 141
2026-08-20 05:52:58.842640: Current learning rate: 0.00872
2026-08-20 05:53:29.289394: train_loss -0.5092
2026-08-20 05:53:29.289622: val_loss -0.5947
2026-08-20 05:53:29.289681: Pseudo dice [np.float32(0.8295)]
2026-08-20 05:53:29.289760: Epoch time: 30.45 s
2026-08-20 05:53:29.289808: Yayy! New best EMA pseudo Dice: 0.7732999920845032
2026-08-20 05:53:30.386348: 
2026-08-20 05:53:30.386590: Epoch 142
2026-08-20 05:53:30.386677: Current learning rate: 0.00871
2026-08-20 05:54:00.878332: train_loss -0.5397
2026-08-20 05:54:00.878548: val_loss -0.5426
2026-08-20 05:54:00.878606: Pseudo dice [np.float32(0.7629)]
2026-08-20 05:54:00.878682: Epoch time: 30.49 s
2026-08-20 05:54:01.673979: 
2026-08-20 05:54:01.674113: Epoch 143
2026-08-20 05:54:01.674193: Current learning rate: 0.0087
2026-08-20 05:54:32.199343: train_loss -0.5372
2026-08-20 05:54:32.199576: val_loss -0.5578
2026-08-20 05:54:32.199635: Pseudo dice [np.float32(0.7646)]
2026-08-20 05:54:32.199704: Epoch time: 30.53 s
2026-08-20 05:54:32.997819: 
2026-08-20 05:54:32.997963: Epoch 144
2026-08-20 05:54:32.998036: Current learning rate: 0.00869
2026-08-20 05:55:03.460037: train_loss -0.5444
2026-08-20 05:55:03.460295: val_loss -0.4902
2026-08-20 05:55:03.460357: Pseudo dice [np.float32(0.7631)]
2026-08-20 05:55:03.460426: Epoch time: 30.46 s
2026-08-20 05:55:04.249964: 
2026-08-20 05:55:04.250130: Epoch 145
2026-08-20 05:55:04.250242: Current learning rate: 0.00868
2026-08-20 05:55:34.737186: train_loss -0.5531
2026-08-20 05:55:34.737378: val_loss -0.5499
2026-08-20 05:55:34.737437: Pseudo dice [np.float32(0.7951)]
2026-08-20 05:55:34.737505: Epoch time: 30.49 s
2026-08-20 05:55:35.530650: 
2026-08-20 05:55:35.530780: Epoch 146
2026-08-20 05:55:35.530865: Current learning rate: 0.00868
2026-08-20 05:56:05.975587: train_loss -0.5528
2026-08-20 05:56:05.975782: val_loss -0.5247
2026-08-20 05:56:05.975839: Pseudo dice [np.float32(0.7539)]
2026-08-20 05:56:05.975912: Epoch time: 30.45 s
2026-08-20 05:56:06.767602: 
2026-08-20 05:56:06.767836: Epoch 147
2026-08-20 05:56:06.767959: Current learning rate: 0.00867
2026-08-20 05:56:37.202041: train_loss -0.5236
2026-08-20 05:56:37.202242: val_loss -0.518
2026-08-20 05:56:37.202320: Pseudo dice [np.float32(0.7751)]
2026-08-20 05:56:37.202389: Epoch time: 30.44 s
2026-08-20 05:56:37.997125: 
2026-08-20 05:56:37.997234: Epoch 148
2026-08-20 05:56:37.997308: Current learning rate: 0.00866
2026-08-20 05:57:08.458903: train_loss -0.553
2026-08-20 05:57:08.459073: val_loss -0.5582
2026-08-20 05:57:08.459130: Pseudo dice [np.float32(0.7904)]
2026-08-20 05:57:08.459195: Epoch time: 30.46 s
2026-08-20 05:57:08.459243: Yayy! New best EMA pseudo Dice: 0.7735000252723694
2026-08-20 05:57:09.543666: 
2026-08-20 05:57:09.543890: Epoch 149
2026-08-20 05:57:09.543964: Current learning rate: 0.00865
2026-08-20 05:57:39.928965: train_loss -0.527
2026-08-20 05:57:39.929144: val_loss -0.521
2026-08-20 05:57:39.929203: Pseudo dice [np.float32(0.76)]
2026-08-20 05:57:39.929270: Epoch time: 30.39 s
2026-08-20 05:57:41.001909: 
2026-08-20 05:57:41.002011: Epoch 150
2026-08-20 05:57:41.002080: Current learning rate: 0.00864
2026-08-20 05:58:11.608418: train_loss -0.5394
2026-08-20 05:58:11.608602: val_loss -0.5142
2026-08-20 05:58:11.608662: Pseudo dice [np.float32(0.7373)]
2026-08-20 05:58:11.608726: Epoch time: 30.61 s
2026-08-20 05:58:12.710576: 
2026-08-20 05:58:12.710812: Epoch 151
2026-08-20 05:58:12.710892: Current learning rate: 0.00863
2026-08-20 05:58:43.239705: train_loss -0.5558
2026-08-20 05:58:43.239938: val_loss -0.5786
2026-08-20 05:58:43.240000: Pseudo dice [np.float32(0.8203)]
2026-08-20 05:58:43.240172: Epoch time: 30.53 s
2026-08-20 05:58:43.240230: Yayy! New best EMA pseudo Dice: 0.7738000154495239
2026-08-20 05:58:44.324686: 
2026-08-20 05:58:44.324927: Epoch 152
2026-08-20 05:58:44.325003: Current learning rate: 0.00862
2026-08-20 05:59:14.826547: train_loss -0.5376
2026-08-20 05:59:14.826760: val_loss -0.5116
2026-08-20 05:59:14.826819: Pseudo dice [np.float32(0.7984)]
2026-08-20 05:59:14.826901: Epoch time: 30.5 s
2026-08-20 05:59:14.826948: Yayy! New best EMA pseudo Dice: 0.7763000130653381
2026-08-20 05:59:15.926908: 
2026-08-20 05:59:15.927084: Epoch 153
2026-08-20 05:59:15.927161: Current learning rate: 0.00861
2026-08-20 05:59:46.474197: train_loss -0.5439
2026-08-20 05:59:46.474512: val_loss -0.5806
2026-08-20 05:59:46.474576: Pseudo dice [np.float32(0.7936)]
2026-08-20 05:59:46.474650: Epoch time: 30.55 s
2026-08-20 05:59:46.474697: Yayy! New best EMA pseudo Dice: 0.777999997138977
2026-08-20 05:59:47.812006: 
2026-08-20 05:59:47.812252: Epoch 154
2026-08-20 05:59:47.812333: Current learning rate: 0.0086
2026-08-20 06:00:18.418594: train_loss -0.5174
2026-08-20 06:00:18.418811: val_loss -0.4916
2026-08-20 06:00:18.418879: Pseudo dice [np.float32(0.7406)]
2026-08-20 06:00:18.418959: Epoch time: 30.61 s
2026-08-20 06:00:19.232287: 
2026-08-20 06:00:19.232427: Epoch 155
2026-08-20 06:00:19.232509: Current learning rate: 0.00859
2026-08-20 06:00:49.787496: train_loss -0.543
2026-08-20 06:00:49.787725: val_loss -0.5343
2026-08-20 06:00:49.787790: Pseudo dice [np.float32(0.7585)]
2026-08-20 06:00:49.787877: Epoch time: 30.56 s
2026-08-20 06:00:50.597842: 
2026-08-20 06:00:50.597983: Epoch 156
2026-08-20 06:00:50.598061: Current learning rate: 0.00858
2026-08-20 06:01:21.222013: train_loss -0.5641
2026-08-20 06:01:21.222244: val_loss -0.5462
2026-08-20 06:01:21.222364: Pseudo dice [np.float32(0.7939)]
2026-08-20 06:01:21.222443: Epoch time: 30.63 s
2026-08-20 06:01:22.030630: 
2026-08-20 06:01:22.030768: Epoch 157
2026-08-20 06:01:22.030848: Current learning rate: 0.00858
2026-08-20 06:01:52.645557: train_loss -0.5604
2026-08-20 06:01:52.645794: val_loss -0.5496
2026-08-20 06:01:52.645872: Pseudo dice [np.float32(0.7562)]
2026-08-20 06:01:52.645948: Epoch time: 30.62 s
2026-08-20 06:01:53.461667: 
2026-08-20 06:01:53.461844: Epoch 158
2026-08-20 06:01:53.461938: Current learning rate: 0.00857
2026-08-20 06:02:24.000778: train_loss -0.547
2026-08-20 06:02:24.001008: val_loss -0.4972
2026-08-20 06:02:24.001068: Pseudo dice [np.float32(0.7546)]
2026-08-20 06:02:24.001140: Epoch time: 30.54 s
2026-08-20 06:02:24.803003: 
2026-08-20 06:02:24.803114: Epoch 159
2026-08-20 06:02:24.803185: Current learning rate: 0.00856
2026-08-20 06:02:55.266428: train_loss -0.5359
2026-08-20 06:02:55.266649: val_loss -0.5334
2026-08-20 06:02:55.266706: Pseudo dice [np.float32(0.7661)]
2026-08-20 06:02:55.266805: Epoch time: 30.46 s
2026-08-20 06:02:56.372365: 
2026-08-20 06:02:56.372483: Epoch 160
2026-08-20 06:02:56.372554: Current learning rate: 0.00855
2026-08-20 06:03:26.775461: train_loss -0.5359
2026-08-20 06:03:26.775736: val_loss -0.4982
2026-08-20 06:03:26.775803: Pseudo dice [np.float32(0.7736)]
2026-08-20 06:03:26.775885: Epoch time: 30.4 s
2026-08-20 06:03:27.576537: 
2026-08-20 06:03:27.576655: Epoch 161
2026-08-20 06:03:27.576733: Current learning rate: 0.00854
2026-08-20 06:03:58.002276: train_loss -0.5338
2026-08-20 06:03:58.002500: val_loss -0.5402
2026-08-20 06:03:58.002559: Pseudo dice [np.float32(0.7337)]
2026-08-20 06:03:58.002632: Epoch time: 30.43 s
2026-08-20 06:03:59.120325: 
2026-08-20 06:03:59.120441: Epoch 162
2026-08-20 06:03:59.120516: Current learning rate: 0.00853
2026-08-20 06:04:29.676445: train_loss -0.5172
2026-08-20 06:04:29.676646: val_loss -0.5599
2026-08-20 06:04:29.676708: Pseudo dice [np.float32(0.7961)]
2026-08-20 06:04:29.676777: Epoch time: 30.56 s
2026-08-20 06:04:30.474218: 
2026-08-20 06:04:30.474448: Epoch 163
2026-08-20 06:04:30.474526: Current learning rate: 0.00852
2026-08-20 06:05:01.042274: train_loss -0.5645
2026-08-20 06:05:01.042514: val_loss -0.5785
2026-08-20 06:05:01.042574: Pseudo dice [np.float32(0.7923)]
2026-08-20 06:05:01.042639: Epoch time: 30.57 s
2026-08-20 06:05:01.841451: 
2026-08-20 06:05:01.841565: Epoch 164
2026-08-20 06:05:01.841637: Current learning rate: 0.00851
2026-08-20 06:05:32.306672: train_loss -0.5328
2026-08-20 06:05:32.306874: val_loss -0.5127
2026-08-20 06:05:32.306953: Pseudo dice [np.float32(0.7665)]
2026-08-20 06:05:32.307040: Epoch time: 30.47 s
2026-08-20 06:05:33.096397: 
2026-08-20 06:05:33.096648: Epoch 165
2026-08-20 06:05:33.096745: Current learning rate: 0.0085
2026-08-20 06:06:03.524917: train_loss -0.4983
2026-08-20 06:06:03.525113: val_loss -0.5572
2026-08-20 06:06:03.525175: Pseudo dice [np.float32(0.778)]
2026-08-20 06:06:03.525241: Epoch time: 30.43 s
2026-08-20 06:06:04.317911: 
2026-08-20 06:06:04.318156: Epoch 166
2026-08-20 06:06:04.318232: Current learning rate: 0.00849
2026-08-20 06:06:34.889204: train_loss -0.5429
2026-08-20 06:06:34.889382: val_loss -0.5033
2026-08-20 06:06:34.889465: Pseudo dice [np.float32(0.7448)]
2026-08-20 06:06:34.889528: Epoch time: 30.57 s
2026-08-20 06:06:35.677659: 
2026-08-20 06:06:35.677821: Epoch 167
2026-08-20 06:06:35.677900: Current learning rate: 0.00848
2026-08-20 06:07:06.023257: train_loss -0.5469
2026-08-20 06:07:06.023442: val_loss -0.5442
2026-08-20 06:07:06.023508: Pseudo dice [np.float32(0.7917)]
2026-08-20 06:07:06.023566: Epoch time: 30.35 s
2026-08-20 06:07:06.814950: 
2026-08-20 06:07:06.815076: Epoch 168
2026-08-20 06:07:06.815145: Current learning rate: 0.00847
2026-08-20 06:07:37.150332: train_loss -0.5762
2026-08-20 06:07:37.150547: val_loss -0.538
2026-08-20 06:07:37.150607: Pseudo dice [np.float32(0.7894)]
2026-08-20 06:07:37.150671: Epoch time: 30.34 s
2026-08-20 06:07:37.948891: 
2026-08-20 06:07:37.949033: Epoch 169
2026-08-20 06:07:37.949104: Current learning rate: 0.00847
2026-08-20 06:08:08.397691: train_loss -0.552
2026-08-20 06:08:08.397886: val_loss -0.5552
2026-08-20 06:08:08.397949: Pseudo dice [np.float32(0.7946)]
2026-08-20 06:08:08.398027: Epoch time: 30.45 s
2026-08-20 06:08:09.513239: 
2026-08-20 06:08:09.513441: Epoch 170
2026-08-20 06:08:09.513519: Current learning rate: 0.00846
2026-08-20 06:08:39.885430: train_loss -0.528
2026-08-20 06:08:39.885632: val_loss -0.4988
2026-08-20 06:08:39.885694: Pseudo dice [np.float32(0.7637)]
2026-08-20 06:08:39.885759: Epoch time: 30.37 s
2026-08-20 06:08:40.687374: 
2026-08-20 06:08:40.687610: Epoch 171
2026-08-20 06:08:40.687700: Current learning rate: 0.00845
2026-08-20 06:09:11.167931: train_loss -0.5313
2026-08-20 06:09:11.168134: val_loss -0.4744
2026-08-20 06:09:11.168193: Pseudo dice [np.float32(0.7536)]
2026-08-20 06:09:11.168260: Epoch time: 30.48 s
2026-08-20 06:09:11.969764: 
2026-08-20 06:09:11.969892: Epoch 172
2026-08-20 06:09:11.969962: Current learning rate: 0.00844
2026-08-20 06:09:42.345114: train_loss -0.524
2026-08-20 06:09:42.345331: val_loss -0.5396
2026-08-20 06:09:42.345413: Pseudo dice [np.float32(0.7852)]
2026-08-20 06:09:42.345487: Epoch time: 30.38 s
2026-08-20 06:09:43.147183: 
2026-08-20 06:09:43.147408: Epoch 173
2026-08-20 06:09:43.147493: Current learning rate: 0.00843
2026-08-20 06:10:13.474013: train_loss -0.5578
2026-08-20 06:10:13.474226: val_loss -0.5321
2026-08-20 06:10:13.474287: Pseudo dice [np.float32(0.7878)]
2026-08-20 06:10:13.474362: Epoch time: 30.33 s
2026-08-20 06:10:14.576298: 
2026-08-20 06:10:14.576429: Epoch 174
2026-08-20 06:10:14.576509: Current learning rate: 0.00842
2026-08-20 06:10:44.898713: train_loss -0.5426
2026-08-20 06:10:44.898918: val_loss -0.5589
2026-08-20 06:10:44.898974: Pseudo dice [np.float32(0.7542)]
2026-08-20 06:10:44.899042: Epoch time: 30.32 s
2026-08-20 06:10:45.706604: 
2026-08-20 06:10:45.706724: Epoch 175
2026-08-20 06:10:45.706795: Current learning rate: 0.00841
2026-08-20 06:11:16.249165: train_loss -0.5328
2026-08-20 06:11:16.249363: val_loss -0.5038
2026-08-20 06:11:16.249423: Pseudo dice [np.float32(0.7714)]
2026-08-20 06:11:16.249492: Epoch time: 30.54 s
2026-08-20 06:11:17.062192: 
2026-08-20 06:11:17.062685: Epoch 176
2026-08-20 06:11:17.062791: Current learning rate: 0.0084
2026-08-20 06:11:47.594575: train_loss -0.5683
2026-08-20 06:11:47.594747: val_loss -0.5299
2026-08-20 06:11:47.594806: Pseudo dice [np.float32(0.8087)]
2026-08-20 06:11:47.594914: Epoch time: 30.53 s
2026-08-20 06:11:48.390631: 
2026-08-20 06:11:48.390785: Epoch 177
2026-08-20 06:11:48.390864: Current learning rate: 0.00839
2026-08-20 06:12:18.867951: train_loss -0.5631
2026-08-20 06:12:18.868129: val_loss -0.4726
2026-08-20 06:12:18.868194: Pseudo dice [np.float32(0.7424)]
2026-08-20 06:12:18.868260: Epoch time: 30.48 s
2026-08-20 06:12:19.668766: 
2026-08-20 06:12:19.668885: Epoch 178
2026-08-20 06:12:19.668953: Current learning rate: 0.00838
2026-08-20 06:12:50.061305: train_loss -0.5545
2026-08-20 06:12:50.061537: val_loss -0.5966
2026-08-20 06:12:50.061594: Pseudo dice [np.float32(0.806)]
2026-08-20 06:12:50.061656: Epoch time: 30.39 s
2026-08-20 06:12:50.870600: 
2026-08-20 06:12:50.870834: Epoch 179
2026-08-20 06:12:50.870928: Current learning rate: 0.00837
2026-08-20 06:13:21.378941: train_loss -0.557
2026-08-20 06:13:21.379235: val_loss -0.5555
2026-08-20 06:13:21.379298: Pseudo dice [np.float32(0.756)]
2026-08-20 06:13:21.379376: Epoch time: 30.51 s
2026-08-20 06:13:22.534622: 
2026-08-20 06:13:22.534902: Epoch 180
2026-08-20 06:13:22.534982: Current learning rate: 0.00836
2026-08-20 06:13:53.057943: train_loss -0.5454
2026-08-20 06:13:53.058165: val_loss -0.5163
2026-08-20 06:13:53.058247: Pseudo dice [np.float32(0.7907)]
2026-08-20 06:13:53.058329: Epoch time: 30.52 s
2026-08-20 06:13:53.855388: 
2026-08-20 06:13:53.855556: Epoch 181
2026-08-20 06:13:53.855637: Current learning rate: 0.00836
2026-08-20 06:14:24.354758: train_loss -0.5505
2026-08-20 06:14:24.354940: val_loss -0.6034
2026-08-20 06:14:24.355000: Pseudo dice [np.float32(0.8234)]
2026-08-20 06:14:24.355070: Epoch time: 30.5 s
2026-08-20 06:14:24.355116: Yayy! New best EMA pseudo Dice: 0.7807000279426575
2026-08-20 06:14:25.434946: 
2026-08-20 06:14:25.435188: Epoch 182
2026-08-20 06:14:25.435259: Current learning rate: 0.00835
2026-08-20 06:14:55.858975: train_loss -0.5547
2026-08-20 06:14:55.859161: val_loss -0.5746
2026-08-20 06:14:55.859221: Pseudo dice [np.float32(0.8029)]
2026-08-20 06:14:55.859288: Epoch time: 30.42 s
2026-08-20 06:14:55.859333: Yayy! New best EMA pseudo Dice: 0.7828999757766724
2026-08-20 06:14:56.962571: 
2026-08-20 06:14:56.962795: Epoch 183
2026-08-20 06:14:56.962918: Current learning rate: 0.00834
2026-08-20 06:15:27.295313: train_loss -0.5569
2026-08-20 06:15:27.295526: val_loss -0.5694
2026-08-20 06:15:27.295583: Pseudo dice [np.float32(0.7748)]
2026-08-20 06:15:27.295649: Epoch time: 30.33 s
2026-08-20 06:15:28.092421: 
2026-08-20 06:15:28.092560: Epoch 184
2026-08-20 06:15:28.092632: Current learning rate: 0.00833
2026-08-20 06:15:58.500091: train_loss -0.5451
2026-08-20 06:15:58.500307: val_loss -0.5626
2026-08-20 06:15:58.500366: Pseudo dice [np.float32(0.7782)]
2026-08-20 06:15:58.500437: Epoch time: 30.41 s
2026-08-20 06:15:59.595346: 
2026-08-20 06:15:59.595558: Epoch 185
2026-08-20 06:15:59.595644: Current learning rate: 0.00832
2026-08-20 06:16:30.108962: train_loss -0.5504
2026-08-20 06:16:30.109246: val_loss -0.5238
2026-08-20 06:16:30.109306: Pseudo dice [np.float32(0.7906)]
2026-08-20 06:16:30.109382: Epoch time: 30.51 s
2026-08-20 06:16:30.900895: 
2026-08-20 06:16:30.901037: Epoch 186
2026-08-20 06:16:30.901113: Current learning rate: 0.00831
2026-08-20 06:17:01.312996: train_loss -0.5286
2026-08-20 06:17:01.313177: val_loss -0.521
2026-08-20 06:17:01.313233: Pseudo dice [np.float32(0.7584)]
2026-08-20 06:17:01.313295: Epoch time: 30.41 s
2026-08-20 06:17:02.109933: 
2026-08-20 06:17:02.110088: Epoch 187
2026-08-20 06:17:02.110183: Current learning rate: 0.0083
2026-08-20 06:17:32.485042: train_loss -0.5681
2026-08-20 06:17:32.485219: val_loss -0.5398
2026-08-20 06:17:32.485276: Pseudo dice [np.float32(0.7642)]
2026-08-20 06:17:32.485338: Epoch time: 30.38 s
2026-08-20 06:17:33.283383: 
2026-08-20 06:17:33.283534: Epoch 188
2026-08-20 06:17:33.283605: Current learning rate: 0.00829
2026-08-20 06:18:03.735572: train_loss -0.5445
2026-08-20 06:18:03.735799: val_loss -0.5544
2026-08-20 06:18:03.735867: Pseudo dice [np.float32(0.7729)]
2026-08-20 06:18:03.735935: Epoch time: 30.45 s
2026-08-20 06:18:04.533441: 
2026-08-20 06:18:04.533642: Epoch 189
2026-08-20 06:18:04.533717: Current learning rate: 0.00828
2026-08-20 06:18:34.905048: train_loss -0.5679
2026-08-20 06:18:34.905273: val_loss -0.587
2026-08-20 06:18:34.905334: Pseudo dice [np.float32(0.8035)]
2026-08-20 06:18:34.905431: Epoch time: 30.37 s
2026-08-20 06:18:36.133098: 
2026-08-20 06:18:36.133276: Epoch 190
2026-08-20 06:18:36.133350: Current learning rate: 0.00827
2026-08-20 06:19:06.640697: train_loss -0.554
2026-08-20 06:19:06.641019: val_loss -0.5941
2026-08-20 06:19:06.641081: Pseudo dice [np.float32(0.8207)]
2026-08-20 06:19:06.641159: Epoch time: 30.51 s
2026-08-20 06:19:06.641207: Yayy! New best EMA pseudo Dice: 0.784600019454956
2026-08-20 06:19:07.721860: 
2026-08-20 06:19:07.722001: Epoch 191
2026-08-20 06:19:07.722075: Current learning rate: 0.00826
2026-08-20 06:19:38.209967: train_loss -0.5712
2026-08-20 06:19:38.210205: val_loss -0.5213
2026-08-20 06:19:38.210266: Pseudo dice [np.float32(0.7553)]
2026-08-20 06:19:38.210336: Epoch time: 30.49 s
2026-08-20 06:19:39.018202: 
2026-08-20 06:19:39.018327: Epoch 192
2026-08-20 06:19:39.018402: Current learning rate: 0.00825
2026-08-20 06:20:09.458949: train_loss -0.5594
2026-08-20 06:20:09.459198: val_loss -0.5162
2026-08-20 06:20:09.459257: Pseudo dice [np.float32(0.7535)]
2026-08-20 06:20:09.459323: Epoch time: 30.44 s
2026-08-20 06:20:10.262651: 
2026-08-20 06:20:10.262827: Epoch 193
2026-08-20 06:20:10.262941: Current learning rate: 0.00824
2026-08-20 06:20:40.847644: train_loss -0.5431
2026-08-20 06:20:40.847841: val_loss -0.5872
2026-08-20 06:20:40.847923: Pseudo dice [np.float32(0.7912)]
2026-08-20 06:20:40.847995: Epoch time: 30.59 s
2026-08-20 06:20:41.649188: 
2026-08-20 06:20:41.649365: Epoch 194
2026-08-20 06:20:41.649439: Current learning rate: 0.00824
2026-08-20 06:21:12.166309: train_loss -0.5666
2026-08-20 06:21:12.166594: val_loss -0.4981
2026-08-20 06:21:12.166659: Pseudo dice [np.float32(0.765)]
2026-08-20 06:21:12.166723: Epoch time: 30.52 s
2026-08-20 06:21:12.972647: 
2026-08-20 06:21:12.972905: Epoch 195
2026-08-20 06:21:12.972980: Current learning rate: 0.00823
2026-08-20 06:21:43.483155: train_loss -0.5542
2026-08-20 06:21:43.483468: val_loss -0.5591
2026-08-20 06:21:43.483528: Pseudo dice [np.float32(0.7907)]
2026-08-20 06:21:43.483596: Epoch time: 30.51 s
2026-08-20 06:21:44.286801: 
2026-08-20 06:21:44.287006: Epoch 196
2026-08-20 06:21:44.287084: Current learning rate: 0.00822
2026-08-20 06:22:14.875092: train_loss -0.5567
2026-08-20 06:22:14.875293: val_loss -0.5453
2026-08-20 06:22:14.875351: Pseudo dice [np.float32(0.7996)]
2026-08-20 06:22:14.875419: Epoch time: 30.59 s
2026-08-20 06:22:15.975915: 
2026-08-20 06:22:15.976037: Epoch 197
2026-08-20 06:22:15.976113: Current learning rate: 0.00821
2026-08-20 06:22:46.559307: train_loss -0.5387
2026-08-20 06:22:46.559534: val_loss -0.5389
2026-08-20 06:22:46.559592: Pseudo dice [np.float32(0.7708)]
2026-08-20 06:22:46.559664: Epoch time: 30.58 s
2026-08-20 06:22:47.371348: 
2026-08-20 06:22:47.371658: Epoch 198
2026-08-20 06:22:47.371826: Current learning rate: 0.0082
2026-08-20 06:23:17.917898: train_loss -0.5518
2026-08-20 06:23:17.918110: val_loss -0.4886
2026-08-20 06:23:17.918169: Pseudo dice [np.float32(0.7357)]
2026-08-20 06:23:17.918243: Epoch time: 30.55 s
2026-08-20 06:23:18.725631: 
2026-08-20 06:23:18.725805: Epoch 199
2026-08-20 06:23:18.725888: Current learning rate: 0.00819
2026-08-20 06:23:49.336811: train_loss -0.5379
2026-08-20 06:23:49.337106: val_loss -0.5603
2026-08-20 06:23:49.337171: Pseudo dice [np.float32(0.792)]
2026-08-20 06:23:49.337249: Epoch time: 30.61 s
2026-08-20 06:23:50.497762: 
2026-08-20 06:23:50.497872: Epoch 200
2026-08-20 06:23:50.497944: Current learning rate: 0.00818
2026-08-20 06:24:21.015931: train_loss -0.5603
2026-08-20 06:24:21.016197: val_loss -0.5776
2026-08-20 06:24:21.016260: Pseudo dice [np.float32(0.7936)]
2026-08-20 06:24:21.016337: Epoch time: 30.52 s
2026-08-20 06:24:21.834469: 
2026-08-20 06:24:21.834644: Epoch 201
2026-08-20 06:24:21.834722: Current learning rate: 0.00817
2026-08-20 06:24:52.223669: train_loss -0.5603
2026-08-20 06:24:52.223841: val_loss -0.5367
2026-08-20 06:24:52.223910: Pseudo dice [np.float32(0.74)]
2026-08-20 06:24:52.223974: Epoch time: 30.39 s
2026-08-20 06:24:53.039014: 
2026-08-20 06:24:53.039164: Epoch 202
2026-08-20 06:24:53.039245: Current learning rate: 0.00816
2026-08-20 06:25:23.593451: train_loss -0.5349
2026-08-20 06:25:23.593644: val_loss -0.5759
2026-08-20 06:25:23.593697: Pseudo dice [np.float32(0.8043)]
2026-08-20 06:25:23.593759: Epoch time: 30.56 s
2026-08-20 06:25:24.419406: 
2026-08-20 06:25:24.419573: Epoch 203
2026-08-20 06:25:24.419698: Current learning rate: 0.00815
2026-08-20 06:25:54.918308: train_loss -0.5246
2026-08-20 06:25:54.918522: val_loss -0.4699
2026-08-20 06:25:54.918580: Pseudo dice [np.float32(0.7604)]
2026-08-20 06:25:54.918650: Epoch time: 30.5 s
2026-08-20 06:25:55.722647: 
2026-08-20 06:25:55.722790: Epoch 204
2026-08-20 06:25:55.722868: Current learning rate: 0.00814
2026-08-20 06:26:26.071400: train_loss -0.5478
2026-08-20 06:26:26.071617: val_loss -0.5033
2026-08-20 06:26:26.071677: Pseudo dice [np.float32(0.7667)]
2026-08-20 06:26:26.071751: Epoch time: 30.35 s
2026-08-20 06:26:26.875334: 
2026-08-20 06:26:26.875499: Epoch 205
2026-08-20 06:26:26.875596: Current learning rate: 0.00813
2026-08-20 06:26:57.408575: train_loss -0.5545
2026-08-20 06:26:57.408796: val_loss -0.525
2026-08-20 06:26:57.408864: Pseudo dice [np.float32(0.789)]
2026-08-20 06:26:57.408939: Epoch time: 30.53 s
2026-08-20 06:26:58.189495: 
2026-08-20 06:26:58.189642: Epoch 206
2026-08-20 06:26:58.189718: Current learning rate: 0.00813
2026-08-20 06:27:28.657951: train_loss -0.5347
2026-08-20 06:27:28.658169: val_loss -0.5431
2026-08-20 06:27:28.658230: Pseudo dice [np.float32(0.7899)]
2026-08-20 06:27:28.658301: Epoch time: 30.47 s
2026-08-20 06:27:29.442550: 
2026-08-20 06:27:29.442744: Epoch 207
2026-08-20 06:27:29.442834: Current learning rate: 0.00812
2026-08-20 06:27:59.985246: train_loss -0.5237
2026-08-20 06:27:59.985467: val_loss -0.5273
2026-08-20 06:27:59.985528: Pseudo dice [np.float32(0.7455)]
2026-08-20 06:27:59.985601: Epoch time: 30.54 s
2026-08-20 06:28:01.069662: 
2026-08-20 06:28:01.069806: Epoch 208
2026-08-20 06:28:01.069929: Current learning rate: 0.00811
2026-08-20 06:28:31.617047: train_loss -0.5419
2026-08-20 06:28:31.617290: val_loss -0.5382
2026-08-20 06:28:31.617352: Pseudo dice [np.float32(0.759)]
2026-08-20 06:28:31.617423: Epoch time: 30.55 s
2026-08-20 06:28:32.387782: 
2026-08-20 06:28:32.387925: Epoch 209
2026-08-20 06:28:32.388000: Current learning rate: 0.0081
2026-08-20 06:29:02.928590: train_loss -0.5523
2026-08-20 06:29:02.928773: val_loss -0.5823
2026-08-20 06:29:02.928870: Pseudo dice [np.float32(0.8006)]
2026-08-20 06:29:02.928989: Epoch time: 30.54 s
2026-08-20 06:29:04.038580: 
2026-08-20 06:29:04.038819: Epoch 210
2026-08-20 06:29:04.038914: Current learning rate: 0.00809
2026-08-20 06:29:34.507118: train_loss -0.5486
2026-08-20 06:29:34.507340: val_loss -0.5337
2026-08-20 06:29:34.507405: Pseudo dice [np.float32(0.7954)]
2026-08-20 06:29:34.507485: Epoch time: 30.47 s
2026-08-20 06:29:35.291348: 
2026-08-20 06:29:35.291591: Epoch 211
2026-08-20 06:29:35.291706: Current learning rate: 0.00808
2026-08-20 06:30:05.778461: train_loss -0.5279
2026-08-20 06:30:05.778713: val_loss -0.5598
2026-08-20 06:30:05.778776: Pseudo dice [np.float32(0.7879)]
2026-08-20 06:30:05.778852: Epoch time: 30.49 s
2026-08-20 06:30:06.568789: 
2026-08-20 06:30:06.568938: Epoch 212
2026-08-20 06:30:06.569024: Current learning rate: 0.00807
2026-08-20 06:30:37.105140: train_loss -0.5658
2026-08-20 06:30:37.105393: val_loss -0.5563
2026-08-20 06:30:37.105455: Pseudo dice [np.float32(0.7975)]
2026-08-20 06:30:37.105528: Epoch time: 30.54 s
2026-08-20 06:30:37.892194: 
2026-08-20 06:30:37.892406: Epoch 213
2026-08-20 06:30:37.892481: Current learning rate: 0.00806
2026-08-20 06:31:08.308971: train_loss -0.5603
2026-08-20 06:31:08.309220: val_loss -0.531
2026-08-20 06:31:08.309309: Pseudo dice [np.float32(0.7523)]
2026-08-20 06:31:08.309385: Epoch time: 30.42 s
2026-08-20 06:31:09.093808: 
2026-08-20 06:31:09.093921: Epoch 214
2026-08-20 06:31:09.093992: Current learning rate: 0.00805
2026-08-20 06:31:39.579978: train_loss -0.547
2026-08-20 06:31:39.580187: val_loss -0.5635
2026-08-20 06:31:39.580245: Pseudo dice [np.float32(0.7819)]
2026-08-20 06:31:39.580315: Epoch time: 30.49 s
2026-08-20 06:31:40.366471: 
2026-08-20 06:31:40.366583: Epoch 215
2026-08-20 06:31:40.366653: Current learning rate: 0.00804
2026-08-20 06:32:10.841366: train_loss -0.5542
2026-08-20 06:32:10.841636: val_loss -0.5144
2026-08-20 06:32:10.841703: Pseudo dice [np.float32(0.7335)]
2026-08-20 06:32:10.841768: Epoch time: 30.48 s
2026-08-20 06:32:11.626844: 
2026-08-20 06:32:11.626987: Epoch 216
2026-08-20 06:32:11.627062: Current learning rate: 0.00803
2026-08-20 06:32:42.188663: train_loss -0.5519
2026-08-20 06:32:42.188883: val_loss -0.5064
2026-08-20 06:32:42.189001: Pseudo dice [np.float32(0.7445)]
2026-08-20 06:32:42.189076: Epoch time: 30.56 s
2026-08-20 06:32:42.973609: 
2026-08-20 06:32:42.973910: Epoch 217
2026-08-20 06:32:42.973988: Current learning rate: 0.00802
2026-08-20 06:33:13.422683: train_loss -0.5607
2026-08-20 06:33:13.422904: val_loss -0.572
2026-08-20 06:33:13.422968: Pseudo dice [np.float32(0.7834)]
2026-08-20 06:33:13.423066: Epoch time: 30.45 s
2026-08-20 06:33:14.207807: 
2026-08-20 06:33:14.207950: Epoch 218
2026-08-20 06:33:14.208020: Current learning rate: 0.00801
2026-08-20 06:33:44.749083: train_loss -0.5815
2026-08-20 06:33:44.749503: val_loss -0.5615
2026-08-20 06:33:44.749574: Pseudo dice [np.float32(0.824)]
2026-08-20 06:33:44.749690: Epoch time: 30.54 s
2026-08-20 06:33:45.560617: 
2026-08-20 06:33:45.560756: Epoch 219
2026-08-20 06:33:45.560833: Current learning rate: 0.00801
2026-08-20 06:34:16.066674: train_loss -0.5563
2026-08-20 06:34:16.066957: val_loss -0.528
2026-08-20 06:34:16.067034: Pseudo dice [np.float32(0.7853)]
2026-08-20 06:34:16.067117: Epoch time: 30.51 s
2026-08-20 06:34:17.226832: 
2026-08-20 06:34:17.226948: Epoch 220
2026-08-20 06:34:17.227017: Current learning rate: 0.008
2026-08-20 06:34:47.670767: train_loss -0.5453
2026-08-20 06:34:47.671147: val_loss -0.519
2026-08-20 06:34:47.671211: Pseudo dice [np.float32(0.8146)]
2026-08-20 06:34:47.671382: Epoch time: 30.44 s
2026-08-20 06:34:48.765159: 
2026-08-20 06:34:48.765273: Epoch 221
2026-08-20 06:34:48.765347: Current learning rate: 0.00799
2026-08-20 06:35:19.315964: train_loss -0.5384
2026-08-20 06:35:19.316202: val_loss -0.5136
2026-08-20 06:35:19.316269: Pseudo dice [np.float32(0.7729)]
2026-08-20 06:35:19.316343: Epoch time: 30.55 s
2026-08-20 06:35:20.102275: 
2026-08-20 06:35:20.102396: Epoch 222
2026-08-20 06:35:20.102474: Current learning rate: 0.00798
2026-08-20 06:35:50.681828: train_loss -0.4954
2026-08-20 06:35:50.682038: val_loss -0.4349
2026-08-20 06:35:50.682100: Pseudo dice [np.float32(0.7039)]
2026-08-20 06:35:50.682173: Epoch time: 30.58 s
2026-08-20 06:35:51.471003: 
2026-08-20 06:35:51.471191: Epoch 223
2026-08-20 06:35:51.471265: Current learning rate: 0.00797
2026-08-20 06:36:21.972550: train_loss -0.5146
2026-08-20 06:36:21.972781: val_loss -0.5893
2026-08-20 06:36:21.972839: Pseudo dice [np.float32(0.7772)]
2026-08-20 06:36:21.972922: Epoch time: 30.5 s
2026-08-20 06:36:22.760932: 
2026-08-20 06:36:22.761159: Epoch 224
2026-08-20 06:36:22.761241: Current learning rate: 0.00796
2026-08-20 06:36:53.240915: train_loss -0.5165
2026-08-20 06:36:53.241162: val_loss -0.5241
2026-08-20 06:36:53.241222: Pseudo dice [np.float32(0.7443)]
2026-08-20 06:36:53.241301: Epoch time: 30.48 s
2026-08-20 06:36:54.051936: 
2026-08-20 06:36:54.052219: Epoch 225
2026-08-20 06:36:54.052308: Current learning rate: 0.00795
2026-08-20 06:37:24.712547: train_loss -0.5196
2026-08-20 06:37:24.713053: val_loss -0.5491
2026-08-20 06:37:24.713118: Pseudo dice [np.float32(0.7798)]
2026-08-20 06:37:24.713195: Epoch time: 30.66 s
2026-08-20 06:37:25.483783: 
2026-08-20 06:37:25.483932: Epoch 226
2026-08-20 06:37:25.484005: Current learning rate: 0.00794
2026-08-20 06:37:55.901370: train_loss -0.5713
2026-08-20 06:37:55.901647: val_loss -0.5764
2026-08-20 06:37:55.901707: Pseudo dice [np.float32(0.7712)]
2026-08-20 06:37:55.901780: Epoch time: 30.42 s
2026-08-20 06:37:56.678678: 
2026-08-20 06:37:56.678910: Epoch 227
2026-08-20 06:37:56.678988: Current learning rate: 0.00793
2026-08-20 06:38:27.080251: train_loss -0.5724
2026-08-20 06:38:27.080553: val_loss -0.5781
2026-08-20 06:38:27.080614: Pseudo dice [np.float32(0.7878)]
2026-08-20 06:38:27.080688: Epoch time: 30.4 s
2026-08-20 06:38:27.867322: 
2026-08-20 06:38:27.867544: Epoch 228
2026-08-20 06:38:27.867625: Current learning rate: 0.00792
2026-08-20 06:38:58.333568: train_loss -0.5658
2026-08-20 06:38:58.333932: val_loss -0.5373
2026-08-20 06:38:58.334013: Pseudo dice [np.float32(0.7497)]
2026-08-20 06:38:58.334090: Epoch time: 30.47 s
2026-08-20 06:38:59.122785: 
2026-08-20 06:38:59.123057: Epoch 229
2026-08-20 06:38:59.123137: Current learning rate: 0.00791
2026-08-20 06:39:29.645439: train_loss -0.544
2026-08-20 06:39:29.645663: val_loss -0.5608
2026-08-20 06:39:29.645725: Pseudo dice [np.float32(0.8028)]
2026-08-20 06:39:29.645802: Epoch time: 30.52 s
2026-08-20 06:39:30.730503: 
2026-08-20 06:39:30.730699: Epoch 230
2026-08-20 06:39:30.730773: Current learning rate: 0.0079
2026-08-20 06:40:01.142511: train_loss -0.554
2026-08-20 06:40:01.142800: val_loss -0.5144
2026-08-20 06:40:01.142869: Pseudo dice [np.float32(0.7912)]
2026-08-20 06:40:01.142957: Epoch time: 30.41 s
2026-08-20 06:40:01.929909: 
2026-08-20 06:40:01.930126: Epoch 231
2026-08-20 06:40:01.930200: Current learning rate: 0.00789
2026-08-20 06:40:32.447703: train_loss -0.5529
2026-08-20 06:40:32.447971: val_loss -0.5227
2026-08-20 06:40:32.448050: Pseudo dice [np.float32(0.8102)]
2026-08-20 06:40:32.448176: Epoch time: 30.52 s
2026-08-20 06:40:33.244667: 
2026-08-20 06:40:33.244943: Epoch 232
2026-08-20 06:40:33.245045: Current learning rate: 0.00789
2026-08-20 06:41:03.714958: train_loss -0.5605
2026-08-20 06:41:03.715164: val_loss -0.538
2026-08-20 06:41:03.715220: Pseudo dice [np.float32(0.7885)]
2026-08-20 06:41:03.715289: Epoch time: 30.47 s
2026-08-20 06:41:04.801182: 
2026-08-20 06:41:04.801360: Epoch 233
2026-08-20 06:41:04.801444: Current learning rate: 0.00788
2026-08-20 06:41:35.338260: train_loss -0.551
2026-08-20 06:41:35.338490: val_loss -0.5728
2026-08-20 06:41:35.338549: Pseudo dice [np.float32(0.7907)]
2026-08-20 06:41:35.338621: Epoch time: 30.54 s
2026-08-20 06:41:36.115016: 
2026-08-20 06:41:36.115145: Epoch 234
2026-08-20 06:41:36.115216: Current learning rate: 0.00787
2026-08-20 06:42:06.614781: train_loss -0.5828
2026-08-20 06:42:06.614988: val_loss -0.5357
2026-08-20 06:42:06.615054: Pseudo dice [np.float32(0.7739)]
2026-08-20 06:42:06.615122: Epoch time: 30.5 s
2026-08-20 06:42:07.400457: 
2026-08-20 06:42:07.400597: Epoch 235
2026-08-20 06:42:07.400678: Current learning rate: 0.00786
2026-08-20 06:42:37.944417: train_loss -0.5569
2026-08-20 06:42:37.944611: val_loss -0.5585
2026-08-20 06:42:37.944678: Pseudo dice [np.float32(0.7625)]
2026-08-20 06:42:37.944743: Epoch time: 30.54 s
2026-08-20 06:42:38.718889: 
2026-08-20 06:42:38.719080: Epoch 236
2026-08-20 06:42:38.719153: Current learning rate: 0.00785
2026-08-20 06:43:09.342202: train_loss -0.5858
2026-08-20 06:43:09.342392: val_loss -0.577
2026-08-20 06:43:09.342446: Pseudo dice [np.float32(0.7905)]
2026-08-20 06:43:09.342510: Epoch time: 30.62 s
2026-08-20 06:43:10.113059: 
2026-08-20 06:43:10.113222: Epoch 237
2026-08-20 06:43:10.113307: Current learning rate: 0.00784
2026-08-20 06:43:40.678900: train_loss -0.5785
2026-08-20 06:43:40.679120: val_loss -0.5731
2026-08-20 06:43:40.679182: Pseudo dice [np.float32(0.8107)]
2026-08-20 06:43:40.679259: Epoch time: 30.57 s
2026-08-20 06:43:41.453491: 
2026-08-20 06:43:41.453667: Epoch 238
2026-08-20 06:43:41.453749: Current learning rate: 0.00783
2026-08-20 06:44:11.978424: train_loss -0.5879
2026-08-20 06:44:11.978666: val_loss -0.4936
2026-08-20 06:44:11.978724: Pseudo dice [np.float32(0.808)]
2026-08-20 06:44:11.978796: Epoch time: 30.53 s
2026-08-20 06:44:11.978848: Yayy! New best EMA pseudo Dice: 0.7853999733924866
2026-08-20 06:44:13.057664: 
2026-08-20 06:44:13.057821: Epoch 239
2026-08-20 06:44:13.057903: Current learning rate: 0.00782
2026-08-20 06:44:43.605167: train_loss -0.5405
2026-08-20 06:44:43.605398: val_loss -0.5503
2026-08-20 06:44:43.605458: Pseudo dice [np.float32(0.7992)]
2026-08-20 06:44:43.605531: Epoch time: 30.55 s
2026-08-20 06:44:43.929752: Yayy! New best EMA pseudo Dice: 0.7868000268936157
2026-08-20 06:44:44.994331: 
2026-08-20 06:44:44.994625: Epoch 240
2026-08-20 06:44:44.994709: Current learning rate: 0.00781
2026-08-20 06:45:15.402369: train_loss -0.5046
2026-08-20 06:45:15.402595: val_loss -0.4254
2026-08-20 06:45:15.402686: Pseudo dice [np.float32(0.4329)]
2026-08-20 06:45:15.402765: Epoch time: 30.41 s
2026-08-20 06:45:16.188048: 
2026-08-20 06:45:16.188323: Epoch 241
2026-08-20 06:45:16.188437: Current learning rate: 0.0078
2026-08-20 06:45:46.740688: train_loss -0.5492
2026-08-20 06:45:46.740920: val_loss -0.6086
2026-08-20 06:45:46.740977: Pseudo dice [np.float32(0.7931)]
2026-08-20 06:45:46.741050: Epoch time: 30.55 s
2026-08-20 06:45:47.531807: 
2026-08-20 06:45:47.532096: Epoch 242
2026-08-20 06:45:47.532179: Current learning rate: 0.00779
2026-08-20 06:46:17.874964: train_loss -0.5564
2026-08-20 06:46:17.875183: val_loss -0.5577
2026-08-20 06:46:17.875286: Pseudo dice [np.float32(0.8147)]
2026-08-20 06:46:17.875363: Epoch time: 30.34 s
2026-08-20 06:46:18.662903: 
2026-08-20 06:46:18.663047: Epoch 243
2026-08-20 06:46:18.663124: Current learning rate: 0.00778
2026-08-20 06:46:49.015723: train_loss -0.5263
2026-08-20 06:46:49.015953: val_loss -0.5376
2026-08-20 06:46:49.016010: Pseudo dice [np.float32(0.7762)]
2026-08-20 06:46:49.016080: Epoch time: 30.35 s
2026-08-20 06:46:49.801007: 
2026-08-20 06:46:49.801151: Epoch 244
2026-08-20 06:46:49.801224: Current learning rate: 0.00777
2026-08-20 06:47:20.240409: train_loss -0.5368
2026-08-20 06:47:20.240603: val_loss -0.5471
2026-08-20 06:47:20.240662: Pseudo dice [np.float32(0.7801)]
2026-08-20 06:47:20.240727: Epoch time: 30.44 s
2026-08-20 06:47:21.329315: 
2026-08-20 06:47:21.329497: Epoch 245
2026-08-20 06:47:21.329570: Current learning rate: 0.00777
2026-08-20 06:47:51.727460: train_loss -0.5643
2026-08-20 06:47:51.727675: val_loss -0.5905
2026-08-20 06:47:51.727736: Pseudo dice [np.float32(0.7908)]
2026-08-20 06:47:51.727808: Epoch time: 30.4 s
2026-08-20 06:47:52.504922: 
2026-08-20 06:47:52.505055: Epoch 246
2026-08-20 06:47:52.505128: Current learning rate: 0.00776
2026-08-20 06:48:22.921722: train_loss -0.552
2026-08-20 06:48:22.921933: val_loss -0.5896
2026-08-20 06:48:22.922015: Pseudo dice [np.float32(0.7851)]
2026-08-20 06:48:22.922096: Epoch time: 30.42 s
2026-08-20 06:48:23.705191: 
2026-08-20 06:48:23.705326: Epoch 247
2026-08-20 06:48:23.705402: Current learning rate: 0.00775
2026-08-20 06:48:54.066750: train_loss -0.5782
2026-08-20 06:48:54.066973: val_loss -0.5816
2026-08-20 06:48:54.067040: Pseudo dice [np.float32(0.8148)]
2026-08-20 06:48:54.067115: Epoch time: 30.36 s
2026-08-20 06:48:54.853124: 
2026-08-20 06:48:54.853312: Epoch 248
2026-08-20 06:48:54.853386: Current learning rate: 0.00774
2026-08-20 06:49:25.387953: train_loss -0.5675
2026-08-20 06:49:25.388203: val_loss -0.5877
2026-08-20 06:49:25.388263: Pseudo dice [np.float32(0.8057)]
2026-08-20 06:49:25.388333: Epoch time: 30.54 s
2026-08-20 06:49:26.176498: 
2026-08-20 06:49:26.176765: Epoch 249
2026-08-20 06:49:26.176841: Current learning rate: 0.00773
2026-08-20 06:49:56.563498: train_loss -0.5442
2026-08-20 06:49:56.563680: val_loss -0.5488
2026-08-20 06:49:56.563740: Pseudo dice [np.float32(0.8036)]
2026-08-20 06:49:56.563805: Epoch time: 30.39 s
2026-08-20 06:49:57.657616: 
2026-08-20 06:49:57.657906: Epoch 250
2026-08-20 06:49:57.657988: Current learning rate: 0.00772
2026-08-20 06:50:28.192189: train_loss -0.5457
2026-08-20 06:50:28.192454: val_loss -0.5754
2026-08-20 06:50:28.192517: Pseudo dice [np.float32(0.7685)]
2026-08-20 06:50:28.192596: Epoch time: 30.54 s
2026-08-20 06:50:28.978253: 
2026-08-20 06:50:28.978531: Epoch 251
2026-08-20 06:50:28.978632: Current learning rate: 0.00771
2026-08-20 06:50:59.465900: train_loss -0.5594
2026-08-20 06:50:59.466129: val_loss -0.4994
2026-08-20 06:50:59.466190: Pseudo dice [np.float32(0.7626)]
2026-08-20 06:50:59.466269: Epoch time: 30.49 s
2026-08-20 06:51:00.250929: 
2026-08-20 06:51:00.251112: Epoch 252
2026-08-20 06:51:00.251188: Current learning rate: 0.0077
2026-08-20 06:51:30.533848: train_loss -0.5426
2026-08-20 06:51:30.534166: val_loss -0.581
2026-08-20 06:51:30.534227: Pseudo dice [np.float32(0.779)]
2026-08-20 06:51:30.534300: Epoch time: 30.28 s
2026-08-20 06:51:31.325396: 
2026-08-20 06:51:31.325614: Epoch 253
2026-08-20 06:51:31.325704: Current learning rate: 0.00769
2026-08-20 06:52:01.787034: train_loss -0.5289
2026-08-20 06:52:01.787325: val_loss -0.5104
2026-08-20 06:52:01.787389: Pseudo dice [np.float32(0.7692)]
2026-08-20 06:52:01.787468: Epoch time: 30.46 s
2026-08-20 06:52:02.571535: 
2026-08-20 06:52:02.571641: Epoch 254
2026-08-20 06:52:02.571709: Current learning rate: 0.00768
2026-08-20 06:52:33.143574: train_loss -0.5403
2026-08-20 06:52:33.143803: val_loss -0.5234
2026-08-20 06:52:33.143879: Pseudo dice [np.float32(0.8062)]
2026-08-20 06:52:33.143955: Epoch time: 30.57 s
2026-08-20 06:52:33.931962: 
2026-08-20 06:52:33.932093: Epoch 255
2026-08-20 06:52:33.932173: Current learning rate: 0.00767
2026-08-20 06:53:04.413561: train_loss -0.5335
2026-08-20 06:53:04.413781: val_loss -0.5605
2026-08-20 06:53:04.413845: Pseudo dice [np.float32(0.8001)]
2026-08-20 06:53:04.413927: Epoch time: 30.48 s
2026-08-20 06:53:05.201563: 
2026-08-20 06:53:05.201689: Epoch 256
2026-08-20 06:53:05.201763: Current learning rate: 0.00766
2026-08-20 06:53:35.609799: train_loss -0.5681
2026-08-20 06:53:35.610018: val_loss -0.5454
2026-08-20 06:53:35.610078: Pseudo dice [np.float32(0.8071)]
2026-08-20 06:53:35.610142: Epoch time: 30.41 s
2026-08-20 06:53:36.390013: 
2026-08-20 06:53:36.390204: Epoch 257
2026-08-20 06:53:36.390282: Current learning rate: 0.00765
2026-08-20 06:54:06.841835: train_loss -0.5329
2026-08-20 06:54:06.842057: val_loss -0.5107
2026-08-20 06:54:06.842115: Pseudo dice [np.float32(0.7774)]
2026-08-20 06:54:06.842185: Epoch time: 30.45 s
2026-08-20 06:54:07.943512: 
2026-08-20 06:54:07.943715: Epoch 258
2026-08-20 06:54:07.943794: Current learning rate: 0.00764
2026-08-20 06:54:38.451101: train_loss -0.5696
2026-08-20 06:54:38.451298: val_loss -0.5876
2026-08-20 06:54:38.451357: Pseudo dice [np.float32(0.8188)]
2026-08-20 06:54:38.451422: Epoch time: 30.51 s
2026-08-20 06:54:38.451470: Yayy! New best EMA pseudo Dice: 0.7868000268936157
2026-08-20 06:54:39.606008: 
2026-08-20 06:54:39.606162: Epoch 259
2026-08-20 06:54:39.606246: Current learning rate: 0.00764
2026-08-20 06:55:10.066893: train_loss -0.5523
2026-08-20 06:55:10.067094: val_loss -0.5211
2026-08-20 06:55:10.067153: Pseudo dice [np.float32(0.8144)]
2026-08-20 06:55:10.067219: Epoch time: 30.46 s
2026-08-20 06:55:10.438322: Yayy! New best EMA pseudo Dice: 0.7896000146865845
2026-08-20 06:55:11.563915: 
2026-08-20 06:55:11.564082: Epoch 260
2026-08-20 06:55:11.564156: Current learning rate: 0.00763
2026-08-20 06:55:41.952444: train_loss -0.5684
2026-08-20 06:55:41.952648: val_loss -0.6224
2026-08-20 06:55:41.952711: Pseudo dice [np.float32(0.8206)]
2026-08-20 06:55:41.952785: Epoch time: 30.39 s
2026-08-20 06:55:41.952834: Yayy! New best EMA pseudo Dice: 0.7926999926567078
2026-08-20 06:55:43.101192: 
2026-08-20 06:55:43.101399: Epoch 261
2026-08-20 06:55:43.101472: Current learning rate: 0.00762
2026-08-20 06:56:13.679281: train_loss -0.5778
2026-08-20 06:56:13.679576: val_loss -0.5764
2026-08-20 06:56:13.679642: Pseudo dice [np.float32(0.8017)]
2026-08-20 06:56:13.679720: Epoch time: 30.58 s
2026-08-20 06:56:13.679769: Yayy! New best EMA pseudo Dice: 0.7936000227928162
2026-08-20 06:56:14.767802: 
2026-08-20 06:56:14.767951: Epoch 262
2026-08-20 06:56:14.768027: Current learning rate: 0.00761
2026-08-20 06:56:45.096361: train_loss -0.5404
2026-08-20 06:56:45.096580: val_loss -0.5602
2026-08-20 06:56:45.096636: Pseudo dice [np.float32(0.7685)]
2026-08-20 06:56:45.096706: Epoch time: 30.33 s
2026-08-20 06:56:45.896994: 
2026-08-20 06:56:45.897145: Epoch 263
2026-08-20 06:56:45.897221: Current learning rate: 0.0076
2026-08-20 06:57:16.256105: train_loss -0.5693
2026-08-20 06:57:16.256329: val_loss -0.6026
2026-08-20 06:57:16.256387: Pseudo dice [np.float32(0.7958)]
2026-08-20 06:57:16.256500: Epoch time: 30.36 s
2026-08-20 06:57:17.044697: 
2026-08-20 06:57:17.044819: Epoch 264
2026-08-20 06:57:17.044966: Current learning rate: 0.00759
2026-08-20 06:57:47.436580: train_loss -0.5639
2026-08-20 06:57:47.436782: val_loss -0.5637
2026-08-20 06:57:47.436844: Pseudo dice [np.float32(0.8085)]
2026-08-20 06:57:47.436925: Epoch time: 30.39 s
2026-08-20 06:57:48.225135: 
2026-08-20 06:57:48.225263: Epoch 265
2026-08-20 06:57:48.225335: Current learning rate: 0.00758
2026-08-20 06:58:18.699125: train_loss -0.5513
2026-08-20 06:58:18.699307: val_loss -0.5483
2026-08-20 06:58:18.699401: Pseudo dice [np.float32(0.7661)]
2026-08-20 06:58:18.699467: Epoch time: 30.47 s
2026-08-20 06:58:19.485120: 
2026-08-20 06:58:19.485346: Epoch 266
2026-08-20 06:58:19.485420: Current learning rate: 0.00757
2026-08-20 06:58:49.987458: train_loss -0.5445
2026-08-20 06:58:49.987640: val_loss -0.551
2026-08-20 06:58:49.987701: Pseudo dice [np.float32(0.7196)]
2026-08-20 06:58:49.987770: Epoch time: 30.5 s
2026-08-20 06:58:50.774266: 
2026-08-20 06:58:50.774505: Epoch 267
2026-08-20 06:58:50.774584: Current learning rate: 0.00756
2026-08-20 06:59:21.284416: train_loss -0.5537
2026-08-20 06:59:21.284667: val_loss -0.6147
2026-08-20 06:59:21.284725: Pseudo dice [np.float32(0.8298)]
2026-08-20 06:59:21.284799: Epoch time: 30.51 s
2026-08-20 06:59:22.075378: 
2026-08-20 06:59:22.075516: Epoch 268
2026-08-20 06:59:22.075589: Current learning rate: 0.00755
2026-08-20 06:59:52.480352: train_loss -0.5593
2026-08-20 06:59:52.480573: val_loss -0.5704
2026-08-20 06:59:52.480633: Pseudo dice [np.float32(0.8045)]
2026-08-20 06:59:52.480712: Epoch time: 30.41 s
2026-08-20 06:59:53.271373: 
2026-08-20 06:59:53.271563: Epoch 269
2026-08-20 06:59:53.271675: Current learning rate: 0.00754
2026-08-20 07:00:23.780929: train_loss -0.5628
2026-08-20 07:00:23.781214: val_loss -0.6067
2026-08-20 07:00:23.781277: Pseudo dice [np.float32(0.8055)]
2026-08-20 07:00:23.781358: Epoch time: 30.51 s
2026-08-20 07:00:25.175395: 
2026-08-20 07:00:25.175527: Epoch 270
2026-08-20 07:00:25.175624: Current learning rate: 0.00753
2026-08-20 07:00:55.627080: train_loss -0.5716
2026-08-20 07:00:55.627349: val_loss -0.5564
2026-08-20 07:00:55.627407: Pseudo dice [np.float32(0.7875)]
2026-08-20 07:00:55.627476: Epoch time: 30.45 s
2026-08-20 07:00:56.418251: 
2026-08-20 07:00:56.418485: Epoch 271
2026-08-20 07:00:56.418558: Current learning rate: 0.00752
2026-08-20 07:01:26.916450: train_loss -0.532
2026-08-20 07:01:26.916650: val_loss -0.5591
2026-08-20 07:01:26.916706: Pseudo dice [np.float32(0.7852)]
2026-08-20 07:01:26.916774: Epoch time: 30.5 s
2026-08-20 07:01:27.706372: 
2026-08-20 07:01:27.706546: Epoch 272
2026-08-20 07:01:27.706622: Current learning rate: 0.00751
2026-08-20 07:01:58.111337: train_loss -0.5483
2026-08-20 07:01:58.111548: val_loss -0.5688
2026-08-20 07:01:58.111608: Pseudo dice [np.float32(0.811)]
2026-08-20 07:01:58.111677: Epoch time: 30.41 s
2026-08-20 07:01:58.900576: 
2026-08-20 07:01:58.900776: Epoch 273
2026-08-20 07:01:58.900848: Current learning rate: 0.00751
2026-08-20 07:02:29.474664: train_loss -0.5582
2026-08-20 07:02:29.474871: val_loss -0.5349
2026-08-20 07:02:29.474932: Pseudo dice [np.float32(0.7494)]
2026-08-20 07:02:29.475004: Epoch time: 30.58 s
2026-08-20 07:02:30.265063: 
2026-08-20 07:02:30.265554: Epoch 274
2026-08-20 07:02:30.265643: Current learning rate: 0.0075
2026-08-20 07:03:00.805061: train_loss -0.5469
2026-08-20 07:03:00.805255: val_loss -0.5283
2026-08-20 07:03:00.805312: Pseudo dice [np.float32(0.7859)]
2026-08-20 07:03:00.805377: Epoch time: 30.54 s
2026-08-20 07:03:01.596277: 
2026-08-20 07:03:01.596526: Epoch 275
2026-08-20 07:03:01.596605: Current learning rate: 0.00749
2026-08-20 07:03:32.196160: train_loss -0.5602
2026-08-20 07:03:32.196626: val_loss -0.5825
2026-08-20 07:03:32.196692: Pseudo dice [np.float32(0.8013)]
2026-08-20 07:03:32.196806: Epoch time: 30.6 s
2026-08-20 07:03:33.000433: 
2026-08-20 07:03:33.000691: Epoch 276
2026-08-20 07:03:33.000777: Current learning rate: 0.00748
2026-08-20 07:04:03.464435: train_loss -0.5707
2026-08-20 07:04:03.464805: val_loss -0.5339
2026-08-20 07:04:03.464874: Pseudo dice [np.float32(0.805)]
2026-08-20 07:04:03.464951: Epoch time: 30.46 s
2026-08-20 07:04:04.255184: 
2026-08-20 07:04:04.255432: Epoch 277
2026-08-20 07:04:04.255503: Current learning rate: 0.00747
2026-08-20 07:04:34.806297: train_loss -0.5641
2026-08-20 07:04:34.806751: val_loss -0.5351
2026-08-20 07:04:34.806813: Pseudo dice [np.float32(0.7951)]
2026-08-20 07:04:34.806936: Epoch time: 30.55 s
2026-08-20 07:04:35.610899: 
2026-08-20 07:04:35.611046: Epoch 278
2026-08-20 07:04:35.611128: Current learning rate: 0.00746
2026-08-20 07:05:06.100641: train_loss -0.586
2026-08-20 07:05:06.100896: val_loss -0.5548
2026-08-20 07:05:06.100977: Pseudo dice [np.float32(0.7935)]
2026-08-20 07:05:06.101063: Epoch time: 30.49 s
2026-08-20 07:05:06.902879: 
2026-08-20 07:05:06.903020: Epoch 279
2026-08-20 07:05:06.903105: Current learning rate: 0.00745
2026-08-20 07:05:37.502890: train_loss -0.5678
2026-08-20 07:05:37.503133: val_loss -0.5747
2026-08-20 07:05:37.503198: Pseudo dice [np.float32(0.7931)]
2026-08-20 07:05:37.503274: Epoch time: 30.6 s
2026-08-20 07:05:38.718584: 
2026-08-20 07:05:38.718693: Epoch 280
2026-08-20 07:05:38.718765: Current learning rate: 0.00744
2026-08-20 07:06:09.269301: train_loss -0.5628
2026-08-20 07:06:09.269537: val_loss -0.5758
2026-08-20 07:06:09.269598: Pseudo dice [np.float32(0.7992)]
2026-08-20 07:06:09.269671: Epoch time: 30.55 s
2026-08-20 07:06:10.059785: 
2026-08-20 07:06:10.060013: Epoch 281
2026-08-20 07:06:10.060088: Current learning rate: 0.00743
2026-08-20 07:06:40.430324: train_loss -0.5705
2026-08-20 07:06:40.430565: val_loss -0.5301
2026-08-20 07:06:40.430625: Pseudo dice [np.float32(0.7034)]
2026-08-20 07:06:40.430691: Epoch time: 30.37 s
2026-08-20 07:06:41.523864: 
2026-08-20 07:06:41.524030: Epoch 282
2026-08-20 07:06:41.524126: Current learning rate: 0.00742
2026-08-20 07:07:11.893691: train_loss -0.5532
2026-08-20 07:07:11.893915: val_loss -0.5203
2026-08-20 07:07:11.893972: Pseudo dice [np.float32(0.7465)]
2026-08-20 07:07:11.894040: Epoch time: 30.37 s
2026-08-20 07:07:12.673962: 
2026-08-20 07:07:12.674090: Epoch 283
2026-08-20 07:07:12.674163: Current learning rate: 0.00741
2026-08-20 07:07:43.018565: train_loss -0.5991
2026-08-20 07:07:43.018813: val_loss -0.5655
2026-08-20 07:07:43.018877: Pseudo dice [np.float32(0.7744)]
2026-08-20 07:07:43.018950: Epoch time: 30.35 s
2026-08-20 07:07:43.808495: 
2026-08-20 07:07:43.808640: Epoch 284
2026-08-20 07:07:43.808718: Current learning rate: 0.0074
2026-08-20 07:08:14.399523: train_loss -0.5406
2026-08-20 07:08:14.399927: val_loss -0.567
2026-08-20 07:08:14.399997: Pseudo dice [np.float32(0.8052)]
2026-08-20 07:08:14.400109: Epoch time: 30.59 s
2026-08-20 07:08:15.218814: 
2026-08-20 07:08:15.219077: Epoch 285
2026-08-20 07:08:15.219195: Current learning rate: 0.00739
2026-08-20 07:08:45.853512: train_loss -0.5587
2026-08-20 07:08:45.853831: val_loss -0.5827
2026-08-20 07:08:45.853909: Pseudo dice [np.float32(0.8307)]
2026-08-20 07:08:45.853991: Epoch time: 30.64 s
2026-08-20 07:08:46.649385: 
2026-08-20 07:08:46.649503: Epoch 286
2026-08-20 07:08:46.649577: Current learning rate: 0.00738
2026-08-20 07:09:17.227770: train_loss -0.582
2026-08-20 07:09:17.228028: val_loss -0.5607
2026-08-20 07:09:17.228091: Pseudo dice [np.float32(0.7989)]
2026-08-20 07:09:17.228204: Epoch time: 30.58 s
2026-08-20 07:09:18.031290: 
2026-08-20 07:09:18.031570: Epoch 287
2026-08-20 07:09:18.031674: Current learning rate: 0.00738
2026-08-20 07:09:48.643934: train_loss -0.5708
2026-08-20 07:09:48.644156: val_loss -0.5849
2026-08-20 07:09:48.644216: Pseudo dice [np.float32(0.7909)]
2026-08-20 07:09:48.644301: Epoch time: 30.61 s
2026-08-20 07:09:49.437022: 
2026-08-20 07:09:49.437218: Epoch 288
2026-08-20 07:09:49.437288: Current learning rate: 0.00737
2026-08-20 07:10:19.834697: train_loss -0.581
2026-08-20 07:10:19.834928: val_loss -0.5784
2026-08-20 07:10:19.834985: Pseudo dice [np.float32(0.7979)]
2026-08-20 07:10:19.835057: Epoch time: 30.4 s
2026-08-20 07:10:20.638678: 
2026-08-20 07:10:20.638947: Epoch 289
2026-08-20 07:10:20.639024: Current learning rate: 0.00736
2026-08-20 07:10:51.134840: train_loss -0.5678
2026-08-20 07:10:51.135031: val_loss -0.501
2026-08-20 07:10:51.135088: Pseudo dice [np.float32(0.7529)]
2026-08-20 07:10:51.135153: Epoch time: 30.5 s
2026-08-20 07:10:52.246027: 
2026-08-20 07:10:52.246149: Epoch 290
2026-08-20 07:10:52.246224: Current learning rate: 0.00735
2026-08-20 07:11:22.803081: train_loss -0.568
2026-08-20 07:11:22.803311: val_loss -0.4958
2026-08-20 07:11:22.803367: Pseudo dice [np.float32(0.7665)]
2026-08-20 07:11:22.803449: Epoch time: 30.56 s
2026-08-20 07:11:23.599027: 
2026-08-20 07:11:23.599145: Epoch 291
2026-08-20 07:11:23.599214: Current learning rate: 0.00734
2026-08-20 07:11:54.061383: train_loss -0.5673
2026-08-20 07:11:54.061613: val_loss -0.6165
2026-08-20 07:11:54.061672: Pseudo dice [np.float32(0.8226)]
2026-08-20 07:11:54.061779: Epoch time: 30.46 s
2026-08-20 07:11:54.860500: 
2026-08-20 07:11:54.860614: Epoch 292
2026-08-20 07:11:54.860689: Current learning rate: 0.00733
2026-08-20 07:12:25.322772: train_loss -0.5657
2026-08-20 07:12:25.322994: val_loss -0.5509
2026-08-20 07:12:25.323053: Pseudo dice [np.float32(0.7874)]
2026-08-20 07:12:25.323125: Epoch time: 30.46 s
2026-08-20 07:12:26.116713: 
2026-08-20 07:12:26.116815: Epoch 293
2026-08-20 07:12:26.116888: Current learning rate: 0.00732
2026-08-20 07:12:56.656784: train_loss -0.5634
2026-08-20 07:12:56.657024: val_loss -0.5457
2026-08-20 07:12:56.657085: Pseudo dice [np.float32(0.7627)]
2026-08-20 07:12:56.657163: Epoch time: 30.54 s
2026-08-20 07:12:57.452611: 
2026-08-20 07:12:57.452891: Epoch 294
2026-08-20 07:12:57.452968: Current learning rate: 0.00731
2026-08-20 07:13:27.929611: train_loss -0.5563
2026-08-20 07:13:27.929812: val_loss -0.5317
2026-08-20 07:13:27.929878: Pseudo dice [np.float32(0.7713)]
2026-08-20 07:13:27.929946: Epoch time: 30.48 s
2026-08-20 07:13:29.029717: 
2026-08-20 07:13:29.029846: Epoch 295
2026-08-20 07:13:29.029933: Current learning rate: 0.0073
2026-08-20 07:13:59.555637: train_loss -0.5701
2026-08-20 07:13:59.555884: val_loss -0.5215
2026-08-20 07:13:59.555950: Pseudo dice [np.float32(0.7767)]
2026-08-20 07:13:59.556020: Epoch time: 30.53 s
2026-08-20 07:14:00.348924: 
2026-08-20 07:14:00.349038: Epoch 296
2026-08-20 07:14:00.349109: Current learning rate: 0.00729
2026-08-20 07:14:30.751276: train_loss -0.5826
2026-08-20 07:14:30.751469: val_loss -0.5692
2026-08-20 07:14:30.751526: Pseudo dice [np.float32(0.8071)]
2026-08-20 07:14:30.751593: Epoch time: 30.4 s
2026-08-20 07:14:31.546317: 
2026-08-20 07:14:31.546464: Epoch 297
2026-08-20 07:14:31.546539: Current learning rate: 0.00728
2026-08-20 07:15:02.019456: train_loss -0.5917
2026-08-20 07:15:02.019677: val_loss -0.613
2026-08-20 07:15:02.019732: Pseudo dice [np.float32(0.8181)]
2026-08-20 07:15:02.019798: Epoch time: 30.47 s
2026-08-20 07:15:02.815068: 
2026-08-20 07:15:02.815216: Epoch 298
2026-08-20 07:15:02.815285: Current learning rate: 0.00727
2026-08-20 07:15:33.357388: train_loss -0.572
2026-08-20 07:15:33.357620: val_loss -0.4667
2026-08-20 07:15:33.357682: Pseudo dice [np.float32(0.707)]
2026-08-20 07:15:33.357757: Epoch time: 30.54 s
2026-08-20 07:15:34.191085: 
2026-08-20 07:15:34.191394: Epoch 299
2026-08-20 07:15:34.191722: Current learning rate: 0.00726
2026-08-20 07:16:04.735981: train_loss -0.5825
2026-08-20 07:16:04.736211: val_loss -0.5595
2026-08-20 07:16:04.736275: Pseudo dice [np.float32(0.791)]
2026-08-20 07:16:04.736348: Epoch time: 30.55 s
2026-08-20 07:16:06.058961: 
2026-08-20 07:16:06.059087: Epoch 300
2026-08-20 07:16:06.059157: Current learning rate: 0.00725
2026-08-20 07:16:36.478682: train_loss -0.5733
2026-08-20 07:16:36.478918: val_loss -0.5479
2026-08-20 07:16:36.478977: Pseudo dice [np.float32(0.8013)]
2026-08-20 07:16:36.479049: Epoch time: 30.42 s
2026-08-20 07:16:37.277505: 
2026-08-20 07:16:37.277629: Epoch 301
2026-08-20 07:16:37.277698: Current learning rate: 0.00724
2026-08-20 07:17:07.772403: train_loss -0.5855
2026-08-20 07:17:07.772631: val_loss -0.6119
2026-08-20 07:17:07.772691: Pseudo dice [np.float32(0.8093)]
2026-08-20 07:17:07.772764: Epoch time: 30.5 s
2026-08-20 07:17:08.568852: 
2026-08-20 07:17:08.568998: Epoch 302
2026-08-20 07:17:08.569073: Current learning rate: 0.00724
2026-08-20 07:17:39.072986: train_loss -0.5767
2026-08-20 07:17:39.073198: val_loss -0.5541
2026-08-20 07:17:39.073260: Pseudo dice [np.float32(0.7979)]
2026-08-20 07:17:39.073339: Epoch time: 30.5 s
2026-08-20 07:17:39.869362: 
2026-08-20 07:17:39.869499: Epoch 303
2026-08-20 07:17:39.869574: Current learning rate: 0.00723
2026-08-20 07:18:10.404247: train_loss -0.5608
2026-08-20 07:18:10.404463: val_loss -0.5567
2026-08-20 07:18:10.404527: Pseudo dice [np.float32(0.7783)]
2026-08-20 07:18:10.404598: Epoch time: 30.54 s
2026-08-20 07:18:11.201097: 
2026-08-20 07:18:11.201265: Epoch 304
2026-08-20 07:18:11.201343: Current learning rate: 0.00722
2026-08-20 07:18:41.760846: train_loss -0.5541
2026-08-20 07:18:41.761030: val_loss -0.5252
2026-08-20 07:18:41.761084: Pseudo dice [np.float32(0.7686)]
2026-08-20 07:18:41.761146: Epoch time: 30.56 s
2026-08-20 07:18:42.587195: 
2026-08-20 07:18:42.587312: Epoch 305
2026-08-20 07:18:42.587390: Current learning rate: 0.00721
2026-08-20 07:19:13.062214: train_loss -0.5932
2026-08-20 07:19:13.062397: val_loss -0.5994
2026-08-20 07:19:13.062454: Pseudo dice [np.float32(0.8208)]
2026-08-20 07:19:13.062518: Epoch time: 30.48 s
2026-08-20 07:19:14.163449: 
2026-08-20 07:19:14.163607: Epoch 306
2026-08-20 07:19:14.163692: Current learning rate: 0.0072
2026-08-20 07:19:44.584120: train_loss -0.5955
2026-08-20 07:19:44.584335: val_loss -0.5909
2026-08-20 07:19:44.584394: Pseudo dice [np.float32(0.7883)]
2026-08-20 07:19:44.584464: Epoch time: 30.42 s
2026-08-20 07:19:45.375051: 
2026-08-20 07:19:45.375216: Epoch 307
2026-08-20 07:19:45.375299: Current learning rate: 0.00719
2026-08-20 07:20:15.938929: train_loss -0.5719
2026-08-20 07:20:15.939122: val_loss -0.5423
2026-08-20 07:20:15.939176: Pseudo dice [np.float32(0.7641)]
2026-08-20 07:20:15.939238: Epoch time: 30.56 s
2026-08-20 07:20:16.735442: 
2026-08-20 07:20:16.735551: Epoch 308
2026-08-20 07:20:16.735619: Current learning rate: 0.00718
2026-08-20 07:20:47.093145: train_loss -0.5503
2026-08-20 07:20:47.093362: val_loss -0.5618
2026-08-20 07:20:47.093421: Pseudo dice [np.float32(0.7527)]
2026-08-20 07:20:47.093491: Epoch time: 30.36 s
2026-08-20 07:20:47.935094: 
2026-08-20 07:20:47.935404: Epoch 309
2026-08-20 07:20:47.935487: Current learning rate: 0.00717
2026-08-20 07:21:18.414870: train_loss -0.5574
2026-08-20 07:21:18.415075: val_loss -0.549
2026-08-20 07:21:18.415135: Pseudo dice [np.float32(0.7908)]
2026-08-20 07:21:18.415208: Epoch time: 30.48 s
2026-08-20 07:21:19.572873: 
2026-08-20 07:21:19.572993: Epoch 310
2026-08-20 07:21:19.573071: Current learning rate: 0.00716
2026-08-20 07:21:50.031007: train_loss -0.575
2026-08-20 07:21:50.031182: val_loss -0.5275
2026-08-20 07:21:50.031235: Pseudo dice [np.float32(0.7639)]
2026-08-20 07:21:50.031296: Epoch time: 30.46 s
2026-08-20 07:21:50.825679: 
2026-08-20 07:21:50.825794: Epoch 311
2026-08-20 07:21:50.825870: Current learning rate: 0.00715
2026-08-20 07:22:21.327673: train_loss -0.5448
2026-08-20 07:22:21.327888: val_loss -0.5903
2026-08-20 07:22:21.327948: Pseudo dice [np.float32(0.7942)]
2026-08-20 07:22:21.328020: Epoch time: 30.5 s
2026-08-20 07:22:22.131247: 
2026-08-20 07:22:22.131413: Epoch 312
2026-08-20 07:22:22.131496: Current learning rate: 0.00714
2026-08-20 07:22:52.615509: train_loss -0.5447
2026-08-20 07:22:52.615693: val_loss -0.563
2026-08-20 07:22:52.615751: Pseudo dice [np.float32(0.7713)]
2026-08-20 07:22:52.615816: Epoch time: 30.49 s
2026-08-20 07:22:53.413320: 
2026-08-20 07:22:53.413450: Epoch 313
2026-08-20 07:22:53.413529: Current learning rate: 0.00713
2026-08-20 07:23:23.931108: train_loss -0.569
2026-08-20 07:23:23.931303: val_loss -0.5279
2026-08-20 07:23:23.931361: Pseudo dice [np.float32(0.7321)]
2026-08-20 07:23:23.931427: Epoch time: 30.52 s
2026-08-20 07:23:24.732566: 
2026-08-20 07:23:24.732665: Epoch 314
2026-08-20 07:23:24.732735: Current learning rate: 0.00712
2026-08-20 07:23:55.082036: train_loss -0.5738
2026-08-20 07:23:55.082238: val_loss -0.568
2026-08-20 07:23:55.082294: Pseudo dice [np.float32(0.8038)]
2026-08-20 07:23:55.082358: Epoch time: 30.35 s
2026-08-20 07:23:55.879530: 
2026-08-20 07:23:55.879661: Epoch 315
2026-08-20 07:23:55.879736: Current learning rate: 0.00711
2026-08-20 07:24:26.338866: train_loss -0.5789
2026-08-20 07:24:26.339064: val_loss -0.5441
2026-08-20 07:24:26.339123: Pseudo dice [np.float32(0.7709)]
2026-08-20 07:24:26.339194: Epoch time: 30.46 s
2026-08-20 07:24:27.138123: 
2026-08-20 07:24:27.138262: Epoch 316
2026-08-20 07:24:27.138345: Current learning rate: 0.0071
2026-08-20 07:24:57.666037: train_loss -0.5861
2026-08-20 07:24:57.666276: val_loss -0.6063
2026-08-20 07:24:57.666340: Pseudo dice [np.float32(0.7998)]
2026-08-20 07:24:57.666415: Epoch time: 30.53 s
2026-08-20 07:24:58.484877: 
2026-08-20 07:24:58.485076: Epoch 317
2026-08-20 07:24:58.485194: Current learning rate: 0.0071
2026-08-20 07:25:28.963926: train_loss -0.5897
2026-08-20 07:25:28.964202: val_loss -0.5177
2026-08-20 07:25:28.964267: Pseudo dice [np.float32(0.8104)]
2026-08-20 07:25:28.964341: Epoch time: 30.48 s
2026-08-20 07:25:30.099277: 
2026-08-20 07:25:30.099466: Epoch 318
2026-08-20 07:25:30.099550: Current learning rate: 0.00709
2026-08-20 07:26:00.652978: train_loss -0.5774
2026-08-20 07:26:00.653200: val_loss -0.5447
2026-08-20 07:26:00.653260: Pseudo dice [np.float32(0.8045)]
2026-08-20 07:26:00.653333: Epoch time: 30.55 s
2026-08-20 07:26:01.451477: 
2026-08-20 07:26:01.451643: Epoch 319
2026-08-20 07:26:01.451717: Current learning rate: 0.00708
2026-08-20 07:26:31.982539: train_loss -0.5744
2026-08-20 07:26:31.982893: val_loss -0.6242
2026-08-20 07:26:31.982956: Pseudo dice [np.float32(0.8083)]
2026-08-20 07:26:31.983026: Epoch time: 30.53 s
2026-08-20 07:26:33.091151: 
2026-08-20 07:26:33.091306: Epoch 320
2026-08-20 07:26:33.091384: Current learning rate: 0.00707
2026-08-20 07:27:03.648538: train_loss -0.5788
2026-08-20 07:27:03.648765: val_loss -0.5609
2026-08-20 07:27:03.648825: Pseudo dice [np.float32(0.8107)]
2026-08-20 07:27:03.648910: Epoch time: 30.56 s
2026-08-20 07:27:04.455640: 
2026-08-20 07:27:04.455930: Epoch 321
2026-08-20 07:27:04.456059: Current learning rate: 0.00706
2026-08-20 07:27:34.901953: train_loss -0.5597
2026-08-20 07:27:34.902181: val_loss -0.562
2026-08-20 07:27:34.902241: Pseudo dice [np.float32(0.8092)]
2026-08-20 07:27:34.902311: Epoch time: 30.45 s
2026-08-20 07:27:35.702812: 
2026-08-20 07:27:35.702958: Epoch 322
2026-08-20 07:27:35.703064: Current learning rate: 0.00705
2026-08-20 07:28:06.190016: train_loss -0.5644
2026-08-20 07:28:06.190338: val_loss -0.5481
2026-08-20 07:28:06.190402: Pseudo dice [np.float32(0.7858)]
2026-08-20 07:28:06.190477: Epoch time: 30.49 s
2026-08-20 07:28:06.996214: 
2026-08-20 07:28:06.996356: Epoch 323
2026-08-20 07:28:06.996435: Current learning rate: 0.00704
2026-08-20 07:28:37.342345: train_loss -0.5715
2026-08-20 07:28:37.342581: val_loss -0.5581
2026-08-20 07:28:37.342641: Pseudo dice [np.float32(0.7957)]
2026-08-20 07:28:37.342714: Epoch time: 30.35 s
2026-08-20 07:28:38.147513: 
2026-08-20 07:28:38.147759: Epoch 324
2026-08-20 07:28:38.148049: Current learning rate: 0.00703
2026-08-20 07:29:08.676149: train_loss -0.593
2026-08-20 07:29:08.676370: val_loss -0.5748
2026-08-20 07:29:08.676429: Pseudo dice [np.float32(0.7912)]
2026-08-20 07:29:08.676502: Epoch time: 30.53 s
2026-08-20 07:29:09.506106: 
2026-08-20 07:29:09.506259: Epoch 325
2026-08-20 07:29:09.506339: Current learning rate: 0.00702
2026-08-20 07:29:39.865778: train_loss -0.5666
2026-08-20 07:29:39.866063: val_loss -0.4919
2026-08-20 07:29:39.866131: Pseudo dice [np.float32(0.7272)]
2026-08-20 07:29:39.866201: Epoch time: 30.36 s
2026-08-20 07:29:40.699906: 
2026-08-20 07:29:40.700046: Epoch 326
2026-08-20 07:29:40.700119: Current learning rate: 0.00701
2026-08-20 07:30:11.126906: train_loss -0.5854
2026-08-20 07:30:11.127144: val_loss -0.5711
2026-08-20 07:30:11.127208: Pseudo dice [np.float32(0.7872)]
2026-08-20 07:30:11.127280: Epoch time: 30.43 s
2026-08-20 07:30:11.933917: 
2026-08-20 07:30:11.934139: Epoch 327
2026-08-20 07:30:11.934264: Current learning rate: 0.007
2026-08-20 07:30:42.440168: train_loss -0.5713
2026-08-20 07:30:42.440385: val_loss -0.6095
2026-08-20 07:30:42.440442: Pseudo dice [np.float32(0.8264)]
2026-08-20 07:30:42.440510: Epoch time: 30.51 s
2026-08-20 07:30:43.240267: 
2026-08-20 07:30:43.240385: Epoch 328
2026-08-20 07:30:43.240458: Current learning rate: 0.00699
2026-08-20 07:31:13.613272: train_loss -0.5718
2026-08-20 07:31:13.613475: val_loss -0.5101
2026-08-20 07:31:13.613535: Pseudo dice [np.float32(0.7991)]
2026-08-20 07:31:13.613600: Epoch time: 30.37 s
2026-08-20 07:31:14.415419: 
2026-08-20 07:31:14.415541: Epoch 329
2026-08-20 07:31:14.415615: Current learning rate: 0.00698
2026-08-20 07:31:44.968141: train_loss -0.5822
2026-08-20 07:31:44.968363: val_loss -0.5469
2026-08-20 07:31:44.968423: Pseudo dice [np.float32(0.7853)]
2026-08-20 07:31:44.968503: Epoch time: 30.55 s
2026-08-20 07:31:46.439773: 
2026-08-20 07:31:46.439976: Epoch 330
2026-08-20 07:31:46.440051: Current learning rate: 0.00697
2026-08-20 07:32:16.965845: train_loss -0.5744
2026-08-20 07:32:16.966035: val_loss -0.5483
2026-08-20 07:32:16.966094: Pseudo dice [np.float32(0.8009)]
2026-08-20 07:32:16.966159: Epoch time: 30.53 s
2026-08-20 07:32:17.755998: 
2026-08-20 07:32:17.756203: Epoch 331
2026-08-20 07:32:17.756289: Current learning rate: 0.00696
2026-08-20 07:32:48.254519: train_loss -0.5662
2026-08-20 07:32:48.254691: val_loss -0.5947
2026-08-20 07:32:48.254748: Pseudo dice [np.float32(0.81)]
2026-08-20 07:32:48.254815: Epoch time: 30.5 s
2026-08-20 07:32:49.054588: 
2026-08-20 07:32:49.054712: Epoch 332
2026-08-20 07:32:49.054784: Current learning rate: 0.00696
2026-08-20 07:33:19.500820: train_loss -0.5673
2026-08-20 07:33:19.501056: val_loss -0.5741
2026-08-20 07:33:19.501116: Pseudo dice [np.float32(0.7637)]
2026-08-20 07:33:19.501192: Epoch time: 30.45 s
2026-08-20 07:33:20.308539: 
2026-08-20 07:33:20.308678: Epoch 333
2026-08-20 07:33:20.308751: Current learning rate: 0.00695
2026-08-20 07:33:50.762284: train_loss -0.5951
2026-08-20 07:33:50.762517: val_loss -0.6159
2026-08-20 07:33:50.762578: Pseudo dice [np.float32(0.7768)]
2026-08-20 07:33:50.762652: Epoch time: 30.45 s
2026-08-20 07:33:51.565006: 
2026-08-20 07:33:51.565140: Epoch 334
2026-08-20 07:33:51.565220: Current learning rate: 0.00694
2026-08-20 07:34:22.112787: train_loss -0.5698
2026-08-20 07:34:22.113055: val_loss -0.5645
2026-08-20 07:34:22.113123: Pseudo dice [np.float32(0.7944)]
2026-08-20 07:34:22.113201: Epoch time: 30.55 s
2026-08-20 07:34:22.925933: 
2026-08-20 07:34:22.926119: Epoch 335
2026-08-20 07:34:22.926203: Current learning rate: 0.00693
2026-08-20 07:34:53.335777: train_loss -0.5638
2026-08-20 07:34:53.335979: val_loss -0.5027
2026-08-20 07:34:53.336035: Pseudo dice [np.float32(0.7332)]
2026-08-20 07:34:53.336102: Epoch time: 30.41 s
2026-08-20 07:34:54.148247: 
2026-08-20 07:34:54.148478: Epoch 336
2026-08-20 07:34:54.148550: Current learning rate: 0.00692
2026-08-20 07:35:24.677986: train_loss -0.5752
2026-08-20 07:35:24.678167: val_loss -0.5809
2026-08-20 07:35:24.678226: Pseudo dice [np.float32(0.7768)]
2026-08-20 07:35:24.678293: Epoch time: 30.53 s
2026-08-20 07:35:25.485991: 
2026-08-20 07:35:25.486100: Epoch 337
2026-08-20 07:35:25.486169: Current learning rate: 0.00691
2026-08-20 07:35:55.994509: train_loss -0.5723
2026-08-20 07:35:55.994693: val_loss -0.6107
2026-08-20 07:35:55.994757: Pseudo dice [np.float32(0.8258)]
2026-08-20 07:35:55.994823: Epoch time: 30.51 s
2026-08-20 07:35:56.802716: 
2026-08-20 07:35:56.802881: Epoch 338
2026-08-20 07:35:56.802958: Current learning rate: 0.0069
2026-08-20 07:36:27.228770: train_loss -0.5483
2026-08-20 07:36:27.228967: val_loss -0.5561
2026-08-20 07:36:27.229029: Pseudo dice [np.float32(0.7996)]
2026-08-20 07:36:27.229096: Epoch time: 30.43 s
2026-08-20 07:36:28.036297: 
2026-08-20 07:36:28.036417: Epoch 339
2026-08-20 07:36:28.036494: Current learning rate: 0.00689
2026-08-20 07:36:58.503876: train_loss -0.601
2026-08-20 07:36:58.504080: val_loss -0.5627
2026-08-20 07:36:58.504149: Pseudo dice [np.float32(0.7989)]
2026-08-20 07:36:58.504217: Epoch time: 30.47 s
2026-08-20 07:36:59.619457: 
2026-08-20 07:36:59.619696: Epoch 340
2026-08-20 07:36:59.619772: Current learning rate: 0.00688
2026-08-20 07:37:30.009341: train_loss -0.5864
2026-08-20 07:37:30.009608: val_loss -0.5752
2026-08-20 07:37:30.009671: Pseudo dice [np.float32(0.8156)]
2026-08-20 07:37:30.009746: Epoch time: 30.39 s
2026-08-20 07:37:30.819932: 
2026-08-20 07:37:30.820058: Epoch 341
2026-08-20 07:37:30.820128: Current learning rate: 0.00687
2026-08-20 07:38:01.315941: train_loss -0.5956
2026-08-20 07:38:01.316139: val_loss -0.4845
2026-08-20 07:38:01.316198: Pseudo dice [np.float32(0.7322)]
2026-08-20 07:38:01.316269: Epoch time: 30.5 s
2026-08-20 07:38:02.416125: 
2026-08-20 07:38:02.416235: Epoch 342
2026-08-20 07:38:02.416306: Current learning rate: 0.00686
2026-08-20 07:38:33.032879: train_loss -0.5736
2026-08-20 07:38:33.033230: val_loss -0.568
2026-08-20 07:38:33.033290: Pseudo dice [np.float32(0.7992)]
2026-08-20 07:38:33.033360: Epoch time: 30.62 s
2026-08-20 07:38:33.842430: 
2026-08-20 07:38:33.842606: Epoch 343
2026-08-20 07:38:33.842680: Current learning rate: 0.00685
2026-08-20 07:39:04.278631: train_loss -0.5944
2026-08-20 07:39:04.278872: val_loss -0.541
2026-08-20 07:39:04.278939: Pseudo dice [np.float32(0.8019)]
2026-08-20 07:39:04.279011: Epoch time: 30.44 s
2026-08-20 07:39:05.090228: 
2026-08-20 07:39:05.090500: Epoch 344
2026-08-20 07:39:05.090574: Current learning rate: 0.00684
2026-08-20 07:39:35.562904: train_loss -0.5757
2026-08-20 07:39:35.563119: val_loss -0.5757
2026-08-20 07:39:35.563179: Pseudo dice [np.float32(0.811)]
2026-08-20 07:39:35.563251: Epoch time: 30.47 s
2026-08-20 07:39:36.368966: 
2026-08-20 07:39:36.369105: Epoch 345
2026-08-20 07:39:36.369181: Current learning rate: 0.00683
2026-08-20 07:40:06.935714: train_loss -0.5864
2026-08-20 07:40:06.935939: val_loss -0.547
2026-08-20 07:40:06.936000: Pseudo dice [np.float32(0.8039)]
2026-08-20 07:40:06.936073: Epoch time: 30.57 s
2026-08-20 07:40:07.766932: 
2026-08-20 07:40:07.767151: Epoch 346
2026-08-20 07:40:07.767234: Current learning rate: 0.00682
2026-08-20 07:40:38.367574: train_loss -0.5943
2026-08-20 07:40:38.367803: val_loss -0.6333
2026-08-20 07:40:38.367876: Pseudo dice [np.float32(0.7937)]
2026-08-20 07:40:38.367965: Epoch time: 30.6 s
2026-08-20 07:40:39.195784: 
2026-08-20 07:40:39.196051: Epoch 347
2026-08-20 07:40:39.196136: Current learning rate: 0.00681
2026-08-20 07:41:09.728773: train_loss -0.5735
2026-08-20 07:41:09.728996: val_loss -0.5472
2026-08-20 07:41:09.729054: Pseudo dice [np.float32(0.783)]
2026-08-20 07:41:09.729125: Epoch time: 30.53 s
2026-08-20 07:41:10.536445: 
2026-08-20 07:41:10.536634: Epoch 348
2026-08-20 07:41:10.536706: Current learning rate: 0.0068
2026-08-20 07:41:40.940771: train_loss -0.556
2026-08-20 07:41:40.940994: val_loss -0.5997
2026-08-20 07:41:40.941048: Pseudo dice [np.float32(0.793)]
2026-08-20 07:41:40.941115: Epoch time: 30.41 s
2026-08-20 07:41:41.747569: 
2026-08-20 07:41:41.747701: Epoch 349
2026-08-20 07:41:41.747771: Current learning rate: 0.0068
2026-08-20 07:42:12.276293: train_loss -0.5752
2026-08-20 07:42:12.276517: val_loss -0.4915
2026-08-20 07:42:12.276577: Pseudo dice [np.float32(0.763)]
2026-08-20 07:42:12.276649: Epoch time: 30.53 s
2026-08-20 07:42:13.765293: 
2026-08-20 07:42:13.765435: Epoch 350
2026-08-20 07:42:13.765515: Current learning rate: 0.00679
2026-08-20 07:42:44.307245: train_loss -0.5436
2026-08-20 07:42:44.307463: val_loss -0.5717
2026-08-20 07:42:44.307524: Pseudo dice [np.float32(0.8072)]
2026-08-20 07:42:44.307594: Epoch time: 30.54 s
2026-08-20 07:42:45.122005: 
2026-08-20 07:42:45.122315: Epoch 351
2026-08-20 07:42:45.122401: Current learning rate: 0.00678
2026-08-20 07:43:15.696816: train_loss -0.58
2026-08-20 07:43:15.697026: val_loss -0.5554
2026-08-20 07:43:15.697084: Pseudo dice [np.float32(0.7828)]
2026-08-20 07:43:15.697146: Epoch time: 30.58 s
2026-08-20 07:43:16.508323: 
2026-08-20 07:43:16.508569: Epoch 352
2026-08-20 07:43:16.508645: Current learning rate: 0.00677
2026-08-20 07:43:46.965140: train_loss -0.5796
2026-08-20 07:43:46.965304: val_loss -0.5492
2026-08-20 07:43:46.965361: Pseudo dice [np.float32(0.826)]
2026-08-20 07:43:46.965421: Epoch time: 30.46 s
2026-08-20 07:43:47.771189: 
2026-08-20 07:43:47.771305: Epoch 353
2026-08-20 07:43:47.771383: Current learning rate: 0.00676
2026-08-20 07:44:18.327703: train_loss -0.581
2026-08-20 07:44:18.327876: val_loss -0.5571
2026-08-20 07:44:18.327935: Pseudo dice [np.float32(0.7897)]
2026-08-20 07:44:18.328001: Epoch time: 30.56 s
2026-08-20 07:44:19.459015: 
2026-08-20 07:44:19.459296: Epoch 354
2026-08-20 07:44:19.459381: Current learning rate: 0.00675
2026-08-20 07:44:49.991112: train_loss -0.5856
2026-08-20 07:44:49.991346: val_loss -0.5813
2026-08-20 07:44:49.991408: Pseudo dice [np.float32(0.7982)]
2026-08-20 07:44:49.991488: Epoch time: 30.53 s
2026-08-20 07:44:49.991538: Yayy! New best EMA pseudo Dice: 0.7936000227928162
2026-08-20 07:44:51.107914: 
2026-08-20 07:44:51.108046: Epoch 355
2026-08-20 07:44:51.108180: Current learning rate: 0.00674
2026-08-20 07:45:21.699598: train_loss -0.5741
2026-08-20 07:45:21.699880: val_loss -0.6043
2026-08-20 07:45:21.699944: Pseudo dice [np.float32(0.8139)]
2026-08-20 07:45:21.700019: Epoch time: 30.59 s
2026-08-20 07:45:21.700067: Yayy! New best EMA pseudo Dice: 0.7957000136375427
2026-08-20 07:45:22.889412: 
2026-08-20 07:45:22.889650: Epoch 356
2026-08-20 07:45:22.889737: Current learning rate: 0.00673
2026-08-20 07:45:53.407797: train_loss -0.5837
2026-08-20 07:45:53.408145: val_loss -0.6219
2026-08-20 07:45:53.408205: Pseudo dice [np.float32(0.8255)]
2026-08-20 07:45:53.408278: Epoch time: 30.52 s
2026-08-20 07:45:53.408327: Yayy! New best EMA pseudo Dice: 0.7986999750137329
2026-08-20 07:45:54.631912: 
2026-08-20 07:45:54.632209: Epoch 357
2026-08-20 07:45:54.632327: Current learning rate: 0.00672
2026-08-20 07:46:25.126011: train_loss -0.5932
2026-08-20 07:46:25.126280: val_loss -0.5172
2026-08-20 07:46:25.126366: Pseudo dice [np.float32(0.7848)]
2026-08-20 07:46:25.126463: Epoch time: 30.5 s
2026-08-20 07:46:25.936754: 
2026-08-20 07:46:25.936894: Epoch 358
2026-08-20 07:46:25.937031: Current learning rate: 0.00671
2026-08-20 07:46:56.410205: train_loss -0.5737
2026-08-20 07:46:56.410532: val_loss -0.5459
2026-08-20 07:46:56.410596: Pseudo dice [np.float32(0.7796)]
2026-08-20 07:46:56.410670: Epoch time: 30.47 s
2026-08-20 07:46:57.220553: 
2026-08-20 07:46:57.220694: Epoch 359
2026-08-20 07:46:57.220768: Current learning rate: 0.0067
2026-08-20 07:47:27.759408: train_loss -0.572
2026-08-20 07:47:27.759628: val_loss -0.5728
2026-08-20 07:47:27.759690: Pseudo dice [np.float32(0.7831)]
2026-08-20 07:47:27.759764: Epoch time: 30.54 s
2026-08-20 07:47:28.887306: 
2026-08-20 07:47:28.887581: Epoch 360
2026-08-20 07:47:28.887693: Current learning rate: 0.00669
2026-08-20 07:47:59.352182: train_loss -0.5621
2026-08-20 07:47:59.352391: val_loss -0.5602
2026-08-20 07:47:59.352448: Pseudo dice [np.float32(0.7871)]
2026-08-20 07:47:59.352515: Epoch time: 30.47 s
2026-08-20 07:48:00.158439: 
2026-08-20 07:48:00.158581: Epoch 361
2026-08-20 07:48:00.158654: Current learning rate: 0.00668
2026-08-20 07:48:30.442258: train_loss -0.5864
2026-08-20 07:48:30.442470: val_loss -0.5063
2026-08-20 07:48:30.442530: Pseudo dice [np.float32(0.7055)]
2026-08-20 07:48:30.442596: Epoch time: 30.28 s
2026-08-20 07:48:31.251079: 
2026-08-20 07:48:31.251394: Epoch 362
2026-08-20 07:48:31.251475: Current learning rate: 0.00667
2026-08-20 07:49:01.693457: train_loss -0.5669
2026-08-20 07:49:01.693678: val_loss -0.5733
2026-08-20 07:49:01.693736: Pseudo dice [np.float32(0.8178)]
2026-08-20 07:49:01.693807: Epoch time: 30.44 s
2026-08-20 07:49:02.502417: 
2026-08-20 07:49:02.502538: Epoch 363
2026-08-20 07:49:02.502612: Current learning rate: 0.00666
2026-08-20 07:49:32.969584: train_loss -0.5874
2026-08-20 07:49:32.969794: val_loss -0.5657
2026-08-20 07:49:32.969851: Pseudo dice [np.float32(0.8243)]
2026-08-20 07:49:32.969923: Epoch time: 30.47 s
2026-08-20 07:49:33.778666: 
2026-08-20 07:49:33.778780: Epoch 364
2026-08-20 07:49:33.778851: Current learning rate: 0.00665
2026-08-20 07:50:04.110764: train_loss -0.5767
2026-08-20 07:50:04.110992: val_loss -0.5922
2026-08-20 07:50:04.111051: Pseudo dice [np.float32(0.8011)]
2026-08-20 07:50:04.111120: Epoch time: 30.33 s
2026-08-20 07:50:05.231129: 
2026-08-20 07:50:05.231409: Epoch 365
2026-08-20 07:50:05.231493: Current learning rate: 0.00665
2026-08-20 07:50:35.649957: train_loss -0.5885
2026-08-20 07:50:35.650177: val_loss -0.5748
2026-08-20 07:50:35.650240: Pseudo dice [np.float32(0.7737)]
2026-08-20 07:50:35.650315: Epoch time: 30.42 s
2026-08-20 07:50:36.453943: 
2026-08-20 07:50:36.454077: Epoch 366
2026-08-20 07:50:36.454149: Current learning rate: 0.00664
2026-08-20 07:51:06.976441: train_loss -0.6
2026-08-20 07:51:06.976681: val_loss -0.5879
2026-08-20 07:51:06.976744: Pseudo dice [np.float32(0.8198)]
2026-08-20 07:51:06.976811: Epoch time: 30.52 s
2026-08-20 07:51:07.791695: 
2026-08-20 07:51:07.791897: Epoch 367
2026-08-20 07:51:07.791975: Current learning rate: 0.00663
2026-08-20 07:51:38.135618: train_loss -0.5621
2026-08-20 07:51:38.135798: val_loss -0.5744
2026-08-20 07:51:38.135863: Pseudo dice [np.float32(0.8013)]
2026-08-20 07:51:38.135927: Epoch time: 30.34 s
2026-08-20 07:51:38.946022: 
2026-08-20 07:51:38.946214: Epoch 368
2026-08-20 07:51:38.946286: Current learning rate: 0.00662
2026-08-20 07:52:09.473636: train_loss -0.572
2026-08-20 07:52:09.473820: val_loss -0.5705
2026-08-20 07:52:09.473887: Pseudo dice [np.float32(0.8267)]
2026-08-20 07:52:09.473954: Epoch time: 30.53 s
2026-08-20 07:52:10.285493: 
2026-08-20 07:52:10.285719: Epoch 369
2026-08-20 07:52:10.285793: Current learning rate: 0.00661
2026-08-20 07:52:40.780719: train_loss -0.5815
2026-08-20 07:52:40.780911: val_loss -0.5631
2026-08-20 07:52:40.780969: Pseudo dice [np.float32(0.777)]
2026-08-20 07:52:40.781035: Epoch time: 30.5 s
2026-08-20 07:52:41.896508: 
2026-08-20 07:52:41.896715: Epoch 370
2026-08-20 07:52:41.896788: Current learning rate: 0.0066
2026-08-20 07:53:12.257266: train_loss -0.5757
2026-08-20 07:53:12.257475: val_loss -0.5893
2026-08-20 07:53:12.257535: Pseudo dice [np.float32(0.8186)]
2026-08-20 07:53:12.257610: Epoch time: 30.36 s
2026-08-20 07:53:13.072869: 
2026-08-20 07:53:13.072996: Epoch 371
2026-08-20 07:53:13.073067: Current learning rate: 0.00659
2026-08-20 07:53:43.575965: train_loss -0.5802
2026-08-20 07:53:43.576139: val_loss -0.588
2026-08-20 07:53:43.576199: Pseudo dice [np.float32(0.8027)]
2026-08-20 07:53:43.576272: Epoch time: 30.5 s
2026-08-20 07:53:44.387303: 
2026-08-20 07:53:44.387417: Epoch 372
2026-08-20 07:53:44.387489: Current learning rate: 0.00658
2026-08-20 07:54:14.887621: train_loss -0.6157
2026-08-20 07:54:14.887796: val_loss -0.5913
2026-08-20 07:54:14.887859: Pseudo dice [np.float32(0.7982)]
2026-08-20 07:54:14.887925: Epoch time: 30.5 s
2026-08-20 07:54:15.707284: 
2026-08-20 07:54:15.707454: Epoch 373
2026-08-20 07:54:15.707540: Current learning rate: 0.00657
2026-08-20 07:54:46.090389: train_loss -0.5931
2026-08-20 07:54:46.090587: val_loss -0.5437
2026-08-20 07:54:46.090845: Pseudo dice [np.float32(0.7776)]
2026-08-20 07:54:46.090925: Epoch time: 30.38 s
2026-08-20 07:54:46.903258: 
2026-08-20 07:54:46.903495: Epoch 374
2026-08-20 07:54:46.903576: Current learning rate: 0.00656
2026-08-20 07:55:17.416317: train_loss -0.6157
2026-08-20 07:55:17.416545: val_loss -0.5677
2026-08-20 07:55:17.416612: Pseudo dice [np.float32(0.8225)]
2026-08-20 07:55:17.416679: Epoch time: 30.51 s
2026-08-20 07:55:17.416725: Yayy! New best EMA pseudo Dice: 0.7989000082015991
2026-08-20 07:55:18.535206: 
2026-08-20 07:55:18.535447: Epoch 375
2026-08-20 07:55:18.535522: Current learning rate: 0.00655
2026-08-20 07:55:48.945241: train_loss -0.5938
2026-08-20 07:55:48.945432: val_loss -0.5449
2026-08-20 07:55:48.945504: Pseudo dice [np.float32(0.7674)]
2026-08-20 07:55:48.945568: Epoch time: 30.41 s
2026-08-20 07:55:49.755542: 
2026-08-20 07:55:49.755772: Epoch 376
2026-08-20 07:55:49.755860: Current learning rate: 0.00654
2026-08-20 07:56:20.355383: train_loss -0.6168
2026-08-20 07:56:20.355634: val_loss -0.5585
2026-08-20 07:56:20.355689: Pseudo dice [np.float32(0.7977)]
2026-08-20 07:56:20.355760: Epoch time: 30.6 s
2026-08-20 07:56:21.480616: 
2026-08-20 07:56:21.480739: Epoch 377
2026-08-20 07:56:21.480812: Current learning rate: 0.00653
2026-08-20 07:56:52.042296: train_loss -0.5847
2026-08-20 07:56:52.042561: val_loss -0.5939
2026-08-20 07:56:52.042619: Pseudo dice [np.float32(0.7915)]
2026-08-20 07:56:52.042691: Epoch time: 30.56 s
2026-08-20 07:56:52.864038: 
2026-08-20 07:56:52.864250: Epoch 378
2026-08-20 07:56:52.864345: Current learning rate: 0.00652
2026-08-20 07:57:23.370785: train_loss -0.5786
2026-08-20 07:57:23.371012: val_loss -0.5576
2026-08-20 07:57:23.371073: Pseudo dice [np.float32(0.8052)]
2026-08-20 07:57:23.371143: Epoch time: 30.51 s
2026-08-20 07:57:24.206188: 
2026-08-20 07:57:24.206455: Epoch 379
2026-08-20 07:57:24.206534: Current learning rate: 0.00651
2026-08-20 07:57:54.738829: train_loss -0.5871
2026-08-20 07:57:54.739011: val_loss -0.5921
2026-08-20 07:57:54.739066: Pseudo dice [np.float32(0.7901)]
2026-08-20 07:57:54.739128: Epoch time: 30.53 s
2026-08-20 07:57:55.963020: 
2026-08-20 07:57:55.963276: Epoch 380
2026-08-20 07:57:55.963372: Current learning rate: 0.0065
2026-08-20 07:58:26.399140: train_loss -0.6196
2026-08-20 07:58:26.399358: val_loss -0.6162
2026-08-20 07:58:26.399470: Pseudo dice [np.float32(0.8355)]
2026-08-20 07:58:26.399565: Epoch time: 30.44 s
2026-08-20 07:58:26.399612: Yayy! New best EMA pseudo Dice: 0.7997999787330627
2026-08-20 07:58:27.523563: 
2026-08-20 07:58:27.523763: Epoch 381
2026-08-20 07:58:27.523875: Current learning rate: 0.00649
2026-08-20 07:58:57.978453: train_loss -0.5859
2026-08-20 07:58:57.978728: val_loss -0.5215
2026-08-20 07:58:57.978787: Pseudo dice [np.float32(0.7691)]
2026-08-20 07:58:57.978870: Epoch time: 30.46 s
2026-08-20 07:58:58.823500: 
2026-08-20 07:58:58.823647: Epoch 382
2026-08-20 07:58:58.823723: Current learning rate: 0.00648
2026-08-20 07:59:29.327193: train_loss -0.5848
2026-08-20 07:59:29.327415: val_loss -0.5544
2026-08-20 07:59:29.327474: Pseudo dice [np.float32(0.8066)]
2026-08-20 07:59:29.327549: Epoch time: 30.5 s
2026-08-20 07:59:30.148343: 
2026-08-20 07:59:30.148556: Epoch 383
2026-08-20 07:59:30.148632: Current learning rate: 0.00648
2026-08-20 08:00:00.500662: train_loss -0.6194
2026-08-20 08:00:00.500886: val_loss -0.5709
2026-08-20 08:00:00.500945: Pseudo dice [np.float32(0.8044)]
2026-08-20 08:00:00.501018: Epoch time: 30.35 s
2026-08-20 08:00:01.320686: 
2026-08-20 08:00:01.320949: Epoch 384
2026-08-20 08:00:01.321032: Current learning rate: 0.00647
2026-08-20 08:00:31.702372: train_loss -0.5829
2026-08-20 08:00:31.702592: val_loss -0.5531
2026-08-20 08:00:31.702651: Pseudo dice [np.float32(0.7564)]
2026-08-20 08:00:31.702726: Epoch time: 30.38 s
2026-08-20 08:00:32.520303: 
2026-08-20 08:00:32.520413: Epoch 385
2026-08-20 08:00:32.520485: Current learning rate: 0.00646
2026-08-20 08:01:02.940702: train_loss -0.5708
2026-08-20 08:01:02.940887: val_loss -0.5056
2026-08-20 08:01:02.940949: Pseudo dice [np.float32(0.76)]
2026-08-20 08:01:02.941017: Epoch time: 30.42 s
2026-08-20 08:01:03.755278: 
2026-08-20 08:01:03.755382: Epoch 386
2026-08-20 08:01:03.755452: Current learning rate: 0.00645
2026-08-20 08:01:34.232825: train_loss -0.562
2026-08-20 08:01:34.233012: val_loss -0.5866
2026-08-20 08:01:34.233069: Pseudo dice [np.float32(0.7809)]
2026-08-20 08:01:34.233138: Epoch time: 30.48 s
2026-08-20 08:01:35.054914: 
2026-08-20 08:01:35.055130: Epoch 387
2026-08-20 08:01:35.055207: Current learning rate: 0.00644
2026-08-20 08:02:05.523168: train_loss -0.5653
2026-08-20 08:02:05.523429: val_loss -0.5666
2026-08-20 08:02:05.523506: Pseudo dice [np.float32(0.7876)]
2026-08-20 08:02:05.523571: Epoch time: 30.47 s
2026-08-20 08:02:06.642610: 
2026-08-20 08:02:06.642734: Epoch 388
2026-08-20 08:02:06.642811: Current learning rate: 0.00643
2026-08-20 08:02:37.126951: train_loss -0.5772
2026-08-20 08:02:37.127133: val_loss -0.5718
2026-08-20 08:02:37.127192: Pseudo dice [np.float32(0.7989)]
2026-08-20 08:02:37.127256: Epoch time: 30.49 s
2026-08-20 08:02:37.947765: 
2026-08-20 08:02:37.947925: Epoch 389
2026-08-20 08:02:37.947997: Current learning rate: 0.00642
2026-08-20 08:03:08.384545: train_loss -0.5681
2026-08-20 08:03:08.384752: val_loss -0.5277
2026-08-20 08:03:08.384811: Pseudo dice [np.float32(0.7672)]
2026-08-20 08:03:08.384882: Epoch time: 30.44 s
2026-08-20 08:03:09.507577: 
2026-08-20 08:03:09.507775: Epoch 390
2026-08-20 08:03:09.507846: Current learning rate: 0.00641
2026-08-20 08:03:39.948954: train_loss -0.5861
2026-08-20 08:03:39.949139: val_loss -0.5403
2026-08-20 08:03:39.949196: Pseudo dice [np.float32(0.8108)]
2026-08-20 08:03:39.949266: Epoch time: 30.44 s
2026-08-20 08:03:40.769186: 
2026-08-20 08:03:40.769331: Epoch 391
2026-08-20 08:03:40.769402: Current learning rate: 0.0064
2026-08-20 08:04:11.136808: train_loss -0.5782
2026-08-20 08:04:11.136994: val_loss -0.5686
2026-08-20 08:04:11.137054: Pseudo dice [np.float32(0.8124)]
2026-08-20 08:04:11.137117: Epoch time: 30.37 s
2026-08-20 08:04:11.957942: 
2026-08-20 08:04:11.958060: Epoch 392
2026-08-20 08:04:11.958133: Current learning rate: 0.00639
2026-08-20 08:04:42.317401: train_loss -0.5755
2026-08-20 08:04:42.317664: val_loss -0.5625
2026-08-20 08:04:42.317728: Pseudo dice [np.float32(0.7951)]
2026-08-20 08:04:42.317793: Epoch time: 30.36 s
2026-08-20 08:04:43.137964: 
2026-08-20 08:04:43.138178: Epoch 393
2026-08-20 08:04:43.138281: Current learning rate: 0.00638
2026-08-20 08:05:13.418838: train_loss -0.5863
2026-08-20 08:05:13.419016: val_loss -0.6035
2026-08-20 08:05:13.419075: Pseudo dice [np.float32(0.7918)]
2026-08-20 08:05:13.419143: Epoch time: 30.28 s
2026-08-20 08:05:14.235203: 
2026-08-20 08:05:14.235407: Epoch 394
2026-08-20 08:05:14.235479: Current learning rate: 0.00637
2026-08-20 08:05:44.517565: train_loss -0.589
2026-08-20 08:05:44.517812: val_loss -0.5627
2026-08-20 08:05:44.517875: Pseudo dice [np.float32(0.7883)]
2026-08-20 08:05:44.517941: Epoch time: 30.28 s
2026-08-20 08:05:45.335997: 
2026-08-20 08:05:45.336107: Epoch 395
2026-08-20 08:05:45.336179: Current learning rate: 0.00636
2026-08-20 08:06:15.571860: train_loss -0.6079
2026-08-20 08:06:15.572036: val_loss -0.5733
2026-08-20 08:06:15.572094: Pseudo dice [np.float32(0.8275)]
2026-08-20 08:06:15.572158: Epoch time: 30.24 s
2026-08-20 08:06:16.387355: 
2026-08-20 08:06:16.387577: Epoch 396
2026-08-20 08:06:16.387648: Current learning rate: 0.00635
2026-08-20 08:06:46.703860: train_loss -0.5634
2026-08-20 08:06:46.704038: val_loss -0.526
2026-08-20 08:06:46.704098: Pseudo dice [np.float32(0.7695)]
2026-08-20 08:06:46.704163: Epoch time: 30.32 s
2026-08-20 08:06:47.524444: 
2026-08-20 08:06:47.524581: Epoch 397
2026-08-20 08:06:47.524657: Current learning rate: 0.00634
2026-08-20 08:07:17.976922: train_loss -0.5545
2026-08-20 08:07:17.977094: val_loss -0.5965
2026-08-20 08:07:17.977151: Pseudo dice [np.float32(0.7975)]
2026-08-20 08:07:17.977215: Epoch time: 30.45 s
2026-08-20 08:07:18.792143: 
2026-08-20 08:07:18.792259: Epoch 398
2026-08-20 08:07:18.792399: Current learning rate: 0.00633
2026-08-20 08:07:49.320271: train_loss -0.5774
2026-08-20 08:07:49.320452: val_loss -0.5832
2026-08-20 08:07:49.320510: Pseudo dice [np.float32(0.7641)]
2026-08-20 08:07:49.320574: Epoch time: 30.53 s
2026-08-20 08:07:50.454905: 
2026-08-20 08:07:50.455063: Epoch 399
2026-08-20 08:07:50.455141: Current learning rate: 0.00632
2026-08-20 08:08:20.847753: train_loss -0.5872
2026-08-20 08:08:20.847924: val_loss -0.5142
2026-08-20 08:08:20.847986: Pseudo dice [np.float32(0.8027)]
2026-08-20 08:08:20.848049: Epoch time: 30.39 s
2026-08-20 08:08:22.027946: 
2026-08-20 08:08:22.028060: Epoch 400
2026-08-20 08:08:22.028130: Current learning rate: 0.00631
2026-08-20 08:08:52.539081: train_loss -0.5961
2026-08-20 08:08:52.539263: val_loss -0.5782
2026-08-20 08:08:52.539326: Pseudo dice [np.float32(0.7877)]
2026-08-20 08:08:52.539396: Epoch time: 30.51 s
2026-08-20 08:08:53.358211: 
2026-08-20 08:08:53.358328: Epoch 401
2026-08-20 08:08:53.358404: Current learning rate: 0.0063
2026-08-20 08:09:23.878492: train_loss -0.5898
2026-08-20 08:09:23.878674: val_loss -0.6002
2026-08-20 08:09:23.878737: Pseudo dice [np.float32(0.8175)]
2026-08-20 08:09:23.878804: Epoch time: 30.52 s
2026-08-20 08:09:24.697993: 
2026-08-20 08:09:24.698123: Epoch 402
2026-08-20 08:09:24.698202: Current learning rate: 0.0063
2026-08-20 08:09:55.212314: train_loss -0.595
2026-08-20 08:09:55.212523: val_loss -0.6369
2026-08-20 08:09:55.212583: Pseudo dice [np.float32(0.8193)]
2026-08-20 08:09:55.212652: Epoch time: 30.52 s
2026-08-20 08:09:56.031066: 
2026-08-20 08:09:56.031320: Epoch 403
2026-08-20 08:09:56.031393: Current learning rate: 0.00629
2026-08-20 08:10:26.641873: train_loss -0.5608
2026-08-20 08:10:26.642128: val_loss -0.5345
2026-08-20 08:10:26.642189: Pseudo dice [np.float32(0.7822)]
2026-08-20 08:10:26.642266: Epoch time: 30.61 s
2026-08-20 08:10:27.466437: 
2026-08-20 08:10:27.466573: Epoch 404
2026-08-20 08:10:27.466648: Current learning rate: 0.00628
2026-08-20 08:10:58.031150: train_loss -0.5715
2026-08-20 08:10:58.031357: val_loss -0.5924
2026-08-20 08:10:58.031415: Pseudo dice [np.float32(0.8184)]
2026-08-20 08:10:58.031483: Epoch time: 30.57 s
2026-08-20 08:10:58.850068: 
2026-08-20 08:10:58.850208: Epoch 405
2026-08-20 08:10:58.850282: Current learning rate: 0.00627
2026-08-20 08:11:29.255205: train_loss -0.5764
2026-08-20 08:11:29.255404: val_loss -0.5797
2026-08-20 08:11:29.255461: Pseudo dice [np.float32(0.7958)]
2026-08-20 08:11:29.255531: Epoch time: 30.41 s
2026-08-20 08:11:30.091776: 
2026-08-20 08:11:30.091948: Epoch 406
2026-08-20 08:11:30.092032: Current learning rate: 0.00626
2026-08-20 08:12:00.600955: train_loss -0.5839
2026-08-20 08:12:00.601219: val_loss -0.6165
2026-08-20 08:12:00.601295: Pseudo dice [np.float32(0.8039)]
2026-08-20 08:12:00.601357: Epoch time: 30.51 s
2026-08-20 08:12:01.418964: 
2026-08-20 08:12:01.419183: Epoch 407
2026-08-20 08:12:01.419255: Current learning rate: 0.00625
2026-08-20 08:12:31.764778: train_loss -0.5817
2026-08-20 08:12:31.765013: val_loss -0.541
2026-08-20 08:12:31.765074: Pseudo dice [np.float32(0.8114)]
2026-08-20 08:12:31.765142: Epoch time: 30.35 s
2026-08-20 08:12:32.589264: 
2026-08-20 08:12:32.589525: Epoch 408
2026-08-20 08:12:32.589604: Current learning rate: 0.00624
2026-08-20 08:13:03.084002: train_loss -0.5874
2026-08-20 08:13:03.084189: val_loss -0.5257
2026-08-20 08:13:03.084248: Pseudo dice [np.float32(0.7495)]
2026-08-20 08:13:03.084316: Epoch time: 30.5 s
2026-08-20 08:13:03.903580: 
2026-08-20 08:13:03.903703: Epoch 409
2026-08-20 08:13:03.903780: Current learning rate: 0.00623
2026-08-20 08:13:34.252583: train_loss -0.5813
2026-08-20 08:13:34.252762: val_loss -0.5957
2026-08-20 08:13:34.252817: Pseudo dice [np.float32(0.8105)]
2026-08-20 08:13:34.252886: Epoch time: 30.35 s
2026-08-20 08:13:35.689879: 
2026-08-20 08:13:35.690030: Epoch 410
2026-08-20 08:13:35.690120: Current learning rate: 0.00622
2026-08-20 08:14:06.256405: train_loss -0.5939
2026-08-20 08:14:06.256645: val_loss -0.6174
2026-08-20 08:14:06.256707: Pseudo dice [np.float32(0.8439)]
2026-08-20 08:14:06.256780: Epoch time: 30.57 s
2026-08-20 08:14:06.256828: Yayy! New best EMA pseudo Dice: 0.8007000088691711
2026-08-20 08:14:07.355669: 
2026-08-20 08:14:07.355788: Epoch 411
2026-08-20 08:14:07.355868: Current learning rate: 0.00621
2026-08-20 08:14:37.933756: train_loss -0.5859
2026-08-20 08:14:37.934044: val_loss -0.5852
2026-08-20 08:14:37.934112: Pseudo dice [np.float32(0.7913)]
2026-08-20 08:14:37.934184: Epoch time: 30.58 s
2026-08-20 08:14:38.729149: 
2026-08-20 08:14:38.729283: Epoch 412
2026-08-20 08:14:38.729361: Current learning rate: 0.0062
2026-08-20 08:15:09.262079: train_loss -0.5763
2026-08-20 08:15:09.262299: val_loss -0.5576
2026-08-20 08:15:09.262358: Pseudo dice [np.float32(0.7907)]
2026-08-20 08:15:09.262428: Epoch time: 30.53 s
2026-08-20 08:15:10.057847: 
2026-08-20 08:15:10.058110: Epoch 413
2026-08-20 08:15:10.058186: Current learning rate: 0.00619
2026-08-20 08:15:40.425498: train_loss -0.5745
2026-08-20 08:15:40.425727: val_loss -0.5842
2026-08-20 08:15:40.425820: Pseudo dice [np.float32(0.8207)]
2026-08-20 08:15:40.425923: Epoch time: 30.37 s
2026-08-20 08:15:40.425972: Yayy! New best EMA pseudo Dice: 0.8011000156402588
2026-08-20 08:15:41.540102: 
2026-08-20 08:15:41.540241: Epoch 414
2026-08-20 08:15:41.540319: Current learning rate: 0.00618
2026-08-20 08:16:12.057208: train_loss -0.5786
2026-08-20 08:16:12.057413: val_loss -0.5866
2026-08-20 08:16:12.057521: Pseudo dice [np.float32(0.8049)]
2026-08-20 08:16:12.057586: Epoch time: 30.52 s
2026-08-20 08:16:12.057634: Yayy! New best EMA pseudo Dice: 0.8014000058174133
2026-08-20 08:16:13.161237: 
2026-08-20 08:16:13.161353: Epoch 415
2026-08-20 08:16:13.161428: Current learning rate: 0.00617
2026-08-20 08:16:43.529170: train_loss -0.6079
2026-08-20 08:16:43.529349: val_loss -0.568
2026-08-20 08:16:43.529401: Pseudo dice [np.float32(0.7889)]
2026-08-20 08:16:43.529461: Epoch time: 30.37 s
2026-08-20 08:16:44.327138: 
2026-08-20 08:16:44.327396: Epoch 416
2026-08-20 08:16:44.327492: Current learning rate: 0.00616
2026-08-20 08:17:14.642652: train_loss -0.5794
2026-08-20 08:17:14.642834: val_loss -0.5567
2026-08-20 08:17:14.642899: Pseudo dice [np.float32(0.8222)]
2026-08-20 08:17:14.642963: Epoch time: 30.32 s
2026-08-20 08:17:14.643008: Yayy! New best EMA pseudo Dice: 0.8023999929428101
2026-08-20 08:17:15.773642: 
2026-08-20 08:17:15.773907: Epoch 417
2026-08-20 08:17:15.773988: Current learning rate: 0.00615
2026-08-20 08:17:46.244774: train_loss -0.6104
2026-08-20 08:17:46.244989: val_loss -0.6159
2026-08-20 08:17:46.245050: Pseudo dice [np.float32(0.7969)]
2026-08-20 08:17:46.245120: Epoch time: 30.47 s
2026-08-20 08:17:47.037953: 
2026-08-20 08:17:47.038097: Epoch 418
2026-08-20 08:17:47.038176: Current learning rate: 0.00614
2026-08-20 08:18:17.402016: train_loss -0.5721
2026-08-20 08:18:17.402240: val_loss -0.5321
2026-08-20 08:18:17.402298: Pseudo dice [np.float32(0.8195)]
2026-08-20 08:18:17.402371: Epoch time: 30.36 s
2026-08-20 08:18:17.402417: Yayy! New best EMA pseudo Dice: 0.803600013256073
2026-08-20 08:18:18.516760: 
2026-08-20 08:18:18.517040: Epoch 419
2026-08-20 08:18:18.517137: Current learning rate: 0.00613
2026-08-20 08:18:48.853035: train_loss -0.5814
2026-08-20 08:18:48.853261: val_loss -0.5264
2026-08-20 08:18:48.853317: Pseudo dice [np.float32(0.7648)]
2026-08-20 08:18:48.853386: Epoch time: 30.34 s
2026-08-20 08:18:50.182073: 
2026-08-20 08:18:50.182330: Epoch 420
2026-08-20 08:18:50.182421: Current learning rate: 0.00612
2026-08-20 08:19:20.668929: train_loss -0.5831
2026-08-20 08:19:20.669223: val_loss -0.5563
2026-08-20 08:19:20.669282: Pseudo dice [np.float32(0.7922)]
2026-08-20 08:19:20.669344: Epoch time: 30.49 s
2026-08-20 08:19:21.471250: 
2026-08-20 08:19:21.471600: Epoch 421
2026-08-20 08:19:21.471692: Current learning rate: 0.00612
2026-08-20 08:19:51.965492: train_loss -0.5732
2026-08-20 08:19:51.965711: val_loss -0.5425
2026-08-20 08:19:51.965770: Pseudo dice [np.float32(0.7961)]
2026-08-20 08:19:51.965843: Epoch time: 30.5 s
2026-08-20 08:19:53.055198: 
2026-08-20 08:19:53.055331: Epoch 422
2026-08-20 08:19:53.055411: Current learning rate: 0.00611
2026-08-20 08:20:23.551131: train_loss -0.5818
2026-08-20 08:20:23.551318: val_loss -0.6402
2026-08-20 08:20:23.551375: Pseudo dice [np.float32(0.7927)]
2026-08-20 08:20:23.551445: Epoch time: 30.5 s
2026-08-20 08:20:24.351171: 
2026-08-20 08:20:24.351330: Epoch 423
2026-08-20 08:20:24.351416: Current learning rate: 0.0061
2026-08-20 08:20:54.809239: train_loss -0.6137
2026-08-20 08:20:54.809498: val_loss -0.532
2026-08-20 08:20:54.809560: Pseudo dice [np.float32(0.7624)]
2026-08-20 08:20:54.809626: Epoch time: 30.46 s
2026-08-20 08:20:55.609101: 
2026-08-20 08:20:55.609383: Epoch 424
2026-08-20 08:20:55.609463: Current learning rate: 0.00609
2026-08-20 08:21:26.128059: train_loss -0.5714
2026-08-20 08:21:26.128242: val_loss -0.5729
2026-08-20 08:21:26.128303: Pseudo dice [np.float32(0.7996)]
2026-08-20 08:21:26.128371: Epoch time: 30.52 s
2026-08-20 08:21:26.927127: 
2026-08-20 08:21:26.927290: Epoch 425
2026-08-20 08:21:26.927371: Current learning rate: 0.00608
2026-08-20 08:21:57.268759: train_loss -0.6088
2026-08-20 08:21:57.268981: val_loss -0.5379
2026-08-20 08:21:57.269042: Pseudo dice [np.float32(0.805)]
2026-08-20 08:21:57.269107: Epoch time: 30.34 s
2026-08-20 08:21:58.067311: 
2026-08-20 08:21:58.067424: Epoch 426
2026-08-20 08:21:58.067497: Current learning rate: 0.00607
2026-08-20 08:22:28.579961: train_loss -0.5871
2026-08-20 08:22:28.580146: val_loss -0.5485
2026-08-20 08:22:28.580200: Pseudo dice [np.float32(0.7798)]
2026-08-20 08:22:28.580263: Epoch time: 30.51 s
2026-08-20 08:22:29.410873: 
2026-08-20 08:22:29.411036: Epoch 427
2026-08-20 08:22:29.411111: Current learning rate: 0.00606
2026-08-20 08:22:59.818632: train_loss -0.5749
2026-08-20 08:22:59.818818: val_loss -0.5359
2026-08-20 08:22:59.818882: Pseudo dice [np.float32(0.7873)]
2026-08-20 08:22:59.818946: Epoch time: 30.41 s
2026-08-20 08:23:00.618318: 
2026-08-20 08:23:00.618531: Epoch 428
2026-08-20 08:23:00.618613: Current learning rate: 0.00605
2026-08-20 08:23:31.102450: train_loss -0.5957
2026-08-20 08:23:31.102667: val_loss -0.553
2026-08-20 08:23:31.102727: Pseudo dice [np.float32(0.7976)]
2026-08-20 08:23:31.102791: Epoch time: 30.49 s
2026-08-20 08:23:31.904364: 
2026-08-20 08:23:31.904490: Epoch 429
2026-08-20 08:23:31.904628: Current learning rate: 0.00604
2026-08-20 08:24:02.452809: train_loss -0.5949
2026-08-20 08:24:02.453013: val_loss -0.595
2026-08-20 08:24:02.453070: Pseudo dice [np.float32(0.8119)]
2026-08-20 08:24:02.453138: Epoch time: 30.55 s
2026-08-20 08:24:03.544113: 
2026-08-20 08:24:03.544226: Epoch 430
2026-08-20 08:24:03.544347: Current learning rate: 0.00603
2026-08-20 08:24:34.061425: train_loss -0.6099
2026-08-20 08:24:34.061597: val_loss -0.5898
2026-08-20 08:24:34.061651: Pseudo dice [np.float32(0.8394)]
2026-08-20 08:24:34.061715: Epoch time: 30.52 s
2026-08-20 08:24:34.858298: 
2026-08-20 08:24:34.858430: Epoch 431
2026-08-20 08:24:34.858512: Current learning rate: 0.00602
2026-08-20 08:25:05.366665: train_loss -0.5914
2026-08-20 08:25:05.366846: val_loss -0.5947
2026-08-20 08:25:05.366940: Pseudo dice [np.float32(0.8068)]
2026-08-20 08:25:05.367005: Epoch time: 30.51 s
2026-08-20 08:25:06.167839: 
2026-08-20 08:25:06.168042: Epoch 432
2026-08-20 08:25:06.168116: Current learning rate: 0.00601
2026-08-20 08:25:36.671439: train_loss -0.5803
2026-08-20 08:25:36.671687: val_loss -0.5685
2026-08-20 08:25:36.671758: Pseudo dice [np.float32(0.8203)]
2026-08-20 08:25:36.671835: Epoch time: 30.5 s
2026-08-20 08:25:37.469735: 
2026-08-20 08:25:37.469930: Epoch 433
2026-08-20 08:25:37.470002: Current learning rate: 0.006
2026-08-20 08:26:08.006445: train_loss -0.6015
2026-08-20 08:26:08.006645: val_loss -0.5373
2026-08-20 08:26:08.006721: Pseudo dice [np.float32(0.7568)]
2026-08-20 08:26:08.006806: Epoch time: 30.54 s
2026-08-20 08:26:09.108418: 
2026-08-20 08:26:09.108633: Epoch 434
2026-08-20 08:26:09.108708: Current learning rate: 0.00599
2026-08-20 08:26:39.640168: train_loss -0.6024
2026-08-20 08:26:39.640459: val_loss -0.6245
2026-08-20 08:26:39.640520: Pseudo dice [np.float32(0.8044)]
2026-08-20 08:26:39.640591: Epoch time: 30.53 s
2026-08-20 08:26:40.429336: 
2026-08-20 08:26:40.429520: Epoch 435
2026-08-20 08:26:40.429592: Current learning rate: 0.00598
2026-08-20 08:27:10.852164: train_loss -0.6014
2026-08-20 08:27:10.852387: val_loss -0.5664
2026-08-20 08:27:10.852484: Pseudo dice [np.float32(0.8143)]
2026-08-20 08:27:10.852553: Epoch time: 30.42 s
2026-08-20 08:27:11.649093: 
2026-08-20 08:27:11.649273: Epoch 436
2026-08-20 08:27:11.649369: Current learning rate: 0.00597
2026-08-20 08:27:42.184180: train_loss -0.5906
2026-08-20 08:27:42.184368: val_loss -0.5823
2026-08-20 08:27:42.184426: Pseudo dice [np.float32(0.8244)]
2026-08-20 08:27:42.184491: Epoch time: 30.54 s
2026-08-20 08:27:42.979601: 
2026-08-20 08:27:42.979739: Epoch 437
2026-08-20 08:27:42.979814: Current learning rate: 0.00596
2026-08-20 08:28:13.492994: train_loss -0.5834
2026-08-20 08:28:13.493212: val_loss -0.5405
2026-08-20 08:28:13.493273: Pseudo dice [np.float32(0.7942)]
2026-08-20 08:28:13.493345: Epoch time: 30.51 s
2026-08-20 08:28:14.294501: 
2026-08-20 08:28:14.294680: Epoch 438
2026-08-20 08:28:14.294760: Current learning rate: 0.00595
2026-08-20 08:28:44.699109: train_loss -0.6014
2026-08-20 08:28:44.699298: val_loss -0.6077
2026-08-20 08:28:44.699355: Pseudo dice [np.float32(0.7846)]
2026-08-20 08:28:44.699420: Epoch time: 30.41 s
2026-08-20 08:28:45.499665: 
2026-08-20 08:28:45.499798: Epoch 439
2026-08-20 08:28:45.499887: Current learning rate: 0.00594
2026-08-20 08:29:15.982686: train_loss -0.5727
2026-08-20 08:29:15.982921: val_loss -0.6086
2026-08-20 08:29:15.982980: Pseudo dice [np.float32(0.8002)]
2026-08-20 08:29:15.983049: Epoch time: 30.48 s
2026-08-20 08:29:17.311599: 
2026-08-20 08:29:17.311824: Epoch 440
2026-08-20 08:29:17.311913: Current learning rate: 0.00593
2026-08-20 08:29:47.659388: train_loss -0.5858
2026-08-20 08:29:47.659587: val_loss -0.5548
2026-08-20 08:29:47.659643: Pseudo dice [np.float32(0.7825)]
2026-08-20 08:29:47.659708: Epoch time: 30.35 s
2026-08-20 08:29:48.459477: 
2026-08-20 08:29:48.459776: Epoch 441
2026-08-20 08:29:48.459869: Current learning rate: 0.00592
2026-08-20 08:30:18.953616: train_loss -0.5676
2026-08-20 08:30:18.953809: val_loss -0.5396
2026-08-20 08:30:18.953873: Pseudo dice [np.float32(0.7896)]
2026-08-20 08:30:18.953945: Epoch time: 30.5 s
2026-08-20 08:30:19.768664: 
2026-08-20 08:30:19.768946: Epoch 442
2026-08-20 08:30:19.769023: Current learning rate: 0.00592
2026-08-20 08:30:50.238302: train_loss -0.5878
2026-08-20 08:30:50.238505: val_loss -0.4879
2026-08-20 08:30:50.238569: Pseudo dice [np.float32(0.7411)]
2026-08-20 08:30:50.238641: Epoch time: 30.47 s
2026-08-20 08:30:51.070208: 
2026-08-20 08:30:51.070340: Epoch 443
2026-08-20 08:30:51.070438: Current learning rate: 0.00591
2026-08-20 08:31:21.555814: train_loss -0.5965
2026-08-20 08:31:21.556054: val_loss -0.5725
2026-08-20 08:31:21.556148: Pseudo dice [np.float32(0.8088)]
2026-08-20 08:31:21.556221: Epoch time: 30.49 s
2026-08-20 08:31:22.346982: 
2026-08-20 08:31:22.347089: Epoch 444
2026-08-20 08:31:22.347161: Current learning rate: 0.0059
2026-08-20 08:31:52.753612: train_loss -0.6068
2026-08-20 08:31:52.753808: val_loss -0.6097
2026-08-20 08:31:52.753870: Pseudo dice [np.float32(0.8204)]
2026-08-20 08:31:52.753938: Epoch time: 30.41 s
2026-08-20 08:31:53.541695: 
2026-08-20 08:31:53.541818: Epoch 445
2026-08-20 08:31:53.541901: Current learning rate: 0.00589
2026-08-20 08:32:23.992116: train_loss -0.5613
2026-08-20 08:32:23.992322: val_loss -0.6088
2026-08-20 08:32:23.992384: Pseudo dice [np.float32(0.8547)]
2026-08-20 08:32:23.992451: Epoch time: 30.45 s
2026-08-20 08:32:24.781085: 
2026-08-20 08:32:24.781339: Epoch 446
2026-08-20 08:32:24.781422: Current learning rate: 0.00588
2026-08-20 08:32:55.312304: train_loss -0.5755
2026-08-20 08:32:55.312531: val_loss -0.5618
2026-08-20 08:32:55.312594: Pseudo dice [np.float32(0.8185)]
2026-08-20 08:32:55.312681: Epoch time: 30.53 s
2026-08-20 08:32:55.312749: Yayy! New best EMA pseudo Dice: 0.8037999868392944
2026-08-20 08:32:56.810824: 
2026-08-20 08:32:56.810965: Epoch 447
2026-08-20 08:32:56.811038: Current learning rate: 0.00587
2026-08-20 08:33:27.242939: train_loss -0.5987
2026-08-20 08:33:27.243124: val_loss -0.6019
2026-08-20 08:33:27.243199: Pseudo dice [np.float32(0.8076)]
2026-08-20 08:33:27.243267: Epoch time: 30.43 s
2026-08-20 08:33:27.243313: Yayy! New best EMA pseudo Dice: 0.804099977016449
2026-08-20 08:33:28.368388: 
2026-08-20 08:33:28.368589: Epoch 448
2026-08-20 08:33:28.368664: Current learning rate: 0.00586
2026-08-20 08:33:58.709241: train_loss -0.6037
2026-08-20 08:33:58.709461: val_loss -0.5472
2026-08-20 08:33:58.709524: Pseudo dice [np.float32(0.7733)]
2026-08-20 08:33:58.709599: Epoch time: 30.34 s
2026-08-20 08:33:59.499661: 
2026-08-20 08:33:59.499973: Epoch 449
2026-08-20 08:33:59.500058: Current learning rate: 0.00585
2026-08-20 08:34:29.981309: train_loss -0.6005
2026-08-20 08:34:29.981671: val_loss -0.5308
2026-08-20 08:34:29.981732: Pseudo dice [np.float32(0.7665)]
2026-08-20 08:34:29.981806: Epoch time: 30.48 s
2026-08-20 08:34:31.089184: 
2026-08-20 08:34:31.089325: Epoch 450
2026-08-20 08:34:31.089396: Current learning rate: 0.00584
2026-08-20 08:35:01.365462: train_loss -0.5945
2026-08-20 08:35:01.365674: val_loss -0.6356
2026-08-20 08:35:01.365735: Pseudo dice [np.float32(0.83)]
2026-08-20 08:35:01.365804: Epoch time: 30.28 s
2026-08-20 08:35:02.153823: 
2026-08-20 08:35:02.153996: Epoch 451
2026-08-20 08:35:02.154075: Current learning rate: 0.00583
2026-08-20 08:35:32.686388: train_loss -0.6109
2026-08-20 08:35:32.686567: val_loss -0.5773
2026-08-20 08:35:32.686628: Pseudo dice [np.float32(0.8143)]
2026-08-20 08:35:32.686692: Epoch time: 30.53 s
2026-08-20 08:35:33.469588: 
2026-08-20 08:35:33.469725: Epoch 452
2026-08-20 08:35:33.469796: Current learning rate: 0.00582
2026-08-20 08:36:03.921186: train_loss -0.613
2026-08-20 08:36:03.921407: val_loss -0.6099
2026-08-20 08:36:03.921469: Pseudo dice [np.float32(0.8293)]
2026-08-20 08:36:03.921540: Epoch time: 30.45 s
2026-08-20 08:36:03.921590: Yayy! New best EMA pseudo Dice: 0.8048999905586243
2026-08-20 08:36:05.037972: 
2026-08-20 08:36:05.038180: Epoch 453
2026-08-20 08:36:05.038278: Current learning rate: 0.00581
2026-08-20 08:36:35.451590: train_loss -0.5834
2026-08-20 08:36:35.451817: val_loss -0.556
2026-08-20 08:36:35.451886: Pseudo dice [np.float32(0.8108)]
2026-08-20 08:36:35.451961: Epoch time: 30.41 s
2026-08-20 08:36:35.452012: Yayy! New best EMA pseudo Dice: 0.8054999709129333
2026-08-20 08:36:36.543795: 
2026-08-20 08:36:36.544108: Epoch 454
2026-08-20 08:36:36.544235: Current learning rate: 0.0058
2026-08-20 08:37:07.034523: train_loss -0.5853
2026-08-20 08:37:07.034723: val_loss -0.6251
2026-08-20 08:37:07.034782: Pseudo dice [np.float32(0.8298)]
2026-08-20 08:37:07.034850: Epoch time: 30.49 s
2026-08-20 08:37:07.034905: Yayy! New best EMA pseudo Dice: 0.8079000115394592
2026-08-20 08:37:08.118489: 
2026-08-20 08:37:08.118635: Epoch 455
2026-08-20 08:37:08.118710: Current learning rate: 0.00579
2026-08-20 08:37:38.520484: train_loss -0.6002
2026-08-20 08:37:38.520704: val_loss -0.5403
2026-08-20 08:37:38.520770: Pseudo dice [np.float32(0.8071)]
2026-08-20 08:37:38.520839: Epoch time: 30.4 s
2026-08-20 08:37:39.310793: 
2026-08-20 08:37:39.310901: Epoch 456
2026-08-20 08:37:39.310972: Current learning rate: 0.00578
2026-08-20 08:38:09.733320: train_loss -0.5974
2026-08-20 08:38:09.733492: val_loss -0.6044
2026-08-20 08:38:09.733549: Pseudo dice [np.float32(0.8088)]
2026-08-20 08:38:09.733615: Epoch time: 30.42 s
2026-08-20 08:38:09.733663: Yayy! New best EMA pseudo Dice: 0.8079000115394592
2026-08-20 08:38:10.839339: 
2026-08-20 08:38:10.839486: Epoch 457
2026-08-20 08:38:10.839565: Current learning rate: 0.00577
2026-08-20 08:38:41.303811: train_loss -0.5801
2026-08-20 08:38:41.303990: val_loss -0.5419
2026-08-20 08:38:41.304048: Pseudo dice [np.float32(0.7691)]
2026-08-20 08:38:41.304112: Epoch time: 30.47 s
2026-08-20 08:38:42.093017: 
2026-08-20 08:38:42.093253: Epoch 458
2026-08-20 08:38:42.093329: Current learning rate: 0.00576
2026-08-20 08:39:12.566715: train_loss -0.5963
2026-08-20 08:39:12.566896: val_loss -0.5669
2026-08-20 08:39:12.566968: Pseudo dice [np.float32(0.7918)]
2026-08-20 08:39:12.567034: Epoch time: 30.47 s
2026-08-20 08:39:13.640269: 
2026-08-20 08:39:13.640522: Epoch 459
2026-08-20 08:39:13.640594: Current learning rate: 0.00575
2026-08-20 08:39:44.096042: train_loss -0.5863
2026-08-20 08:39:44.096218: val_loss -0.5864
2026-08-20 08:39:44.096275: Pseudo dice [np.float32(0.8185)]
2026-08-20 08:39:44.096339: Epoch time: 30.46 s
2026-08-20 08:39:45.227576: 
2026-08-20 08:39:45.227829: Epoch 460
2026-08-20 08:39:45.227913: Current learning rate: 0.00574
2026-08-20 08:40:15.770691: train_loss -0.5854
2026-08-20 08:40:15.770899: val_loss -0.5597
2026-08-20 08:40:15.770956: Pseudo dice [np.float32(0.8178)]
2026-08-20 08:40:15.771023: Epoch time: 30.54 s
2026-08-20 08:40:16.556948: 
2026-08-20 08:40:16.557181: Epoch 461
2026-08-20 08:40:16.557254: Current learning rate: 0.00573
2026-08-20 08:40:47.044283: train_loss -0.6174
2026-08-20 08:40:47.044461: val_loss -0.618
2026-08-20 08:40:47.044519: Pseudo dice [np.float32(0.8254)]
2026-08-20 08:40:47.044585: Epoch time: 30.49 s
2026-08-20 08:40:47.830479: 
2026-08-20 08:40:47.830634: Epoch 462
2026-08-20 08:40:47.830707: Current learning rate: 0.00572
2026-08-20 08:41:18.225902: train_loss -0.6187
2026-08-20 08:41:18.226087: val_loss -0.5546
2026-08-20 08:41:18.226142: Pseudo dice [np.float32(0.8051)]
2026-08-20 08:41:18.226207: Epoch time: 30.4 s
2026-08-20 08:41:19.014292: 
2026-08-20 08:41:19.014601: Epoch 463
2026-08-20 08:41:19.014682: Current learning rate: 0.00571
2026-08-20 08:41:49.380892: train_loss -0.6039
2026-08-20 08:41:49.381070: val_loss -0.5415
2026-08-20 08:41:49.381138: Pseudo dice [np.float32(0.8001)]
2026-08-20 08:41:49.381206: Epoch time: 30.37 s
2026-08-20 08:41:50.171378: 
2026-08-20 08:41:50.171613: Epoch 464
2026-08-20 08:41:50.171708: Current learning rate: 0.0057
2026-08-20 08:42:20.716927: train_loss -0.6216
2026-08-20 08:42:20.717168: val_loss -0.5505
2026-08-20 08:42:20.717229: Pseudo dice [np.float32(0.7916)]
2026-08-20 08:42:20.717303: Epoch time: 30.55 s
2026-08-20 08:42:21.510401: 
2026-08-20 08:42:21.510525: Epoch 465
2026-08-20 08:42:21.510595: Current learning rate: 0.0057
2026-08-20 08:42:52.079217: train_loss -0.6205
2026-08-20 08:42:52.079429: val_loss -0.5881
2026-08-20 08:42:52.079483: Pseudo dice [np.float32(0.7981)]
2026-08-20 08:42:52.079551: Epoch time: 30.57 s
2026-08-20 08:42:52.863935: 
2026-08-20 08:42:52.864092: Epoch 466
2026-08-20 08:42:52.864161: Current learning rate: 0.00569
2026-08-20 08:43:23.239923: train_loss -0.5485
2026-08-20 08:43:23.240144: val_loss -0.5692
2026-08-20 08:43:23.240205: Pseudo dice [np.float32(0.8336)]
2026-08-20 08:43:23.240276: Epoch time: 30.38 s
2026-08-20 08:43:24.027252: 
2026-08-20 08:43:24.027405: Epoch 467
2026-08-20 08:43:24.027485: Current learning rate: 0.00568
2026-08-20 08:43:54.339728: train_loss -0.6047
2026-08-20 08:43:54.339991: val_loss -0.5317
2026-08-20 08:43:54.340053: Pseudo dice [np.float32(0.7892)]
2026-08-20 08:43:54.340125: Epoch time: 30.31 s
2026-08-20 08:43:55.145139: 
2026-08-20 08:43:55.145300: Epoch 468
2026-08-20 08:43:55.145380: Current learning rate: 0.00567
2026-08-20 08:44:25.613289: train_loss -0.5743
2026-08-20 08:44:25.613555: val_loss -0.5605
2026-08-20 08:44:25.613619: Pseudo dice [np.float32(0.8122)]
2026-08-20 08:44:25.613689: Epoch time: 30.47 s
2026-08-20 08:44:26.401691: 
2026-08-20 08:44:26.401818: Epoch 469
2026-08-20 08:44:26.401955: Current learning rate: 0.00566
2026-08-20 08:44:56.787814: train_loss -0.6099
2026-08-20 08:44:56.788148: val_loss -0.5535
2026-08-20 08:44:56.788210: Pseudo dice [np.float32(0.7739)]
2026-08-20 08:44:56.788279: Epoch time: 30.39 s
2026-08-20 08:44:57.978667: 
2026-08-20 08:44:57.978911: Epoch 470
2026-08-20 08:44:57.979001: Current learning rate: 0.00565
2026-08-20 08:45:28.345337: train_loss -0.5834
2026-08-20 08:45:28.345554: val_loss -0.57
2026-08-20 08:45:28.346015: Pseudo dice [np.float32(0.8067)]
2026-08-20 08:45:28.346092: Epoch time: 30.37 s
2026-08-20 08:45:29.444696: 
2026-08-20 08:45:29.444806: Epoch 471
2026-08-20 08:45:29.444883: Current learning rate: 0.00564
2026-08-20 08:45:59.994618: train_loss -0.6035
2026-08-20 08:45:59.994860: val_loss -0.5161
2026-08-20 08:45:59.994991: Pseudo dice [np.float32(0.8008)]
2026-08-20 08:45:59.995069: Epoch time: 30.55 s
2026-08-20 08:46:00.785967: 
2026-08-20 08:46:00.786166: Epoch 472
2026-08-20 08:46:00.786258: Current learning rate: 0.00563
2026-08-20 08:46:31.252401: train_loss -0.6032
2026-08-20 08:46:31.252618: val_loss -0.574
2026-08-20 08:46:31.252681: Pseudo dice [np.float32(0.8131)]
2026-08-20 08:46:31.252746: Epoch time: 30.47 s
2026-08-20 08:46:32.042682: 
2026-08-20 08:46:32.042837: Epoch 473
2026-08-20 08:46:32.042918: Current learning rate: 0.00562
2026-08-20 08:47:02.434640: train_loss -0.6087
2026-08-20 08:47:02.434818: val_loss -0.6356
2026-08-20 08:47:02.434882: Pseudo dice [np.float32(0.8337)]
2026-08-20 08:47:02.434946: Epoch time: 30.39 s
2026-08-20 08:47:03.223930: 
2026-08-20 08:47:03.224040: Epoch 474
2026-08-20 08:47:03.224111: Current learning rate: 0.00561
2026-08-20 08:47:33.619057: train_loss -0.6346
2026-08-20 08:47:33.619237: val_loss -0.5878
2026-08-20 08:47:33.619297: Pseudo dice [np.float32(0.7973)]
2026-08-20 08:47:33.619360: Epoch time: 30.4 s
2026-08-20 08:47:34.411543: 
2026-08-20 08:47:34.411834: Epoch 475
2026-08-20 08:47:34.411926: Current learning rate: 0.0056
2026-08-20 08:48:04.810031: train_loss -0.6175
2026-08-20 08:48:04.810205: val_loss -0.5876
2026-08-20 08:48:04.810266: Pseudo dice [np.float32(0.7978)]
2026-08-20 08:48:04.810331: Epoch time: 30.4 s
2026-08-20 08:48:05.597784: 
2026-08-20 08:48:05.597906: Epoch 476
2026-08-20 08:48:05.597978: Current learning rate: 0.00559
2026-08-20 08:48:36.184907: train_loss -0.593
2026-08-20 08:48:36.185083: val_loss -0.6274
2026-08-20 08:48:36.185140: Pseudo dice [np.float32(0.8097)]
2026-08-20 08:48:36.185260: Epoch time: 30.59 s
2026-08-20 08:48:36.972978: 
2026-08-20 08:48:36.973176: Epoch 477
2026-08-20 08:48:36.973250: Current learning rate: 0.00558
2026-08-20 08:49:07.327168: train_loss -0.6159
2026-08-20 08:49:07.327352: val_loss -0.5892
2026-08-20 08:49:07.327405: Pseudo dice [np.float32(0.8099)]
2026-08-20 08:49:07.327466: Epoch time: 30.36 s
2026-08-20 08:49:08.122699: 
2026-08-20 08:49:08.122830: Epoch 478
2026-08-20 08:49:08.122933: Current learning rate: 0.00557
2026-08-20 08:49:38.545595: train_loss -0.5994
2026-08-20 08:49:38.545774: val_loss -0.5624
2026-08-20 08:49:38.545832: Pseudo dice [np.float32(0.7782)]
2026-08-20 08:49:38.545903: Epoch time: 30.42 s
2026-08-20 08:49:39.346201: 
2026-08-20 08:49:39.346405: Epoch 479
2026-08-20 08:49:39.346493: Current learning rate: 0.00556
2026-08-20 08:50:09.768588: train_loss -0.6103
2026-08-20 08:50:09.768764: val_loss -0.5599
2026-08-20 08:50:09.768823: Pseudo dice [np.float32(0.7816)]
2026-08-20 08:50:09.768901: Epoch time: 30.42 s
2026-08-20 08:50:11.154458: 
2026-08-20 08:50:11.154704: Epoch 480
2026-08-20 08:50:11.154808: Current learning rate: 0.00555
2026-08-20 08:50:41.606144: train_loss -0.5917
2026-08-20 08:50:41.606377: val_loss -0.5486
2026-08-20 08:50:41.606439: Pseudo dice [np.float32(0.7757)]
2026-08-20 08:50:41.606514: Epoch time: 30.45 s
2026-08-20 08:50:42.413098: 
2026-08-20 08:50:42.413220: Epoch 481
2026-08-20 08:50:42.413291: Current learning rate: 0.00554
2026-08-20 08:51:13.000879: train_loss -0.5807
2026-08-20 08:51:13.001122: val_loss -0.5761
2026-08-20 08:51:13.001185: Pseudo dice [np.float32(0.7991)]
2026-08-20 08:51:13.001261: Epoch time: 30.59 s
2026-08-20 08:51:13.799674: 
2026-08-20 08:51:13.799783: Epoch 482
2026-08-20 08:51:13.799861: Current learning rate: 0.00553
2026-08-20 08:51:44.138374: train_loss -0.6019
2026-08-20 08:51:44.138609: val_loss -0.5973
2026-08-20 08:51:44.138669: Pseudo dice [np.float32(0.8058)]
2026-08-20 08:51:44.138741: Epoch time: 30.34 s
2026-08-20 08:51:44.940346: 
2026-08-20 08:51:44.940529: Epoch 483
2026-08-20 08:51:44.940614: Current learning rate: 0.00552
2026-08-20 08:52:15.531619: train_loss -0.6146
2026-08-20 08:52:15.531831: val_loss -0.5387
2026-08-20 08:52:15.531898: Pseudo dice [np.float32(0.8063)]
2026-08-20 08:52:15.531971: Epoch time: 30.59 s
2026-08-20 08:52:16.640720: 
2026-08-20 08:52:16.640985: Epoch 484
2026-08-20 08:52:16.641069: Current learning rate: 0.00551
2026-08-20 08:52:47.172835: train_loss -0.6232
2026-08-20 08:52:47.173068: val_loss -0.5398
2026-08-20 08:52:47.173126: Pseudo dice [np.float32(0.794)]
2026-08-20 08:52:47.173200: Epoch time: 30.53 s
2026-08-20 08:52:47.972081: 
2026-08-20 08:52:47.972326: Epoch 485
2026-08-20 08:52:47.972402: Current learning rate: 0.0055
2026-08-20 08:53:18.451617: train_loss -0.5981
2026-08-20 08:53:18.451843: val_loss -0.5649
2026-08-20 08:53:18.451912: Pseudo dice [np.float32(0.7969)]
2026-08-20 08:53:18.451989: Epoch time: 30.48 s
2026-08-20 08:53:19.252352: 
2026-08-20 08:53:19.252638: Epoch 486
2026-08-20 08:53:19.252716: Current learning rate: 0.00549
2026-08-20 08:53:49.602521: train_loss -0.607
2026-08-20 08:53:49.602789: val_loss -0.6134
2026-08-20 08:53:49.602849: Pseudo dice [np.float32(0.8056)]
2026-08-20 08:53:49.602925: Epoch time: 30.35 s
2026-08-20 08:53:50.399618: 
2026-08-20 08:53:50.399816: Epoch 487
2026-08-20 08:53:50.399893: Current learning rate: 0.00548
2026-08-20 08:54:20.886548: train_loss -0.6171
2026-08-20 08:54:20.886800: val_loss -0.5759
2026-08-20 08:54:20.886869: Pseudo dice [np.float32(0.7965)]
2026-08-20 08:54:20.886937: Epoch time: 30.49 s
2026-08-20 08:54:21.684640: 
2026-08-20 08:54:21.684806: Epoch 488
2026-08-20 08:54:21.684886: Current learning rate: 0.00547
2026-08-20 08:54:52.218984: train_loss -0.6141
2026-08-20 08:54:52.219205: val_loss -0.5744
2026-08-20 08:54:52.219265: Pseudo dice [np.float32(0.8144)]
2026-08-20 08:54:52.219331: Epoch time: 30.54 s
2026-08-20 08:54:53.017360: 
2026-08-20 08:54:53.017500: Epoch 489
2026-08-20 08:54:53.017570: Current learning rate: 0.00546
2026-08-20 08:55:23.527312: train_loss -0.5956
2026-08-20 08:55:23.527532: val_loss -0.5939
2026-08-20 08:55:23.527589: Pseudo dice [np.float32(0.8249)]
2026-08-20 08:55:23.527651: Epoch time: 30.51 s
2026-08-20 08:55:24.666000: 
2026-08-20 08:55:24.666119: Epoch 490
2026-08-20 08:55:24.666196: Current learning rate: 0.00546
2026-08-20 08:55:55.021248: train_loss -0.5962
2026-08-20 08:55:55.021456: val_loss -0.5756
2026-08-20 08:55:55.021513: Pseudo dice [np.float32(0.8166)]
2026-08-20 08:55:55.021584: Epoch time: 30.36 s
2026-08-20 08:55:55.828740: 
2026-08-20 08:55:55.828935: Epoch 491
2026-08-20 08:55:55.829011: Current learning rate: 0.00545
2026-08-20 08:56:26.109912: train_loss -0.5989
2026-08-20 08:56:26.110166: val_loss -0.5502
2026-08-20 08:56:26.110226: Pseudo dice [np.float32(0.7941)]
2026-08-20 08:56:26.110296: Epoch time: 30.28 s
2026-08-20 08:56:26.908663: 
2026-08-20 08:56:26.908784: Epoch 492
2026-08-20 08:56:26.908863: Current learning rate: 0.00544
2026-08-20 08:56:57.335615: train_loss -0.6126
2026-08-20 08:56:57.335818: val_loss -0.5894
2026-08-20 08:56:57.335879: Pseudo dice [np.float32(0.7952)]
2026-08-20 08:56:57.335943: Epoch time: 30.43 s
2026-08-20 08:56:58.131911: 
2026-08-20 08:56:58.132024: Epoch 493
2026-08-20 08:56:58.132100: Current learning rate: 0.00543
2026-08-20 08:57:28.588312: train_loss -0.5882
2026-08-20 08:57:28.588521: val_loss -0.4933
2026-08-20 08:57:28.588581: Pseudo dice [np.float32(0.8041)]
2026-08-20 08:57:28.588652: Epoch time: 30.46 s
2026-08-20 08:57:29.386708: 
2026-08-20 08:57:29.386827: Epoch 494
2026-08-20 08:57:29.386909: Current learning rate: 0.00542
2026-08-20 08:57:59.743820: train_loss -0.589
2026-08-20 08:57:59.744038: val_loss -0.5337
2026-08-20 08:57:59.744094: Pseudo dice [np.float32(0.7908)]
2026-08-20 08:57:59.744159: Epoch time: 30.36 s
2026-08-20 08:58:00.542089: 
2026-08-20 08:58:00.542204: Epoch 495
2026-08-20 08:58:00.542275: Current learning rate: 0.00541
2026-08-20 08:58:30.975768: train_loss -0.5907
2026-08-20 08:58:30.975975: val_loss -0.6072
2026-08-20 08:58:30.976036: Pseudo dice [np.float32(0.7847)]
2026-08-20 08:58:30.976321: Epoch time: 30.43 s
2026-08-20 08:58:32.088192: 
2026-08-20 08:58:32.088417: Epoch 496
2026-08-20 08:58:32.088494: Current learning rate: 0.0054
2026-08-20 08:59:02.522907: train_loss -0.5777
2026-08-20 08:59:02.523169: val_loss -0.5938
2026-08-20 08:59:02.523231: Pseudo dice [np.float32(0.7779)]
2026-08-20 08:59:02.523302: Epoch time: 30.44 s
2026-08-20 08:59:03.316063: 
2026-08-20 08:59:03.316208: Epoch 497
2026-08-20 08:59:03.316286: Current learning rate: 0.00539
2026-08-20 08:59:33.819495: train_loss -0.586
2026-08-20 08:59:33.819692: val_loss -0.5792
2026-08-20 08:59:33.819752: Pseudo dice [np.float32(0.8166)]
2026-08-20 08:59:33.819815: Epoch time: 30.5 s
2026-08-20 08:59:34.615742: 
2026-08-20 08:59:34.615861: Epoch 498
2026-08-20 08:59:34.615933: Current learning rate: 0.00538
2026-08-20 09:00:05.061250: train_loss -0.6114
2026-08-20 09:00:05.061457: val_loss -0.5543
2026-08-20 09:00:05.061517: Pseudo dice [np.float32(0.8019)]
2026-08-20 09:00:05.061583: Epoch time: 30.45 s
2026-08-20 09:00:05.860982: 
2026-08-20 09:00:05.861116: Epoch 499
2026-08-20 09:00:05.861187: Current learning rate: 0.00537
2026-08-20 09:00:36.389730: train_loss -0.6121
2026-08-20 09:00:36.389977: val_loss -0.5899
2026-08-20 09:00:36.390039: Pseudo dice [np.float32(0.8067)]
2026-08-20 09:00:36.390115: Epoch time: 30.53 s
2026-08-20 09:00:37.541151: 
2026-08-20 09:00:37.541270: Epoch 500
2026-08-20 09:00:37.541340: Current learning rate: 0.00536
2026-08-20 09:01:07.988677: train_loss -0.6199
2026-08-20 09:01:07.988907: val_loss -0.5682
2026-08-20 09:01:07.988967: Pseudo dice [np.float32(0.8119)]
2026-08-20 09:01:07.989041: Epoch time: 30.45 s
2026-08-20 09:01:08.799667: 
2026-08-20 09:01:08.799947: Epoch 501
2026-08-20 09:01:08.800029: Current learning rate: 0.00535
2026-08-20 09:01:39.300686: train_loss -0.6125
2026-08-20 09:01:39.300906: val_loss -0.5692
2026-08-20 09:01:39.300967: Pseudo dice [np.float32(0.789)]
2026-08-20 09:01:39.301040: Epoch time: 30.5 s
2026-08-20 09:01:40.114301: 
2026-08-20 09:01:40.114504: Epoch 502
2026-08-20 09:01:40.114578: Current learning rate: 0.00534
2026-08-20 09:02:10.514163: train_loss -0.6103
2026-08-20 09:02:10.514422: val_loss -0.5907
2026-08-20 09:02:10.514481: Pseudo dice [np.float32(0.8264)]
2026-08-20 09:02:10.514551: Epoch time: 30.4 s
2026-08-20 09:02:11.309251: 
2026-08-20 09:02:11.309403: Epoch 503
2026-08-20 09:02:11.309473: Current learning rate: 0.00533
2026-08-20 09:02:41.874153: train_loss -0.6068
2026-08-20 09:02:41.874377: val_loss -0.6127
2026-08-20 09:02:41.874440: Pseudo dice [np.float32(0.8087)]
2026-08-20 09:02:41.874510: Epoch time: 30.57 s
2026-08-20 09:02:42.671418: 
2026-08-20 09:02:42.671538: Epoch 504
2026-08-20 09:02:42.671606: Current learning rate: 0.00532
2026-08-20 09:03:13.189366: train_loss -0.6131
2026-08-20 09:03:13.189563: val_loss -0.6278
2026-08-20 09:03:13.189620: Pseudo dice [np.float32(0.809)]
2026-08-20 09:03:13.189686: Epoch time: 30.52 s
2026-08-20 09:03:13.983956: 
2026-08-20 09:03:13.984071: Epoch 505
2026-08-20 09:03:13.984142: Current learning rate: 0.00531
2026-08-20 09:03:44.564441: train_loss -0.5826
2026-08-20 09:03:44.564648: val_loss -0.6205
2026-08-20 09:03:44.564705: Pseudo dice [np.float32(0.8312)]
2026-08-20 09:03:44.564772: Epoch time: 30.58 s
2026-08-20 09:03:45.363505: 
2026-08-20 09:03:45.363605: Epoch 506
2026-08-20 09:03:45.363675: Current learning rate: 0.0053
2026-08-20 09:04:15.946525: train_loss -0.599
2026-08-20 09:04:15.946785: val_loss -0.6214
2026-08-20 09:04:15.946846: Pseudo dice [np.float32(0.824)]
2026-08-20 09:04:15.946922: Epoch time: 30.58 s
2026-08-20 09:04:15.946969: Yayy! New best EMA pseudo Dice: 0.8086000084877014
2026-08-20 09:04:17.053741: 
2026-08-20 09:04:17.053888: Epoch 507
2026-08-20 09:04:17.053963: Current learning rate: 0.00529
2026-08-20 09:04:47.595882: train_loss -0.6225
2026-08-20 09:04:47.596153: val_loss -0.6406
2026-08-20 09:04:47.596218: Pseudo dice [np.float32(0.8466)]
2026-08-20 09:04:47.596294: Epoch time: 30.54 s
2026-08-20 09:04:47.596343: Yayy! New best EMA pseudo Dice: 0.8123999834060669
2026-08-20 09:04:49.012009: 
2026-08-20 09:04:49.012233: Epoch 508
2026-08-20 09:04:49.012318: Current learning rate: 0.00528
2026-08-20 09:05:19.386171: train_loss -0.6183
2026-08-20 09:05:19.386377: val_loss -0.5643
2026-08-20 09:05:19.386437: Pseudo dice [np.float32(0.7653)]
2026-08-20 09:05:19.386509: Epoch time: 30.38 s
2026-08-20 09:05:20.172686: 
2026-08-20 09:05:20.172880: Epoch 509
2026-08-20 09:05:20.172961: Current learning rate: 0.00527
2026-08-20 09:05:50.650730: train_loss -0.6268
2026-08-20 09:05:50.650949: val_loss -0.6049
2026-08-20 09:05:50.651006: Pseudo dice [np.float32(0.8394)]
2026-08-20 09:05:50.651077: Epoch time: 30.48 s
2026-08-20 09:05:51.839567: 
2026-08-20 09:05:51.839785: Epoch 510
2026-08-20 09:05:51.839862: Current learning rate: 0.00526
2026-08-20 09:06:22.406992: train_loss -0.6243
2026-08-20 09:06:22.407209: val_loss -0.6387
2026-08-20 09:06:22.407268: Pseudo dice [np.float32(0.8327)]
2026-08-20 09:06:22.407340: Epoch time: 30.57 s
2026-08-20 09:06:22.407388: Yayy! New best EMA pseudo Dice: 0.8130000233650208
2026-08-20 09:06:23.744475: 
2026-08-20 09:06:23.744600: Epoch 511
2026-08-20 09:06:23.744675: Current learning rate: 0.00525
2026-08-20 09:06:54.146028: train_loss -0.6283
2026-08-20 09:06:54.146282: val_loss -0.5806
2026-08-20 09:06:54.146435: Pseudo dice [np.float32(0.8036)]
2026-08-20 09:06:54.146512: Epoch time: 30.4 s
2026-08-20 09:06:54.948470: 
2026-08-20 09:06:54.948694: Epoch 512
2026-08-20 09:06:54.948786: Current learning rate: 0.00524
2026-08-20 09:07:25.394840: train_loss -0.6065
2026-08-20 09:07:25.395058: val_loss -0.5841
2026-08-20 09:07:25.395116: Pseudo dice [np.float32(0.8127)]
2026-08-20 09:07:25.395190: Epoch time: 30.45 s
2026-08-20 09:07:26.195370: 
2026-08-20 09:07:26.195521: Epoch 513
2026-08-20 09:07:26.195598: Current learning rate: 0.00523
2026-08-20 09:07:56.718542: train_loss -0.6353
2026-08-20 09:07:56.718742: val_loss -0.6359
2026-08-20 09:07:56.718802: Pseudo dice [np.float32(0.8219)]
2026-08-20 09:07:56.718878: Epoch time: 30.52 s
2026-08-20 09:07:56.718927: Yayy! New best EMA pseudo Dice: 0.8130999803543091
2026-08-20 09:07:57.830412: 
2026-08-20 09:07:57.830615: Epoch 514
2026-08-20 09:07:57.830693: Current learning rate: 0.00522
2026-08-20 09:08:28.339340: train_loss -0.6032
2026-08-20 09:08:28.339557: val_loss -0.5746
2026-08-20 09:08:28.339618: Pseudo dice [np.float32(0.7974)]
2026-08-20 09:08:28.339695: Epoch time: 30.51 s
2026-08-20 09:08:29.148628: 
2026-08-20 09:08:29.148749: Epoch 515
2026-08-20 09:08:29.148819: Current learning rate: 0.00521
2026-08-20 09:08:59.639378: train_loss -0.6128
2026-08-20 09:08:59.639596: val_loss -0.5487
2026-08-20 09:08:59.639654: Pseudo dice [np.float32(0.8115)]
2026-08-20 09:08:59.639730: Epoch time: 30.49 s
2026-08-20 09:09:00.440335: 
2026-08-20 09:09:00.440438: Epoch 516
2026-08-20 09:09:00.440507: Current learning rate: 0.0052
2026-08-20 09:09:30.962942: train_loss -0.6103
2026-08-20 09:09:30.963228: val_loss -0.5566
2026-08-20 09:09:30.963291: Pseudo dice [np.float32(0.789)]
2026-08-20 09:09:30.963368: Epoch time: 30.52 s
2026-08-20 09:09:31.766174: 
2026-08-20 09:09:31.766296: Epoch 517
2026-08-20 09:09:31.766373: Current learning rate: 0.00519
2026-08-20 09:10:02.197453: train_loss -0.5849
2026-08-20 09:10:02.197690: val_loss -0.5653
2026-08-20 09:10:02.197753: Pseudo dice [np.float32(0.8018)]
2026-08-20 09:10:02.197834: Epoch time: 30.43 s
2026-08-20 09:10:03.002383: 
2026-08-20 09:10:03.002614: Epoch 518
2026-08-20 09:10:03.002683: Current learning rate: 0.00518
2026-08-20 09:10:33.541476: train_loss -0.612
2026-08-20 09:10:33.541655: val_loss -0.552
2026-08-20 09:10:33.541713: Pseudo dice [np.float32(0.8094)]
2026-08-20 09:10:33.541778: Epoch time: 30.54 s
2026-08-20 09:10:34.360477: 
2026-08-20 09:10:34.360606: Epoch 519
2026-08-20 09:10:34.360685: Current learning rate: 0.00518
2026-08-20 09:11:04.838589: train_loss -0.61
2026-08-20 09:11:04.838813: val_loss -0.5739
2026-08-20 09:11:04.838880: Pseudo dice [np.float32(0.8011)]
2026-08-20 09:11:04.839228: Epoch time: 30.48 s
2026-08-20 09:11:06.258796: 
2026-08-20 09:11:06.259007: Epoch 520
2026-08-20 09:11:06.259082: Current learning rate: 0.00517
2026-08-20 09:11:36.791315: train_loss -0.6103
2026-08-20 09:11:36.791553: val_loss -0.5985
2026-08-20 09:11:36.791616: Pseudo dice [np.float32(0.8265)]
2026-08-20 09:11:36.791719: Epoch time: 30.53 s
2026-08-20 09:11:37.590653: 
2026-08-20 09:11:37.590847: Epoch 521
2026-08-20 09:11:37.590936: Current learning rate: 0.00516
2026-08-20 09:12:07.899622: train_loss -0.6075
2026-08-20 09:12:07.899983: val_loss -0.6089
2026-08-20 09:12:07.900046: Pseudo dice [np.float32(0.8078)]
2026-08-20 09:12:07.900124: Epoch time: 30.31 s
2026-08-20 09:12:08.706788: 
2026-08-20 09:12:08.706922: Epoch 522
2026-08-20 09:12:08.706997: Current learning rate: 0.00515
2026-08-20 09:12:39.118388: train_loss -0.6074
2026-08-20 09:12:39.118624: val_loss -0.6314
2026-08-20 09:12:39.118688: Pseudo dice [np.float32(0.8202)]
2026-08-20 09:12:39.118763: Epoch time: 30.41 s
2026-08-20 09:12:39.919476: 
2026-08-20 09:12:39.919673: Epoch 523
2026-08-20 09:12:39.919753: Current learning rate: 0.00514
2026-08-20 09:13:10.482746: train_loss -0.5895
2026-08-20 09:13:10.483000: val_loss -0.5941
2026-08-20 09:13:10.483068: Pseudo dice [np.float32(0.7801)]
2026-08-20 09:13:10.483141: Epoch time: 30.56 s
2026-08-20 09:13:11.295117: 
2026-08-20 09:13:11.295277: Epoch 524
2026-08-20 09:13:11.295366: Current learning rate: 0.00513
2026-08-20 09:13:41.751401: train_loss -0.6207
2026-08-20 09:13:41.751621: val_loss -0.5264
2026-08-20 09:13:41.751683: Pseudo dice [np.float32(0.8025)]
2026-08-20 09:13:41.751760: Epoch time: 30.46 s
2026-08-20 09:13:42.556779: 
2026-08-20 09:13:42.557048: Epoch 525
2026-08-20 09:13:42.557125: Current learning rate: 0.00512
2026-08-20 09:14:13.048758: train_loss -0.5705
2026-08-20 09:14:13.049039: val_loss -0.5746
2026-08-20 09:14:13.049098: Pseudo dice [np.float32(0.7962)]
2026-08-20 09:14:13.049168: Epoch time: 30.49 s
2026-08-20 09:14:13.852386: 
2026-08-20 09:14:13.852577: Epoch 526
2026-08-20 09:14:13.852649: Current learning rate: 0.00511
2026-08-20 09:14:44.256452: train_loss -0.5945
2026-08-20 09:14:44.256678: val_loss -0.6026
2026-08-20 09:14:44.256737: Pseudo dice [np.float32(0.8068)]
2026-08-20 09:14:44.256804: Epoch time: 30.4 s
2026-08-20 09:14:45.056942: 
2026-08-20 09:14:45.057068: Epoch 527
2026-08-20 09:14:45.057146: Current learning rate: 0.0051
2026-08-20 09:15:15.538851: train_loss -0.624
2026-08-20 09:15:15.539031: val_loss -0.5448
2026-08-20 09:15:15.539088: Pseudo dice [np.float32(0.732)]
2026-08-20 09:15:15.539150: Epoch time: 30.48 s
2026-08-20 09:15:16.342566: 
2026-08-20 09:15:16.342732: Epoch 528
2026-08-20 09:15:16.342843: Current learning rate: 0.00509
2026-08-20 09:15:46.843994: train_loss -0.6131
2026-08-20 09:15:46.844206: val_loss -0.5986
2026-08-20 09:15:46.844266: Pseudo dice [np.float32(0.8115)]
2026-08-20 09:15:46.844335: Epoch time: 30.5 s
2026-08-20 09:15:47.646560: 
2026-08-20 09:15:47.646763: Epoch 529
2026-08-20 09:15:47.646876: Current learning rate: 0.00508
2026-08-20 09:16:18.227349: train_loss -0.6131
2026-08-20 09:16:18.227565: val_loss -0.5599
2026-08-20 09:16:18.227625: Pseudo dice [np.float32(0.8303)]
2026-08-20 09:16:18.227693: Epoch time: 30.58 s
2026-08-20 09:16:19.387246: 
2026-08-20 09:16:19.387495: Epoch 530
2026-08-20 09:16:19.387569: Current learning rate: 0.00507
2026-08-20 09:16:49.903586: train_loss -0.6001
2026-08-20 09:16:49.903804: val_loss -0.5569
2026-08-20 09:16:49.903873: Pseudo dice [np.float32(0.799)]
2026-08-20 09:16:49.903950: Epoch time: 30.52 s
2026-08-20 09:16:50.706315: 
2026-08-20 09:16:50.706455: Epoch 531
2026-08-20 09:16:50.706533: Current learning rate: 0.00506
2026-08-20 09:17:21.230262: train_loss -0.6294
2026-08-20 09:17:21.230487: val_loss -0.6074
2026-08-20 09:17:21.230548: Pseudo dice [np.float32(0.8143)]
2026-08-20 09:17:21.230623: Epoch time: 30.52 s
2026-08-20 09:17:22.063164: 
2026-08-20 09:17:22.063355: Epoch 532
2026-08-20 09:17:22.063433: Current learning rate: 0.00505
2026-08-20 09:17:52.551333: train_loss -0.593
2026-08-20 09:17:52.551552: val_loss -0.5788
2026-08-20 09:17:52.551612: Pseudo dice [np.float32(0.8073)]
2026-08-20 09:17:52.551690: Epoch time: 30.49 s
2026-08-20 09:17:53.676809: 
2026-08-20 09:17:53.677012: Epoch 533
2026-08-20 09:17:53.677087: Current learning rate: 0.00504
2026-08-20 09:18:24.089954: train_loss -0.6051
2026-08-20 09:18:24.090178: val_loss -0.6375
2026-08-20 09:18:24.090236: Pseudo dice [np.float32(0.8277)]
2026-08-20 09:18:24.090310: Epoch time: 30.41 s
2026-08-20 09:18:24.889195: 
2026-08-20 09:18:24.889441: Epoch 534
2026-08-20 09:18:24.889514: Current learning rate: 0.00503
2026-08-20 09:18:55.253532: train_loss -0.6116
2026-08-20 09:18:55.253764: val_loss -0.6318
2026-08-20 09:18:55.253825: Pseudo dice [np.float32(0.8244)]
2026-08-20 09:18:55.253910: Epoch time: 30.37 s
2026-08-20 09:18:56.059756: 
2026-08-20 09:18:56.059986: Epoch 535
2026-08-20 09:18:56.060073: Current learning rate: 0.00502
2026-08-20 09:19:26.451738: train_loss -0.6019
2026-08-20 09:19:26.451993: val_loss -0.5724
2026-08-20 09:19:26.452055: Pseudo dice [np.float32(0.8014)]
2026-08-20 09:19:26.452132: Epoch time: 30.39 s
2026-08-20 09:19:27.259231: 
2026-08-20 09:19:27.259382: Epoch 536
2026-08-20 09:19:27.259457: Current learning rate: 0.00501
2026-08-20 09:19:57.761425: train_loss -0.5984
2026-08-20 09:19:57.761738: val_loss -0.5724
2026-08-20 09:19:57.761802: Pseudo dice [np.float32(0.7569)]
2026-08-20 09:19:57.761889: Epoch time: 30.5 s
2026-08-20 09:19:58.570656: 
2026-08-20 09:19:58.570795: Epoch 537
2026-08-20 09:19:58.570877: Current learning rate: 0.005
2026-08-20 09:20:28.911466: train_loss -0.5797
2026-08-20 09:20:28.911739: val_loss -0.573
2026-08-20 09:20:28.911807: Pseudo dice [np.float32(0.7943)]
2026-08-20 09:20:28.911897: Epoch time: 30.34 s
2026-08-20 09:20:29.721933: 
2026-08-20 09:20:29.722115: Epoch 538
2026-08-20 09:20:29.722207: Current learning rate: 0.00499
2026-08-20 09:21:00.122736: train_loss -0.6072
2026-08-20 09:21:00.122918: val_loss -0.6214
2026-08-20 09:21:00.122975: Pseudo dice [np.float32(0.8344)]
2026-08-20 09:21:00.123042: Epoch time: 30.4 s
2026-08-20 09:21:00.924871: 
2026-08-20 09:21:00.925027: Epoch 539
2026-08-20 09:21:00.925098: Current learning rate: 0.00498
2026-08-20 09:21:31.238853: train_loss -0.6275
2026-08-20 09:21:31.239114: val_loss -0.5387
2026-08-20 09:21:31.239208: Pseudo dice [np.float32(0.7725)]
2026-08-20 09:21:31.239299: Epoch time: 30.31 s
2026-08-20 09:21:32.361245: 
2026-08-20 09:21:32.361441: Epoch 540
2026-08-20 09:21:32.361518: Current learning rate: 0.00497
2026-08-20 09:22:02.821226: train_loss -0.6032
2026-08-20 09:22:02.821448: val_loss -0.6081
2026-08-20 09:22:02.821505: Pseudo dice [np.float32(0.7958)]
2026-08-20 09:22:02.821580: Epoch time: 30.46 s
2026-08-20 09:22:03.619873: 
2026-08-20 09:22:03.620004: Epoch 541
2026-08-20 09:22:03.620078: Current learning rate: 0.00496
2026-08-20 09:22:34.048646: train_loss -0.6017
2026-08-20 09:22:34.048897: val_loss -0.5891
2026-08-20 09:22:34.048963: Pseudo dice [np.float32(0.808)]
2026-08-20 09:22:34.049037: Epoch time: 30.43 s
2026-08-20 09:22:34.872064: 
2026-08-20 09:22:34.872295: Epoch 542
2026-08-20 09:22:34.872374: Current learning rate: 0.00495
2026-08-20 09:23:05.169988: train_loss -0.6117
2026-08-20 09:23:05.170195: val_loss -0.6323
2026-08-20 09:23:05.170251: Pseudo dice [np.float32(0.8383)]
2026-08-20 09:23:05.170319: Epoch time: 30.3 s
2026-08-20 09:23:05.973598: 
2026-08-20 09:23:05.973747: Epoch 543
2026-08-20 09:23:05.973819: Current learning rate: 0.00494
2026-08-20 09:23:36.450099: train_loss -0.6162
2026-08-20 09:23:36.450274: val_loss -0.5275
2026-08-20 09:23:36.450350: Pseudo dice [np.float32(0.809)]
2026-08-20 09:23:36.450413: Epoch time: 30.48 s
2026-08-20 09:23:37.549419: 
2026-08-20 09:23:37.549529: Epoch 544
2026-08-20 09:23:37.549598: Current learning rate: 0.00493
2026-08-20 09:24:08.092171: train_loss -0.6212
2026-08-20 09:24:08.092360: val_loss -0.5851
2026-08-20 09:24:08.092418: Pseudo dice [np.float32(0.8305)]
2026-08-20 09:24:08.092483: Epoch time: 30.54 s
2026-08-20 09:24:08.885715: 
2026-08-20 09:24:08.885865: Epoch 545
2026-08-20 09:24:08.885939: Current learning rate: 0.00492
2026-08-20 09:24:39.228861: train_loss -0.6142
2026-08-20 09:24:39.229060: val_loss -0.5922
2026-08-20 09:24:39.229115: Pseudo dice [np.float32(0.8231)]
2026-08-20 09:24:39.229180: Epoch time: 30.34 s
2026-08-20 09:24:40.022294: 
2026-08-20 09:24:40.022444: Epoch 546
2026-08-20 09:24:40.022518: Current learning rate: 0.00491
2026-08-20 09:25:10.535575: train_loss -0.5988
2026-08-20 09:25:10.535807: val_loss -0.5898
2026-08-20 09:25:10.535885: Pseudo dice [np.float32(0.8182)]
2026-08-20 09:25:10.535974: Epoch time: 30.51 s
2026-08-20 09:25:11.362964: 
2026-08-20 09:25:11.363205: Epoch 547
2026-08-20 09:25:11.363281: Current learning rate: 0.0049
2026-08-20 09:25:41.948897: train_loss -0.6146
2026-08-20 09:25:41.949142: val_loss -0.6106
2026-08-20 09:25:41.949201: Pseudo dice [np.float32(0.8412)]
2026-08-20 09:25:41.949272: Epoch time: 30.59 s
2026-08-20 09:25:41.949317: Yayy! New best EMA pseudo Dice: 0.8137000203132629
2026-08-20 09:25:43.063215: 
2026-08-20 09:25:43.063383: Epoch 548
2026-08-20 09:25:43.063465: Current learning rate: 0.00489
2026-08-20 09:26:13.504917: train_loss -0.6047
2026-08-20 09:26:13.505141: val_loss -0.5844
2026-08-20 09:26:13.505202: Pseudo dice [np.float32(0.8218)]
2026-08-20 09:26:13.505270: Epoch time: 30.44 s
2026-08-20 09:26:13.505316: Yayy! New best EMA pseudo Dice: 0.8144999742507935
2026-08-20 09:26:14.623755: 
2026-08-20 09:26:14.623988: Epoch 549
2026-08-20 09:26:14.624068: Current learning rate: 0.00488
2026-08-20 09:26:44.937453: train_loss -0.603
2026-08-20 09:26:44.937648: val_loss -0.5004
2026-08-20 09:26:44.937707: Pseudo dice [np.float32(0.7647)]
2026-08-20 09:26:44.937771: Epoch time: 30.31 s
2026-08-20 09:26:46.092748: 
2026-08-20 09:26:46.092891: Epoch 550
2026-08-20 09:26:46.092970: Current learning rate: 0.00487
2026-08-20 09:27:16.639720: train_loss -0.5998
2026-08-20 09:27:16.639940: val_loss -0.5844
2026-08-20 09:27:16.640002: Pseudo dice [np.float32(0.7958)]
2026-08-20 09:27:16.640072: Epoch time: 30.55 s
2026-08-20 09:27:17.443511: 
2026-08-20 09:27:17.443759: Epoch 551
2026-08-20 09:27:17.443830: Current learning rate: 0.00486
2026-08-20 09:27:47.982496: train_loss -0.6062
2026-08-20 09:27:47.982694: val_loss -0.5641
2026-08-20 09:27:47.982750: Pseudo dice [np.float32(0.8129)]
2026-08-20 09:27:47.982813: Epoch time: 30.54 s
2026-08-20 09:27:48.781306: 
2026-08-20 09:27:48.781523: Epoch 552
2026-08-20 09:27:48.781604: Current learning rate: 0.00485
2026-08-20 09:28:19.104242: train_loss -0.6129
2026-08-20 09:28:19.104452: val_loss -0.5842
2026-08-20 09:28:19.104508: Pseudo dice [np.float32(0.8404)]
2026-08-20 09:28:19.104576: Epoch time: 30.32 s
2026-08-20 09:28:19.906907: 
2026-08-20 09:28:19.907019: Epoch 553
2026-08-20 09:28:19.907092: Current learning rate: 0.00484
2026-08-20 09:28:50.289418: train_loss -0.5852
2026-08-20 09:28:50.289787: val_loss -0.5801
2026-08-20 09:28:50.289843: Pseudo dice [np.float32(0.8383)]
2026-08-20 09:28:50.289918: Epoch time: 30.38 s
2026-08-20 09:28:51.090399: 
2026-08-20 09:28:51.090496: Epoch 554
2026-08-20 09:28:51.090564: Current learning rate: 0.00484
2026-08-20 09:29:21.649137: train_loss -0.6073
2026-08-20 09:29:21.649312: val_loss -0.5618
2026-08-20 09:29:21.649370: Pseudo dice [np.float32(0.8206)]
2026-08-20 09:29:21.649433: Epoch time: 30.56 s
2026-08-20 09:29:21.649480: Yayy! New best EMA pseudo Dice: 0.8151000142097473
2026-08-20 09:29:22.751925: 
2026-08-20 09:29:22.752027: Epoch 555
2026-08-20 09:29:22.752102: Current learning rate: 0.00483
2026-08-20 09:29:53.240155: train_loss -0.5851
2026-08-20 09:29:53.240352: val_loss -0.5722
2026-08-20 09:29:53.240414: Pseudo dice [np.float32(0.8113)]
2026-08-20 09:29:53.240482: Epoch time: 30.49 s
2026-08-20 09:29:54.353823: 
2026-08-20 09:29:54.353995: Epoch 556
2026-08-20 09:29:54.354080: Current learning rate: 0.00482
2026-08-20 09:30:24.873034: train_loss -0.5779
2026-08-20 09:30:24.873352: val_loss -0.5468
2026-08-20 09:30:24.873417: Pseudo dice [np.float32(0.7898)]
2026-08-20 09:30:24.873486: Epoch time: 30.52 s
2026-08-20 09:30:25.671154: 
2026-08-20 09:30:25.671394: Epoch 557
2026-08-20 09:30:25.671466: Current learning rate: 0.00481
2026-08-20 09:30:56.219489: train_loss -0.6119
2026-08-20 09:30:56.219676: val_loss -0.598
2026-08-20 09:30:56.219732: Pseudo dice [np.float32(0.8044)]
2026-08-20 09:30:56.219799: Epoch time: 30.55 s
2026-08-20 09:30:57.018215: 
2026-08-20 09:30:57.018512: Epoch 558
2026-08-20 09:30:57.018594: Current learning rate: 0.0048
2026-08-20 09:31:27.476825: train_loss -0.5901
2026-08-20 09:31:27.477032: val_loss -0.5749
2026-08-20 09:31:27.477092: Pseudo dice [np.float32(0.8165)]
2026-08-20 09:31:27.477156: Epoch time: 30.46 s
2026-08-20 09:31:28.279444: 
2026-08-20 09:31:28.279552: Epoch 559
2026-08-20 09:31:28.279619: Current learning rate: 0.00479
2026-08-20 09:31:58.901737: train_loss -0.6195
2026-08-20 09:31:58.901974: val_loss -0.5632
2026-08-20 09:31:58.902049: Pseudo dice [np.float32(0.7851)]
2026-08-20 09:31:58.902120: Epoch time: 30.62 s
2026-08-20 09:32:00.025933: 
2026-08-20 09:32:00.026100: Epoch 560
2026-08-20 09:32:00.026185: Current learning rate: 0.00478
2026-08-20 09:32:30.527878: train_loss -0.6307
2026-08-20 09:32:30.528097: val_loss -0.6528
2026-08-20 09:32:30.528152: Pseudo dice [np.float32(0.8315)]
2026-08-20 09:32:30.528223: Epoch time: 30.5 s
2026-08-20 09:32:31.332614: 
2026-08-20 09:32:31.332735: Epoch 561
2026-08-20 09:32:31.332810: Current learning rate: 0.00477
2026-08-20 09:33:01.672052: train_loss -0.6344
2026-08-20 09:33:01.672275: val_loss -0.5606
2026-08-20 09:33:01.672335: Pseudo dice [np.float32(0.7823)]
2026-08-20 09:33:01.672406: Epoch time: 30.34 s
2026-08-20 09:33:02.477082: 
2026-08-20 09:33:02.477345: Epoch 562
2026-08-20 09:33:02.477427: Current learning rate: 0.00476
2026-08-20 09:33:32.876010: train_loss -0.6159
2026-08-20 09:33:32.876228: val_loss -0.5512
2026-08-20 09:33:32.876287: Pseudo dice [np.float32(0.7723)]
2026-08-20 09:33:32.876354: Epoch time: 30.4 s
2026-08-20 09:33:33.676533: 
2026-08-20 09:33:33.676772: Epoch 563
2026-08-20 09:33:33.676852: Current learning rate: 0.00475
2026-08-20 09:34:04.000852: train_loss -0.6114
2026-08-20 09:34:04.001062: val_loss -0.5582
2026-08-20 09:34:04.001124: Pseudo dice [np.float32(0.8027)]
2026-08-20 09:34:04.001195: Epoch time: 30.33 s
2026-08-20 09:34:04.803293: 
2026-08-20 09:34:04.803396: Epoch 564
2026-08-20 09:34:04.803467: Current learning rate: 0.00474
2026-08-20 09:34:35.257036: train_loss -0.6036
2026-08-20 09:34:35.257245: val_loss -0.5177
2026-08-20 09:34:35.257302: Pseudo dice [np.float32(0.7184)]
2026-08-20 09:34:35.257369: Epoch time: 30.45 s
2026-08-20 09:34:36.060497: 
2026-08-20 09:34:36.060603: Epoch 565
2026-08-20 09:34:36.060673: Current learning rate: 0.00473
2026-08-20 09:35:06.586303: train_loss -0.6113
2026-08-20 09:35:06.586496: val_loss -0.5808
2026-08-20 09:35:06.586553: Pseudo dice [np.float32(0.8241)]
2026-08-20 09:35:06.586621: Epoch time: 30.53 s
2026-08-20 09:35:07.386189: 
2026-08-20 09:35:07.386360: Epoch 566
2026-08-20 09:35:07.386434: Current learning rate: 0.00472
2026-08-20 09:35:37.928333: train_loss -0.6038
2026-08-20 09:35:37.928531: val_loss -0.5829
2026-08-20 09:35:37.928588: Pseudo dice [np.float32(0.8244)]
2026-08-20 09:35:37.928655: Epoch time: 30.54 s
2026-08-20 09:35:38.731283: 
2026-08-20 09:35:38.731397: Epoch 567
2026-08-20 09:35:38.731474: Current learning rate: 0.00471
2026-08-20 09:36:09.231176: train_loss -0.5927
2026-08-20 09:36:09.231383: val_loss -0.6062
2026-08-20 09:36:09.231441: Pseudo dice [np.float32(0.8062)]
2026-08-20 09:36:09.231511: Epoch time: 30.5 s
2026-08-20 09:36:10.034446: 
2026-08-20 09:36:10.034659: Epoch 568
2026-08-20 09:36:10.034745: Current learning rate: 0.0047
2026-08-20 09:36:40.843047: train_loss -0.6259
2026-08-20 09:36:40.843241: val_loss -0.5625
2026-08-20 09:36:40.843310: Pseudo dice [np.float32(0.764)]
2026-08-20 09:36:40.843376: Epoch time: 30.81 s
2026-08-20 09:36:41.638229: 
2026-08-20 09:36:41.638427: Epoch 569
2026-08-20 09:36:41.638503: Current learning rate: 0.00469
2026-08-20 09:37:12.115017: train_loss -0.594
2026-08-20 09:37:12.115330: val_loss -0.5481
2026-08-20 09:37:12.115394: Pseudo dice [np.float32(0.7859)]
2026-08-20 09:37:12.115478: Epoch time: 30.48 s
2026-08-20 09:37:13.283385: 
2026-08-20 09:37:13.283513: Epoch 570
2026-08-20 09:37:13.283588: Current learning rate: 0.00468
2026-08-20 09:37:43.778623: train_loss -0.601
2026-08-20 09:37:43.778851: val_loss -0.5815
2026-08-20 09:37:43.778935: Pseudo dice [np.float32(0.8002)]
2026-08-20 09:37:43.779056: Epoch time: 30.5 s
2026-08-20 09:37:44.597146: 
2026-08-20 09:37:44.597274: Epoch 571
2026-08-20 09:37:44.597346: Current learning rate: 0.00467
2026-08-20 09:38:15.142379: train_loss -0.6009
2026-08-20 09:38:15.142596: val_loss -0.561
2026-08-20 09:38:15.142653: Pseudo dice [np.float32(0.7755)]
2026-08-20 09:38:15.142733: Epoch time: 30.55 s
2026-08-20 09:38:15.947795: 
2026-08-20 09:38:15.947943: Epoch 572
2026-08-20 09:38:15.948020: Current learning rate: 0.00466
2026-08-20 09:38:46.461279: train_loss -0.6379
2026-08-20 09:38:46.461500: val_loss -0.5947
2026-08-20 09:38:46.461561: Pseudo dice [np.float32(0.8021)]
2026-08-20 09:38:46.461635: Epoch time: 30.51 s
2026-08-20 09:38:47.271937: 
2026-08-20 09:38:47.272061: Epoch 573
2026-08-20 09:38:47.272129: Current learning rate: 0.00465
2026-08-20 09:39:17.604354: train_loss -0.6273
2026-08-20 09:39:17.604724: val_loss -0.572
2026-08-20 09:39:17.604784: Pseudo dice [np.float32(0.7703)]
2026-08-20 09:39:17.604851: Epoch time: 30.33 s
2026-08-20 09:39:18.417635: 
2026-08-20 09:39:18.417921: Epoch 574
2026-08-20 09:39:18.418004: Current learning rate: 0.00464
2026-08-20 09:39:48.828323: train_loss -0.598
2026-08-20 09:39:48.828512: val_loss -0.5841
2026-08-20 09:39:48.828573: Pseudo dice [np.float32(0.8141)]
2026-08-20 09:39:48.828643: Epoch time: 30.41 s
2026-08-20 09:39:49.638866: 
2026-08-20 09:39:49.638993: Epoch 575
2026-08-20 09:39:49.639066: Current learning rate: 0.00463
2026-08-20 09:40:20.196173: train_loss -0.6131
2026-08-20 09:40:20.196373: val_loss -0.5732
2026-08-20 09:40:20.196438: Pseudo dice [np.float32(0.7995)]
2026-08-20 09:40:20.196513: Epoch time: 30.56 s
2026-08-20 09:40:21.002905: 
2026-08-20 09:40:21.003006: Epoch 576
2026-08-20 09:40:21.003077: Current learning rate: 0.00462
2026-08-20 09:40:51.481492: train_loss -0.606
2026-08-20 09:40:51.481678: val_loss -0.5869
2026-08-20 09:40:51.481738: Pseudo dice [np.float32(0.8348)]
2026-08-20 09:40:51.481803: Epoch time: 30.48 s
2026-08-20 09:40:52.290931: 
2026-08-20 09:40:52.291125: Epoch 577
2026-08-20 09:40:52.291198: Current learning rate: 0.00461
2026-08-20 09:41:22.923456: train_loss -0.5878
2026-08-20 09:41:22.923638: val_loss -0.6054
2026-08-20 09:41:22.923699: Pseudo dice [np.float32(0.8096)]
2026-08-20 09:41:22.923762: Epoch time: 30.63 s
2026-08-20 09:41:23.763939: 
2026-08-20 09:41:23.764070: Epoch 578
2026-08-20 09:41:23.764145: Current learning rate: 0.0046
2026-08-20 09:41:54.238956: train_loss -0.5946
2026-08-20 09:41:54.239221: val_loss -0.5643
2026-08-20 09:41:54.239275: Pseudo dice [np.float32(0.8116)]
2026-08-20 09:41:54.239333: Epoch time: 30.48 s
2026-08-20 09:41:55.050340: 
2026-08-20 09:41:55.050456: Epoch 579
2026-08-20 09:41:55.050529: Current learning rate: 0.00459
2026-08-20 09:42:25.491073: train_loss -0.6169
2026-08-20 09:42:25.491249: val_loss -0.6147
2026-08-20 09:42:25.491310: Pseudo dice [np.float32(0.8324)]
2026-08-20 09:42:25.491388: Epoch time: 30.44 s
2026-08-20 09:42:26.897695: 
2026-08-20 09:42:26.897909: Epoch 580
2026-08-20 09:42:26.897987: Current learning rate: 0.00458
2026-08-20 09:42:57.325601: train_loss -0.6366
2026-08-20 09:42:57.325778: val_loss -0.569
2026-08-20 09:42:57.325834: Pseudo dice [np.float32(0.7994)]
2026-08-20 09:42:57.325905: Epoch time: 30.43 s
2026-08-20 09:42:58.131450: 
2026-08-20 09:42:58.131566: Epoch 581
2026-08-20 09:42:58.131637: Current learning rate: 0.00457
2026-08-20 09:43:28.670241: train_loss -0.6142
2026-08-20 09:43:28.670442: val_loss -0.566
2026-08-20 09:43:28.670501: Pseudo dice [np.float32(0.7992)]
2026-08-20 09:43:28.670570: Epoch time: 30.54 s
2026-08-20 09:43:29.513016: 
2026-08-20 09:43:29.513142: Epoch 582
2026-08-20 09:43:29.513216: Current learning rate: 0.00456
2026-08-20 09:43:59.947055: train_loss -0.5985
2026-08-20 09:43:59.947326: val_loss -0.6206
2026-08-20 09:43:59.947391: Pseudo dice [np.float32(0.8156)]
2026-08-20 09:43:59.947479: Epoch time: 30.43 s
2026-08-20 09:44:00.757252: 
2026-08-20 09:44:00.757524: Epoch 583
2026-08-20 09:44:00.757685: Current learning rate: 0.00455
2026-08-20 09:44:31.084875: train_loss -0.6222
2026-08-20 09:44:31.085104: val_loss -0.5944
2026-08-20 09:44:31.085164: Pseudo dice [np.float32(0.8292)]
2026-08-20 09:44:31.085241: Epoch time: 30.33 s
2026-08-20 09:44:31.898513: 
2026-08-20 09:44:31.898669: Epoch 584
2026-08-20 09:44:31.898739: Current learning rate: 0.00454
2026-08-20 09:45:02.406403: train_loss -0.6381
2026-08-20 09:45:02.406628: val_loss -0.5699
2026-08-20 09:45:02.406694: Pseudo dice [np.float32(0.8097)]
2026-08-20 09:45:02.406780: Epoch time: 30.51 s
2026-08-20 09:45:03.220667: 
2026-08-20 09:45:03.220811: Epoch 585
2026-08-20 09:45:03.220904: Current learning rate: 0.00453
2026-08-20 09:45:33.695921: train_loss -0.5991
2026-08-20 09:45:33.696191: val_loss -0.5455
2026-08-20 09:45:33.696255: Pseudo dice [np.float32(0.7981)]
2026-08-20 09:45:33.696327: Epoch time: 30.48 s
2026-08-20 09:45:34.509632: 
2026-08-20 09:45:34.509797: Epoch 586
2026-08-20 09:45:34.509887: Current learning rate: 0.00452
2026-08-20 09:46:04.989876: train_loss -0.5966
2026-08-20 09:46:04.990128: val_loss -0.6186
2026-08-20 09:46:04.990197: Pseudo dice [np.float32(0.8136)]
2026-08-20 09:46:04.990272: Epoch time: 30.48 s
2026-08-20 09:46:05.798583: 
2026-08-20 09:46:05.798710: Epoch 587
2026-08-20 09:46:05.798792: Current learning rate: 0.00451
2026-08-20 09:46:36.360421: train_loss -0.6212
2026-08-20 09:46:36.360752: val_loss -0.566
2026-08-20 09:46:36.360827: Pseudo dice [np.float32(0.7871)]
2026-08-20 09:46:36.360912: Epoch time: 30.56 s
2026-08-20 09:46:37.170023: 
2026-08-20 09:46:37.170139: Epoch 588
2026-08-20 09:46:37.170214: Current learning rate: 0.0045
2026-08-20 09:47:07.697785: train_loss -0.6278
2026-08-20 09:47:07.698046: val_loss -0.577
2026-08-20 09:47:07.698138: Pseudo dice [np.float32(0.8093)]
2026-08-20 09:47:07.698211: Epoch time: 30.53 s
2026-08-20 09:47:08.509070: 
2026-08-20 09:47:08.509187: Epoch 589
2026-08-20 09:47:08.509263: Current learning rate: 0.00449
2026-08-20 09:47:38.895199: train_loss -0.6012
2026-08-20 09:47:38.895574: val_loss -0.5653
2026-08-20 09:47:38.895640: Pseudo dice [np.float32(0.7887)]
2026-08-20 09:47:38.895714: Epoch time: 30.39 s
2026-08-20 09:47:40.037687: 
2026-08-20 09:47:40.037802: Epoch 590
2026-08-20 09:47:40.037883: Current learning rate: 0.00448
2026-08-20 09:48:10.511858: train_loss -0.6042
2026-08-20 09:48:10.512079: val_loss -0.6197
2026-08-20 09:48:10.512143: Pseudo dice [np.float32(0.8506)]
2026-08-20 09:48:10.512246: Epoch time: 30.48 s
2026-08-20 09:48:11.319596: 
2026-08-20 09:48:11.319772: Epoch 591
2026-08-20 09:48:11.319857: Current learning rate: 0.00447
2026-08-20 09:48:41.808439: train_loss -0.6343
2026-08-20 09:48:41.808629: val_loss -0.5529
2026-08-20 09:48:41.808722: Pseudo dice [np.float32(0.8013)]
2026-08-20 09:48:41.808795: Epoch time: 30.49 s
2026-08-20 09:48:42.904635: 
2026-08-20 09:48:42.904769: Epoch 592
2026-08-20 09:48:42.904844: Current learning rate: 0.00446
2026-08-20 09:49:13.324657: train_loss -0.6206
2026-08-20 09:49:13.324884: val_loss -0.6082
2026-08-20 09:49:13.324951: Pseudo dice [np.float32(0.8426)]
2026-08-20 09:49:13.325020: Epoch time: 30.42 s
2026-08-20 09:49:14.126716: 
2026-08-20 09:49:14.126844: Epoch 593
2026-08-20 09:49:14.126926: Current learning rate: 0.00445
2026-08-20 09:49:44.674394: train_loss -0.607
2026-08-20 09:49:44.674581: val_loss -0.6108
2026-08-20 09:49:44.674644: Pseudo dice [np.float32(0.8169)]
2026-08-20 09:49:44.674714: Epoch time: 30.55 s
2026-08-20 09:49:45.479813: 
2026-08-20 09:49:45.480042: Epoch 594
2026-08-20 09:49:45.480118: Current learning rate: 0.00444
2026-08-20 09:50:15.912641: train_loss -0.6198
2026-08-20 09:50:15.912831: val_loss -0.5536
2026-08-20 09:50:15.912915: Pseudo dice [np.float32(0.7888)]
2026-08-20 09:50:15.913002: Epoch time: 30.43 s
2026-08-20 09:50:16.728780: 
2026-08-20 09:50:16.729053: Epoch 595
2026-08-20 09:50:16.729135: Current learning rate: 0.00443
2026-08-20 09:50:47.239609: train_loss -0.6433
2026-08-20 09:50:47.239899: val_loss -0.5991
2026-08-20 09:50:47.239966: Pseudo dice [np.float32(0.8111)]
2026-08-20 09:50:47.240035: Epoch time: 30.51 s
2026-08-20 09:50:48.054898: 
2026-08-20 09:50:48.055118: Epoch 596
2026-08-20 09:50:48.055229: Current learning rate: 0.00442
2026-08-20 09:51:18.378591: train_loss -0.6289
2026-08-20 09:51:18.378788: val_loss -0.5383
2026-08-20 09:51:18.378861: Pseudo dice [np.float32(0.786)]
2026-08-20 09:51:18.378934: Epoch time: 30.32 s
2026-08-20 09:51:19.206049: 
2026-08-20 09:51:19.206187: Epoch 597
2026-08-20 09:51:19.206280: Current learning rate: 0.00441
2026-08-20 09:51:49.701417: train_loss -0.6433
2026-08-20 09:51:49.701607: val_loss -0.6156
2026-08-20 09:51:49.701672: Pseudo dice [np.float32(0.8205)]
2026-08-20 09:51:49.701742: Epoch time: 30.5 s
2026-08-20 09:51:50.508616: 
2026-08-20 09:51:50.508806: Epoch 598
2026-08-20 09:51:50.508885: Current learning rate: 0.0044
2026-08-20 09:52:20.950151: train_loss -0.6109
2026-08-20 09:52:20.950350: val_loss -0.5479
2026-08-20 09:52:20.950416: Pseudo dice [np.float32(0.7905)]
2026-08-20 09:52:20.950532: Epoch time: 30.44 s
2026-08-20 09:52:21.780379: 
2026-08-20 09:52:21.780506: Epoch 599
2026-08-20 09:52:21.780587: Current learning rate: 0.00439
2026-08-20 09:52:52.216797: train_loss -0.6186
2026-08-20 09:52:52.216986: val_loss -0.6161
2026-08-20 09:52:52.217046: Pseudo dice [np.float32(0.8132)]
2026-08-20 09:52:52.217112: Epoch time: 30.44 s
2026-08-20 09:52:53.550295: 
2026-08-20 09:52:53.550437: Epoch 600
2026-08-20 09:52:53.550523: Current learning rate: 0.00438
2026-08-20 09:53:24.089705: train_loss -0.6288
2026-08-20 09:53:24.089894: val_loss -0.5613
2026-08-20 09:53:24.089955: Pseudo dice [np.float32(0.8185)]
2026-08-20 09:53:24.090021: Epoch time: 30.54 s
2026-08-20 09:53:24.895781: 
2026-08-20 09:53:24.895986: Epoch 601
2026-08-20 09:53:24.896063: Current learning rate: 0.00437
2026-08-20 09:53:55.426556: train_loss -0.6118
2026-08-20 09:53:55.426832: val_loss -0.5822
2026-08-20 09:53:55.426904: Pseudo dice [np.float32(0.8181)]
2026-08-20 09:53:55.426977: Epoch time: 30.53 s
2026-08-20 09:53:56.238927: 
2026-08-20 09:53:56.239032: Epoch 602
2026-08-20 09:53:56.239107: Current learning rate: 0.00436
2026-08-20 09:54:26.710491: train_loss -0.6068
2026-08-20 09:54:26.710691: val_loss -0.5761
2026-08-20 09:54:26.710756: Pseudo dice [np.float32(0.8373)]
2026-08-20 09:54:26.710833: Epoch time: 30.47 s
2026-08-20 09:54:27.520061: 
2026-08-20 09:54:27.520243: Epoch 603
2026-08-20 09:54:27.520329: Current learning rate: 0.00435
2026-08-20 09:54:58.087300: train_loss -0.6368
2026-08-20 09:54:58.087519: val_loss -0.6094
2026-08-20 09:54:58.087589: Pseudo dice [np.float32(0.843)]
2026-08-20 09:54:58.087667: Epoch time: 30.57 s
2026-08-20 09:54:58.087719: Yayy! New best EMA pseudo Dice: 0.8154000043869019
2026-08-20 09:54:59.530186: 
2026-08-20 09:54:59.530335: Epoch 604
2026-08-20 09:54:59.530417: Current learning rate: 0.00434
2026-08-20 09:55:30.045126: train_loss -0.6279
2026-08-20 09:55:30.045317: val_loss -0.618
2026-08-20 09:55:30.045418: Pseudo dice [np.float32(0.8404)]
2026-08-20 09:55:30.045510: Epoch time: 30.52 s
2026-08-20 09:55:30.045578: Yayy! New best EMA pseudo Dice: 0.8179000020027161
2026-08-20 09:55:31.256915: 
2026-08-20 09:55:31.257035: Epoch 605
2026-08-20 09:55:31.257111: Current learning rate: 0.00433
2026-08-20 09:56:01.743673: train_loss -0.5881
2026-08-20 09:56:01.743864: val_loss -0.5622
2026-08-20 09:56:01.743981: Pseudo dice [np.float32(0.8023)]
2026-08-20 09:56:01.744049: Epoch time: 30.49 s
2026-08-20 09:56:02.543391: 
2026-08-20 09:56:02.543567: Epoch 606
2026-08-20 09:56:02.543644: Current learning rate: 0.00432
2026-08-20 09:56:33.008273: train_loss -0.6173
2026-08-20 09:56:33.008494: val_loss -0.6006
2026-08-20 09:56:33.008560: Pseudo dice [np.float32(0.837)]
2026-08-20 09:56:33.008634: Epoch time: 30.47 s
2026-08-20 09:56:33.008686: Yayy! New best EMA pseudo Dice: 0.8184000253677368
2026-08-20 09:56:34.128295: 
2026-08-20 09:56:34.128580: Epoch 607
2026-08-20 09:56:34.128659: Current learning rate: 0.00431
2026-08-20 09:57:04.598394: train_loss -0.623
2026-08-20 09:57:04.598587: val_loss -0.5763
2026-08-20 09:57:04.598649: Pseudo dice [np.float32(0.8186)]
2026-08-20 09:57:04.598725: Epoch time: 30.47 s
2026-08-20 09:57:04.598811: Yayy! New best EMA pseudo Dice: 0.8184000253677368
2026-08-20 09:57:05.775251: 
2026-08-20 09:57:05.775473: Epoch 608
2026-08-20 09:57:05.775560: Current learning rate: 0.0043
2026-08-20 09:57:36.161559: train_loss -0.6125
2026-08-20 09:57:36.161760: val_loss -0.6086
2026-08-20 09:57:36.161828: Pseudo dice [np.float32(0.842)]
2026-08-20 09:57:36.161910: Epoch time: 30.39 s
2026-08-20 09:57:36.161963: Yayy! New best EMA pseudo Dice: 0.8208000063896179
2026-08-20 09:57:37.491774: 
2026-08-20 09:57:37.491914: Epoch 609
2026-08-20 09:57:37.491992: Current learning rate: 0.00429
2026-08-20 09:58:07.897341: train_loss -0.6208
2026-08-20 09:58:07.897529: val_loss -0.5456
2026-08-20 09:58:07.897593: Pseudo dice [np.float32(0.792)]
2026-08-20 09:58:07.897666: Epoch time: 30.41 s
2026-08-20 09:58:09.032334: 
2026-08-20 09:58:09.032464: Epoch 610
2026-08-20 09:58:09.032550: Current learning rate: 0.00429
2026-08-20 09:58:39.540536: train_loss -0.6238
2026-08-20 09:58:39.540729: val_loss -0.6164
2026-08-20 09:58:39.540791: Pseudo dice [np.float32(0.8281)]
2026-08-20 09:58:39.540866: Epoch time: 30.51 s
2026-08-20 09:58:40.355738: 
2026-08-20 09:58:40.355858: Epoch 611
2026-08-20 09:58:40.355933: Current learning rate: 0.00428
2026-08-20 09:59:10.906369: train_loss -0.6282
2026-08-20 09:59:10.906587: val_loss -0.5941
2026-08-20 09:59:10.906650: Pseudo dice [np.float32(0.8119)]
2026-08-20 09:59:10.906719: Epoch time: 30.55 s
2026-08-20 09:59:11.721560: 
2026-08-20 09:59:11.721713: Epoch 612
2026-08-20 09:59:11.721791: Current learning rate: 0.00427
2026-08-20 09:59:42.131305: train_loss -0.6266
2026-08-20 09:59:42.131484: val_loss -0.5888
2026-08-20 09:59:42.131545: Pseudo dice [np.float32(0.8275)]
2026-08-20 09:59:42.131612: Epoch time: 30.41 s
2026-08-20 09:59:42.938734: 
2026-08-20 09:59:42.938842: Epoch 613
2026-08-20 09:59:42.938918: Current learning rate: 0.00426
2026-08-20 10:00:13.299668: train_loss -0.6336
2026-08-20 10:00:13.299921: val_loss -0.5977
2026-08-20 10:00:13.299985: Pseudo dice [np.float32(0.8422)]
2026-08-20 10:00:13.300052: Epoch time: 30.36 s
2026-08-20 10:00:13.300099: Yayy! New best EMA pseudo Dice: 0.8215000033378601
2026-08-20 10:00:14.600866: 
2026-08-20 10:00:14.601058: Epoch 614
2026-08-20 10:00:14.601135: Current learning rate: 0.00425
2026-08-20 10:00:45.069210: train_loss -0.5941
2026-08-20 10:00:45.069394: val_loss -0.5866
2026-08-20 10:00:45.069459: Pseudo dice [np.float32(0.8146)]
2026-08-20 10:00:45.069526: Epoch time: 30.47 s
2026-08-20 10:00:46.154704: 
2026-08-20 10:00:46.154893: Epoch 615
2026-08-20 10:00:46.154971: Current learning rate: 0.00424
2026-08-20 10:01:16.583920: train_loss -0.627
2026-08-20 10:01:16.584112: val_loss -0.5845
2026-08-20 10:01:16.584176: Pseudo dice [np.float32(0.7936)]
2026-08-20 10:01:16.584243: Epoch time: 30.43 s
2026-08-20 10:01:17.392330: 
2026-08-20 10:01:17.392469: Epoch 616
2026-08-20 10:01:17.392550: Current learning rate: 0.00423
2026-08-20 10:01:47.750797: train_loss -0.5967
2026-08-20 10:01:47.751006: val_loss -0.6205
2026-08-20 10:01:47.751066: Pseudo dice [np.float32(0.8064)]
2026-08-20 10:01:47.751136: Epoch time: 30.36 s
2026-08-20 10:01:48.543769: 
2026-08-20 10:01:48.543943: Epoch 617
2026-08-20 10:01:48.544027: Current learning rate: 0.00422
2026-08-20 10:02:18.972706: train_loss -0.6101
2026-08-20 10:02:18.972936: val_loss -0.58
2026-08-20 10:02:18.972998: Pseudo dice [np.float32(0.8205)]
2026-08-20 10:02:18.973071: Epoch time: 30.43 s
2026-08-20 10:02:19.797265: 
2026-08-20 10:02:19.797393: Epoch 618
2026-08-20 10:02:19.797476: Current learning rate: 0.00421
2026-08-20 10:02:50.231085: train_loss -0.6276
2026-08-20 10:02:50.231322: val_loss -0.6103
2026-08-20 10:02:50.231390: Pseudo dice [np.float32(0.8082)]
2026-08-20 10:02:50.231471: Epoch time: 30.43 s
2026-08-20 10:02:51.064367: 
2026-08-20 10:02:51.064585: Epoch 619
2026-08-20 10:02:51.064663: Current learning rate: 0.0042
2026-08-20 10:03:21.612368: train_loss -0.6361
2026-08-20 10:03:21.612591: val_loss -0.6027
2026-08-20 10:03:21.612658: Pseudo dice [np.float32(0.843)]
2026-08-20 10:03:21.612732: Epoch time: 30.55 s
2026-08-20 10:03:22.748713: 
2026-08-20 10:03:22.748903: Epoch 620
2026-08-20 10:03:22.748984: Current learning rate: 0.00419
2026-08-20 10:03:53.250868: train_loss -0.6505
2026-08-20 10:03:53.251056: val_loss -0.5974
2026-08-20 10:03:53.251118: Pseudo dice [np.float32(0.8007)]
2026-08-20 10:03:53.251188: Epoch time: 30.5 s
2026-08-20 10:03:54.066526: 
2026-08-20 10:03:54.066700: Epoch 621
2026-08-20 10:03:54.066777: Current learning rate: 0.00418
2026-08-20 10:04:24.588066: train_loss -0.6114
2026-08-20 10:04:24.588282: val_loss -0.585
2026-08-20 10:04:24.588347: Pseudo dice [np.float32(0.8017)]
2026-08-20 10:04:24.588420: Epoch time: 30.52 s
2026-08-20 10:04:25.413213: 
2026-08-20 10:04:25.413347: Epoch 622
2026-08-20 10:04:25.413426: Current learning rate: 0.00417
2026-08-20 10:04:55.872960: train_loss -0.6249
2026-08-20 10:04:55.873179: val_loss -0.5883
2026-08-20 10:04:55.873240: Pseudo dice [np.float32(0.8251)]
2026-08-20 10:04:55.873311: Epoch time: 30.46 s
2026-08-20 10:04:56.688720: 
2026-08-20 10:04:56.688923: Epoch 623
2026-08-20 10:04:56.688996: Current learning rate: 0.00416
2026-08-20 10:05:27.229682: train_loss -0.6124
2026-08-20 10:05:27.229992: val_loss -0.5704
2026-08-20 10:05:27.230057: Pseudo dice [np.float32(0.805)]
2026-08-20 10:05:27.230130: Epoch time: 30.54 s
2026-08-20 10:05:28.044678: 
2026-08-20 10:05:28.044883: Epoch 624
2026-08-20 10:05:28.044964: Current learning rate: 0.00415
2026-08-20 10:05:58.428245: train_loss -0.5865
2026-08-20 10:05:58.428506: val_loss -0.5723
2026-08-20 10:05:58.428573: Pseudo dice [np.float32(0.8024)]
2026-08-20 10:05:58.428647: Epoch time: 30.38 s
2026-08-20 10:05:59.242097: 
2026-08-20 10:05:59.242225: Epoch 625
2026-08-20 10:05:59.242301: Current learning rate: 0.00414
2026-08-20 10:06:29.690129: train_loss -0.6185
2026-08-20 10:06:29.690359: val_loss -0.5777
2026-08-20 10:06:29.690419: Pseudo dice [np.float32(0.8072)]
2026-08-20 10:06:29.690494: Epoch time: 30.45 s
2026-08-20 10:06:30.504999: 
2026-08-20 10:06:30.505106: Epoch 626
2026-08-20 10:06:30.505179: Current learning rate: 0.00413
2026-08-20 10:07:01.041693: train_loss -0.6227
2026-08-20 10:07:01.041938: val_loss -0.5603
2026-08-20 10:07:01.042009: Pseudo dice [np.float32(0.7976)]
2026-08-20 10:07:01.042085: Epoch time: 30.54 s
2026-08-20 10:07:02.174826: 
2026-08-20 10:07:02.175132: Epoch 627
2026-08-20 10:07:02.175244: Current learning rate: 0.00412
2026-08-20 10:07:32.619405: train_loss -0.6311
2026-08-20 10:07:32.619643: val_loss -0.6157
2026-08-20 10:07:32.619709: Pseudo dice [np.float32(0.8196)]
2026-08-20 10:07:32.619785: Epoch time: 30.45 s
2026-08-20 10:07:33.428662: 
2026-08-20 10:07:33.428872: Epoch 628
2026-08-20 10:07:33.428973: Current learning rate: 0.00411
2026-08-20 10:08:03.963130: train_loss -0.6265
2026-08-20 10:08:03.963335: val_loss -0.5955
2026-08-20 10:08:03.963398: Pseudo dice [np.float32(0.8013)]
2026-08-20 10:08:03.963470: Epoch time: 30.54 s
2026-08-20 10:08:04.772238: 
2026-08-20 10:08:04.772445: Epoch 629
2026-08-20 10:08:04.772521: Current learning rate: 0.0041
2026-08-20 10:08:35.281045: train_loss -0.6366
2026-08-20 10:08:35.281282: val_loss -0.5926
2026-08-20 10:08:35.281350: Pseudo dice [np.float32(0.8049)]
2026-08-20 10:08:35.281423: Epoch time: 30.51 s
2026-08-20 10:08:36.435665: 
2026-08-20 10:08:36.435838: Epoch 630
2026-08-20 10:08:36.435926: Current learning rate: 0.00409
2026-08-20 10:09:06.871744: train_loss -0.6316
2026-08-20 10:09:06.872072: val_loss -0.5751
2026-08-20 10:09:06.872138: Pseudo dice [np.float32(0.8332)]
2026-08-20 10:09:06.872215: Epoch time: 30.44 s
2026-08-20 10:09:07.698464: 
2026-08-20 10:09:07.698607: Epoch 631
2026-08-20 10:09:07.698681: Current learning rate: 0.00408
2026-08-20 10:09:38.132235: train_loss -0.6256
2026-08-20 10:09:38.132461: val_loss -0.6016
2026-08-20 10:09:38.132594: Pseudo dice [np.float32(0.8144)]
2026-08-20 10:09:38.132669: Epoch time: 30.43 s
2026-08-20 10:09:38.951255: 
2026-08-20 10:09:38.951384: Epoch 632
2026-08-20 10:09:38.951494: Current learning rate: 0.00407
2026-08-20 10:10:09.346048: train_loss -0.6213
2026-08-20 10:10:09.346301: val_loss -0.5789
2026-08-20 10:10:09.346367: Pseudo dice [np.float32(0.7785)]
2026-08-20 10:10:09.346447: Epoch time: 30.4 s
2026-08-20 10:10:10.164703: 
2026-08-20 10:10:10.164833: Epoch 633
2026-08-20 10:10:10.164918: Current learning rate: 0.00406
2026-08-20 10:10:40.668697: train_loss -0.6282
2026-08-20 10:10:40.668878: val_loss -0.6477
2026-08-20 10:10:40.668940: Pseudo dice [np.float32(0.8404)]
2026-08-20 10:10:40.669007: Epoch time: 30.5 s
2026-08-20 10:10:41.481166: 
2026-08-20 10:10:41.481277: Epoch 634
2026-08-20 10:10:41.481347: Current learning rate: 0.00405
2026-08-20 10:11:11.829125: train_loss -0.6278
2026-08-20 10:11:11.829335: val_loss -0.6375
2026-08-20 10:11:11.829392: Pseudo dice [np.float32(0.8284)]
2026-08-20 10:11:11.829459: Epoch time: 30.35 s
2026-08-20 10:11:12.647170: 
2026-08-20 10:11:12.647290: Epoch 635
2026-08-20 10:11:12.647366: Current learning rate: 0.00404
2026-08-20 10:11:43.149988: train_loss -0.6333
2026-08-20 10:11:43.150216: val_loss -0.5575
2026-08-20 10:11:43.150280: Pseudo dice [np.float32(0.7976)]
2026-08-20 10:11:43.150352: Epoch time: 30.5 s
2026-08-20 10:11:43.964964: 
2026-08-20 10:11:43.965083: Epoch 636
2026-08-20 10:11:43.965157: Current learning rate: 0.00403
2026-08-20 10:12:14.458106: train_loss -0.5995
2026-08-20 10:12:14.458309: val_loss -0.5615
2026-08-20 10:12:14.458368: Pseudo dice [np.float32(0.8039)]
2026-08-20 10:12:14.458437: Epoch time: 30.49 s
2026-08-20 10:12:15.272490: 
2026-08-20 10:12:15.272600: Epoch 637
2026-08-20 10:12:15.272673: Current learning rate: 0.00402
2026-08-20 10:12:45.800757: train_loss -0.5891
2026-08-20 10:12:45.801021: val_loss -0.6114
2026-08-20 10:12:45.801095: Pseudo dice [np.float32(0.8368)]
2026-08-20 10:12:45.801169: Epoch time: 30.53 s
2026-08-20 10:12:46.619973: 
2026-08-20 10:12:46.620151: Epoch 638
2026-08-20 10:12:46.620231: Current learning rate: 0.00401
2026-08-20 10:13:17.010559: train_loss -0.6279
2026-08-20 10:13:17.010802: val_loss -0.5699
2026-08-20 10:13:17.010875: Pseudo dice [np.float32(0.7783)]
2026-08-20 10:13:17.010954: Epoch time: 30.39 s
2026-08-20 10:13:18.171880: 
2026-08-20 10:13:18.172043: Epoch 639
2026-08-20 10:13:18.172124: Current learning rate: 0.004
2026-08-20 10:13:48.731423: train_loss -0.6062
2026-08-20 10:13:48.731670: val_loss -0.6173
2026-08-20 10:13:48.731792: Pseudo dice [np.float32(0.8558)]
2026-08-20 10:13:48.731886: Epoch time: 30.56 s
2026-08-20 10:13:50.241441: 
2026-08-20 10:13:50.241664: Epoch 640
2026-08-20 10:13:50.241760: Current learning rate: 0.00399
2026-08-20 10:14:20.623094: train_loss -0.6276
2026-08-20 10:14:20.623328: val_loss -0.5813
2026-08-20 10:14:20.623390: Pseudo dice [np.float32(0.7998)]
2026-08-20 10:14:20.623465: Epoch time: 30.38 s
2026-08-20 10:14:21.477750: 
2026-08-20 10:14:21.477964: Epoch 641
2026-08-20 10:14:21.478044: Current learning rate: 0.00398
2026-08-20 10:14:51.840925: train_loss -0.6296
2026-08-20 10:14:51.841131: val_loss -0.6361
2026-08-20 10:14:51.841196: Pseudo dice [np.float32(0.8303)]
2026-08-20 10:14:51.841269: Epoch time: 30.36 s
2026-08-20 10:14:52.660229: 
2026-08-20 10:14:52.660437: Epoch 642
2026-08-20 10:14:52.660512: Current learning rate: 0.00397
2026-08-20 10:15:23.161134: train_loss -0.6344
2026-08-20 10:15:23.161340: val_loss -0.5924
2026-08-20 10:15:23.161401: Pseudo dice [np.float32(0.8108)]
2026-08-20 10:15:23.161471: Terminated
[2026-08-20 10:23:47] [FAIL] train baseline-1000 exited 143
