
############################
INFO: You are using the old nnU-Net default plans. We have updated our recommendations. Please consider using those instead! Read more here: https://github.com/MIC-DKFZ/nnUNet/blob/master/documentation/resenc_presets.md
############################

Trainer 'nnUNetTrainerLesionAwareSamplingPowCurriculum_500epochs_full' not found in nnunetv2.training.nnUNetTrainer.
Searching in external trainer paths from environment variable 'nnUNet_extTrainer'...
Searching in: /home/galia/ISLES2026/isles26_project_simplified
Searching for class nnUNetTrainerLesionAwareSamplingPowCurriculum_500epochs_full in folder /home/galia/ISLES2026/isles26_project_simplified with current module None
  Inspecting module: isles26
  Inspecting module: custom_trainers.install_custom_trainers
  Inspecting module: custom_trainers.losses
  Inspecting module: custom_trainers.nnUNetTrainer500epochs
Found class nnUNetTrainerLesionAwareSamplingPowCurriculum_500epochs_full in custom_trainers.nnUNetTrainer500epochs
Using trainer 'nnUNetTrainerLesionAwareSamplingPowCurriculum_500epochs_full' from: /home/galia/ISLES2026/isles26_project_simplified
Using device: cuda:0

#######################################################################
Please cite the following paper when using nnU-Net:
Isensee, F., Jaeger, P. F., Kohl, S. A., Petersen, J., & Maier-Hein, K. H. (2021). nnU-Net: a self-configuring method for deep learning-based biomedical image segmentation. Nature methods, 18(2), 203-211.
#######################################################################

2026-08-19 17:30:39.522469: Using torch.compile...
2026-08-19 17:30:40.591827: [LesionAwareSamplingPowCurriculum] epoch 0: p=0.0000
2026-08-19 17:30:40.592476: do_dummy_2d_data_aug: False
2026-08-19 17:30:40.594228: Using splits from existing split file: /home/galia/ISLES2026/nnUNet_preprocessed/Dataset002_ATLAS/splits_final.json
2026-08-19 17:30:40.594403: The split file contains 1 splits.
2026-08-19 17:30:40.594439: Desired fold for training: 0
2026-08-19 17:30:40.594467: This split has 842 training and 120 validation cases.
using pin_memory on device 0
using pin_memory on device 0
2026-08-19 17:30:41.439234: [LesionAwareSampling] active for 842 training cases; validation remains uniform.

This is the configuration used by this training:
Configuration name: 3d_fullres
 {'data_identifier': 'nnUNetPlans_3d_fullres', 'preprocessor_name': 'DefaultPreprocessor', 'batch_size': 2, 'patch_size': [128, 128, 128], 'median_image_size_in_voxels': [148.0, 167.0, 138.0], 'spacing': [1.0, 1.0, 1.0], 'normalization_schemes': ['ZScoreNormalization'], 'use_mask_for_norm': [True], 'resampling_fn_data': 'resample_data_or_seg_to_shape', 'resampling_fn_seg': 'resample_data_or_seg_to_shape', 'resampling_fn_data_kwargs': {'is_seg': False, 'order': 3, 'order_z': 0, 'force_separate_z': None}, 'resampling_fn_seg_kwargs': {'is_seg': True, 'order': 1, 'order_z': 0, 'force_separate_z': None}, 'resampling_fn_probabilities': 'resample_data_or_seg_to_shape', 'resampling_fn_probabilities_kwargs': {'is_seg': False, 'order': 1, 'order_z': 0, 'force_separate_z': None}, 'architecture': {'network_class_name': 'dynamic_network_architectures.architectures.unet.PlainConvUNet', 'arch_kwargs': {'n_stages': 6, 'features_per_stage': [32, 64, 128, 256, 320, 320], 'conv_op': 'torch.nn.modules.conv.Conv3d', 'kernel_sizes': [[3, 3, 3], [3, 3, 3], [3, 3, 3], [3, 3, 3], [3, 3, 3], [3, 3, 3]], 'strides': [[1, 1, 1], [2, 2, 2], [2, 2, 2], [2, 2, 2], [2, 2, 2], [2, 2, 2]], 'n_conv_per_stage': [2, 2, 2, 2, 2, 2], 'n_conv_per_stage_decoder': [2, 2, 2, 2, 2], 'conv_bias': True, 'norm_op': 'torch.nn.modules.instancenorm.InstanceNorm3d', 'norm_op_kwargs': {'eps': 1e-05, 'affine': True}, 'dropout_op': None, 'dropout_op_kwargs': None, 'nonlin': 'torch.nn.LeakyReLU', 'nonlin_kwargs': {'inplace': True}}, '_kw_requires_import': ['conv_op', 'norm_op', 'dropout_op', 'nonlin']}, 'batch_dice': False} 

These are the global plan.json settings:
 {'dataset_name': 'Dataset002_ATLAS', 'plans_name': 'nnUNetPlans', 'original_median_spacing_after_transp': [1.0, 1.0, 1.0], 'original_median_shape_after_transp': [149, 167, 138], 'image_reader_writer': 'SimpleITKIO', 'transpose_forward': [0, 1, 2], 'transpose_backward': [0, 1, 2], 'experiment_planner_used': 'ExperimentPlanner', 'label_manager': 'LabelManager', 'foreground_intensity_properties_per_channel': {'0': {'max': 57923.84375, 'mean': 504.29374022590616, 'median': 229.0031280517578, 'min': 0.0, 'percentile_00_5': 5.998413562774658, 'percentile_99_5': 4478.9052734375, 'std': 1415.2436182024787}}} 

2026-08-19 17:30:41.464469: Unable to plot network architecture: nnUNet_compile is enabled!
2026-08-19 17:30:41.487278: 
2026-08-19 17:30:41.487420: Epoch 0
2026-08-19 17:30:41.488213: Current learning rate: 0.01
2026-08-19 17:31:17.671580: train_loss 0.0505
2026-08-19 17:31:17.671786: val_loss -0.0346
2026-08-19 17:31:17.671848: Pseudo dice [np.float32(0.1394)]
2026-08-19 17:31:17.671924: Epoch time: 36.19 s
2026-08-19 17:31:17.671972: Yayy! New best EMA pseudo Dice: 0.13940000534057617
2026-08-19 17:31:18.621108: 
2026-08-19 17:31:18.621237: Epoch 1
2026-08-19 17:31:18.621315: Current learning rate: 0.00998
2026-08-19 17:31:48.839572: train_loss -0.0584
2026-08-19 17:31:48.839813: val_loss -0.0556
2026-08-19 17:31:48.839923: Pseudo dice [np.float32(0.2821)]
2026-08-19 17:31:48.840003: Epoch time: 30.22 s
2026-08-19 17:31:48.840050: Yayy! New best EMA pseudo Dice: 0.15360000729560852
2026-08-19 17:31:50.173840: 
2026-08-19 17:31:50.174095: Epoch 2
2026-08-19 17:31:50.174190: Current learning rate: 0.00996
2026-08-19 17:32:20.504640: train_loss -0.1131
2026-08-19 17:32:20.504879: val_loss -0.1334
2026-08-19 17:32:20.504943: Pseudo dice [np.float32(0.4356)]
2026-08-19 17:32:20.505030: Epoch time: 30.33 s
2026-08-19 17:32:20.505109: Yayy! New best EMA pseudo Dice: 0.1817999929189682
2026-08-19 17:32:21.659624: 
2026-08-19 17:32:21.659890: Epoch 3
2026-08-19 17:32:21.659986: Current learning rate: 0.00995
2026-08-19 17:32:52.151675: train_loss -0.1657
2026-08-19 17:32:52.152211: val_loss -0.1716
2026-08-19 17:32:52.152301: Pseudo dice [np.float32(0.4921)]
2026-08-19 17:32:52.152422: Epoch time: 30.49 s
2026-08-19 17:32:52.152479: Yayy! New best EMA pseudo Dice: 0.21289999783039093
2026-08-19 17:32:53.445966: 
2026-08-19 17:32:53.446179: Epoch 4
2026-08-19 17:32:53.446300: Current learning rate: 0.00993
2026-08-19 17:33:23.676636: train_loss -0.208
2026-08-19 17:33:23.676872: val_loss -0.2094
2026-08-19 17:33:23.676940: Pseudo dice [np.float32(0.5479)]
2026-08-19 17:33:23.677016: Epoch time: 30.23 s
2026-08-19 17:33:23.677064: Yayy! New best EMA pseudo Dice: 0.24639999866485596
2026-08-19 17:33:25.015918: 
2026-08-19 17:33:25.016123: Epoch 5
2026-08-19 17:33:25.016200: Current learning rate: 0.00991
2026-08-19 17:33:55.261695: train_loss -0.2243
2026-08-19 17:33:55.261914: val_loss -0.2156
2026-08-19 17:33:55.261976: Pseudo dice [np.float32(0.5254)]
2026-08-19 17:33:55.262054: Epoch time: 30.25 s
2026-08-19 17:33:55.262102: Yayy! New best EMA pseudo Dice: 0.2743000090122223
2026-08-19 17:33:56.389435: 
2026-08-19 17:33:56.389545: Epoch 6
2026-08-19 17:33:56.389616: Current learning rate: 0.00989
2026-08-19 17:34:26.731349: train_loss -0.2624
2026-08-19 17:34:26.731533: val_loss -0.2537
2026-08-19 17:34:26.731593: Pseudo dice [np.float32(0.5672)]
2026-08-19 17:34:26.731664: Epoch time: 30.34 s
2026-08-19 17:34:26.731713: Yayy! New best EMA pseudo Dice: 0.303600013256073
2026-08-19 17:34:28.216154: 
2026-08-19 17:34:28.216311: Epoch 7
2026-08-19 17:34:28.216390: Current learning rate: 0.00987
2026-08-19 17:34:58.514276: train_loss -0.2382
2026-08-19 17:34:58.514481: val_loss -0.2943
2026-08-19 17:34:58.514562: Pseudo dice [np.float32(0.6278)]
2026-08-19 17:34:58.514657: Epoch time: 30.3 s
2026-08-19 17:34:58.514724: Yayy! New best EMA pseudo Dice: 0.335999995470047
2026-08-19 17:34:59.661804: 
2026-08-19 17:34:59.661983: Epoch 8
2026-08-19 17:34:59.662070: Current learning rate: 0.00986
2026-08-19 17:35:30.026145: train_loss -0.2477
2026-08-19 17:35:30.026369: val_loss -0.261
2026-08-19 17:35:30.026427: Pseudo dice [np.float32(0.5763)]
2026-08-19 17:35:30.026498: Epoch time: 30.37 s
2026-08-19 17:35:30.026546: Yayy! New best EMA pseudo Dice: 0.36000001430511475
2026-08-19 17:35:31.246523: 
2026-08-19 17:35:31.246729: Epoch 9
2026-08-19 17:35:31.246835: Current learning rate: 0.00984
2026-08-19 17:36:01.656542: train_loss -0.2711
2026-08-19 17:36:01.656753: val_loss -0.261
2026-08-19 17:36:01.656810: Pseudo dice [np.float32(0.5866)]
2026-08-19 17:36:01.656888: Epoch time: 30.41 s
2026-08-19 17:36:01.877670: Yayy! New best EMA pseudo Dice: 0.38269999623298645
2026-08-19 17:36:02.933186: 
2026-08-19 17:36:02.933431: Epoch 10
2026-08-19 17:36:02.933513: Current learning rate: 0.00982
2026-08-19 17:36:33.311896: train_loss -0.2705
2026-08-19 17:36:33.312091: val_loss -0.2615
2026-08-19 17:36:33.312147: Pseudo dice [np.float32(0.5593)]
2026-08-19 17:36:33.312212: Epoch time: 30.38 s
2026-08-19 17:36:33.312257: Yayy! New best EMA pseudo Dice: 0.400299996137619
2026-08-19 17:36:34.356425: 
2026-08-19 17:36:34.356548: Epoch 11
2026-08-19 17:36:34.356628: Current learning rate: 0.0098
2026-08-19 17:37:04.553149: train_loss -0.3109
2026-08-19 17:37:04.553345: val_loss -0.3598
2026-08-19 17:37:04.553413: Pseudo dice [np.float32(0.6596)]
2026-08-19 17:37:04.553480: Epoch time: 30.2 s
2026-08-19 17:37:04.553528: Yayy! New best EMA pseudo Dice: 0.4262999892234802
2026-08-19 17:37:05.641797: 
2026-08-19 17:37:05.641981: Epoch 12
2026-08-19 17:37:05.642058: Current learning rate: 0.00978
2026-08-19 17:37:35.837248: train_loss -0.3061
2026-08-19 17:37:35.837447: val_loss -0.4126
2026-08-19 17:37:35.837504: Pseudo dice [np.float32(0.6954)]
2026-08-19 17:37:35.837568: Epoch time: 30.2 s
2026-08-19 17:37:35.837612: Yayy! New best EMA pseudo Dice: 0.45320001244544983
2026-08-19 17:37:37.039040: 
2026-08-19 17:37:37.039211: Epoch 13
2026-08-19 17:37:37.039290: Current learning rate: 0.00977
2026-08-19 17:38:07.441806: train_loss -0.3465
2026-08-19 17:38:07.442100: val_loss -0.3607
2026-08-19 17:38:07.442160: Pseudo dice [np.float32(0.6395)]
2026-08-19 17:38:07.442228: Epoch time: 30.4 s
2026-08-19 17:38:07.442274: Yayy! New best EMA pseudo Dice: 0.4717999994754791
2026-08-19 17:38:08.498220: 
2026-08-19 17:38:08.498376: Epoch 14
2026-08-19 17:38:08.498455: Current learning rate: 0.00975
2026-08-19 17:38:38.893141: train_loss -0.3521
2026-08-19 17:38:38.893353: val_loss -0.3413
2026-08-19 17:38:38.893409: Pseudo dice [np.float32(0.6728)]
2026-08-19 17:38:38.893475: Epoch time: 30.4 s
2026-08-19 17:38:38.893518: Yayy! New best EMA pseudo Dice: 0.4918999969959259
2026-08-19 17:38:40.174452: 
2026-08-19 17:38:40.174600: Epoch 15
2026-08-19 17:38:40.174702: Current learning rate: 0.00973
2026-08-19 17:39:10.599099: train_loss -0.3326
2026-08-19 17:39:10.599319: val_loss -0.3266
2026-08-19 17:39:10.599381: Pseudo dice [np.float32(0.6502)]
2026-08-19 17:39:10.599453: Epoch time: 30.43 s
2026-08-19 17:39:10.599503: Yayy! New best EMA pseudo Dice: 0.5077000260353088
2026-08-19 17:39:11.694622: 
2026-08-19 17:39:11.694839: Epoch 16
2026-08-19 17:39:11.694927: Current learning rate: 0.00971
2026-08-19 17:39:42.105125: train_loss -0.3469
2026-08-19 17:39:42.105324: val_loss -0.386
2026-08-19 17:39:42.105380: Pseudo dice [np.float32(0.6817)]
2026-08-19 17:39:42.105445: Epoch time: 30.41 s
2026-08-19 17:39:42.105493: Yayy! New best EMA pseudo Dice: 0.5250999927520752
2026-08-19 17:39:43.234051: 
2026-08-19 17:39:43.234228: Epoch 17
2026-08-19 17:39:43.234306: Current learning rate: 0.00969
2026-08-19 17:40:13.667216: train_loss -0.3609
2026-08-19 17:40:13.667412: val_loss -0.3229
2026-08-19 17:40:13.667473: Pseudo dice [np.float32(0.579)]
2026-08-19 17:40:13.667539: Epoch time: 30.43 s
2026-08-19 17:40:13.667587: Yayy! New best EMA pseudo Dice: 0.5304999947547913
2026-08-19 17:40:14.727365: 
2026-08-19 17:40:14.727499: Epoch 18
2026-08-19 17:40:14.727582: Current learning rate: 0.00968
2026-08-19 17:40:45.178462: train_loss -0.3653
2026-08-19 17:40:45.178723: val_loss -0.3871
2026-08-19 17:40:45.178784: Pseudo dice [np.float32(0.6844)]
2026-08-19 17:40:45.178849: Epoch time: 30.45 s
2026-08-19 17:40:45.178905: Yayy! New best EMA pseudo Dice: 0.5458999872207642
2026-08-19 17:40:46.580361: 
2026-08-19 17:40:46.580544: Epoch 19
2026-08-19 17:40:46.580627: Current learning rate: 0.00966
2026-08-19 17:41:17.057328: train_loss -0.3512
2026-08-19 17:41:17.057521: val_loss -0.3721
2026-08-19 17:41:17.057580: Pseudo dice [np.float32(0.6562)]
2026-08-19 17:41:17.057643: Epoch time: 30.48 s
2026-08-19 17:41:17.359346: Yayy! New best EMA pseudo Dice: 0.5569000244140625
2026-08-19 17:41:18.406129: 
2026-08-19 17:41:18.406292: Epoch 20
2026-08-19 17:41:18.406369: Current learning rate: 0.00964
2026-08-19 17:41:48.848090: train_loss -0.3495
2026-08-19 17:41:48.848262: val_loss -0.3614
2026-08-19 17:41:48.848346: Pseudo dice [np.float32(0.6605)]
2026-08-19 17:41:48.848411: Epoch time: 30.44 s
2026-08-19 17:41:48.848458: Yayy! New best EMA pseudo Dice: 0.567300021648407
2026-08-19 17:41:49.931444: 
2026-08-19 17:41:49.931565: Epoch 21
2026-08-19 17:41:49.931690: Current learning rate: 0.00962
2026-08-19 17:42:20.159835: train_loss -0.3778
2026-08-19 17:42:20.160028: val_loss -0.3997
2026-08-19 17:42:20.160118: Pseudo dice [np.float32(0.6826)]
2026-08-19 17:42:20.160187: Epoch time: 30.23 s
2026-08-19 17:42:20.160236: Yayy! New best EMA pseudo Dice: 0.5788000226020813
2026-08-19 17:42:21.191926: 
2026-08-19 17:42:21.192060: Epoch 22
2026-08-19 17:42:21.192136: Current learning rate: 0.0096
2026-08-19 17:42:51.435070: train_loss -0.3878
2026-08-19 17:42:51.435246: val_loss -0.3965
2026-08-19 17:42:51.435308: Pseudo dice [np.float32(0.701)]
2026-08-19 17:42:51.435397: Epoch time: 30.24 s
2026-08-19 17:42:51.435462: Yayy! New best EMA pseudo Dice: 0.5910000205039978
2026-08-19 17:42:52.515038: 
2026-08-19 17:42:52.515163: Epoch 23
2026-08-19 17:42:52.515236: Current learning rate: 0.00959
2026-08-19 17:43:22.860824: train_loss -0.3857
2026-08-19 17:43:22.861032: val_loss -0.3956
2026-08-19 17:43:22.861089: Pseudo dice [np.float32(0.6923)]
2026-08-19 17:43:22.861163: Epoch time: 30.35 s
2026-08-19 17:43:22.861207: Yayy! New best EMA pseudo Dice: 0.6011999845504761
2026-08-19 17:43:24.135144: 
2026-08-19 17:43:24.135285: Epoch 24
2026-08-19 17:43:24.135372: Current learning rate: 0.00957
2026-08-19 17:43:54.527358: train_loss -0.4037
2026-08-19 17:43:54.527564: val_loss -0.3678
2026-08-19 17:43:54.527624: Pseudo dice [np.float32(0.7017)]
2026-08-19 17:43:54.527692: Epoch time: 30.39 s
2026-08-19 17:43:54.527737: Yayy! New best EMA pseudo Dice: 0.6111999750137329
2026-08-19 17:43:55.659879: 
2026-08-19 17:43:55.660074: Epoch 25
2026-08-19 17:43:55.660152: Current learning rate: 0.00955
2026-08-19 17:43:55.959311: [LesionAwareSamplingPowCurriculum] epoch 25: p=0.0526
2026-08-19 17:43:55.960070: do_dummy_2d_data_aug: False
2026-08-19 17:43:55.963510: Using splits from existing split file: /home/galia/ISLES2026/nnUNet_preprocessed/Dataset002_ATLAS/splits_final.json
2026-08-19 17:43:55.963731: The split file contains 1 splits.
2026-08-19 17:43:55.963771: Desired fold for training: 0
2026-08-19 17:43:55.963803: This split has 842 training and 120 validation cases.
using pin_memory on device 0
using pin_memory on device 0
2026-08-19 17:43:57.044995: [LesionAwareSampling] active for 842 training cases; validation remains uniform.
2026-08-19 17:44:27.610834: train_loss -0.3664
2026-08-19 17:44:27.611205: val_loss -0.3887
2026-08-19 17:44:27.611273: Pseudo dice [np.float32(0.6778)]
2026-08-19 17:44:27.611362: Epoch time: 31.95 s
2026-08-19 17:44:27.611413: Yayy! New best EMA pseudo Dice: 0.617900013923645
2026-08-19 17:44:28.680970: 
2026-08-19 17:44:28.681233: Epoch 26
2026-08-19 17:44:28.681313: Current learning rate: 0.00953
2026-08-19 17:44:59.218769: train_loss -0.3906
2026-08-19 17:44:59.218979: val_loss -0.4382
2026-08-19 17:44:59.219039: Pseudo dice [np.float32(0.7025)]
2026-08-19 17:44:59.219110: Epoch time: 30.54 s
2026-08-19 17:44:59.219154: Yayy! New best EMA pseudo Dice: 0.6262999773025513
2026-08-19 17:45:00.280417: 
2026-08-19 17:45:00.280539: Epoch 27
2026-08-19 17:45:00.280616: Current learning rate: 0.00951
2026-08-19 17:45:30.711562: train_loss -0.4029
2026-08-19 17:45:30.711779: val_loss -0.4507
2026-08-19 17:45:30.711841: Pseudo dice [np.float32(0.7225)]
2026-08-19 17:45:30.711922: Epoch time: 30.43 s
2026-08-19 17:45:30.711971: Yayy! New best EMA pseudo Dice: 0.6359999775886536
2026-08-19 17:45:31.789932: 
2026-08-19 17:45:31.790164: Epoch 28
2026-08-19 17:45:31.790260: Current learning rate: 0.00949
2026-08-19 17:46:02.127108: train_loss -0.4132
2026-08-19 17:46:02.127326: val_loss -0.4697
2026-08-19 17:46:02.127387: Pseudo dice [np.float32(0.7572)]
2026-08-19 17:46:02.127452: Epoch time: 30.34 s
2026-08-19 17:46:02.127498: Yayy! New best EMA pseudo Dice: 0.6481000185012817
2026-08-19 17:46:03.179597: 
2026-08-19 17:46:03.179799: Epoch 29
2026-08-19 17:46:03.179887: Current learning rate: 0.00948
2026-08-19 17:46:33.594907: train_loss -0.4144
2026-08-19 17:46:33.595075: val_loss -0.4492
2026-08-19 17:46:33.595127: Pseudo dice [np.float32(0.754)]
2026-08-19 17:46:33.595189: Epoch time: 30.42 s
2026-08-19 17:46:33.878982: Yayy! New best EMA pseudo Dice: 0.6586999893188477
2026-08-19 17:46:34.914865: 
2026-08-19 17:46:34.914997: Epoch 30
2026-08-19 17:46:34.915077: Current learning rate: 0.00946
2026-08-19 17:47:05.328609: train_loss -0.3901
2026-08-19 17:47:05.328783: val_loss -0.3842
2026-08-19 17:47:05.328842: Pseudo dice [np.float32(0.6762)]
2026-08-19 17:47:05.328914: Epoch time: 30.41 s
2026-08-19 17:47:05.328961: Yayy! New best EMA pseudo Dice: 0.6603999733924866
2026-08-19 17:47:06.739309: 
2026-08-19 17:47:06.739505: Epoch 31
2026-08-19 17:47:06.739636: Current learning rate: 0.00944
2026-08-19 17:47:37.287350: train_loss -0.3961
2026-08-19 17:47:37.287579: val_loss -0.4407
2026-08-19 17:47:37.287641: Pseudo dice [np.float32(0.7098)]
2026-08-19 17:47:37.287717: Epoch time: 30.55 s
2026-08-19 17:47:37.287763: Yayy! New best EMA pseudo Dice: 0.6654000282287598
2026-08-19 17:47:38.367631: 
2026-08-19 17:47:38.367893: Epoch 32
2026-08-19 17:47:38.367981: Current learning rate: 0.00942
2026-08-19 17:48:08.808942: train_loss -0.4238
2026-08-19 17:48:08.809149: val_loss -0.4074
2026-08-19 17:48:08.809208: Pseudo dice [np.float32(0.7131)]
2026-08-19 17:48:08.809278: Epoch time: 30.44 s
2026-08-19 17:48:08.809324: Yayy! New best EMA pseudo Dice: 0.6700999736785889
2026-08-19 17:48:09.987161: 
2026-08-19 17:48:09.987480: Epoch 33
2026-08-19 17:48:09.987586: Current learning rate: 0.0094
2026-08-19 17:48:40.409931: train_loss -0.4299
2026-08-19 17:48:40.410148: val_loss -0.4165
2026-08-19 17:48:40.410209: Pseudo dice [np.float32(0.7259)]
2026-08-19 17:48:40.410280: Epoch time: 30.42 s
2026-08-19 17:48:40.410325: Yayy! New best EMA pseudo Dice: 0.6757000088691711
2026-08-19 17:48:41.490742: 
2026-08-19 17:48:41.491011: Epoch 34
2026-08-19 17:48:41.491096: Current learning rate: 0.00939
2026-08-19 17:49:11.806242: train_loss -0.402
2026-08-19 17:49:11.806475: val_loss -0.46
2026-08-19 17:49:11.806623: Pseudo dice [np.float32(0.727)]
2026-08-19 17:49:11.806695: Epoch time: 30.32 s
2026-08-19 17:49:11.806739: Yayy! New best EMA pseudo Dice: 0.6808000206947327
2026-08-19 17:49:12.873511: 
2026-08-19 17:49:12.873718: Epoch 35
2026-08-19 17:49:12.873795: Current learning rate: 0.00937
2026-08-19 17:49:51.571590: train_loss -0.4202
2026-08-19 17:49:51.571888: val_loss -0.4735
2026-08-19 17:49:51.571954: Pseudo dice [np.float32(0.7088)]
2026-08-19 17:49:51.572031: Epoch time: 38.7 s
2026-08-19 17:49:51.572080: Yayy! New best EMA pseudo Dice: 0.6836000084877014
2026-08-19 17:49:52.668138: 
2026-08-19 17:49:52.668261: Epoch 36
2026-08-19 17:49:52.668335: Current learning rate: 0.00935
2026-08-19 17:50:22.948079: train_loss -0.3889
2026-08-19 17:50:22.948284: val_loss -0.4307
2026-08-19 17:50:22.948362: Pseudo dice [np.float32(0.7007)]
2026-08-19 17:50:22.948440: Epoch time: 30.28 s
2026-08-19 17:50:22.948485: Yayy! New best EMA pseudo Dice: 0.6852999925613403
2026-08-19 17:50:24.012697: 
2026-08-19 17:50:24.012891: Epoch 37
2026-08-19 17:50:24.012965: Current learning rate: 0.00933
2026-08-19 17:50:54.334229: train_loss -0.3953
2026-08-19 17:50:54.334545: val_loss -0.4705
2026-08-19 17:50:54.334611: Pseudo dice [np.float32(0.7374)]
2026-08-19 17:50:54.334682: Epoch time: 30.32 s
2026-08-19 17:50:54.334729: Yayy! New best EMA pseudo Dice: 0.690500020980835
2026-08-19 17:50:55.404978: 
2026-08-19 17:50:55.405105: Epoch 38
2026-08-19 17:50:55.405178: Current learning rate: 0.00931
2026-08-19 17:51:25.938507: train_loss -0.4182
2026-08-19 17:51:25.938754: val_loss -0.4793
2026-08-19 17:51:25.938817: Pseudo dice [np.float32(0.7258)]
2026-08-19 17:51:25.938898: Epoch time: 30.53 s
2026-08-19 17:51:25.938952: Yayy! New best EMA pseudo Dice: 0.694100022315979
2026-08-19 17:51:27.009840: 
2026-08-19 17:51:27.009980: Epoch 39
2026-08-19 17:51:27.010059: Current learning rate: 0.0093
2026-08-19 17:51:57.452821: train_loss -0.4168
2026-08-19 17:51:57.453071: val_loss -0.412
2026-08-19 17:51:57.453129: Pseudo dice [np.float32(0.6711)]
2026-08-19 17:51:57.453197: Epoch time: 30.44 s
2026-08-19 17:51:58.540254: 
2026-08-19 17:51:58.540463: Epoch 40
2026-08-19 17:51:58.540538: Current learning rate: 0.00928
2026-08-19 17:52:28.902833: train_loss -0.4117
2026-08-19 17:52:28.903085: val_loss -0.4782
2026-08-19 17:52:28.903147: Pseudo dice [np.float32(0.7586)]
2026-08-19 17:52:28.903217: Epoch time: 30.36 s
2026-08-19 17:52:28.903268: Yayy! New best EMA pseudo Dice: 0.6984999775886536
2026-08-19 17:52:29.986479: 
2026-08-19 17:52:29.986674: Epoch 41
2026-08-19 17:52:29.986750: Current learning rate: 0.00926
2026-08-19 17:53:00.431280: train_loss -0.4318
2026-08-19 17:53:00.431487: val_loss -0.4094
2026-08-19 17:53:00.431551: Pseudo dice [np.float32(0.6867)]
2026-08-19 17:53:00.431627: Epoch time: 30.45 s
2026-08-19 17:53:01.198308: 
2026-08-19 17:53:01.198411: Epoch 42
2026-08-19 17:53:01.198483: Current learning rate: 0.00924
2026-08-19 17:53:31.562343: train_loss -0.4238
2026-08-19 17:53:31.562530: val_loss -0.444
2026-08-19 17:53:31.562590: Pseudo dice [np.float32(0.7395)]
2026-08-19 17:53:31.562655: Epoch time: 30.36 s
2026-08-19 17:53:31.562701: Yayy! New best EMA pseudo Dice: 0.7014999985694885
2026-08-19 17:53:32.984933: 
2026-08-19 17:53:32.985048: Epoch 43
2026-08-19 17:53:32.985119: Current learning rate: 0.00922
2026-08-19 17:54:03.512778: train_loss -0.4316
2026-08-19 17:54:03.512957: val_loss -0.4071
2026-08-19 17:54:03.513077: Pseudo dice [np.float32(0.7025)]
2026-08-19 17:54:03.513141: Epoch time: 30.53 s
2026-08-19 17:54:03.513186: Yayy! New best EMA pseudo Dice: 0.7016000151634216
2026-08-19 17:54:04.585635: 
2026-08-19 17:54:04.585836: Epoch 44
2026-08-19 17:54:04.585920: Current learning rate: 0.0092
2026-08-19 17:54:35.087986: train_loss -0.4365
2026-08-19 17:54:35.088251: val_loss -0.4479
2026-08-19 17:54:35.088314: Pseudo dice [np.float32(0.7318)]
2026-08-19 17:54:35.088383: Epoch time: 30.5 s
2026-08-19 17:54:35.088428: Yayy! New best EMA pseudo Dice: 0.7045999765396118
2026-08-19 17:54:36.142160: 
2026-08-19 17:54:36.142334: Epoch 45
2026-08-19 17:54:36.142442: Current learning rate: 0.00919
2026-08-19 17:55:06.574979: train_loss -0.4512
2026-08-19 17:55:06.575190: val_loss -0.4759
2026-08-19 17:55:06.575250: Pseudo dice [np.float32(0.7101)]
2026-08-19 17:55:06.575737: Epoch time: 30.43 s
2026-08-19 17:55:06.575798: Yayy! New best EMA pseudo Dice: 0.7052000164985657
2026-08-19 17:55:07.832796: 
2026-08-19 17:55:07.832994: Epoch 46
2026-08-19 17:55:07.833073: Current learning rate: 0.00917
2026-08-19 17:55:38.328705: train_loss -0.4359
2026-08-19 17:55:38.328921: val_loss -0.5019
2026-08-19 17:55:38.328976: Pseudo dice [np.float32(0.7265)]
2026-08-19 17:55:38.329046: Epoch time: 30.5 s
2026-08-19 17:55:38.329092: Yayy! New best EMA pseudo Dice: 0.7073000073432922
2026-08-19 17:55:39.408513: 
2026-08-19 17:55:39.408659: Epoch 47
2026-08-19 17:55:39.408743: Current learning rate: 0.00915
2026-08-19 17:56:09.920061: train_loss -0.4692
2026-08-19 17:56:09.920270: val_loss -0.4949
2026-08-19 17:56:09.920331: Pseudo dice [np.float32(0.7423)]
2026-08-19 17:56:09.920405: Epoch time: 30.51 s
2026-08-19 17:56:09.920455: Yayy! New best EMA pseudo Dice: 0.7107999920845032
2026-08-19 17:56:10.975518: 
2026-08-19 17:56:10.975793: Epoch 48
2026-08-19 17:56:10.975897: Current learning rate: 0.00913
2026-08-19 17:56:41.410696: train_loss -0.4589
2026-08-19 17:56:41.410927: val_loss -0.4302
2026-08-19 17:56:41.411012: Pseudo dice [np.float32(0.7423)]
2026-08-19 17:56:41.411106: Epoch time: 30.44 s
2026-08-19 17:56:41.411172: Yayy! New best EMA pseudo Dice: 0.7139999866485596
2026-08-19 17:56:42.594299: 
2026-08-19 17:56:42.594512: Epoch 49
2026-08-19 17:56:42.594589: Current learning rate: 0.00911
2026-08-19 17:57:12.972522: train_loss -0.4613
2026-08-19 17:57:12.972792: val_loss -0.503
2026-08-19 17:57:12.972858: Pseudo dice [np.float32(0.7423)]
2026-08-19 17:57:12.972953: Epoch time: 30.38 s
2026-08-19 17:57:13.277554: Yayy! New best EMA pseudo Dice: 0.7167999744415283
2026-08-19 17:57:14.826235: 
2026-08-19 17:57:14.826397: Epoch 50
2026-08-19 17:57:14.826512: Current learning rate: 0.0091
2026-08-19 17:57:15.092781: [LesionAwareSamplingPowCurriculum] epoch 50: p=0.1053
2026-08-19 17:57:15.093555: do_dummy_2d_data_aug: False
2026-08-19 17:57:15.095525: Using splits from existing split file: /home/galia/ISLES2026/nnUNet_preprocessed/Dataset002_ATLAS/splits_final.json
2026-08-19 17:57:15.095730: The split file contains 1 splits.
2026-08-19 17:57:15.095768: Desired fold for training: 0
2026-08-19 17:57:15.095798: This split has 842 training and 120 validation cases.
using pin_memory on device 0
using pin_memory on device 0
2026-08-19 17:57:16.296521: [LesionAwareSampling] active for 842 training cases; validation remains uniform.
2026-08-19 17:57:46.806756: train_loss -0.451
2026-08-19 17:57:46.806971: val_loss -0.4336
2026-08-19 17:57:46.807032: Pseudo dice [np.float32(0.6635)]
2026-08-19 17:57:46.807119: Epoch time: 31.98 s
2026-08-19 17:57:47.577939: 
2026-08-19 17:57:47.578071: Epoch 51
2026-08-19 17:57:47.578143: Current learning rate: 0.00908
2026-08-19 17:58:18.041717: train_loss -0.4254
2026-08-19 17:58:18.041938: val_loss -0.4466
2026-08-19 17:58:18.041996: Pseudo dice [np.float32(0.7378)]
2026-08-19 17:58:18.042067: Epoch time: 30.46 s
2026-08-19 17:58:18.815846: 
2026-08-19 17:58:18.815982: Epoch 52
2026-08-19 17:58:18.816068: Current learning rate: 0.00906
2026-08-19 17:58:49.120037: train_loss -0.456
2026-08-19 17:58:49.120233: val_loss -0.4586
2026-08-19 17:58:49.120320: Pseudo dice [np.float32(0.7205)]
2026-08-19 17:58:49.120395: Epoch time: 30.31 s
2026-08-19 17:58:49.886440: 
2026-08-19 17:58:49.886570: Epoch 53
2026-08-19 17:58:49.886643: Current learning rate: 0.00904
2026-08-19 17:59:20.364024: train_loss -0.4163
2026-08-19 17:59:20.364206: val_loss -0.4297
2026-08-19 17:59:20.364261: Pseudo dice [np.float32(0.6628)]
2026-08-19 17:59:20.364324: Epoch time: 30.48 s
2026-08-19 17:59:21.133736: 
2026-08-19 17:59:21.133849: Epoch 54
2026-08-19 17:59:21.133929: Current learning rate: 0.00902
2026-08-19 17:59:51.550712: train_loss -0.4061
2026-08-19 17:59:51.550972: val_loss -0.4852
2026-08-19 17:59:51.551032: Pseudo dice [np.float32(0.7125)]
2026-08-19 17:59:51.551097: Epoch time: 30.42 s
2026-08-19 17:59:52.647128: 
2026-08-19 17:59:52.647263: Epoch 55
2026-08-19 17:59:52.647340: Current learning rate: 0.009
2026-08-19 18:00:23.040665: train_loss -0.4258
2026-08-19 18:00:23.040925: val_loss -0.468
2026-08-19 18:00:23.040981: Pseudo dice [np.float32(0.6983)]
2026-08-19 18:00:23.041048: Epoch time: 30.39 s
2026-08-19 18:00:23.825485: 
2026-08-19 18:00:23.825618: Epoch 56
2026-08-19 18:00:23.825693: Current learning rate: 0.00899
2026-08-19 18:00:54.085542: train_loss -0.4377
2026-08-19 18:00:54.085740: val_loss -0.4363
2026-08-19 18:00:54.085803: Pseudo dice [np.float32(0.7046)]
2026-08-19 18:00:54.085872: Epoch time: 30.26 s
2026-08-19 18:00:54.849935: 
2026-08-19 18:00:54.850070: Epoch 57
2026-08-19 18:00:54.850144: Current learning rate: 0.00897
2026-08-19 18:01:25.289624: train_loss -0.4377
2026-08-19 18:01:25.289801: val_loss -0.4577
2026-08-19 18:01:25.289865: Pseudo dice [np.float32(0.7048)]
2026-08-19 18:01:25.289927: Epoch time: 30.44 s
2026-08-19 18:01:26.055602: 
2026-08-19 18:01:26.055752: Epoch 58
2026-08-19 18:01:26.055830: Current learning rate: 0.00895
2026-08-19 18:01:56.511279: train_loss -0.4629
2026-08-19 18:01:56.511491: val_loss -0.4855
2026-08-19 18:01:56.511547: Pseudo dice [np.float32(0.7545)]
2026-08-19 18:01:56.511638: Epoch time: 30.46 s
2026-08-19 18:01:57.286183: 
2026-08-19 18:01:57.286407: Epoch 59
2026-08-19 18:01:57.286483: Current learning rate: 0.00893
2026-08-19 18:02:27.592794: train_loss -0.4422
2026-08-19 18:02:27.593004: val_loss -0.4977
2026-08-19 18:02:27.593061: Pseudo dice [np.float32(0.7298)]
2026-08-19 18:02:27.593128: Epoch time: 30.31 s
2026-08-19 18:02:28.666384: 
2026-08-19 18:02:28.666501: Epoch 60
2026-08-19 18:02:28.666577: Current learning rate: 0.00891
2026-08-19 18:02:59.065657: train_loss -0.4624
2026-08-19 18:02:59.065844: val_loss -0.4839
2026-08-19 18:02:59.065915: Pseudo dice [np.float32(0.7458)]
2026-08-19 18:02:59.065979: Epoch time: 30.4 s
2026-08-19 18:02:59.066025: Yayy! New best EMA pseudo Dice: 0.7174999713897705
2026-08-19 18:03:00.255630: 
2026-08-19 18:03:00.255899: Epoch 61
2026-08-19 18:03:00.255985: Current learning rate: 0.00889
2026-08-19 18:03:30.696998: train_loss -0.4561
2026-08-19 18:03:30.697169: val_loss -0.429
2026-08-19 18:03:30.697253: Pseudo dice [np.float32(0.7032)]
2026-08-19 18:03:30.697319: Epoch time: 30.44 s
2026-08-19 18:03:31.469779: 
2026-08-19 18:03:31.469898: Epoch 62
2026-08-19 18:03:31.469974: Current learning rate: 0.00888
2026-08-19 18:04:01.841072: train_loss -0.4471
2026-08-19 18:04:01.841242: val_loss -0.4345
2026-08-19 18:04:01.841296: Pseudo dice [np.float32(0.6861)]
2026-08-19 18:04:01.841354: Epoch time: 30.37 s
2026-08-19 18:04:02.613907: 
2026-08-19 18:04:02.614049: Epoch 63
2026-08-19 18:04:02.614122: Current learning rate: 0.00886
2026-08-19 18:04:32.929801: train_loss -0.4503
2026-08-19 18:04:32.929976: val_loss -0.3909
2026-08-19 18:04:32.930075: Pseudo dice [np.float32(0.6077)]
2026-08-19 18:04:32.930140: Epoch time: 30.32 s
2026-08-19 18:04:33.703645: 
2026-08-19 18:04:33.703835: Epoch 64
2026-08-19 18:04:33.703914: Current learning rate: 0.00884
2026-08-19 18:05:04.111291: train_loss -0.4463
2026-08-19 18:05:04.111530: val_loss -0.5298
2026-08-19 18:05:04.111588: Pseudo dice [np.float32(0.747)]
2026-08-19 18:05:04.111652: Epoch time: 30.41 s
2026-08-19 18:05:04.888379: 
2026-08-19 18:05:04.888506: Epoch 65
2026-08-19 18:05:04.888614: Current learning rate: 0.00882
2026-08-19 18:05:35.247178: train_loss -0.461
2026-08-19 18:05:35.247356: val_loss -0.5015
2026-08-19 18:05:35.247414: Pseudo dice [np.float32(0.7813)]
2026-08-19 18:05:35.247501: Epoch time: 30.36 s
2026-08-19 18:05:36.025883: 
2026-08-19 18:05:36.025990: Epoch 66
2026-08-19 18:05:36.026060: Current learning rate: 0.0088
2026-08-19 18:06:06.464063: train_loss -0.4465
2026-08-19 18:06:06.464236: val_loss -0.4836
2026-08-19 18:06:06.464292: Pseudo dice [np.float32(0.7518)]
2026-08-19 18:06:06.464355: Epoch time: 30.44 s
2026-08-19 18:06:06.464402: Yayy! New best EMA pseudo Dice: 0.7181000113487244
2026-08-19 18:06:07.881299: 
2026-08-19 18:06:07.881454: Epoch 67
2026-08-19 18:06:07.881559: Current learning rate: 0.00879
2026-08-19 18:06:38.144455: train_loss -0.4487
2026-08-19 18:06:38.144625: val_loss -0.4905
2026-08-19 18:06:38.144684: Pseudo dice [np.float32(0.6944)]
2026-08-19 18:06:38.144748: Epoch time: 30.26 s
2026-08-19 18:06:38.922696: 
2026-08-19 18:06:38.922864: Epoch 68
2026-08-19 18:06:38.922948: Current learning rate: 0.00877
2026-08-19 18:07:09.252470: train_loss -0.4567
2026-08-19 18:07:09.252642: val_loss -0.4465
2026-08-19 18:07:09.252703: Pseudo dice [np.float32(0.7274)]
2026-08-19 18:07:09.252768: Epoch time: 30.33 s
2026-08-19 18:07:10.038805: 
2026-08-19 18:07:10.039023: Epoch 69
2026-08-19 18:07:10.039099: Current learning rate: 0.00875
2026-08-19 18:07:40.353750: train_loss -0.4586
2026-08-19 18:07:40.353921: val_loss -0.4958
2026-08-19 18:07:40.353979: Pseudo dice [np.float32(0.7557)]
2026-08-19 18:07:40.354044: Epoch time: 30.32 s
2026-08-19 18:07:40.661446: Yayy! New best EMA pseudo Dice: 0.72079998254776
2026-08-19 18:07:41.761819: 
2026-08-19 18:07:41.762061: Epoch 70
2026-08-19 18:07:41.762135: Current learning rate: 0.00873
2026-08-19 18:08:12.043993: train_loss -0.474
2026-08-19 18:08:12.044160: val_loss -0.4796
2026-08-19 18:08:12.044219: Pseudo dice [np.float32(0.6983)]
2026-08-19 18:08:12.044286: Epoch time: 30.28 s
2026-08-19 18:08:12.828672: 
2026-08-19 18:08:12.828794: Epoch 71
2026-08-19 18:08:12.828871: Current learning rate: 0.00871
2026-08-19 18:08:43.342265: train_loss -0.4273
2026-08-19 18:08:43.342440: val_loss -0.4449
2026-08-19 18:08:43.342541: Pseudo dice [np.float32(0.7444)]
2026-08-19 18:08:43.342608: Epoch time: 30.51 s
2026-08-19 18:08:43.342653: Yayy! New best EMA pseudo Dice: 0.7210999727249146
2026-08-19 18:08:44.420950: 
2026-08-19 18:08:44.421075: Epoch 72
2026-08-19 18:08:44.421147: Current learning rate: 0.00869
2026-08-19 18:09:14.904486: train_loss -0.4538
2026-08-19 18:09:14.904657: val_loss -0.4793
2026-08-19 18:09:14.904713: Pseudo dice [np.float32(0.7336)]
2026-08-19 18:09:14.904775: Epoch time: 30.48 s
2026-08-19 18:09:14.904820: Yayy! New best EMA pseudo Dice: 0.7224000096321106
2026-08-19 18:09:15.968477: 
2026-08-19 18:09:15.968596: Epoch 73
2026-08-19 18:09:15.968668: Current learning rate: 0.00868
2026-08-19 18:09:46.445676: train_loss -0.4432
2026-08-19 18:09:46.445846: val_loss -0.4838
2026-08-19 18:09:46.445907: Pseudo dice [np.float32(0.729)]
2026-08-19 18:09:46.445998: Epoch time: 30.48 s
2026-08-19 18:09:46.446120: Yayy! New best EMA pseudo Dice: 0.7229999899864197
2026-08-19 18:09:47.598568: 
2026-08-19 18:09:47.598687: Epoch 74
2026-08-19 18:09:47.598761: Current learning rate: 0.00866
2026-08-19 18:10:18.107817: train_loss -0.4567
2026-08-19 18:10:18.108069: val_loss -0.456
2026-08-19 18:10:18.108132: Pseudo dice [np.float32(0.7425)]
2026-08-19 18:10:18.108199: Epoch time: 30.51 s
2026-08-19 18:10:18.108244: Yayy! New best EMA pseudo Dice: 0.7250000238418579
2026-08-19 18:10:19.213537: 
2026-08-19 18:10:19.213667: Epoch 75
2026-08-19 18:10:19.213738: Current learning rate: 0.00864
2026-08-19 18:10:19.493206: [LesionAwareSamplingPowCurriculum] epoch 75: p=0.1579
2026-08-19 18:10:19.493961: do_dummy_2d_data_aug: False
2026-08-19 18:10:19.495867: Using splits from existing split file: /home/galia/ISLES2026/nnUNet_preprocessed/Dataset002_ATLAS/splits_final.json
2026-08-19 18:10:19.496077: The split file contains 1 splits.
2026-08-19 18:10:19.496116: Desired fold for training: 0
2026-08-19 18:10:19.496146: This split has 842 training and 120 validation cases.
using pin_memory on device 0
using pin_memory on device 0
2026-08-19 18:10:20.764054: [LesionAwareSampling] active for 842 training cases; validation remains uniform.
2026-08-19 18:10:51.181410: train_loss -0.4323
2026-08-19 18:10:51.181716: val_loss -0.5391
2026-08-19 18:10:51.181779: Pseudo dice [np.float32(0.7299)]
2026-08-19 18:10:51.181876: Epoch time: 31.97 s
2026-08-19 18:10:51.181924: Yayy! New best EMA pseudo Dice: 0.7254999876022339
2026-08-19 18:10:52.362565: 
2026-08-19 18:10:52.362703: Epoch 76
2026-08-19 18:10:52.362814: Current learning rate: 0.00862
2026-08-19 18:11:22.819957: train_loss -0.4582
2026-08-19 18:11:22.820159: val_loss -0.5227
2026-08-19 18:11:22.820218: Pseudo dice [np.float32(0.7539)]
2026-08-19 18:11:22.820286: Epoch time: 30.46 s
2026-08-19 18:11:22.820329: Yayy! New best EMA pseudo Dice: 0.7282999753952026
2026-08-19 18:11:23.931208: 
2026-08-19 18:11:23.931408: Epoch 77
2026-08-19 18:11:23.931485: Current learning rate: 0.0086
2026-08-19 18:11:54.307532: train_loss -0.4355
2026-08-19 18:11:54.307712: val_loss -0.5091
2026-08-19 18:11:54.307769: Pseudo dice [np.float32(0.7596)]
2026-08-19 18:11:54.307829: Epoch time: 30.38 s
2026-08-19 18:11:54.307879: Yayy! New best EMA pseudo Dice: 0.7315000295639038
2026-08-19 18:11:55.468335: 
2026-08-19 18:11:55.468463: Epoch 78
2026-08-19 18:11:55.468535: Current learning rate: 0.00858
2026-08-19 18:12:25.882262: train_loss -0.4618
2026-08-19 18:12:25.882455: val_loss -0.503
2026-08-19 18:12:25.882513: Pseudo dice [np.float32(0.7603)]
2026-08-19 18:12:25.882576: Epoch time: 30.41 s
2026-08-19 18:12:25.882621: Yayy! New best EMA pseudo Dice: 0.7343000173568726
2026-08-19 18:12:27.371835: 
2026-08-19 18:12:27.371959: Epoch 79
2026-08-19 18:12:27.372032: Current learning rate: 0.00857
2026-08-19 18:12:57.749113: train_loss -0.481
2026-08-19 18:12:57.749332: val_loss -0.502
2026-08-19 18:12:57.749392: Pseudo dice [np.float32(0.784)]
2026-08-19 18:12:57.749464: Epoch time: 30.38 s
2026-08-19 18:12:58.053895: Yayy! New best EMA pseudo Dice: 0.739300012588501
2026-08-19 18:12:59.596949: 
2026-08-19 18:12:59.597072: Epoch 80
2026-08-19 18:12:59.597180: Current learning rate: 0.00855
2026-08-19 18:13:30.011953: train_loss -0.4507
2026-08-19 18:13:30.012141: val_loss -0.5168
2026-08-19 18:13:30.012213: Pseudo dice [np.float32(0.7539)]
2026-08-19 18:13:30.012282: Epoch time: 30.42 s
2026-08-19 18:13:30.012328: Yayy! New best EMA pseudo Dice: 0.7408000230789185
2026-08-19 18:13:31.112985: 
2026-08-19 18:13:31.113135: Epoch 81
2026-08-19 18:13:31.113213: Current learning rate: 0.00853
2026-08-19 18:14:01.457761: train_loss -0.4473
2026-08-19 18:14:01.457941: val_loss -0.4476
2026-08-19 18:14:01.458054: Pseudo dice [np.float32(0.7175)]
2026-08-19 18:14:01.458118: Epoch time: 30.35 s
2026-08-19 18:14:02.257236: 
2026-08-19 18:14:02.257379: Epoch 82
2026-08-19 18:14:02.257462: Current learning rate: 0.00851
2026-08-19 18:14:32.796437: train_loss -0.4707
2026-08-19 18:14:32.796890: val_loss -0.4552
2026-08-19 18:14:32.796951: Pseudo dice [np.float32(0.7307)]
2026-08-19 18:14:32.797027: Epoch time: 30.54 s
2026-08-19 18:14:33.575011: 
2026-08-19 18:14:33.575185: Epoch 83
2026-08-19 18:14:33.575263: Current learning rate: 0.00849
2026-08-19 18:15:03.940507: train_loss -0.4673
2026-08-19 18:15:03.940725: val_loss -0.5466
2026-08-19 18:15:03.940784: Pseudo dice [np.float32(0.7538)]
2026-08-19 18:15:03.940862: Epoch time: 30.37 s
2026-08-19 18:15:04.716153: 
2026-08-19 18:15:04.716310: Epoch 84
2026-08-19 18:15:04.716394: Current learning rate: 0.00847
2026-08-19 18:15:35.154901: train_loss -0.4651
2026-08-19 18:15:35.155168: val_loss -0.4686
2026-08-19 18:15:35.155229: Pseudo dice [np.float32(0.7391)]
2026-08-19 18:15:35.155308: Epoch time: 30.44 s
2026-08-19 18:15:35.929597: 
2026-08-19 18:15:35.929816: Epoch 85
2026-08-19 18:15:35.929904: Current learning rate: 0.00846
2026-08-19 18:16:06.371764: train_loss -0.48
2026-08-19 18:16:06.371979: val_loss -0.51
2026-08-19 18:16:06.372039: Pseudo dice [np.float32(0.7686)]
2026-08-19 18:16:06.372114: Epoch time: 30.44 s
2026-08-19 18:16:06.372210: Yayy! New best EMA pseudo Dice: 0.7422000169754028
2026-08-19 18:16:07.455837: 
2026-08-19 18:16:07.455997: Epoch 86
2026-08-19 18:16:07.456073: Current learning rate: 0.00844
2026-08-19 18:16:37.950625: train_loss -0.4671
2026-08-19 18:16:37.950859: val_loss -0.4578
2026-08-19 18:16:37.950918: Pseudo dice [np.float32(0.7135)]
2026-08-19 18:16:37.950994: Epoch time: 30.5 s
2026-08-19 18:16:38.727135: 
2026-08-19 18:16:38.727280: Epoch 87
2026-08-19 18:16:38.727353: Current learning rate: 0.00842
2026-08-19 18:17:09.148592: train_loss -0.4628
2026-08-19 18:17:09.148836: val_loss -0.471
2026-08-19 18:17:09.148907: Pseudo dice [np.float32(0.7209)]
2026-08-19 18:17:09.148984: Epoch time: 30.42 s
2026-08-19 18:17:09.929049: 
2026-08-19 18:17:09.929269: Epoch 88
2026-08-19 18:17:09.929348: Current learning rate: 0.0084
2026-08-19 18:17:40.413814: train_loss -0.4923
2026-08-19 18:17:40.414030: val_loss -0.5055
2026-08-19 18:17:40.414093: Pseudo dice [np.float32(0.731)]
2026-08-19 18:17:40.414164: Epoch time: 30.49 s
2026-08-19 18:17:41.192158: 
2026-08-19 18:17:41.192304: Epoch 89
2026-08-19 18:17:41.192386: Current learning rate: 0.00838
2026-08-19 18:18:11.492961: train_loss -0.4784
2026-08-19 18:18:11.493185: val_loss -0.4821
2026-08-19 18:18:11.493244: Pseudo dice [np.float32(0.7422)]
2026-08-19 18:18:11.493318: Epoch time: 30.3 s
2026-08-19 18:18:12.562423: 
2026-08-19 18:18:12.562574: Epoch 90
2026-08-19 18:18:12.562648: Current learning rate: 0.00836
2026-08-19 18:18:43.009996: train_loss -0.4668
2026-08-19 18:18:43.010190: val_loss -0.5268
2026-08-19 18:18:43.010250: Pseudo dice [np.float32(0.7388)]
2026-08-19 18:18:43.010321: Epoch time: 30.45 s
2026-08-19 18:18:44.078089: 
2026-08-19 18:18:44.078215: Epoch 91
2026-08-19 18:18:44.078291: Current learning rate: 0.00835
2026-08-19 18:19:14.562509: train_loss -0.4781
2026-08-19 18:19:14.562728: val_loss -0.4736
2026-08-19 18:19:14.562818: Pseudo dice [np.float32(0.7403)]
2026-08-19 18:19:14.562927: Epoch time: 30.49 s
2026-08-19 18:19:15.326639: 
2026-08-19 18:19:15.326756: Epoch 92
2026-08-19 18:19:15.326826: Current learning rate: 0.00833
2026-08-19 18:19:45.832173: train_loss -0.4782
2026-08-19 18:19:45.832435: val_loss -0.5131
2026-08-19 18:19:45.832495: Pseudo dice [np.float32(0.7616)]
2026-08-19 18:19:45.832569: Epoch time: 30.51 s
2026-08-19 18:19:46.608954: 
2026-08-19 18:19:46.609175: Epoch 93
2026-08-19 18:19:46.609254: Current learning rate: 0.00831
2026-08-19 18:20:17.070031: train_loss -0.4779
2026-08-19 18:20:17.070310: val_loss -0.4946
2026-08-19 18:20:17.070372: Pseudo dice [np.float32(0.7531)]
2026-08-19 18:20:17.070460: Epoch time: 30.46 s
2026-08-19 18:20:17.848173: 
2026-08-19 18:20:17.848349: Epoch 94
2026-08-19 18:20:17.848435: Current learning rate: 0.00829
2026-08-19 18:20:48.355198: train_loss -0.4787
2026-08-19 18:20:48.355400: val_loss -0.518
2026-08-19 18:20:48.355461: Pseudo dice [np.float32(0.795)]
2026-08-19 18:20:48.355536: Epoch time: 30.51 s
2026-08-19 18:20:48.355586: Yayy! New best EMA pseudo Dice: 0.7468000054359436
2026-08-19 18:20:49.442868: 
2026-08-19 18:20:49.443076: Epoch 95
2026-08-19 18:20:49.443151: Current learning rate: 0.00827
2026-08-19 18:21:19.896970: train_loss -0.4706
2026-08-19 18:21:19.897175: val_loss -0.4791
2026-08-19 18:21:19.897236: Pseudo dice [np.float32(0.7542)]
2026-08-19 18:21:19.897312: Epoch time: 30.45 s
2026-08-19 18:21:19.897359: Yayy! New best EMA pseudo Dice: 0.7476000189781189
2026-08-19 18:21:20.996346: 
2026-08-19 18:21:20.996584: Epoch 96
2026-08-19 18:21:20.996690: Current learning rate: 0.00825
2026-08-19 18:21:51.445406: train_loss -0.4536
2026-08-19 18:21:51.445592: val_loss -0.4992
2026-08-19 18:21:51.445651: Pseudo dice [np.float32(0.7349)]
2026-08-19 18:21:51.445738: Epoch time: 30.45 s
2026-08-19 18:21:52.229399: 
2026-08-19 18:21:52.229558: Epoch 97
2026-08-19 18:21:52.229641: Current learning rate: 0.00824
2026-08-19 18:22:22.728996: train_loss -0.4972
2026-08-19 18:22:22.729183: val_loss -0.5374
2026-08-19 18:22:22.729240: Pseudo dice [np.float32(0.7777)]
2026-08-19 18:22:22.729304: Epoch time: 30.5 s
2026-08-19 18:22:22.729552: Yayy! New best EMA pseudo Dice: 0.7494000196456909
2026-08-19 18:22:23.852614: 
2026-08-19 18:22:23.852799: Epoch 98
2026-08-19 18:22:23.852877: Current learning rate: 0.00822
2026-08-19 18:22:54.389637: train_loss -0.4556
2026-08-19 18:22:54.389829: val_loss -0.4989
2026-08-19 18:22:54.389899: Pseudo dice [np.float32(0.7749)]
2026-08-19 18:22:54.389965: Epoch time: 30.54 s
2026-08-19 18:22:54.390060: Yayy! New best EMA pseudo Dice: 0.7519999742507935
2026-08-19 18:22:55.488544: 
2026-08-19 18:22:55.488693: Epoch 99
2026-08-19 18:22:55.488769: Current learning rate: 0.0082
2026-08-19 18:23:25.929834: train_loss -0.4789
2026-08-19 18:23:25.930019: val_loss -0.5737
2026-08-19 18:23:25.930076: Pseudo dice [np.float32(0.7672)]
2026-08-19 18:23:25.930139: Epoch time: 30.44 s
2026-08-19 18:23:26.275614: Yayy! New best EMA pseudo Dice: 0.7534999847412109
2026-08-19 18:23:27.393554: 
2026-08-19 18:23:27.393703: Epoch 100
2026-08-19 18:23:27.393781: Current learning rate: 0.00818
2026-08-19 18:23:27.677625: [LesionAwareSamplingPowCurriculum] epoch 100: p=0.2105
2026-08-19 18:23:27.678371: do_dummy_2d_data_aug: False
2026-08-19 18:23:27.680253: Using splits from existing split file: /home/galia/ISLES2026/nnUNet_preprocessed/Dataset002_ATLAS/splits_final.json
2026-08-19 18:23:27.680452: The split file contains 1 splits.
2026-08-19 18:23:27.680491: Desired fold for training: 0
2026-08-19 18:23:27.680522: This split has 842 training and 120 validation cases.
using pin_memory on device 0
using pin_memory on device 0
2026-08-19 18:23:29.094069: [LesionAwareSampling] active for 842 training cases; validation remains uniform.
2026-08-19 18:23:59.602810: train_loss -0.4794
2026-08-19 18:23:59.603033: val_loss -0.4451
2026-08-19 18:23:59.603098: Pseudo dice [np.float32(0.7325)]
2026-08-19 18:23:59.603185: Epoch time: 32.21 s
2026-08-19 18:24:00.399150: 
2026-08-19 18:24:00.399344: Epoch 101
2026-08-19 18:24:00.399417: Current learning rate: 0.00816
2026-08-19 18:24:30.861947: train_loss -0.5017
2026-08-19 18:24:30.862132: val_loss -0.5338
2026-08-19 18:24:30.862196: Pseudo dice [np.float32(0.7572)]
2026-08-19 18:24:30.862272: Epoch time: 30.46 s
2026-08-19 18:24:31.649981: 
2026-08-19 18:24:31.650113: Epoch 102
2026-08-19 18:24:31.650185: Current learning rate: 0.00814
2026-08-19 18:25:01.931848: train_loss -0.4735
2026-08-19 18:25:01.932019: val_loss -0.5114
2026-08-19 18:25:01.932076: Pseudo dice [np.float32(0.7537)]
2026-08-19 18:25:01.932139: Epoch time: 30.28 s
2026-08-19 18:25:03.028395: 
2026-08-19 18:25:03.028586: Epoch 103
2026-08-19 18:25:03.028664: Current learning rate: 0.00813
2026-08-19 18:25:33.309605: train_loss -0.4835
2026-08-19 18:25:33.309778: val_loss -0.4921
2026-08-19 18:25:33.309842: Pseudo dice [np.float32(0.7326)]
2026-08-19 18:25:33.309913: Epoch time: 30.28 s
2026-08-19 18:25:34.108486: 
2026-08-19 18:25:34.108684: Epoch 104
2026-08-19 18:25:34.108759: Current learning rate: 0.00811
2026-08-19 18:26:04.409207: train_loss -0.4896
2026-08-19 18:26:04.409382: val_loss -0.5564
2026-08-19 18:26:04.409441: Pseudo dice [np.float32(0.7761)]
2026-08-19 18:26:04.409503: Epoch time: 30.3 s
2026-08-19 18:26:05.208530: 
2026-08-19 18:26:05.208672: Epoch 105
2026-08-19 18:26:05.208748: Current learning rate: 0.00809
2026-08-19 18:26:35.624604: train_loss -0.4706
2026-08-19 18:26:35.624785: val_loss -0.4257
2026-08-19 18:26:35.624847: Pseudo dice [np.float32(0.6912)]
2026-08-19 18:26:35.624923: Epoch time: 30.42 s
2026-08-19 18:26:36.421451: 
2026-08-19 18:26:36.421638: Epoch 106
2026-08-19 18:26:36.421722: Current learning rate: 0.00807
2026-08-19 18:27:06.739262: train_loss -0.4594
2026-08-19 18:27:06.739427: val_loss -0.4511
2026-08-19 18:27:06.739486: Pseudo dice [np.float32(0.6602)]
2026-08-19 18:27:06.739550: Epoch time: 30.32 s
2026-08-19 18:27:07.525800: 
2026-08-19 18:27:07.526017: Epoch 107
2026-08-19 18:27:07.526097: Current learning rate: 0.00805
2026-08-19 18:27:37.978017: train_loss -0.4894
2026-08-19 18:27:37.978183: val_loss -0.4851
2026-08-19 18:27:37.978241: Pseudo dice [np.float32(0.769)]
2026-08-19 18:27:37.978303: Epoch time: 30.45 s
2026-08-19 18:27:38.761840: 
2026-08-19 18:27:38.761950: Epoch 108
2026-08-19 18:27:38.762021: Current learning rate: 0.00803
2026-08-19 18:28:09.053408: train_loss -0.4647
2026-08-19 18:28:09.053571: val_loss -0.4736
2026-08-19 18:28:09.053626: Pseudo dice [np.float32(0.7321)]
2026-08-19 18:28:09.053686: Epoch time: 30.29 s
2026-08-19 18:28:09.840473: 
2026-08-19 18:28:09.840664: Epoch 109
2026-08-19 18:28:09.840756: Current learning rate: 0.00801
2026-08-19 18:28:40.096446: train_loss -0.4599
2026-08-19 18:28:40.096613: val_loss -0.4761
2026-08-19 18:28:40.096668: Pseudo dice [np.float32(0.7794)]
2026-08-19 18:28:40.096730: Epoch time: 30.26 s
2026-08-19 18:28:41.177435: 
2026-08-19 18:28:41.177557: Epoch 110
2026-08-19 18:28:41.177634: Current learning rate: 0.008
2026-08-19 18:29:11.464282: train_loss -0.4912
2026-08-19 18:29:11.464455: val_loss -0.5571
2026-08-19 18:29:11.464510: Pseudo dice [np.float32(0.792)]
2026-08-19 18:29:11.464571: Epoch time: 30.29 s
2026-08-19 18:29:12.268904: 
2026-08-19 18:29:12.269021: Epoch 111
2026-08-19 18:29:12.269094: Current learning rate: 0.00798
2026-08-19 18:29:42.626663: train_loss -0.4746
2026-08-19 18:29:42.626848: val_loss -0.5497
2026-08-19 18:29:42.626914: Pseudo dice [np.float32(0.7371)]
2026-08-19 18:29:42.626980: Epoch time: 30.36 s
2026-08-19 18:29:43.432348: 
2026-08-19 18:29:43.432560: Epoch 112
2026-08-19 18:29:43.432638: Current learning rate: 0.00796
2026-08-19 18:30:13.764210: train_loss -0.4864
2026-08-19 18:30:13.764446: val_loss -0.5202
2026-08-19 18:30:13.764505: Pseudo dice [np.float32(0.7131)]
2026-08-19 18:30:13.764569: Epoch time: 30.33 s
2026-08-19 18:30:14.548660: 
2026-08-19 18:30:14.548767: Epoch 113
2026-08-19 18:30:14.548837: Current learning rate: 0.00794
2026-08-19 18:30:44.997797: train_loss -0.4354
2026-08-19 18:30:44.997994: val_loss -0.4961
2026-08-19 18:30:44.998058: Pseudo dice [np.float32(0.7513)]
2026-08-19 18:30:44.998129: Epoch time: 30.45 s
2026-08-19 18:30:45.775584: 
2026-08-19 18:30:45.775803: Epoch 114
2026-08-19 18:30:45.775885: Current learning rate: 0.00792
2026-08-19 18:31:16.204626: train_loss -0.4767
2026-08-19 18:31:16.204802: val_loss -0.5512
2026-08-19 18:31:16.204865: Pseudo dice [np.float32(0.7905)]
2026-08-19 18:31:16.204929: Epoch time: 30.43 s
2026-08-19 18:31:16.981402: 
2026-08-19 18:31:16.981519: Epoch 115
2026-08-19 18:31:16.981590: Current learning rate: 0.0079
2026-08-19 18:31:47.441277: train_loss -0.4736
2026-08-19 18:31:47.441447: val_loss -0.4921
2026-08-19 18:31:47.441502: Pseudo dice [np.float32(0.7645)]
2026-08-19 18:31:47.441563: Epoch time: 30.46 s
2026-08-19 18:31:48.518510: 
2026-08-19 18:31:48.518752: Epoch 116
2026-08-19 18:31:48.518836: Current learning rate: 0.00789
2026-08-19 18:32:18.953932: train_loss -0.4707
2026-08-19 18:32:18.954120: val_loss -0.5148
2026-08-19 18:32:18.954176: Pseudo dice [np.float32(0.7482)]
2026-08-19 18:32:18.954241: Epoch time: 30.44 s
2026-08-19 18:32:19.730086: 
2026-08-19 18:32:19.730209: Epoch 117
2026-08-19 18:32:19.730283: Current learning rate: 0.00787
2026-08-19 18:32:50.209128: train_loss -0.4729
2026-08-19 18:32:50.209316: val_loss -0.4422
2026-08-19 18:32:50.209402: Pseudo dice [np.float32(0.6531)]
2026-08-19 18:32:50.209471: Epoch time: 30.48 s
2026-08-19 18:32:50.987240: 
2026-08-19 18:32:50.987361: Epoch 118
2026-08-19 18:32:50.987437: Current learning rate: 0.00785
2026-08-19 18:33:21.306516: train_loss -0.4637
2026-08-19 18:33:21.306708: val_loss -0.5182
2026-08-19 18:33:21.306768: Pseudo dice [np.float32(0.7454)]
2026-08-19 18:33:21.306867: Epoch time: 30.32 s
2026-08-19 18:33:22.093107: 
2026-08-19 18:33:22.093262: Epoch 119
2026-08-19 18:33:22.093343: Current learning rate: 0.00783
2026-08-19 18:33:52.389032: train_loss -0.4653
2026-08-19 18:33:52.389205: val_loss -0.5442
2026-08-19 18:33:52.389265: Pseudo dice [np.float32(0.7382)]
2026-08-19 18:33:52.389330: Epoch time: 30.3 s
2026-08-19 18:33:53.571008: 
2026-08-19 18:33:53.571221: Epoch 120
2026-08-19 18:33:53.571298: Current learning rate: 0.00781
2026-08-19 18:34:24.020283: train_loss -0.4787
2026-08-19 18:34:24.020452: val_loss -0.5474
2026-08-19 18:34:24.020506: Pseudo dice [np.float32(0.752)]
2026-08-19 18:34:24.020566: Epoch time: 30.45 s
2026-08-19 18:34:24.802033: 
2026-08-19 18:34:24.802174: Epoch 121
2026-08-19 18:34:24.802247: Current learning rate: 0.00779
2026-08-19 18:34:55.204163: train_loss -0.5073
2026-08-19 18:34:55.204330: val_loss -0.5245
2026-08-19 18:34:55.204388: Pseudo dice [np.float32(0.7626)]
2026-08-19 18:34:55.204450: Epoch time: 30.4 s
2026-08-19 18:34:55.986973: 
2026-08-19 18:34:55.987198: Epoch 122
2026-08-19 18:34:55.987273: Current learning rate: 0.00777
2026-08-19 18:35:26.374138: train_loss -0.4806
2026-08-19 18:35:26.374308: val_loss -0.5018
2026-08-19 18:35:26.374365: Pseudo dice [np.float32(0.7697)]
2026-08-19 18:35:26.374432: Epoch time: 30.39 s
2026-08-19 18:35:27.158266: 
2026-08-19 18:35:27.158522: Epoch 123
2026-08-19 18:35:27.158592: Current learning rate: 0.00776
2026-08-19 18:35:57.570537: train_loss -0.4859
2026-08-19 18:35:57.570716: val_loss -0.4414
2026-08-19 18:35:57.570772: Pseudo dice [np.float32(0.7394)]
2026-08-19 18:35:57.570832: Epoch time: 30.41 s
2026-08-19 18:35:58.358692: 
2026-08-19 18:35:58.358877: Epoch 124
2026-08-19 18:35:58.358968: Current learning rate: 0.00774
2026-08-19 18:36:28.783567: train_loss -0.5268
2026-08-19 18:36:28.783733: val_loss -0.5165
2026-08-19 18:36:28.783790: Pseudo dice [np.float32(0.7711)]
2026-08-19 18:36:28.783859: Epoch time: 30.43 s
2026-08-19 18:36:29.573874: 
2026-08-19 18:36:29.574195: Epoch 125
2026-08-19 18:36:29.574276: Current learning rate: 0.00772
2026-08-19 18:36:29.849156: [LesionAwareSamplingPowCurriculum] epoch 125: p=0.2632
2026-08-19 18:36:29.849883: do_dummy_2d_data_aug: False
2026-08-19 18:36:29.851745: Using splits from existing split file: /home/galia/ISLES2026/nnUNet_preprocessed/Dataset002_ATLAS/splits_final.json
2026-08-19 18:36:29.851940: The split file contains 1 splits.
2026-08-19 18:36:29.851989: Desired fold for training: 0
2026-08-19 18:36:29.852020: This split has 842 training and 120 validation cases.
using pin_memory on device 0
using pin_memory on device 0
2026-08-19 18:36:31.167121: [LesionAwareSampling] active for 842 training cases; validation remains uniform.
2026-08-19 18:37:01.535233: train_loss -0.4708
2026-08-19 18:37:01.535444: val_loss -0.5044
2026-08-19 18:37:01.535504: Pseudo dice [np.float32(0.741)]
2026-08-19 18:37:01.535589: Epoch time: 31.96 s
2026-08-19 18:37:02.327483: 
2026-08-19 18:37:02.327608: Epoch 126
2026-08-19 18:37:02.327684: Current learning rate: 0.0077
2026-08-19 18:37:32.732412: train_loss -0.4646
2026-08-19 18:37:32.732619: val_loss -0.4725
2026-08-19 18:37:32.732671: Pseudo dice [np.float32(0.7342)]
2026-08-19 18:37:32.732742: Epoch time: 30.41 s
2026-08-19 18:37:33.520211: 
2026-08-19 18:37:33.520320: Epoch 127
2026-08-19 18:37:33.520391: Current learning rate: 0.00768
2026-08-19 18:38:04.223930: train_loss -0.488
2026-08-19 18:38:04.224118: val_loss -0.5346
2026-08-19 18:38:04.224177: Pseudo dice [np.float32(0.7583)]
2026-08-19 18:38:04.224245: Epoch time: 30.7 s
2026-08-19 18:38:05.024351: 
2026-08-19 18:38:05.024467: Epoch 128
2026-08-19 18:38:05.024539: Current learning rate: 0.00766
2026-08-19 18:38:35.345523: train_loss -0.466
2026-08-19 18:38:35.345728: val_loss -0.5368
2026-08-19 18:38:35.345783: Pseudo dice [np.float32(0.7391)]
2026-08-19 18:38:35.345851: Epoch time: 30.32 s
2026-08-19 18:38:36.156596: 
2026-08-19 18:38:36.156844: Epoch 129
2026-08-19 18:38:36.156924: Current learning rate: 0.00764
2026-08-19 18:39:06.607849: train_loss -0.4419
2026-08-19 18:39:06.608100: val_loss -0.495
2026-08-19 18:39:06.608192: Pseudo dice [np.float32(0.7047)]
2026-08-19 18:39:06.608270: Epoch time: 30.45 s
2026-08-19 18:39:07.759570: 
2026-08-19 18:39:07.759728: Epoch 130
2026-08-19 18:39:07.759804: Current learning rate: 0.00763
2026-08-19 18:39:38.137271: train_loss -0.4744
2026-08-19 18:39:38.137482: val_loss -0.5703
2026-08-19 18:39:38.137544: Pseudo dice [np.float32(0.7531)]
2026-08-19 18:39:38.137617: Epoch time: 30.38 s
2026-08-19 18:39:38.921886: 
2026-08-19 18:39:38.922193: Epoch 131
2026-08-19 18:39:38.922272: Current learning rate: 0.00761
2026-08-19 18:40:09.257875: train_loss -0.4871
2026-08-19 18:40:09.258084: val_loss -0.5166
2026-08-19 18:40:09.258143: Pseudo dice [np.float32(0.7712)]
2026-08-19 18:40:09.258215: Epoch time: 30.34 s
2026-08-19 18:40:10.063169: 
2026-08-19 18:40:10.063381: Epoch 132
2026-08-19 18:40:10.063465: Current learning rate: 0.00759
2026-08-19 18:40:40.414704: train_loss -0.4908
2026-08-19 18:40:40.414950: val_loss -0.5113
2026-08-19 18:40:40.415015: Pseudo dice [np.float32(0.7364)]
2026-08-19 18:40:40.415093: Epoch time: 30.35 s
2026-08-19 18:40:41.208596: 
2026-08-19 18:40:41.208765: Epoch 133
2026-08-19 18:40:41.208847: Current learning rate: 0.00757
2026-08-19 18:41:11.655221: train_loss -0.482
2026-08-19 18:41:11.655425: val_loss -0.5045
2026-08-19 18:41:11.655486: Pseudo dice [np.float32(0.7495)]
2026-08-19 18:41:11.655560: Epoch time: 30.45 s
2026-08-19 18:41:12.448684: 
2026-08-19 18:41:12.448811: Epoch 134
2026-08-19 18:41:12.448892: Current learning rate: 0.00755
2026-08-19 18:41:42.897960: train_loss -0.4866
2026-08-19 18:41:42.898166: val_loss -0.506
2026-08-19 18:41:42.898229: Pseudo dice [np.float32(0.7465)]
2026-08-19 18:41:42.898299: Epoch time: 30.45 s
2026-08-19 18:41:43.696228: 
2026-08-19 18:41:43.696397: Epoch 135
2026-08-19 18:41:43.696474: Current learning rate: 0.00753
2026-08-19 18:42:13.985672: train_loss -0.4998
2026-08-19 18:42:13.985869: val_loss -0.5357
2026-08-19 18:42:13.985927: Pseudo dice [np.float32(0.7436)]
2026-08-19 18:42:13.985993: Epoch time: 30.29 s
2026-08-19 18:42:14.784605: 
2026-08-19 18:42:14.784833: Epoch 136
2026-08-19 18:42:14.784923: Current learning rate: 0.00751
2026-08-19 18:42:45.162425: train_loss -0.4928
2026-08-19 18:42:45.162623: val_loss -0.5149
2026-08-19 18:42:45.162682: Pseudo dice [np.float32(0.7155)]
2026-08-19 18:42:45.162759: Epoch time: 30.38 s
2026-08-19 18:42:45.958714: 
2026-08-19 18:42:45.958819: Epoch 137
2026-08-19 18:42:45.958892: Current learning rate: 0.0075
2026-08-19 18:43:16.450440: train_loss -0.4781
2026-08-19 18:43:16.450658: val_loss -0.501
2026-08-19 18:43:16.450718: Pseudo dice [np.float32(0.7582)]
2026-08-19 18:43:16.450789: Epoch time: 30.49 s
2026-08-19 18:43:17.258303: 
2026-08-19 18:43:17.258451: Epoch 138
2026-08-19 18:43:17.258548: Current learning rate: 0.00748
2026-08-19 18:43:47.578341: train_loss -0.4659
2026-08-19 18:43:47.578630: val_loss -0.5028
2026-08-19 18:43:47.578693: Pseudo dice [np.float32(0.7079)]
2026-08-19 18:43:47.578766: Epoch time: 30.32 s
2026-08-19 18:43:48.674682: 
2026-08-19 18:43:48.674908: Epoch 139
2026-08-19 18:43:48.675004: Current learning rate: 0.00746
2026-08-19 18:44:18.950269: train_loss -0.4825
2026-08-19 18:44:18.950487: val_loss -0.5461
2026-08-19 18:44:18.950549: Pseudo dice [np.float32(0.7799)]
2026-08-19 18:44:18.950623: Epoch time: 30.28 s
2026-08-19 18:44:20.044964: 
2026-08-19 18:44:20.045133: Epoch 140
2026-08-19 18:44:20.045207: Current learning rate: 0.00744
2026-08-19 18:44:50.310925: train_loss -0.4919
2026-08-19 18:44:50.311152: val_loss -0.5376
2026-08-19 18:44:50.311217: Pseudo dice [np.float32(0.7734)]
2026-08-19 18:44:50.311288: Epoch time: 30.27 s
2026-08-19 18:44:51.101549: 
2026-08-19 18:44:51.101695: Epoch 141
2026-08-19 18:44:51.101775: Current learning rate: 0.00742
2026-08-19 18:45:21.394785: train_loss -0.4828
2026-08-19 18:45:21.395039: val_loss -0.5371
2026-08-19 18:45:21.395104: Pseudo dice [np.float32(0.7862)]
2026-08-19 18:45:21.395185: Epoch time: 30.29 s
2026-08-19 18:45:22.190938: 
2026-08-19 18:45:22.191054: Epoch 142
2026-08-19 18:45:22.191125: Current learning rate: 0.0074
2026-08-19 18:45:52.661633: train_loss -0.4866
2026-08-19 18:45:52.661813: val_loss -0.5089
2026-08-19 18:45:52.661912: Pseudo dice [np.float32(0.7177)]
2026-08-19 18:45:52.661985: Epoch time: 30.47 s
2026-08-19 18:45:53.457351: 
2026-08-19 18:45:53.457502: Epoch 143
2026-08-19 18:45:53.457577: Current learning rate: 0.00738
2026-08-19 18:46:23.925459: train_loss -0.4908
2026-08-19 18:46:23.925628: val_loss -0.5317
2026-08-19 18:46:23.925684: Pseudo dice [np.float32(0.775)]
2026-08-19 18:46:23.925748: Epoch time: 30.47 s
2026-08-19 18:46:24.721820: 
2026-08-19 18:46:24.722037: Epoch 144
2026-08-19 18:46:24.722118: Current learning rate: 0.00737
2026-08-19 18:46:55.078050: train_loss -0.5012
2026-08-19 18:46:55.078224: val_loss -0.4548
2026-08-19 18:46:55.078282: Pseudo dice [np.float32(0.7303)]
2026-08-19 18:46:55.078346: Epoch time: 30.36 s
2026-08-19 18:46:55.875906: 
2026-08-19 18:46:55.876180: Epoch 145
2026-08-19 18:46:55.876308: Current learning rate: 0.00735
2026-08-19 18:47:26.153278: train_loss -0.4929
2026-08-19 18:47:26.153458: val_loss -0.4951
2026-08-19 18:47:26.153517: Pseudo dice [np.float32(0.745)]
2026-08-19 18:47:26.153580: Epoch time: 30.28 s
2026-08-19 18:47:26.947828: 
2026-08-19 18:47:26.947938: Epoch 146
2026-08-19 18:47:26.948016: Current learning rate: 0.00733
2026-08-19 18:47:57.406291: train_loss -0.4596
2026-08-19 18:47:57.406464: val_loss -0.538
2026-08-19 18:47:57.406516: Pseudo dice [np.float32(0.7853)]
2026-08-19 18:47:57.406575: Epoch time: 30.46 s
2026-08-19 18:47:58.200219: 
2026-08-19 18:47:58.200351: Epoch 147
2026-08-19 18:47:58.200425: Current learning rate: 0.00731
2026-08-19 18:48:28.657268: train_loss -0.4947
2026-08-19 18:48:28.657458: val_loss -0.5077
2026-08-19 18:48:28.657521: Pseudo dice [np.float32(0.747)]
2026-08-19 18:48:28.657627: Epoch time: 30.46 s
2026-08-19 18:48:29.455141: 
2026-08-19 18:48:29.455262: Epoch 148
2026-08-19 18:48:29.455333: Current learning rate: 0.00729
2026-08-19 18:48:59.857742: train_loss -0.4637
2026-08-19 18:48:59.857955: val_loss -0.5394
2026-08-19 18:48:59.858011: Pseudo dice [np.float32(0.7717)]
2026-08-19 18:48:59.858073: Epoch time: 30.4 s
2026-08-19 18:49:00.655570: 
2026-08-19 18:49:00.655672: Epoch 149
2026-08-19 18:49:00.655748: Current learning rate: 0.00727
2026-08-19 18:49:31.143203: train_loss -0.4782
2026-08-19 18:49:31.143386: val_loss -0.5142
2026-08-19 18:49:31.143444: Pseudo dice [np.float32(0.7852)]
2026-08-19 18:49:31.143507: Epoch time: 30.49 s
2026-08-19 18:49:31.447222: Yayy! New best EMA pseudo Dice: 0.756600022315979
2026-08-19 18:49:32.869558: 
2026-08-19 18:49:32.869680: Epoch 150
2026-08-19 18:49:32.869760: Current learning rate: 0.00725
2026-08-19 18:49:33.138405: [LesionAwareSamplingPowCurriculum] epoch 150: p=0.3158
2026-08-19 18:49:33.139183: do_dummy_2d_data_aug: False
2026-08-19 18:49:33.141059: Using splits from existing split file: /home/galia/ISLES2026/nnUNet_preprocessed/Dataset002_ATLAS/splits_final.json
2026-08-19 18:49:33.141272: The split file contains 1 splits.
2026-08-19 18:49:33.141311: Desired fold for training: 0
2026-08-19 18:49:33.141341: This split has 842 training and 120 validation cases.
using pin_memory on device 0
using pin_memory on device 0
2026-08-19 18:49:34.543560: [LesionAwareSampling] active for 842 training cases; validation remains uniform.
2026-08-19 18:50:04.903920: train_loss -0.4414
2026-08-19 18:50:04.904140: val_loss -0.5227
2026-08-19 18:50:04.904202: Pseudo dice [np.float32(0.7613)]
2026-08-19 18:50:04.904287: Epoch time: 32.04 s
2026-08-19 18:50:04.904335: Yayy! New best EMA pseudo Dice: 0.757099986076355
2026-08-19 18:50:06.345546: 
2026-08-19 18:50:06.345703: Epoch 151
2026-08-19 18:50:06.345778: Current learning rate: 0.00724
2026-08-19 18:50:36.659954: train_loss -0.4874
2026-08-19 18:50:36.660166: val_loss -0.5048
2026-08-19 18:50:36.660227: Pseudo dice [np.float32(0.7421)]
2026-08-19 18:50:36.660305: Epoch time: 30.32 s
2026-08-19 18:50:37.484694: 
2026-08-19 18:50:37.484858: Epoch 152
2026-08-19 18:50:37.484936: Current learning rate: 0.00722
2026-08-19 18:51:07.791270: train_loss -0.4756
2026-08-19 18:51:07.791480: val_loss -0.4894
2026-08-19 18:51:07.791538: Pseudo dice [np.float32(0.746)]
2026-08-19 18:51:07.791615: Epoch time: 30.31 s
2026-08-19 18:51:08.612943: 
2026-08-19 18:51:08.613153: Epoch 153
2026-08-19 18:51:08.613244: Current learning rate: 0.0072
2026-08-19 18:51:39.121253: train_loss -0.438
2026-08-19 18:51:39.121477: val_loss -0.4638
2026-08-19 18:51:39.121538: Pseudo dice [np.float32(0.677)]
2026-08-19 18:51:39.121617: Epoch time: 30.51 s
2026-08-19 18:51:39.930834: 
2026-08-19 18:51:39.930983: Epoch 154
2026-08-19 18:51:39.931062: Current learning rate: 0.00718
2026-08-19 18:52:10.255185: train_loss -0.4364
2026-08-19 18:52:10.255399: val_loss -0.5081
2026-08-19 18:52:10.255460: Pseudo dice [np.float32(0.7268)]
2026-08-19 18:52:10.255538: Epoch time: 30.33 s
2026-08-19 18:52:11.060495: 
2026-08-19 18:52:11.060647: Epoch 155
2026-08-19 18:52:11.060720: Current learning rate: 0.00716
2026-08-19 18:52:41.423945: train_loss -0.4752
2026-08-19 18:52:41.424160: val_loss -0.5149
2026-08-19 18:52:41.424221: Pseudo dice [np.float32(0.7753)]
2026-08-19 18:52:41.424296: Epoch time: 30.36 s
2026-08-19 18:52:42.230773: 
2026-08-19 18:52:42.230922: Epoch 156
2026-08-19 18:52:42.230995: Current learning rate: 0.00714
2026-08-19 18:53:12.709050: train_loss -0.445
2026-08-19 18:53:12.709269: val_loss -0.5532
2026-08-19 18:53:12.709326: Pseudo dice [np.float32(0.7435)]
2026-08-19 18:53:12.709402: Epoch time: 30.48 s
2026-08-19 18:53:13.519404: 
2026-08-19 18:53:13.519597: Epoch 157
2026-08-19 18:53:13.519673: Current learning rate: 0.00712
2026-08-19 18:53:43.964038: train_loss -0.4777
2026-08-19 18:53:43.964254: val_loss -0.5041
2026-08-19 18:53:43.964318: Pseudo dice [np.float32(0.728)]
2026-08-19 18:53:43.964394: Epoch time: 30.45 s
2026-08-19 18:53:44.782264: 
2026-08-19 18:53:44.782531: Epoch 158
2026-08-19 18:53:44.782646: Current learning rate: 0.0071
2026-08-19 18:54:15.218268: train_loss -0.4707
2026-08-19 18:54:15.218504: val_loss -0.5216
2026-08-19 18:54:15.218567: Pseudo dice [np.float32(0.7588)]
2026-08-19 18:54:15.218641: Epoch time: 30.44 s
2026-08-19 18:54:16.027685: 
2026-08-19 18:54:16.027840: Epoch 159
2026-08-19 18:54:16.027934: Current learning rate: 0.00709
2026-08-19 18:54:46.487238: train_loss -0.4774
2026-08-19 18:54:46.487465: val_loss -0.4972
2026-08-19 18:54:46.487527: Pseudo dice [np.float32(0.7499)]
2026-08-19 18:54:46.487628: Epoch time: 30.46 s
2026-08-19 18:54:47.635621: 
2026-08-19 18:54:47.635757: Epoch 160
2026-08-19 18:54:47.635835: Current learning rate: 0.00707
2026-08-19 18:55:18.032558: train_loss -0.4571
2026-08-19 18:55:18.032779: val_loss -0.458
2026-08-19 18:55:18.032840: Pseudo dice [np.float32(0.7197)]
2026-08-19 18:55:18.032921: Epoch time: 30.4 s
2026-08-19 18:55:18.840673: 
2026-08-19 18:55:18.840870: Epoch 161
2026-08-19 18:55:18.840946: Current learning rate: 0.00705
2026-08-19 18:55:49.182032: train_loss -0.4627
2026-08-19 18:55:49.182246: val_loss -0.4728
2026-08-19 18:55:49.182336: Pseudo dice [np.float32(0.7392)]
2026-08-19 18:55:49.182408: Epoch time: 30.34 s
2026-08-19 18:55:50.285520: 
2026-08-19 18:55:50.285636: Epoch 162
2026-08-19 18:55:50.285714: Current learning rate: 0.00703
2026-08-19 18:56:20.714482: train_loss -0.4851
2026-08-19 18:56:20.714697: val_loss -0.4865
2026-08-19 18:56:20.714755: Pseudo dice [np.float32(0.7078)]
2026-08-19 18:56:20.714825: Epoch time: 30.43 s
2026-08-19 18:56:21.514670: 
2026-08-19 18:56:21.514827: Epoch 163
2026-08-19 18:56:21.514904: Current learning rate: 0.00701
2026-08-19 18:56:51.860406: train_loss -0.4805
2026-08-19 18:56:51.860615: val_loss -0.5258
2026-08-19 18:56:51.860676: Pseudo dice [np.float32(0.7607)]
2026-08-19 18:56:51.860748: Epoch time: 30.35 s
2026-08-19 18:56:52.662359: 
2026-08-19 18:56:52.662493: Epoch 164
2026-08-19 18:56:52.662566: Current learning rate: 0.00699
2026-08-19 18:57:23.080662: train_loss -0.4963
2026-08-19 18:57:23.080852: val_loss -0.5567
2026-08-19 18:57:23.080959: Pseudo dice [np.float32(0.7755)]
2026-08-19 18:57:23.081031: Epoch time: 30.42 s
2026-08-19 18:57:23.868080: 
2026-08-19 18:57:23.868201: Epoch 165
2026-08-19 18:57:23.868271: Current learning rate: 0.00697
2026-08-19 18:57:54.302096: train_loss -0.488
2026-08-19 18:57:54.302314: val_loss -0.5207
2026-08-19 18:57:54.302376: Pseudo dice [np.float32(0.7833)]
2026-08-19 18:57:54.302453: Epoch time: 30.43 s
2026-08-19 18:57:55.095625: 
2026-08-19 18:57:55.095825: Epoch 166
2026-08-19 18:57:55.095905: Current learning rate: 0.00696
2026-08-19 18:58:25.447325: train_loss -0.4848
2026-08-19 18:58:25.447535: val_loss -0.5056
2026-08-19 18:58:25.447593: Pseudo dice [np.float32(0.7023)]
2026-08-19 18:58:25.447666: Epoch time: 30.35 s
2026-08-19 18:58:26.244835: 
2026-08-19 18:58:26.244981: Epoch 167
2026-08-19 18:58:26.245054: Current learning rate: 0.00694
2026-08-19 18:58:56.708495: train_loss -0.4979
2026-08-19 18:58:56.708696: val_loss -0.5423
2026-08-19 18:58:56.708752: Pseudo dice [np.float32(0.7749)]
2026-08-19 18:58:56.708819: Epoch time: 30.46 s
2026-08-19 18:58:57.509730: 
2026-08-19 18:58:57.509967: Epoch 168
2026-08-19 18:58:57.510056: Current learning rate: 0.00692
2026-08-19 18:59:27.923798: train_loss -0.4918
2026-08-19 18:59:27.923998: val_loss -0.5413
2026-08-19 18:59:27.924057: Pseudo dice [np.float32(0.7557)]
2026-08-19 18:59:27.924124: Epoch time: 30.41 s
2026-08-19 18:59:28.724652: 
2026-08-19 18:59:28.724767: Epoch 169
2026-08-19 18:59:28.724839: Current learning rate: 0.0069
2026-08-19 18:59:59.173333: train_loss -0.5207
2026-08-19 18:59:59.173524: val_loss -0.5442
2026-08-19 18:59:59.173582: Pseudo dice [np.float32(0.7646)]
2026-08-19 18:59:59.173678: Epoch time: 30.45 s
2026-08-19 19:00:00.289790: 
2026-08-19 19:00:00.289948: Epoch 170
2026-08-19 19:00:00.290030: Current learning rate: 0.00688
2026-08-19 19:00:30.708525: train_loss -0.4724
2026-08-19 19:00:30.708769: val_loss -0.5206
2026-08-19 19:00:30.708830: Pseudo dice [np.float32(0.7428)]
2026-08-19 19:00:30.708907: Epoch time: 30.42 s
2026-08-19 19:00:31.510964: 
2026-08-19 19:00:31.511175: Epoch 171
2026-08-19 19:00:31.511253: Current learning rate: 0.00686
2026-08-19 19:01:02.031735: train_loss -0.5123
2026-08-19 19:01:02.032023: val_loss -0.5632
2026-08-19 19:01:02.032084: Pseudo dice [np.float32(0.7633)]
2026-08-19 19:01:02.032157: Epoch time: 30.52 s
2026-08-19 19:01:02.831506: 
2026-08-19 19:01:02.831609: Epoch 172
2026-08-19 19:01:02.831683: Current learning rate: 0.00684
2026-08-19 19:01:33.280003: train_loss -0.4869
2026-08-19 19:01:33.280193: val_loss -0.4788
2026-08-19 19:01:33.280252: Pseudo dice [np.float32(0.7323)]
2026-08-19 19:01:33.280318: Epoch time: 30.45 s
2026-08-19 19:01:34.080427: 
2026-08-19 19:01:34.080528: Epoch 173
2026-08-19 19:01:34.080601: Current learning rate: 0.00682
2026-08-19 19:02:04.529568: train_loss -0.5018
2026-08-19 19:02:04.529751: val_loss -0.5528
2026-08-19 19:02:04.529808: Pseudo dice [np.float32(0.8024)]
2026-08-19 19:02:04.529877: Epoch time: 30.45 s
2026-08-19 19:02:05.626762: 
2026-08-19 19:02:05.626883: Epoch 174
2026-08-19 19:02:05.626960: Current learning rate: 0.0068
2026-08-19 19:02:35.910009: train_loss -0.5002
2026-08-19 19:02:35.910215: val_loss -0.5288
2026-08-19 19:02:35.910274: Pseudo dice [np.float32(0.7371)]
2026-08-19 19:02:35.910408: Epoch time: 30.28 s
2026-08-19 19:02:36.709780: 
2026-08-19 19:02:36.709977: Epoch 175
2026-08-19 19:02:36.710102: Current learning rate: 0.00679
2026-08-19 19:02:36.998153: [LesionAwareSamplingPowCurriculum] epoch 175: p=0.3684
2026-08-19 19:02:36.998948: do_dummy_2d_data_aug: False
2026-08-19 19:02:37.000939: Using splits from existing split file: /home/galia/ISLES2026/nnUNet_preprocessed/Dataset002_ATLAS/splits_final.json
2026-08-19 19:02:37.001156: The split file contains 1 splits.
2026-08-19 19:02:37.001197: Desired fold for training: 0
2026-08-19 19:02:37.001231: This split has 842 training and 120 validation cases.
using pin_memory on device 0
using pin_memory on device 0
2026-08-19 19:02:38.230067: [LesionAwareSampling] active for 842 training cases; validation remains uniform.
2026-08-19 19:03:08.638845: train_loss -0.4776
2026-08-19 19:03:08.639090: val_loss -0.5016
2026-08-19 19:03:08.639158: Pseudo dice [np.float32(0.7992)]
2026-08-19 19:03:08.639242: Epoch time: 31.93 s
2026-08-19 19:03:08.639292: Yayy! New best EMA pseudo Dice: 0.7572000026702881
2026-08-19 19:03:09.971759: 
2026-08-19 19:03:09.972027: Epoch 176
2026-08-19 19:03:09.972123: Current learning rate: 0.00677
2026-08-19 19:03:40.460345: train_loss -0.4976
2026-08-19 19:03:40.460545: val_loss -0.5353
2026-08-19 19:03:40.460603: Pseudo dice [np.float32(0.7664)]
2026-08-19 19:03:40.460699: Epoch time: 30.49 s
2026-08-19 19:03:40.460745: Yayy! New best EMA pseudo Dice: 0.7580999732017517
2026-08-19 19:03:41.595809: 
2026-08-19 19:03:41.595967: Epoch 177
2026-08-19 19:03:41.596073: Current learning rate: 0.00675
2026-08-19 19:04:12.115986: train_loss -0.4783
2026-08-19 19:04:12.116184: val_loss -0.5148
2026-08-19 19:04:12.116242: Pseudo dice [np.float32(0.7255)]
2026-08-19 19:04:12.116349: Epoch time: 30.52 s
2026-08-19 19:04:12.919063: 
2026-08-19 19:04:12.919202: Epoch 178
2026-08-19 19:04:12.919278: Current learning rate: 0.00673
2026-08-19 19:04:43.395412: train_loss -0.468
2026-08-19 19:04:43.395608: val_loss -0.4499
2026-08-19 19:04:43.395668: Pseudo dice [np.float32(0.7221)]
2026-08-19 19:04:43.395736: Epoch time: 30.48 s
2026-08-19 19:04:44.212062: 
2026-08-19 19:04:44.212289: Epoch 179
2026-08-19 19:04:44.212366: Current learning rate: 0.00671
2026-08-19 19:05:14.759784: train_loss -0.4831
2026-08-19 19:05:14.759995: val_loss -0.5609
2026-08-19 19:05:14.760051: Pseudo dice [np.float32(0.7783)]
2026-08-19 19:05:14.760122: Epoch time: 30.55 s
2026-08-19 19:05:15.875245: 
2026-08-19 19:05:15.875485: Epoch 180
2026-08-19 19:05:15.875563: Current learning rate: 0.00669
2026-08-19 19:05:46.356331: train_loss -0.5087
2026-08-19 19:05:46.356501: val_loss -0.4979
2026-08-19 19:05:46.356559: Pseudo dice [np.float32(0.7401)]
2026-08-19 19:05:46.356624: Epoch time: 30.48 s
2026-08-19 19:05:47.156362: 
2026-08-19 19:05:47.156481: Epoch 181
2026-08-19 19:05:47.156558: Current learning rate: 0.00667
2026-08-19 19:06:17.636435: train_loss -0.5009
2026-08-19 19:06:17.636618: val_loss -0.5211
2026-08-19 19:06:17.636676: Pseudo dice [np.float32(0.7624)]
2026-08-19 19:06:17.636738: Epoch time: 30.48 s
2026-08-19 19:06:18.435408: 
2026-08-19 19:06:18.435548: Epoch 182
2026-08-19 19:06:18.435620: Current learning rate: 0.00665
2026-08-19 19:06:48.894844: train_loss -0.5096
2026-08-19 19:06:48.895051: val_loss -0.5124
2026-08-19 19:06:48.895110: Pseudo dice [np.float32(0.7336)]
2026-08-19 19:06:48.895175: Epoch time: 30.46 s
2026-08-19 19:06:49.701369: 
2026-08-19 19:06:49.701481: Epoch 183
2026-08-19 19:06:49.701555: Current learning rate: 0.00664
2026-08-19 19:07:19.980456: train_loss -0.4954
2026-08-19 19:07:19.980636: val_loss -0.5007
2026-08-19 19:07:19.980695: Pseudo dice [np.float32(0.7645)]
2026-08-19 19:07:19.980758: Epoch time: 30.28 s
2026-08-19 19:07:20.782397: 
2026-08-19 19:07:20.782537: Epoch 184
2026-08-19 19:07:20.782615: Current learning rate: 0.00662
2026-08-19 19:07:51.034148: train_loss -0.4956
2026-08-19 19:07:51.034319: val_loss -0.4866
2026-08-19 19:07:51.034380: Pseudo dice [np.float32(0.7116)]
2026-08-19 19:07:51.034444: Epoch time: 30.25 s
2026-08-19 19:07:51.840568: 
2026-08-19 19:07:51.840680: Epoch 185
2026-08-19 19:07:51.840753: Current learning rate: 0.0066
2026-08-19 19:08:22.057292: train_loss -0.486
2026-08-19 19:08:22.057460: val_loss -0.5607
2026-08-19 19:08:22.057521: Pseudo dice [np.float32(0.7826)]
2026-08-19 19:08:22.057584: Epoch time: 30.22 s
2026-08-19 19:08:23.240474: 
2026-08-19 19:08:23.240646: Epoch 186
2026-08-19 19:08:23.240724: Current learning rate: 0.00658
2026-08-19 19:08:53.571160: train_loss -0.4812
2026-08-19 19:08:53.571365: val_loss -0.4927
2026-08-19 19:08:53.571428: Pseudo dice [np.float32(0.7595)]
2026-08-19 19:08:53.571500: Epoch time: 30.33 s
2026-08-19 19:08:54.384567: 
2026-08-19 19:08:54.384688: Epoch 187
2026-08-19 19:08:54.384763: Current learning rate: 0.00656
2026-08-19 19:09:24.876922: train_loss -0.4685
2026-08-19 19:09:24.877146: val_loss -0.5605
2026-08-19 19:09:24.877205: Pseudo dice [np.float32(0.7695)]
2026-08-19 19:09:24.877276: Epoch time: 30.49 s
2026-08-19 19:09:25.681515: 
2026-08-19 19:09:25.681673: Epoch 188
2026-08-19 19:09:25.681755: Current learning rate: 0.00654
2026-08-19 19:09:56.148006: train_loss -0.5163
2026-08-19 19:09:56.148260: val_loss -0.5407
2026-08-19 19:09:56.148318: Pseudo dice [np.float32(0.7785)]
2026-08-19 19:09:56.148389: Epoch time: 30.47 s
2026-08-19 19:09:56.956732: 
2026-08-19 19:09:56.956946: Epoch 189
2026-08-19 19:09:56.957022: Current learning rate: 0.00652
2026-08-19 19:10:27.411192: train_loss -0.4553
2026-08-19 19:10:27.411403: val_loss -0.5116
2026-08-19 19:10:27.411462: Pseudo dice [np.float32(0.7335)]
2026-08-19 19:10:27.411535: Epoch time: 30.46 s
2026-08-19 19:10:28.554325: 
2026-08-19 19:10:28.554471: Epoch 190
2026-08-19 19:10:28.554584: Current learning rate: 0.0065
2026-08-19 19:10:58.883925: train_loss -0.4861
2026-08-19 19:10:58.884163: val_loss -0.5217
2026-08-19 19:10:58.884228: Pseudo dice [np.float32(0.7386)]
2026-08-19 19:10:58.884303: Epoch time: 30.33 s
2026-08-19 19:10:59.697130: 
2026-08-19 19:10:59.697405: Epoch 191
2026-08-19 19:10:59.697484: Current learning rate: 0.00648
2026-08-19 19:11:30.164594: train_loss -0.4665
2026-08-19 19:11:30.164850: val_loss -0.4309
2026-08-19 19:11:30.164943: Pseudo dice [np.float32(0.6829)]
2026-08-19 19:11:30.165044: Epoch time: 30.47 s
2026-08-19 19:11:30.991473: 
2026-08-19 19:11:30.991775: Epoch 192
2026-08-19 19:11:30.991946: Current learning rate: 0.00647
2026-08-19 19:12:01.378460: train_loss -0.4696
2026-08-19 19:12:01.378670: val_loss -0.5229
2026-08-19 19:12:01.378734: Pseudo dice [np.float32(0.7721)]
2026-08-19 19:12:01.378809: Epoch time: 30.39 s
2026-08-19 19:12:02.204883: 
2026-08-19 19:12:02.205086: Epoch 193
2026-08-19 19:12:02.205175: Current learning rate: 0.00645
2026-08-19 19:12:32.563717: train_loss -0.5042
2026-08-19 19:12:32.563961: val_loss -0.4968
2026-08-19 19:12:32.564024: Pseudo dice [np.float32(0.7551)]
2026-08-19 19:12:32.564105: Epoch time: 30.36 s
2026-08-19 19:12:33.377936: 
2026-08-19 19:12:33.378088: Epoch 194
2026-08-19 19:12:33.378161: Current learning rate: 0.00643
2026-08-19 19:13:03.791779: train_loss -0.5034
2026-08-19 19:13:03.791990: val_loss -0.551
2026-08-19 19:13:03.792048: Pseudo dice [np.float32(0.7657)]
2026-08-19 19:13:03.792116: Epoch time: 30.41 s
2026-08-19 19:13:04.607715: 
2026-08-19 19:13:04.607958: Epoch 195
2026-08-19 19:13:04.608049: Current learning rate: 0.00641
2026-08-19 19:13:35.073969: train_loss -0.5165
2026-08-19 19:13:35.074175: val_loss -0.4769
2026-08-19 19:13:35.074238: Pseudo dice [np.float32(0.6866)]
2026-08-19 19:13:35.074314: Epoch time: 30.47 s
2026-08-19 19:13:35.886962: 
2026-08-19 19:13:35.887074: Epoch 196
2026-08-19 19:13:35.887146: Current learning rate: 0.00639
2026-08-19 19:14:06.439674: train_loss -0.5089
2026-08-19 19:14:06.439904: val_loss -0.5653
2026-08-19 19:14:06.439968: Pseudo dice [np.float32(0.7888)]
2026-08-19 19:14:06.440042: Epoch time: 30.55 s
2026-08-19 19:14:07.547902: 
2026-08-19 19:14:07.548014: Epoch 197
2026-08-19 19:14:07.548088: Current learning rate: 0.00637
2026-08-19 19:14:38.091079: train_loss -0.4875
2026-08-19 19:14:38.091323: val_loss -0.5537
2026-08-19 19:14:38.091380: Pseudo dice [np.float32(0.7537)]
2026-08-19 19:14:38.091452: Epoch time: 30.54 s
2026-08-19 19:14:38.900103: 
2026-08-19 19:14:38.900358: Epoch 198
2026-08-19 19:14:38.900441: Current learning rate: 0.00635
2026-08-19 19:15:09.379242: train_loss -0.4856
2026-08-19 19:15:09.379474: val_loss -0.5155
2026-08-19 19:15:09.379537: Pseudo dice [np.float32(0.7664)]
2026-08-19 19:15:09.379608: Epoch time: 30.48 s
2026-08-19 19:15:10.186651: 
2026-08-19 19:15:10.186795: Epoch 199
2026-08-19 19:15:10.186874: Current learning rate: 0.00633
2026-08-19 19:15:40.570533: train_loss -0.4746
2026-08-19 19:15:40.570728: val_loss -0.5078
2026-08-19 19:15:40.571081: Pseudo dice [np.float32(0.7711)]
2026-08-19 19:15:40.571164: Epoch time: 30.38 s
2026-08-19 19:15:41.671345: 
2026-08-19 19:15:41.671566: Epoch 200
2026-08-19 19:15:41.671642: Current learning rate: 0.00631
2026-08-19 19:15:41.893924: [LesionAwareSamplingPowCurriculum] epoch 200: p=0.4211
2026-08-19 19:15:41.894671: do_dummy_2d_data_aug: False
2026-08-19 19:15:41.896713: Using splits from existing split file: /home/galia/ISLES2026/nnUNet_preprocessed/Dataset002_ATLAS/splits_final.json
2026-08-19 19:15:41.896943: The split file contains 1 splits.
2026-08-19 19:15:41.896985: Desired fold for training: 0
2026-08-19 19:15:41.897019: This split has 842 training and 120 validation cases.
using pin_memory on device 0
using pin_memory on device 0
2026-08-19 19:15:43.111053: [LesionAwareSampling] active for 842 training cases; validation remains uniform.
2026-08-19 19:16:13.453745: train_loss -0.4919
2026-08-19 19:16:13.453943: val_loss -0.4779
2026-08-19 19:16:13.454139: Pseudo dice [np.float32(0.7345)]
2026-08-19 19:16:13.454230: Epoch time: 31.78 s
2026-08-19 19:16:14.279763: 
2026-08-19 19:16:14.280014: Epoch 201
2026-08-19 19:16:14.280142: Current learning rate: 0.0063
2026-08-19 19:16:44.652355: train_loss -0.5073
2026-08-19 19:16:44.652549: val_loss -0.4848
2026-08-19 19:16:44.652610: Pseudo dice [np.float32(0.77)]
2026-08-19 19:16:44.652673: Epoch time: 30.37 s
2026-08-19 19:16:45.469882: 
2026-08-19 19:16:45.470125: Epoch 202
2026-08-19 19:16:45.470203: Current learning rate: 0.00628
2026-08-19 19:17:15.825773: train_loss -0.5072
2026-08-19 19:17:15.825977: val_loss -0.5444
2026-08-19 19:17:15.826040: Pseudo dice [np.float32(0.7671)]
2026-08-19 19:17:15.826106: Epoch time: 30.36 s
2026-08-19 19:17:16.656348: 
2026-08-19 19:17:16.656619: Epoch 203
2026-08-19 19:17:16.656698: Current learning rate: 0.00626
2026-08-19 19:17:47.014584: train_loss -0.4966
2026-08-19 19:17:47.014758: val_loss -0.5249
2026-08-19 19:17:47.014816: Pseudo dice [np.float32(0.7604)]
2026-08-19 19:17:47.014886: Epoch time: 30.36 s
2026-08-19 19:17:47.823423: 
2026-08-19 19:17:47.823621: Epoch 204
2026-08-19 19:17:47.823703: Current learning rate: 0.00624
2026-08-19 19:18:18.098654: train_loss -0.5023
2026-08-19 19:18:18.098897: val_loss -0.3845
2026-08-19 19:18:18.098959: Pseudo dice [np.float32(0.683)]
2026-08-19 19:18:18.099027: Epoch time: 30.28 s
2026-08-19 19:18:18.916968: 
2026-08-19 19:18:18.917160: Epoch 205
2026-08-19 19:18:18.917241: Current learning rate: 0.00622
2026-08-19 19:18:49.163846: train_loss -0.4779
2026-08-19 19:18:49.164060: val_loss -0.4401
2026-08-19 19:18:49.164122: Pseudo dice [np.float32(0.7312)]
2026-08-19 19:18:49.164196: Epoch time: 30.25 s
2026-08-19 19:18:49.956136: 
2026-08-19 19:18:49.956273: Epoch 206
2026-08-19 19:18:49.956348: Current learning rate: 0.0062
2026-08-19 19:19:20.206020: train_loss -0.4924
2026-08-19 19:19:20.206235: val_loss -0.5221
2026-08-19 19:19:20.206295: Pseudo dice [np.float32(0.7833)]
2026-08-19 19:19:20.206369: Epoch time: 30.25 s
2026-08-19 19:19:20.998202: 
2026-08-19 19:19:20.998311: Epoch 207
2026-08-19 19:19:20.998384: Current learning rate: 0.00618
2026-08-19 19:19:51.378438: train_loss -0.4964
2026-08-19 19:19:51.378644: val_loss -0.4632
2026-08-19 19:19:51.378700: Pseudo dice [np.float32(0.7415)]
2026-08-19 19:19:51.378772: Epoch time: 30.38 s
2026-08-19 19:19:52.172319: 
2026-08-19 19:19:52.172431: Epoch 208
2026-08-19 19:19:52.172508: Current learning rate: 0.00616
2026-08-19 19:20:22.537023: train_loss -0.4929
2026-08-19 19:20:22.537233: val_loss -0.4896
2026-08-19 19:20:22.537292: Pseudo dice [np.float32(0.7153)]
2026-08-19 19:20:22.537367: Epoch time: 30.37 s
2026-08-19 19:20:23.687909: 
2026-08-19 19:20:23.688107: Epoch 209
2026-08-19 19:20:23.688195: Current learning rate: 0.00614
2026-08-19 19:20:54.188469: train_loss -0.4891
2026-08-19 19:20:54.188673: val_loss -0.5357
2026-08-19 19:20:54.188731: Pseudo dice [np.float32(0.7666)]
2026-08-19 19:20:54.188801: Epoch time: 30.5 s
2026-08-19 19:20:55.299441: 
2026-08-19 19:20:55.299731: Epoch 210
2026-08-19 19:20:55.299820: Current learning rate: 0.00612
2026-08-19 19:21:25.737775: train_loss -0.5014
2026-08-19 19:21:25.738003: val_loss -0.5448
2026-08-19 19:21:25.738125: Pseudo dice [np.float32(0.7454)]
2026-08-19 19:21:25.738204: Epoch time: 30.44 s
2026-08-19 19:21:26.543398: 
2026-08-19 19:21:26.543583: Epoch 211
2026-08-19 19:21:26.543667: Current learning rate: 0.00611
2026-08-19 19:21:56.909944: train_loss -0.4864
2026-08-19 19:21:56.910222: val_loss -0.5218
2026-08-19 19:21:56.910281: Pseudo dice [np.float32(0.7568)]
2026-08-19 19:21:56.910355: Epoch time: 30.37 s
2026-08-19 19:21:57.703321: 
2026-08-19 19:21:57.703447: Epoch 212
2026-08-19 19:21:57.703517: Current learning rate: 0.00609
2026-08-19 19:22:28.023529: train_loss -0.4864
2026-08-19 19:22:28.023750: val_loss -0.58
2026-08-19 19:22:28.023807: Pseudo dice [np.float32(0.814)]
2026-08-19 19:22:28.023890: Epoch time: 30.32 s
2026-08-19 19:22:28.816583: 
2026-08-19 19:22:28.816751: Epoch 213
2026-08-19 19:22:28.816827: Current learning rate: 0.00607
2026-08-19 19:22:59.186044: train_loss -0.5041
2026-08-19 19:22:59.186356: val_loss -0.4738
2026-08-19 19:22:59.186424: Pseudo dice [np.float32(0.674)]
2026-08-19 19:22:59.186495: Epoch time: 30.37 s
2026-08-19 19:22:59.980378: 
2026-08-19 19:22:59.980510: Epoch 214
2026-08-19 19:22:59.980587: Current learning rate: 0.00605
2026-08-19 19:23:30.412011: train_loss -0.4788
2026-08-19 19:23:30.412424: val_loss -0.4471
2026-08-19 19:23:30.412488: Pseudo dice [np.float32(0.7422)]
2026-08-19 19:23:30.412563: Epoch time: 30.43 s
2026-08-19 19:23:31.205309: 
2026-08-19 19:23:31.205457: Epoch 215
2026-08-19 19:23:31.205533: Current learning rate: 0.00603
2026-08-19 19:24:01.637605: train_loss -0.5169
2026-08-19 19:24:01.637821: val_loss -0.4696
2026-08-19 19:24:01.637889: Pseudo dice [np.float32(0.7274)]
2026-08-19 19:24:01.637964: Epoch time: 30.43 s
2026-08-19 19:24:02.432813: 
2026-08-19 19:24:02.433016: Epoch 216
2026-08-19 19:24:02.433096: Current learning rate: 0.00601
2026-08-19 19:24:32.863350: train_loss -0.4979
2026-08-19 19:24:32.863608: val_loss -0.5824
2026-08-19 19:24:32.863664: Pseudo dice [np.float32(0.7993)]
2026-08-19 19:24:32.863733: Epoch time: 30.43 s
2026-08-19 19:24:33.655419: 
2026-08-19 19:24:33.655699: Epoch 217
2026-08-19 19:24:33.655778: Current learning rate: 0.00599
2026-08-19 19:25:04.182053: train_loss -0.515
2026-08-19 19:25:04.182296: val_loss -0.5074
2026-08-19 19:25:04.182359: Pseudo dice [np.float32(0.7337)]
2026-08-19 19:25:04.182433: Epoch time: 30.53 s
2026-08-19 19:25:04.978972: 
2026-08-19 19:25:04.979248: Epoch 218
2026-08-19 19:25:04.979326: Current learning rate: 0.00597
2026-08-19 19:25:35.322280: train_loss -0.4865
2026-08-19 19:25:35.322550: val_loss -0.5189
2026-08-19 19:25:35.322612: Pseudo dice [np.float32(0.7202)]
2026-08-19 19:25:35.322687: Epoch time: 30.34 s
2026-08-19 19:25:36.114291: 
2026-08-19 19:25:36.114403: Epoch 219
2026-08-19 19:25:36.114474: Current learning rate: 0.00595
2026-08-19 19:26:06.453145: train_loss -0.4947
2026-08-19 19:26:06.453383: val_loss -0.5305
2026-08-19 19:26:06.453450: Pseudo dice [np.float32(0.7662)]
2026-08-19 19:26:06.453545: Epoch time: 30.34 s
2026-08-19 19:26:07.559647: 
2026-08-19 19:26:07.559760: Epoch 220
2026-08-19 19:26:07.559837: Current learning rate: 0.00593
2026-08-19 19:26:37.928514: train_loss -0.5054
2026-08-19 19:26:37.928787: val_loss -0.5459
2026-08-19 19:26:37.928843: Pseudo dice [np.float32(0.7704)]
2026-08-19 19:26:37.928913: Epoch time: 30.37 s
2026-08-19 19:26:39.022093: 
2026-08-19 19:26:39.022212: Epoch 221
2026-08-19 19:26:39.022294: Current learning rate: 0.00592
2026-08-19 19:27:09.516616: train_loss -0.5028
2026-08-19 19:27:09.516796: val_loss -0.5651
2026-08-19 19:27:09.516861: Pseudo dice [np.float32(0.8006)]
2026-08-19 19:27:09.516929: Epoch time: 30.5 s
2026-08-19 19:27:10.297415: 
2026-08-19 19:27:10.297559: Epoch 222
2026-08-19 19:27:10.297639: Current learning rate: 0.0059
2026-08-19 19:27:40.705860: train_loss -0.501
2026-08-19 19:27:40.706127: val_loss -0.5931
2026-08-19 19:27:40.706190: Pseudo dice [np.float32(0.8026)]
2026-08-19 19:27:40.706263: Epoch time: 30.41 s
2026-08-19 19:27:40.706346: Yayy! New best EMA pseudo Dice: 0.7597000002861023
2026-08-19 19:27:41.972825: 
2026-08-19 19:27:41.972990: Epoch 223
2026-08-19 19:27:41.973063: Current learning rate: 0.00588
2026-08-19 19:28:12.440144: train_loss -0.4964
2026-08-19 19:28:12.440416: val_loss -0.5354
2026-08-19 19:28:12.440473: Pseudo dice [np.float32(0.7479)]
2026-08-19 19:28:12.440542: Epoch time: 30.47 s
2026-08-19 19:28:13.222053: 
2026-08-19 19:28:13.222228: Epoch 224
2026-08-19 19:28:13.222303: Current learning rate: 0.00586
2026-08-19 19:28:43.775488: train_loss -0.5021
2026-08-19 19:28:43.775700: val_loss -0.5563
2026-08-19 19:28:43.775756: Pseudo dice [np.float32(0.7781)]
2026-08-19 19:28:43.776247: Epoch time: 30.55 s
2026-08-19 19:28:43.776301: Yayy! New best EMA pseudo Dice: 0.7605000138282776
2026-08-19 19:28:44.883101: 
2026-08-19 19:28:44.883280: Epoch 225
2026-08-19 19:28:44.883375: Current learning rate: 0.00584
2026-08-19 19:28:45.118032: [LesionAwareSamplingPowCurriculum] epoch 225: p=0.4737
2026-08-19 19:28:45.118788: do_dummy_2d_data_aug: False
2026-08-19 19:28:45.120836: Using splits from existing split file: /home/galia/ISLES2026/nnUNet_preprocessed/Dataset002_ATLAS/splits_final.json
2026-08-19 19:28:45.121078: The split file contains 1 splits.
2026-08-19 19:28:45.121119: Desired fold for training: 0
2026-08-19 19:28:45.121150: This split has 842 training and 120 validation cases.
using pin_memory on device 0
using pin_memory on device 0
2026-08-19 19:28:46.275159: [LesionAwareSampling] active for 842 training cases; validation remains uniform.
2026-08-19 19:29:16.666210: train_loss -0.497
2026-08-19 19:29:16.666471: val_loss -0.5644
2026-08-19 19:29:16.666538: Pseudo dice [np.float32(0.7388)]
2026-08-19 19:29:16.666624: Epoch time: 31.78 s
2026-08-19 19:29:17.453089: 
2026-08-19 19:29:17.453259: Epoch 226
2026-08-19 19:29:17.453335: Current learning rate: 0.00582
2026-08-19 19:29:47.669239: train_loss -0.488
2026-08-19 19:29:47.669451: val_loss -0.4672
2026-08-19 19:29:47.669512: Pseudo dice [np.float32(0.6809)]
2026-08-19 19:29:47.669581: Epoch time: 30.22 s
2026-08-19 19:29:48.453670: 
2026-08-19 19:29:48.453810: Epoch 227
2026-08-19 19:29:48.453891: Current learning rate: 0.0058
2026-08-19 19:30:18.774231: train_loss -0.4888
2026-08-19 19:30:18.774442: val_loss -0.5905
2026-08-19 19:30:18.774515: Pseudo dice [np.float32(0.7846)]
2026-08-19 19:30:18.774584: Epoch time: 30.32 s
2026-08-19 19:30:19.558642: 
2026-08-19 19:30:19.558753: Epoch 228
2026-08-19 19:30:19.558824: Current learning rate: 0.00578
2026-08-19 19:30:49.972650: train_loss -0.5011
2026-08-19 19:30:49.972828: val_loss -0.5968
2026-08-19 19:30:49.972891: Pseudo dice [np.float32(0.7853)]
2026-08-19 19:30:49.972953: Epoch time: 30.41 s
2026-08-19 19:30:50.755163: 
2026-08-19 19:30:50.755349: Epoch 229
2026-08-19 19:30:50.755426: Current learning rate: 0.00576
2026-08-19 19:31:21.187724: train_loss -0.5049
2026-08-19 19:31:21.187927: val_loss -0.5276
2026-08-19 19:31:21.187988: Pseudo dice [np.float32(0.7771)]
2026-08-19 19:31:21.188061: Epoch time: 30.43 s
2026-08-19 19:31:22.387970: 
2026-08-19 19:31:22.388086: Epoch 230
2026-08-19 19:31:22.388161: Current learning rate: 0.00574
2026-08-19 19:31:52.726879: train_loss -0.4702
2026-08-19 19:31:52.727064: val_loss -0.4702
2026-08-19 19:31:52.727123: Pseudo dice [np.float32(0.7039)]
2026-08-19 19:31:52.727189: Epoch time: 30.34 s
2026-08-19 19:31:53.509898: 
2026-08-19 19:31:53.510015: Epoch 231
2026-08-19 19:31:53.510092: Current learning rate: 0.00572
2026-08-19 19:32:23.863589: train_loss -0.485
2026-08-19 19:32:23.863837: val_loss -0.5454
2026-08-19 19:32:23.863905: Pseudo dice [np.float32(0.7731)]
2026-08-19 19:32:23.863978: Epoch time: 30.35 s
2026-08-19 19:32:24.649999: 
2026-08-19 19:32:24.650183: Epoch 232
2026-08-19 19:32:24.650262: Current learning rate: 0.0057
2026-08-19 19:32:55.068227: train_loss -0.508
2026-08-19 19:32:55.068450: val_loss -0.4993
2026-08-19 19:32:55.068508: Pseudo dice [np.float32(0.7579)]
2026-08-19 19:32:55.068572: Epoch time: 30.42 s
2026-08-19 19:32:55.848328: 
2026-08-19 19:32:55.848466: Epoch 233
2026-08-19 19:32:55.848543: Current learning rate: 0.00569
2026-08-19 19:33:26.159998: train_loss -0.489
2026-08-19 19:33:26.160187: val_loss -0.387
2026-08-19 19:33:26.160246: Pseudo dice [np.float32(0.5825)]
2026-08-19 19:33:26.160315: Epoch time: 30.31 s
2026-08-19 19:33:27.324030: 
2026-08-19 19:33:27.324245: Epoch 234
2026-08-19 19:33:27.324328: Current learning rate: 0.00567
2026-08-19 19:33:57.637683: train_loss -0.5357
2026-08-19 19:33:57.637890: val_loss -0.4814
2026-08-19 19:33:57.637949: Pseudo dice [np.float32(0.733)]
2026-08-19 19:33:57.638016: Epoch time: 30.31 s
2026-08-19 19:33:58.442143: 
2026-08-19 19:33:58.442295: Epoch 235
2026-08-19 19:33:58.442369: Current learning rate: 0.00565
2026-08-19 19:34:28.916783: train_loss -0.4996
2026-08-19 19:34:28.916993: val_loss -0.4607
2026-08-19 19:34:28.917051: Pseudo dice [np.float32(0.7329)]
2026-08-19 19:34:28.917122: Epoch time: 30.48 s
2026-08-19 19:34:29.721238: 
2026-08-19 19:34:29.721377: Epoch 236
2026-08-19 19:34:29.721448: Current learning rate: 0.00563
2026-08-19 19:35:00.182417: train_loss -0.4759
2026-08-19 19:35:00.182596: val_loss -0.4684
2026-08-19 19:35:00.182655: Pseudo dice [np.float32(0.7135)]
2026-08-19 19:35:00.182718: Epoch time: 30.46 s
2026-08-19 19:35:00.960957: 
2026-08-19 19:35:00.961202: Epoch 237
2026-08-19 19:35:00.961288: Current learning rate: 0.00561
2026-08-19 19:35:31.469463: train_loss -0.5139
2026-08-19 19:35:31.469638: val_loss -0.4173
2026-08-19 19:35:31.469697: Pseudo dice [np.float32(0.7313)]
2026-08-19 19:35:31.469761: Epoch time: 30.51 s
2026-08-19 19:35:32.251591: 
2026-08-19 19:35:32.251946: Epoch 238
2026-08-19 19:35:32.252032: Current learning rate: 0.00559
2026-08-19 19:36:02.743334: train_loss -0.4957
2026-08-19 19:36:02.743518: val_loss -0.521
2026-08-19 19:36:02.743578: Pseudo dice [np.float32(0.7561)]
2026-08-19 19:36:02.743654: Epoch time: 30.49 s
2026-08-19 19:36:03.522779: 
2026-08-19 19:36:03.522916: Epoch 239
2026-08-19 19:36:03.522988: Current learning rate: 0.00557
2026-08-19 19:36:33.970904: train_loss -0.5101
2026-08-19 19:36:33.971109: val_loss -0.5257
2026-08-19 19:36:33.971166: Pseudo dice [np.float32(0.7616)]
2026-08-19 19:36:33.971237: Epoch time: 30.45 s
2026-08-19 19:36:35.071307: 
2026-08-19 19:36:35.071440: Epoch 240
2026-08-19 19:36:35.071519: Current learning rate: 0.00555
2026-08-19 19:37:05.537716: train_loss -0.5101
2026-08-19 19:37:05.537913: val_loss -0.5571
2026-08-19 19:37:05.537977: Pseudo dice [np.float32(0.7647)]
2026-08-19 19:37:05.538044: Epoch time: 30.47 s
2026-08-19 19:37:06.325818: 
2026-08-19 19:37:06.325966: Epoch 241
2026-08-19 19:37:06.326074: Current learning rate: 0.00553
2026-08-19 19:37:36.768261: train_loss -0.5194
2026-08-19 19:37:36.768464: val_loss -0.5753
2026-08-19 19:37:36.768521: Pseudo dice [np.float32(0.8008)]
2026-08-19 19:37:36.768589: Epoch time: 30.44 s
2026-08-19 19:37:37.558512: 
2026-08-19 19:37:37.558725: Epoch 242
2026-08-19 19:37:37.558801: Current learning rate: 0.00551
2026-08-19 19:38:08.034210: train_loss -0.5165
2026-08-19 19:38:08.034387: val_loss -0.5161
2026-08-19 19:38:08.034445: Pseudo dice [np.float32(0.7324)]
2026-08-19 19:38:08.034509: Epoch time: 30.48 s
2026-08-19 19:38:08.819009: 
2026-08-19 19:38:08.819200: Epoch 243
2026-08-19 19:38:08.819271: Current learning rate: 0.00549
2026-08-19 19:38:39.294678: train_loss -0.52
2026-08-19 19:38:39.294880: val_loss -0.5557
2026-08-19 19:38:39.294942: Pseudo dice [np.float32(0.7709)]
2026-08-19 19:38:39.295011: Epoch time: 30.48 s
2026-08-19 19:38:40.084912: 
2026-08-19 19:38:40.085155: Epoch 244
2026-08-19 19:38:40.085232: Current learning rate: 0.00547
2026-08-19 19:39:10.502209: train_loss -0.5386
2026-08-19 19:39:10.502395: val_loss -0.5687
2026-08-19 19:39:10.502473: Pseudo dice [np.float32(0.793)]
2026-08-19 19:39:10.502535: Epoch time: 30.42 s
2026-08-19 19:39:11.290015: 
2026-08-19 19:39:11.290282: Epoch 245
2026-08-19 19:39:11.290369: Current learning rate: 0.00546
2026-08-19 19:39:41.561338: train_loss -0.5174
2026-08-19 19:39:41.561558: val_loss -0.5185
2026-08-19 19:39:41.561616: Pseudo dice [np.float32(0.7653)]
2026-08-19 19:39:41.561682: Epoch time: 30.27 s
2026-08-19 19:39:42.637433: 
2026-08-19 19:39:42.637705: Epoch 246
2026-08-19 19:39:42.637792: Current learning rate: 0.00544
2026-08-19 19:40:12.920975: train_loss -0.4947
2026-08-19 19:40:12.921240: val_loss -0.5042
2026-08-19 19:40:12.921304: Pseudo dice [np.float32(0.7492)]
2026-08-19 19:40:12.921377: Epoch time: 30.28 s
2026-08-19 19:40:13.704472: 
2026-08-19 19:40:13.704744: Epoch 247
2026-08-19 19:40:13.704816: Current learning rate: 0.00542
2026-08-19 19:40:44.017104: train_loss -0.5179
2026-08-19 19:40:44.017322: val_loss -0.446
2026-08-19 19:40:44.017396: Pseudo dice [np.float32(0.6769)]
2026-08-19 19:40:44.017479: Epoch time: 30.31 s
2026-08-19 19:40:44.799532: 
2026-08-19 19:40:44.799784: Epoch 248
2026-08-19 19:40:44.799867: Current learning rate: 0.0054
2026-08-19 19:41:15.269016: train_loss -0.5085
2026-08-19 19:41:15.269261: val_loss -0.5121
2026-08-19 19:41:15.269318: Pseudo dice [np.float32(0.7727)]
2026-08-19 19:41:15.269386: Epoch time: 30.47 s
2026-08-19 19:41:16.049330: 
2026-08-19 19:41:16.049508: Epoch 249
2026-08-19 19:41:16.049584: Current learning rate: 0.00538
2026-08-19 19:41:46.381092: train_loss -0.4787
2026-08-19 19:41:46.381289: val_loss -0.559
2026-08-19 19:41:46.381346: Pseudo dice [np.float32(0.792)]
2026-08-19 19:41:46.381413: Epoch time: 30.33 s
2026-08-19 19:41:47.515241: 
2026-08-19 19:41:47.515695: Epoch 250
2026-08-19 19:41:47.515780: Current learning rate: 0.00536
2026-08-19 19:41:47.772027: [LesionAwareSamplingPowCurriculum] epoch 250: p=0.5263
2026-08-19 19:41:47.772789: do_dummy_2d_data_aug: False
2026-08-19 19:41:47.774801: Using splits from existing split file: /home/galia/ISLES2026/nnUNet_preprocessed/Dataset002_ATLAS/splits_final.json
2026-08-19 19:41:47.775039: The split file contains 1 splits.
2026-08-19 19:41:47.775081: Desired fold for training: 0
2026-08-19 19:41:47.775113: This split has 842 training and 120 validation cases.
using pin_memory on device 0
using pin_memory on device 0
2026-08-19 19:41:48.949020: [LesionAwareSampling] active for 842 training cases; validation remains uniform.
2026-08-19 19:42:19.302558: train_loss -0.4988
2026-08-19 19:42:19.302772: val_loss -0.5259
2026-08-19 19:42:19.302834: Pseudo dice [np.float32(0.7663)]
2026-08-19 19:42:19.302935: Epoch time: 31.79 s
2026-08-19 19:42:20.106574: 
2026-08-19 19:42:20.106802: Epoch 251
2026-08-19 19:42:20.106916: Current learning rate: 0.00534
2026-08-19 19:42:50.480836: train_loss -0.511
2026-08-19 19:42:50.481037: val_loss -0.4725
2026-08-19 19:42:50.481097: Pseudo dice [np.float32(0.7273)]
2026-08-19 19:42:50.481161: Epoch time: 30.38 s
2026-08-19 19:42:51.272404: 
2026-08-19 19:42:51.272539: Epoch 252
2026-08-19 19:42:51.272618: Current learning rate: 0.00532
2026-08-19 19:43:21.614198: train_loss -0.4926
2026-08-19 19:43:21.614399: val_loss -0.5323
2026-08-19 19:43:21.614455: Pseudo dice [np.float32(0.6899)]
2026-08-19 19:43:21.614527: Epoch time: 30.34 s
2026-08-19 19:43:22.409141: 
2026-08-19 19:43:22.409333: Epoch 253
2026-08-19 19:43:22.409417: Current learning rate: 0.0053
2026-08-19 19:43:52.668529: train_loss -0.5155
2026-08-19 19:43:52.668700: val_loss -0.5235
2026-08-19 19:43:52.668755: Pseudo dice [np.float32(0.7825)]
2026-08-19 19:43:52.668815: Epoch time: 30.26 s
2026-08-19 19:43:53.461476: 
2026-08-19 19:43:53.461580: Epoch 254
2026-08-19 19:43:53.461651: Current learning rate: 0.00528
2026-08-19 19:44:23.691911: train_loss -0.5229
2026-08-19 19:44:23.692105: val_loss -0.5179
2026-08-19 19:44:23.692161: Pseudo dice [np.float32(0.7773)]
2026-08-19 19:44:23.692225: Epoch time: 30.23 s
2026-08-19 19:44:24.482876: 
2026-08-19 19:44:24.483094: Epoch 255
2026-08-19 19:44:24.483168: Current learning rate: 0.00526
2026-08-19 19:44:54.837019: train_loss -0.4856
2026-08-19 19:44:54.837203: val_loss -0.5439
2026-08-19 19:44:54.837262: Pseudo dice [np.float32(0.7971)]
2026-08-19 19:44:54.837328: Epoch time: 30.36 s
2026-08-19 19:44:55.634072: 
2026-08-19 19:44:55.634319: Epoch 256
2026-08-19 19:44:55.634399: Current learning rate: 0.00524
2026-08-19 19:45:26.141766: train_loss -0.5005
2026-08-19 19:45:26.142022: val_loss -0.4882
2026-08-19 19:45:26.142086: Pseudo dice [np.float32(0.7252)]
2026-08-19 19:45:26.142156: Epoch time: 30.51 s
2026-08-19 19:45:26.942782: 
2026-08-19 19:45:26.943020: Epoch 257
2026-08-19 19:45:26.943100: Current learning rate: 0.00522
2026-08-19 19:45:57.311961: train_loss -0.4709
2026-08-19 19:45:57.312177: val_loss -0.5204
2026-08-19 19:45:57.312236: Pseudo dice [np.float32(0.755)]
2026-08-19 19:45:57.312305: Epoch time: 30.37 s
2026-08-19 19:45:58.113189: 
2026-08-19 19:45:58.113518: Epoch 258
2026-08-19 19:45:58.113632: Current learning rate: 0.0052
2026-08-19 19:46:28.410179: train_loss -0.5032
2026-08-19 19:46:28.410420: val_loss -0.4846
2026-08-19 19:46:28.410503: Pseudo dice [np.float32(0.7447)]
2026-08-19 19:46:28.410573: Epoch time: 30.3 s
2026-08-19 19:46:29.556917: 
2026-08-19 19:46:29.557215: Epoch 259
2026-08-19 19:46:29.557298: Current learning rate: 0.00518
2026-08-19 19:46:59.928013: train_loss -0.5203
2026-08-19 19:46:59.928226: val_loss -0.5336
2026-08-19 19:46:59.928282: Pseudo dice [np.float32(0.7337)]
2026-08-19 19:46:59.928349: Epoch time: 30.37 s
2026-08-19 19:47:01.062214: 
2026-08-19 19:47:01.062341: Epoch 260
2026-08-19 19:47:01.062415: Current learning rate: 0.00517
2026-08-19 19:47:31.564220: train_loss -0.4933
2026-08-19 19:47:31.564426: val_loss -0.4571
2026-08-19 19:47:31.564489: Pseudo dice [np.float32(0.7005)]
2026-08-19 19:47:31.564564: Epoch time: 30.5 s
2026-08-19 19:47:32.382571: 
2026-08-19 19:47:32.382741: Epoch 261
2026-08-19 19:47:32.382814: Current learning rate: 0.00515
2026-08-19 19:48:02.642216: train_loss -0.4983
2026-08-19 19:48:02.642437: val_loss -0.5112
2026-08-19 19:48:02.642497: Pseudo dice [np.float32(0.7723)]
2026-08-19 19:48:02.642566: Epoch time: 30.26 s
2026-08-19 19:48:03.443198: 
2026-08-19 19:48:03.443345: Epoch 262
2026-08-19 19:48:03.443417: Current learning rate: 0.00513
2026-08-19 19:48:33.724698: train_loss -0.4849
2026-08-19 19:48:33.724879: val_loss -0.459
2026-08-19 19:48:33.724941: Pseudo dice [np.float32(0.7639)]
2026-08-19 19:48:33.725010: Epoch time: 30.28 s
2026-08-19 19:48:34.517626: 
2026-08-19 19:48:34.517763: Epoch 263
2026-08-19 19:48:34.517882: Current learning rate: 0.00511
2026-08-19 19:49:04.926326: train_loss -0.5091
2026-08-19 19:49:04.926499: val_loss -0.5208
2026-08-19 19:49:04.926560: Pseudo dice [np.float32(0.7222)]
2026-08-19 19:49:04.926624: Epoch time: 30.41 s
2026-08-19 19:49:05.718036: 
2026-08-19 19:49:05.718236: Epoch 264
2026-08-19 19:49:05.718307: Current learning rate: 0.00509
2026-08-19 19:49:36.092861: train_loss -0.518
2026-08-19 19:49:36.093036: val_loss -0.4951
2026-08-19 19:49:36.093097: Pseudo dice [np.float32(0.7452)]
2026-08-19 19:49:36.093164: Epoch time: 30.38 s
2026-08-19 19:49:36.886317: 
2026-08-19 19:49:36.886445: Epoch 265
2026-08-19 19:49:36.886518: Current learning rate: 0.00507
2026-08-19 19:50:07.277954: train_loss -0.5066
2026-08-19 19:50:07.278136: val_loss -0.4986
2026-08-19 19:50:07.278219: Pseudo dice [np.float32(0.7112)]
2026-08-19 19:50:07.278287: Epoch time: 30.39 s
2026-08-19 19:50:08.068757: 
2026-08-19 19:50:08.068905: Epoch 266
2026-08-19 19:50:08.068978: Current learning rate: 0.00505
2026-08-19 19:50:38.387159: train_loss -0.4854
2026-08-19 19:50:38.387334: val_loss -0.5245
2026-08-19 19:50:38.387392: Pseudo dice [np.float32(0.7547)]
2026-08-19 19:50:38.387456: Epoch time: 30.32 s
2026-08-19 19:50:39.180177: 
2026-08-19 19:50:39.180298: Epoch 267
2026-08-19 19:50:39.180376: Current learning rate: 0.00503
2026-08-19 19:51:09.515262: train_loss -0.497
2026-08-19 19:51:09.515437: val_loss -0.5096
2026-08-19 19:51:09.515493: Pseudo dice [np.float32(0.7775)]
2026-08-19 19:51:09.515584: Epoch time: 30.34 s
2026-08-19 19:51:10.305635: 
2026-08-19 19:51:10.305747: Epoch 268
2026-08-19 19:51:10.305824: Current learning rate: 0.00501
2026-08-19 19:51:40.624413: train_loss -0.5282
2026-08-19 19:51:40.624627: val_loss -0.4989
2026-08-19 19:51:40.624710: Pseudo dice [np.float32(0.6795)]
2026-08-19 19:51:40.624804: Epoch time: 30.32 s
2026-08-19 19:51:41.436145: 
2026-08-19 19:51:41.436277: Epoch 269
2026-08-19 19:51:41.436399: Current learning rate: 0.00499
2026-08-19 19:52:11.787136: train_loss -0.519
2026-08-19 19:52:11.787315: val_loss -0.5249
2026-08-19 19:52:11.787374: Pseudo dice [np.float32(0.7657)]
2026-08-19 19:52:11.787439: Epoch time: 30.35 s
2026-08-19 19:52:13.191712: 
2026-08-19 19:52:13.191860: Epoch 270
2026-08-19 19:52:13.191945: Current learning rate: 0.00497
2026-08-19 19:52:43.498056: train_loss -0.5002
2026-08-19 19:52:43.498264: val_loss -0.54
2026-08-19 19:52:43.498323: Pseudo dice [np.float32(0.784)]
2026-08-19 19:52:43.498394: Epoch time: 30.31 s
2026-08-19 19:52:44.284847: 
2026-08-19 19:52:44.284997: Epoch 271
2026-08-19 19:52:44.285070: Current learning rate: 0.00495
2026-08-19 19:53:14.691116: train_loss -0.5239
2026-08-19 19:53:14.691324: val_loss -0.5213
2026-08-19 19:53:14.691386: Pseudo dice [np.float32(0.7395)]
2026-08-19 19:53:14.691459: Epoch time: 30.41 s
2026-08-19 19:53:15.492359: 
2026-08-19 19:53:15.492577: Epoch 272
2026-08-19 19:53:15.492658: Current learning rate: 0.00493
2026-08-19 19:53:45.862556: train_loss -0.5101
2026-08-19 19:53:45.862738: val_loss -0.5274
2026-08-19 19:53:45.862796: Pseudo dice [np.float32(0.7475)]
2026-08-19 19:53:45.862868: Epoch time: 30.37 s
2026-08-19 19:53:46.646722: 
2026-08-19 19:53:46.646931: Epoch 273
2026-08-19 19:53:46.647012: Current learning rate: 0.00491
2026-08-19 19:54:17.123730: train_loss -0.515
2026-08-19 19:54:17.123941: val_loss -0.5292
2026-08-19 19:54:17.124000: Pseudo dice [np.float32(0.7895)]
2026-08-19 19:54:17.124073: Epoch time: 30.48 s
2026-08-19 19:54:17.920832: 
2026-08-19 19:54:17.921058: Epoch 274
2026-08-19 19:54:17.921132: Current learning rate: 0.00489
2026-08-19 19:54:48.387060: train_loss -0.5169
2026-08-19 19:54:48.387255: val_loss -0.5715
2026-08-19 19:54:48.387314: Pseudo dice [np.float32(0.7943)]
2026-08-19 19:54:48.387379: Epoch time: 30.47 s
2026-08-19 19:54:49.198027: 
2026-08-19 19:54:49.198468: Epoch 275
2026-08-19 19:54:49.198549: Current learning rate: 0.00487
2026-08-19 19:54:49.440379: [LesionAwareSamplingPowCurriculum] epoch 275: p=0.5789
2026-08-19 19:54:49.441442: do_dummy_2d_data_aug: False
2026-08-19 19:54:49.444049: Using splits from existing split file: /home/galia/ISLES2026/nnUNet_preprocessed/Dataset002_ATLAS/splits_final.json
2026-08-19 19:54:49.444385: The split file contains 1 splits.
2026-08-19 19:54:49.444428: Desired fold for training: 0
2026-08-19 19:54:49.444458: This split has 842 training and 120 validation cases.
using pin_memory on device 0
using pin_memory on device 0
2026-08-19 19:54:50.788472: [LesionAwareSampling] active for 842 training cases; validation remains uniform.
2026-08-19 19:55:21.309050: train_loss -0.5019
2026-08-19 19:55:21.309358: val_loss -0.4987
2026-08-19 19:55:21.309425: Pseudo dice [np.float32(0.7748)]
2026-08-19 19:55:21.309527: Epoch time: 32.11 s
2026-08-19 19:55:22.114845: 
2026-08-19 19:55:22.114965: Epoch 276
2026-08-19 19:55:22.115035: Current learning rate: 0.00485
2026-08-19 19:55:52.381497: train_loss -0.5017
2026-08-19 19:55:52.381693: val_loss -0.5601
2026-08-19 19:55:52.381752: Pseudo dice [np.float32(0.7208)]
2026-08-19 19:55:52.381820: Epoch time: 30.27 s
2026-08-19 19:55:53.194534: 
2026-08-19 19:55:53.194829: Epoch 277
2026-08-19 19:55:53.194927: Current learning rate: 0.00484
2026-08-19 19:56:23.467079: train_loss -0.5067
2026-08-19 19:56:23.467395: val_loss -0.5425
2026-08-19 19:56:23.467455: Pseudo dice [np.float32(0.7586)]
2026-08-19 19:56:23.467525: Epoch time: 30.27 s
2026-08-19 19:56:24.273520: 
2026-08-19 19:56:24.273809: Epoch 278
2026-08-19 19:56:24.273891: Current learning rate: 0.00482
2026-08-19 19:56:54.700982: train_loss -0.523
2026-08-19 19:56:54.701188: val_loss -0.5308
2026-08-19 19:56:54.701247: Pseudo dice [np.float32(0.728)]
2026-08-19 19:56:54.701320: Epoch time: 30.43 s
2026-08-19 19:56:55.495390: 
2026-08-19 19:56:55.495495: Epoch 279
2026-08-19 19:56:55.495565: Current learning rate: 0.0048
2026-08-19 19:57:25.943036: train_loss -0.5256
2026-08-19 19:57:25.943242: val_loss -0.5206
2026-08-19 19:57:25.943298: Pseudo dice [np.float32(0.7701)]
2026-08-19 19:57:25.943367: Epoch time: 30.45 s
2026-08-19 19:57:27.176641: 
2026-08-19 19:57:27.176850: Epoch 280
2026-08-19 19:57:27.176935: Current learning rate: 0.00478
2026-08-19 19:57:57.593302: train_loss -0.5329
2026-08-19 19:57:57.593732: val_loss -0.433
2026-08-19 19:57:57.593809: Pseudo dice [np.float32(0.6786)]
2026-08-19 19:57:57.593942: Epoch time: 30.42 s
2026-08-19 19:57:58.421667: 
2026-08-19 19:57:58.421924: Epoch 281
2026-08-19 19:57:58.422010: Current learning rate: 0.00476
2026-08-19 19:58:28.909503: train_loss -0.5166
2026-08-19 19:58:28.910021: val_loss -0.5153
2026-08-19 19:58:28.910104: Pseudo dice [np.float32(0.6558)]
2026-08-19 19:58:28.910200: Epoch time: 30.49 s
2026-08-19 19:58:29.723560: 
2026-08-19 19:58:29.723704: Epoch 282
2026-08-19 19:58:29.723787: Current learning rate: 0.00474
2026-08-19 19:59:00.123115: train_loss -0.5353
2026-08-19 19:59:00.123355: val_loss -0.4809
2026-08-19 19:59:00.123430: Pseudo dice [np.float32(0.7044)]
2026-08-19 19:59:00.123498: Epoch time: 30.4 s
2026-08-19 19:59:01.284353: 
2026-08-19 19:59:01.284561: Epoch 283
2026-08-19 19:59:01.284637: Current learning rate: 0.00472
2026-08-19 19:59:31.778425: train_loss -0.5048
2026-08-19 19:59:31.778626: val_loss -0.5272
2026-08-19 19:59:31.778683: Pseudo dice [np.float32(0.6998)]
2026-08-19 19:59:31.778752: Epoch time: 30.49 s
2026-08-19 19:59:32.592064: 
2026-08-19 19:59:32.592190: Epoch 284
2026-08-19 19:59:32.592286: Current learning rate: 0.0047
2026-08-19 20:00:02.997304: train_loss -0.5184
2026-08-19 20:00:02.997494: val_loss -0.569
2026-08-19 20:00:02.997553: Pseudo dice [np.float32(0.7783)]
2026-08-19 20:00:02.997620: Epoch time: 30.41 s
2026-08-19 20:00:03.816717: 
2026-08-19 20:00:03.816847: Epoch 285
2026-08-19 20:00:03.816925: Current learning rate: 0.00468
2026-08-19 20:00:34.211909: train_loss -0.5319
2026-08-19 20:00:34.212200: val_loss -0.5342
2026-08-19 20:00:34.212258: Pseudo dice [np.float32(0.7595)]
2026-08-19 20:00:34.212324: Epoch time: 30.4 s
2026-08-19 20:00:35.011835: 
2026-08-19 20:00:35.011992: Epoch 286
2026-08-19 20:00:35.012070: Current learning rate: 0.00466
2026-08-19 20:01:05.525963: train_loss -0.5076
2026-08-19 20:01:05.526146: val_loss -0.5339
2026-08-19 20:01:05.526208: Pseudo dice [np.float32(0.7725)]
2026-08-19 20:01:05.526277: Epoch time: 30.52 s
2026-08-19 20:01:06.332043: 
2026-08-19 20:01:06.332336: Epoch 287
2026-08-19 20:01:06.332417: Current learning rate: 0.00464
2026-08-19 20:01:36.838485: train_loss -0.5123
2026-08-19 20:01:36.838655: val_loss -0.5124
2026-08-19 20:01:36.838713: Pseudo dice [np.float32(0.7578)]
2026-08-19 20:01:36.838777: Epoch time: 30.51 s
2026-08-19 20:01:37.642841: 
2026-08-19 20:01:37.643156: Epoch 288
2026-08-19 20:01:37.643236: Current learning rate: 0.00462
2026-08-19 20:02:07.985242: train_loss -0.5093
2026-08-19 20:02:07.985417: val_loss -0.5241
2026-08-19 20:02:07.985476: Pseudo dice [np.float32(0.7698)]
2026-08-19 20:02:07.985540: Epoch time: 30.34 s
2026-08-19 20:02:08.816857: 
2026-08-19 20:02:08.817106: Epoch 289
2026-08-19 20:02:08.817217: Current learning rate: 0.0046
2026-08-19 20:02:39.225548: train_loss -0.5081
2026-08-19 20:02:39.225760: val_loss -0.5298
2026-08-19 20:02:39.225817: Pseudo dice [np.float32(0.7379)]
2026-08-19 20:02:39.225897: Epoch time: 30.41 s
2026-08-19 20:02:40.365880: 
2026-08-19 20:02:40.366083: Epoch 290
2026-08-19 20:02:40.366161: Current learning rate: 0.00458
2026-08-19 20:03:10.874231: train_loss -0.5337
2026-08-19 20:03:10.874437: val_loss -0.4521
2026-08-19 20:03:10.874502: Pseudo dice [np.float32(0.7397)]
2026-08-19 20:03:10.874576: Epoch time: 30.51 s
2026-08-19 20:03:11.678661: 
2026-08-19 20:03:11.678868: Epoch 291
2026-08-19 20:03:11.678946: Current learning rate: 0.00456
2026-08-19 20:03:42.135913: train_loss -0.5171
2026-08-19 20:03:42.136089: val_loss -0.5057
2026-08-19 20:03:42.136194: Pseudo dice [np.float32(0.7571)]
2026-08-19 20:03:42.136258: Epoch time: 30.46 s
2026-08-19 20:03:42.939225: 
2026-08-19 20:03:42.939419: Epoch 292
2026-08-19 20:03:42.939492: Current learning rate: 0.00454
2026-08-19 20:04:13.344558: train_loss -0.5011
2026-08-19 20:04:13.344735: val_loss -0.5513
2026-08-19 20:04:13.344796: Pseudo dice [np.float32(0.7919)]
2026-08-19 20:04:13.344865: Epoch time: 30.41 s
2026-08-19 20:04:14.148886: 
2026-08-19 20:04:14.149013: Epoch 293
2026-08-19 20:04:14.149113: Current learning rate: 0.00452
2026-08-19 20:04:44.583338: train_loss -0.5571
2026-08-19 20:04:44.583514: val_loss -0.494
2026-08-19 20:04:44.583605: Pseudo dice [np.float32(0.707)]
2026-08-19 20:04:44.583678: Epoch time: 30.44 s
2026-08-19 20:04:45.397158: 
2026-08-19 20:04:45.397267: Epoch 294
2026-08-19 20:04:45.397343: Current learning rate: 0.0045
2026-08-19 20:05:15.694684: train_loss -0.4907
2026-08-19 20:05:15.694894: val_loss -0.5751
2026-08-19 20:05:15.694952: Pseudo dice [np.float32(0.7645)]
2026-08-19 20:05:15.695014: Epoch time: 30.3 s
2026-08-19 20:05:16.775641: 
2026-08-19 20:05:16.775753: Epoch 295
2026-08-19 20:05:16.775828: Current learning rate: 0.00448
2026-08-19 20:05:47.228492: train_loss -0.5272
2026-08-19 20:05:47.228723: val_loss -0.5591
2026-08-19 20:05:47.228783: Pseudo dice [np.float32(0.7431)]
2026-08-19 20:05:47.228865: Epoch time: 30.45 s
2026-08-19 20:05:48.022089: 
2026-08-19 20:05:48.022224: Epoch 296
2026-08-19 20:05:48.022301: Current learning rate: 0.00446
2026-08-19 20:06:18.495235: train_loss -0.5126
2026-08-19 20:06:18.495425: val_loss -0.5457
2026-08-19 20:06:18.495494: Pseudo dice [np.float32(0.7032)]
2026-08-19 20:06:18.495563: Epoch time: 30.47 s
2026-08-19 20:06:19.295345: 
2026-08-19 20:06:19.295472: Epoch 297
2026-08-19 20:06:19.295553: Current learning rate: 0.00444
2026-08-19 20:06:49.832695: train_loss -0.5222
2026-08-19 20:06:49.832907: val_loss -0.5175
2026-08-19 20:06:49.832974: Pseudo dice [np.float32(0.7433)]
2026-08-19 20:06:49.833051: Epoch time: 30.54 s
2026-08-19 20:06:50.639435: 
2026-08-19 20:06:50.639559: Epoch 298
2026-08-19 20:06:50.639633: Current learning rate: 0.00442
2026-08-19 20:07:21.017869: train_loss -0.5208
2026-08-19 20:07:21.018081: val_loss -0.5699
2026-08-19 20:07:21.018144: Pseudo dice [np.float32(0.7804)]
2026-08-19 20:07:21.018212: Epoch time: 30.38 s
2026-08-19 20:07:21.824961: 
2026-08-19 20:07:21.825151: Epoch 299
2026-08-19 20:07:21.825224: Current learning rate: 0.0044
2026-08-19 20:07:52.246658: train_loss -0.5254
2026-08-19 20:07:52.246867: val_loss -0.5414
2026-08-19 20:07:52.246927: Pseudo dice [np.float32(0.7252)]
2026-08-19 20:07:52.246999: Epoch time: 30.42 s
2026-08-19 20:07:53.375645: 
2026-08-19 20:07:53.376122: Epoch 300
2026-08-19 20:07:53.376206: Current learning rate: 0.00438
2026-08-19 20:07:53.645789: [LesionAwareSamplingPowCurriculum] epoch 300: p=0.6316
2026-08-19 20:07:53.646581: do_dummy_2d_data_aug: False
2026-08-19 20:07:53.648611: Using splits from existing split file: /home/galia/ISLES2026/nnUNet_preprocessed/Dataset002_ATLAS/splits_final.json
2026-08-19 20:07:53.648845: The split file contains 1 splits.
2026-08-19 20:07:53.648895: Desired fold for training: 0
2026-08-19 20:07:53.648928: This split has 842 training and 120 validation cases.
using pin_memory on device 0
using pin_memory on device 0
2026-08-19 20:07:54.823517: [LesionAwareSampling] active for 842 training cases; validation remains uniform.
2026-08-19 20:08:25.283661: train_loss -0.5212
2026-08-19 20:08:25.283903: val_loss -0.3854
2026-08-19 20:08:25.283969: Pseudo dice [np.float32(0.61)]
2026-08-19 20:08:25.284058: Epoch time: 31.91 s
2026-08-19 20:08:26.098759: 
2026-08-19 20:08:26.099082: Epoch 301
2026-08-19 20:08:26.099169: Current learning rate: 0.00436
2026-08-19 20:08:56.567549: train_loss -0.511
2026-08-19 20:08:56.567753: val_loss -0.5242
2026-08-19 20:08:56.567813: Pseudo dice [np.float32(0.7658)]
2026-08-19 20:08:56.567945: Epoch time: 30.47 s
2026-08-19 20:08:57.380229: 
2026-08-19 20:08:57.380403: Epoch 302
2026-08-19 20:08:57.380478: Current learning rate: 0.00434
2026-08-19 20:09:27.681067: train_loss -0.5195
2026-08-19 20:09:27.681305: val_loss -0.51
2026-08-19 20:09:27.681363: Pseudo dice [np.float32(0.7122)]
2026-08-19 20:09:27.681453: Epoch time: 30.3 s
2026-08-19 20:09:28.492056: 
2026-08-19 20:09:28.492176: Epoch 303
2026-08-19 20:09:28.492252: Current learning rate: 0.00432
2026-08-19 20:09:58.894719: train_loss -0.5303
2026-08-19 20:09:58.894966: val_loss -0.5525
2026-08-19 20:09:58.895025: Pseudo dice [np.float32(0.7545)]
2026-08-19 20:09:58.895094: Epoch time: 30.4 s
2026-08-19 20:09:59.706732: 
2026-08-19 20:09:59.706918: Epoch 304
2026-08-19 20:09:59.707001: Current learning rate: 0.0043
2026-08-19 20:10:30.131935: train_loss -0.51
2026-08-19 20:10:30.132170: val_loss -0.4374
2026-08-19 20:10:30.132304: Pseudo dice [np.float32(0.6441)]
2026-08-19 20:10:30.132415: Epoch time: 30.43 s
2026-08-19 20:10:30.939567: 
2026-08-19 20:10:30.939824: Epoch 305
2026-08-19 20:10:30.939910: Current learning rate: 0.00429
2026-08-19 20:11:01.330791: train_loss -0.5099
2026-08-19 20:11:01.331055: val_loss -0.5178
2026-08-19 20:11:01.331113: Pseudo dice [np.float32(0.7212)]
2026-08-19 20:11:01.331185: Epoch time: 30.39 s
2026-08-19 20:11:02.144005: 
2026-08-19 20:11:02.144233: Epoch 306
2026-08-19 20:11:02.144307: Current learning rate: 0.00427
2026-08-19 20:11:32.649584: train_loss -0.4869
2026-08-19 20:11:32.649791: val_loss -0.4114
2026-08-19 20:11:32.649858: Pseudo dice [np.float32(0.6144)]
2026-08-19 20:11:32.649935: Epoch time: 30.51 s
2026-08-19 20:11:33.788013: 
2026-08-19 20:11:33.788196: Epoch 307
2026-08-19 20:11:33.788280: Current learning rate: 0.00425
2026-08-19 20:12:04.284009: train_loss -0.535
2026-08-19 20:12:04.284264: val_loss -0.5049
2026-08-19 20:12:04.284337: Pseudo dice [np.float32(0.7659)]
2026-08-19 20:12:04.284403: Epoch time: 30.5 s
2026-08-19 20:12:05.111807: 
2026-08-19 20:12:05.112115: Epoch 308
2026-08-19 20:12:05.112199: Current learning rate: 0.00423
2026-08-19 20:12:35.579020: train_loss -0.5386
2026-08-19 20:12:35.579328: val_loss -0.5212
2026-08-19 20:12:35.579390: Pseudo dice [np.float32(0.7776)]
2026-08-19 20:12:35.579463: Epoch time: 30.47 s
2026-08-19 20:12:36.412234: 
2026-08-19 20:12:36.412466: Epoch 309
2026-08-19 20:12:36.412551: Current learning rate: 0.00421
2026-08-19 20:13:06.932357: train_loss -0.5175
2026-08-19 20:13:06.932641: val_loss -0.5384
2026-08-19 20:13:06.932701: Pseudo dice [np.float32(0.7465)]
2026-08-19 20:13:06.932771: Epoch time: 30.52 s
2026-08-19 20:13:08.097241: 
2026-08-19 20:13:08.097401: Epoch 310
2026-08-19 20:13:08.097478: Current learning rate: 0.00419
2026-08-19 20:13:38.643085: train_loss -0.4977
2026-08-19 20:13:38.643362: val_loss -0.5348
2026-08-19 20:13:38.643428: Pseudo dice [np.float32(0.766)]
2026-08-19 20:13:38.643501: Epoch time: 30.55 s
2026-08-19 20:13:39.451006: 
2026-08-19 20:13:39.451196: Epoch 311
2026-08-19 20:13:39.451286: Current learning rate: 0.00417
2026-08-19 20:14:09.922135: train_loss -0.5199
2026-08-19 20:14:09.922327: val_loss -0.4904
2026-08-19 20:14:09.922387: Pseudo dice [np.float32(0.7379)]
2026-08-19 20:14:09.922458: Epoch time: 30.47 s
2026-08-19 20:14:10.742619: 
2026-08-19 20:14:10.742869: Epoch 312
2026-08-19 20:14:10.742951: Current learning rate: 0.00415
2026-08-19 20:14:41.323425: train_loss -0.495
2026-08-19 20:14:41.323638: val_loss -0.5348
2026-08-19 20:14:41.323699: Pseudo dice [np.float32(0.7676)]
2026-08-19 20:14:41.323767: Epoch time: 30.58 s
2026-08-19 20:14:42.134349: 
2026-08-19 20:14:42.134471: Epoch 313
2026-08-19 20:14:42.134541: Current learning rate: 0.00413
2026-08-19 20:15:12.651623: train_loss -0.5212
2026-08-19 20:15:12.651829: val_loss -0.536
2026-08-19 20:15:12.651904: Pseudo dice [np.float32(0.7635)]
2026-08-19 20:15:12.651978: Epoch time: 30.52 s
2026-08-19 20:15:13.466831: 
2026-08-19 20:15:13.466956: Epoch 314
2026-08-19 20:15:13.467031: Current learning rate: 0.00411
2026-08-19 20:15:44.009720: train_loss -0.5597
2026-08-19 20:15:44.010016: val_loss -0.543
2026-08-19 20:15:44.010077: Pseudo dice [np.float32(0.7463)]
2026-08-19 20:15:44.010164: Epoch time: 30.54 s
2026-08-19 20:15:44.825217: 
2026-08-19 20:15:44.825351: Epoch 315
2026-08-19 20:15:44.825429: Current learning rate: 0.00409
2026-08-19 20:16:15.314929: train_loss -0.5414
2026-08-19 20:16:15.315143: val_loss -0.5352
2026-08-19 20:16:15.315208: Pseudo dice [np.float32(0.7348)]
2026-08-19 20:16:15.315287: Epoch time: 30.49 s
2026-08-19 20:16:16.120500: 
2026-08-19 20:16:16.120693: Epoch 316
2026-08-19 20:16:16.120768: Current learning rate: 0.00407
2026-08-19 20:16:46.529713: train_loss -0.5352
2026-08-19 20:16:46.529980: val_loss -0.529
2026-08-19 20:16:46.530043: Pseudo dice [np.float32(0.7511)]
2026-08-19 20:16:46.530132: Epoch time: 30.41 s
2026-08-19 20:16:47.336175: 
2026-08-19 20:16:47.336297: Epoch 317
2026-08-19 20:16:47.336377: Current learning rate: 0.00405
2026-08-19 20:17:17.738425: train_loss -0.5371
2026-08-19 20:17:17.738656: val_loss -0.5818
2026-08-19 20:17:17.738718: Pseudo dice [np.float32(0.798)]
2026-08-19 20:17:17.738791: Epoch time: 30.4 s
2026-08-19 20:17:18.556200: 
2026-08-19 20:17:18.556491: Epoch 318
2026-08-19 20:17:18.556585: Current learning rate: 0.00403
2026-08-19 20:17:48.953077: train_loss -0.5207
2026-08-19 20:17:48.953377: val_loss -0.5612
2026-08-19 20:17:48.953447: Pseudo dice [np.float32(0.7375)]
2026-08-19 20:17:48.953533: Epoch time: 30.4 s
2026-08-19 20:17:50.223108: 
2026-08-19 20:17:50.223360: Epoch 319
2026-08-19 20:17:50.223445: Current learning rate: 0.00401
2026-08-19 20:18:20.643361: train_loss -0.5431
2026-08-19 20:18:20.643752: val_loss -0.5899
2026-08-19 20:18:20.643825: Pseudo dice [np.float32(0.791)]
2026-08-19 20:18:20.643963: Epoch time: 30.42 s
2026-08-19 20:18:21.950054: 
2026-08-19 20:18:21.950199: Epoch 320
2026-08-19 20:18:21.950276: Current learning rate: 0.00399
2026-08-19 20:18:52.409053: train_loss -0.5169
2026-08-19 20:18:52.409272: val_loss -0.5125
2026-08-19 20:18:52.409330: Pseudo dice [np.float32(0.7288)]
2026-08-19 20:18:52.409427: Epoch time: 30.46 s
2026-08-19 20:18:53.277364: 
2026-08-19 20:18:53.277635: Epoch 321
2026-08-19 20:18:53.277723: Current learning rate: 0.00397
2026-08-19 20:19:23.800518: train_loss -0.5309
2026-08-19 20:19:23.800735: val_loss -0.5893
2026-08-19 20:19:23.800797: Pseudo dice [np.float32(0.7789)]
2026-08-19 20:19:23.800878: Epoch time: 30.52 s
2026-08-19 20:19:24.666117: 
2026-08-19 20:19:24.666317: Epoch 322
2026-08-19 20:19:24.666393: Current learning rate: 0.00395
2026-08-19 20:19:55.153391: train_loss -0.5627
2026-08-19 20:19:55.153579: val_loss -0.5714
2026-08-19 20:19:55.153636: Pseudo dice [np.float32(0.7873)]
2026-08-19 20:19:55.153701: Epoch time: 30.49 s
2026-08-19 20:19:55.966946: 
2026-08-19 20:19:55.967136: Epoch 323
2026-08-19 20:19:55.967214: Current learning rate: 0.00393
2026-08-19 20:20:26.453522: train_loss -0.5545
2026-08-19 20:20:26.453721: val_loss -0.5424
2026-08-19 20:20:26.453778: Pseudo dice [np.float32(0.7821)]
2026-08-19 20:20:26.453850: Epoch time: 30.49 s
2026-08-19 20:20:27.267566: 
2026-08-19 20:20:27.267705: Epoch 324
2026-08-19 20:20:27.267785: Current learning rate: 0.00391
2026-08-19 20:20:57.694981: train_loss -0.5427
2026-08-19 20:20:57.695183: val_loss -0.5885
2026-08-19 20:20:57.695244: Pseudo dice [np.float32(0.7439)]
2026-08-19 20:20:57.695315: Epoch time: 30.43 s
2026-08-19 20:20:58.510636: 
2026-08-19 20:20:58.511286: Epoch 325
2026-08-19 20:20:58.511375: Current learning rate: 0.00389
2026-08-19 20:20:58.778740: [LesionAwareSamplingPowCurriculum] epoch 325: p=0.6842
2026-08-19 20:20:58.779742: do_dummy_2d_data_aug: False
2026-08-19 20:20:58.782278: Using splits from existing split file: /home/galia/ISLES2026/nnUNet_preprocessed/Dataset002_ATLAS/splits_final.json
2026-08-19 20:20:58.782612: The split file contains 1 splits.
2026-08-19 20:20:58.782657: Desired fold for training: 0
2026-08-19 20:20:58.782693: This split has 842 training and 120 validation cases.
using pin_memory on device 0
using pin_memory on device 0
2026-08-19 20:20:59.966362: [LesionAwareSampling] active for 842 training cases; validation remains uniform.
2026-08-19 20:21:30.378544: train_loss -0.5304
2026-08-19 20:21:30.378789: val_loss -0.521
2026-08-19 20:21:30.378850: Pseudo dice [np.float32(0.7441)]
2026-08-19 20:21:30.378950: Epoch time: 31.87 s
2026-08-19 20:21:31.195979: 
2026-08-19 20:21:31.196105: Epoch 326
2026-08-19 20:21:31.196232: Current learning rate: 0.00387
2026-08-19 20:22:01.714401: train_loss -0.5205
2026-08-19 20:22:01.714593: val_loss -0.5423
2026-08-19 20:22:01.714651: Pseudo dice [np.float32(0.7269)]
2026-08-19 20:22:01.714715: Epoch time: 30.52 s
2026-08-19 20:22:02.525332: 
2026-08-19 20:22:02.525474: Epoch 327
2026-08-19 20:22:02.525549: Current learning rate: 0.00385
2026-08-19 20:22:32.979246: train_loss -0.5194
2026-08-19 20:22:32.979481: val_loss -0.4561
2026-08-19 20:22:32.979585: Pseudo dice [np.float32(0.685)]
2026-08-19 20:22:32.979656: Epoch time: 30.45 s
2026-08-19 20:22:33.793945: 
2026-08-19 20:22:33.794127: Epoch 328
2026-08-19 20:22:33.794212: Current learning rate: 0.00383
2026-08-19 20:23:04.208069: train_loss -0.5337
2026-08-19 20:23:04.208317: val_loss -0.5462
2026-08-19 20:23:04.208376: Pseudo dice [np.float32(0.718)]
2026-08-19 20:23:04.208442: Epoch time: 30.42 s
2026-08-19 20:23:05.022247: 
2026-08-19 20:23:05.022371: Epoch 329
2026-08-19 20:23:05.022449: Current learning rate: 0.00381
2026-08-19 20:23:35.290082: train_loss -0.5313
2026-08-19 20:23:35.290286: val_loss -0.5277
2026-08-19 20:23:35.290342: Pseudo dice [np.float32(0.7578)]
2026-08-19 20:23:35.290420: Epoch time: 30.27 s
2026-08-19 20:23:36.426502: 
2026-08-19 20:23:36.426640: Epoch 330
2026-08-19 20:23:36.426719: Current learning rate: 0.00379
2026-08-19 20:24:06.651941: train_loss -0.5624
2026-08-19 20:24:06.652148: val_loss -0.5364
2026-08-19 20:24:06.652211: Pseudo dice [np.float32(0.7614)]
2026-08-19 20:24:06.652284: Epoch time: 30.23 s
2026-08-19 20:24:07.856712: 
2026-08-19 20:24:07.856884: Epoch 331
2026-08-19 20:24:07.856989: Current learning rate: 0.00377
2026-08-19 20:24:38.133654: train_loss -0.5179
2026-08-19 20:24:38.133859: val_loss -0.4791
2026-08-19 20:24:38.133923: Pseudo dice [np.float32(0.7078)]
2026-08-19 20:24:38.133990: Epoch time: 30.28 s
2026-08-19 20:24:38.973988: 
2026-08-19 20:24:38.974222: Epoch 332
2026-08-19 20:24:38.974303: Current learning rate: 0.00375
2026-08-19 20:25:09.430887: train_loss -0.5084
2026-08-19 20:25:09.431137: val_loss -0.5165
2026-08-19 20:25:09.431196: Pseudo dice [np.float32(0.6995)]
2026-08-19 20:25:09.431265: Epoch time: 30.46 s
2026-08-19 20:25:10.258314: 
2026-08-19 20:25:10.258457: Epoch 333
2026-08-19 20:25:10.258536: Current learning rate: 0.00373
2026-08-19 20:25:40.727508: train_loss -0.5307
2026-08-19 20:25:40.727710: val_loss -0.5173
2026-08-19 20:25:40.727767: Pseudo dice [np.float32(0.7461)]
2026-08-19 20:25:40.727838: Epoch time: 30.47 s
2026-08-19 20:25:41.540352: 
2026-08-19 20:25:41.540498: Epoch 334
2026-08-19 20:25:41.540598: Current learning rate: 0.00371
2026-08-19 20:26:11.980309: train_loss -0.5175
2026-08-19 20:26:11.980518: val_loss -0.5508
2026-08-19 20:26:11.980574: Pseudo dice [np.float32(0.8082)]
2026-08-19 20:26:11.980645: Epoch time: 30.44 s
2026-08-19 20:26:12.799962: 
2026-08-19 20:26:12.800125: Epoch 335
2026-08-19 20:26:12.800198: Current learning rate: 0.00369
2026-08-19 20:26:43.227373: train_loss -0.547
2026-08-19 20:26:43.227550: val_loss -0.5238
2026-08-19 20:26:43.227646: Pseudo dice [np.float32(0.7457)]
2026-08-19 20:26:43.227725: Epoch time: 30.43 s
2026-08-19 20:26:44.042781: 
2026-08-19 20:26:44.043027: Epoch 336
2026-08-19 20:26:44.043105: Current learning rate: 0.00367
2026-08-19 20:27:14.328159: train_loss -0.544
2026-08-19 20:27:14.328342: val_loss -0.4973
2026-08-19 20:27:14.328397: Pseudo dice [np.float32(0.7345)]
2026-08-19 20:27:14.328459: Epoch time: 30.29 s
2026-08-19 20:27:15.142385: 
2026-08-19 20:27:15.142526: Epoch 337
2026-08-19 20:27:15.142607: Current learning rate: 0.00365
2026-08-19 20:27:45.490446: train_loss -0.543
2026-08-19 20:27:45.490657: val_loss -0.5112
2026-08-19 20:27:45.490711: Pseudo dice [np.float32(0.7257)]
2026-08-19 20:27:45.490780: Epoch time: 30.35 s
2026-08-19 20:27:46.305810: 
2026-08-19 20:27:46.306018: Epoch 338
2026-08-19 20:27:46.306090: Current learning rate: 0.00363
2026-08-19 20:28:16.607986: train_loss -0.5388
2026-08-19 20:28:16.608184: val_loss -0.5088
2026-08-19 20:28:16.608238: Pseudo dice [np.float32(0.7514)]
2026-08-19 20:28:16.608301: Epoch time: 30.3 s
2026-08-19 20:28:17.424004: 
2026-08-19 20:28:17.424200: Epoch 339
2026-08-19 20:28:17.424274: Current learning rate: 0.00361
2026-08-19 20:28:47.828545: train_loss -0.5584
2026-08-19 20:28:47.828709: val_loss -0.5764
2026-08-19 20:28:47.828765: Pseudo dice [np.float32(0.7775)]
2026-08-19 20:28:47.828825: Epoch time: 30.41 s
2026-08-19 20:28:49.160441: 
2026-08-19 20:28:49.160561: Epoch 340
2026-08-19 20:28:49.160636: Current learning rate: 0.00359
2026-08-19 20:29:19.584705: train_loss -0.5361
2026-08-19 20:29:19.584953: val_loss -0.5217
2026-08-19 20:29:19.585012: Pseudo dice [np.float32(0.731)]
2026-08-19 20:29:19.585089: Epoch time: 30.43 s
2026-08-19 20:29:20.400824: 
2026-08-19 20:29:20.400954: Epoch 341
2026-08-19 20:29:20.401032: Current learning rate: 0.00357
2026-08-19 20:29:50.771925: train_loss -0.562
2026-08-19 20:29:50.772154: val_loss -0.5531
2026-08-19 20:29:50.772212: Pseudo dice [np.float32(0.7484)]
2026-08-19 20:29:50.772325: Epoch time: 30.37 s
2026-08-19 20:29:51.590195: 
2026-08-19 20:29:51.590300: Epoch 342
2026-08-19 20:29:51.590378: Current learning rate: 0.00355
2026-08-19 20:30:21.885749: train_loss -0.5391
2026-08-19 20:30:21.885944: val_loss -0.4807
2026-08-19 20:30:21.886049: Pseudo dice [np.float32(0.6766)]
2026-08-19 20:30:21.886115: Epoch time: 30.3 s
2026-08-19 20:30:22.986401: 
2026-08-19 20:30:22.986725: Epoch 343
2026-08-19 20:30:22.986863: Current learning rate: 0.00353
2026-08-19 20:30:53.396586: train_loss -0.5189
2026-08-19 20:30:53.396780: val_loss -0.5627
2026-08-19 20:30:53.396838: Pseudo dice [np.float32(0.7814)]
2026-08-19 20:30:53.396911: Epoch time: 30.41 s
2026-08-19 20:30:54.204648: 
2026-08-19 20:30:54.204774: Epoch 344
2026-08-19 20:30:54.204844: Current learning rate: 0.00351
2026-08-19 20:31:24.623069: train_loss -0.5465
2026-08-19 20:31:24.623268: val_loss -0.5001
2026-08-19 20:31:24.623349: Pseudo dice [np.float32(0.7519)]
2026-08-19 20:31:24.623418: Epoch time: 30.42 s
2026-08-19 20:31:25.432111: 
2026-08-19 20:31:25.432270: Epoch 345
2026-08-19 20:31:25.432347: Current learning rate: 0.00349
2026-08-19 20:31:55.871303: train_loss -0.5339
2026-08-19 20:31:55.871504: val_loss -0.5223
2026-08-19 20:31:55.871562: Pseudo dice [np.float32(0.7588)]
2026-08-19 20:31:55.871630: Epoch time: 30.44 s
2026-08-19 20:31:56.687508: 
2026-08-19 20:31:56.687623: Epoch 346
2026-08-19 20:31:56.687693: Current learning rate: 0.00346
2026-08-19 20:32:27.057390: train_loss -0.5354
2026-08-19 20:32:27.057571: val_loss -0.5803
2026-08-19 20:32:27.057659: Pseudo dice [np.float32(0.7765)]
2026-08-19 20:32:27.057723: Epoch time: 30.37 s
2026-08-19 20:32:27.888465: 
2026-08-19 20:32:27.888734: Epoch 347
2026-08-19 20:32:27.888816: Current learning rate: 0.00344
2026-08-19 20:32:58.368634: train_loss -0.5515
2026-08-19 20:32:58.368814: val_loss -0.4698
2026-08-19 20:32:58.368888: Pseudo dice [np.float32(0.698)]
2026-08-19 20:32:58.368963: Epoch time: 30.48 s
2026-08-19 20:32:59.182884: 
2026-08-19 20:32:59.183004: Epoch 348
2026-08-19 20:32:59.183080: Current learning rate: 0.00342
2026-08-19 20:33:29.666696: train_loss -0.5283
2026-08-19 20:33:29.666875: val_loss -0.5118
2026-08-19 20:33:29.666935: Pseudo dice [np.float32(0.726)]
2026-08-19 20:33:29.666996: Epoch time: 30.48 s
2026-08-19 20:33:30.503066: 
2026-08-19 20:33:30.503203: Epoch 349
2026-08-19 20:33:30.503282: Current learning rate: 0.0034
2026-08-19 20:34:00.972171: train_loss -0.5522
2026-08-19 20:34:00.972370: val_loss -0.5353
2026-08-19 20:34:00.972425: Pseudo dice [np.float32(0.7457)]
2026-08-19 20:34:00.972490: Epoch time: 30.47 s
2026-08-19 20:34:02.308403: 
2026-08-19 20:34:02.308743: Epoch 350
2026-08-19 20:34:02.308837: Current learning rate: 0.00338
2026-08-19 20:34:02.605067: [LesionAwareSamplingPowCurriculum] epoch 350: p=0.7368
2026-08-19 20:34:02.605826: do_dummy_2d_data_aug: False
2026-08-19 20:34:02.607732: Using splits from existing split file: /home/galia/ISLES2026/nnUNet_preprocessed/Dataset002_ATLAS/splits_final.json
2026-08-19 20:34:02.607955: The split file contains 1 splits.
2026-08-19 20:34:02.607995: Desired fold for training: 0
2026-08-19 20:34:02.608026: This split has 842 training and 120 validation cases.
using pin_memory on device 0
using pin_memory on device 0
2026-08-19 20:34:03.865032: [LesionAwareSampling] active for 842 training cases; validation remains uniform.
2026-08-19 20:34:34.333978: train_loss -0.5203
2026-08-19 20:34:34.334197: val_loss -0.5779
2026-08-19 20:34:34.334259: Pseudo dice [np.float32(0.7798)]
2026-08-19 20:34:34.334348: Epoch time: 32.03 s
2026-08-19 20:34:35.164504: 
2026-08-19 20:34:35.164746: Epoch 351
2026-08-19 20:34:35.164825: Current learning rate: 0.00336
2026-08-19 20:35:05.697717: train_loss -0.5438
2026-08-19 20:35:05.697920: val_loss -0.5338
2026-08-19 20:35:05.697975: Pseudo dice [np.float32(0.7555)]
2026-08-19 20:35:05.698041: Epoch time: 30.53 s
2026-08-19 20:35:06.519573: 
2026-08-19 20:35:06.519797: Epoch 352
2026-08-19 20:35:06.519881: Current learning rate: 0.00334
2026-08-19 20:35:36.954348: train_loss -0.5298
2026-08-19 20:35:36.954552: val_loss -0.5003
2026-08-19 20:35:36.954620: Pseudo dice [np.float32(0.7341)]
2026-08-19 20:35:36.954690: Epoch time: 30.44 s
2026-08-19 20:35:37.779684: 
2026-08-19 20:35:37.779793: Epoch 353
2026-08-19 20:35:37.779870: Current learning rate: 0.00332
2026-08-19 20:36:08.254781: train_loss -0.5478
2026-08-19 20:36:08.254985: val_loss -0.5239
2026-08-19 20:36:08.255042: Pseudo dice [np.float32(0.776)]
2026-08-19 20:36:08.255109: Epoch time: 30.48 s
2026-08-19 20:36:09.387058: 
2026-08-19 20:36:09.387340: Epoch 354
2026-08-19 20:36:09.387440: Current learning rate: 0.0033
2026-08-19 20:36:39.872352: train_loss -0.5409
2026-08-19 20:36:39.872617: val_loss -0.5264
2026-08-19 20:36:39.872688: Pseudo dice [np.float32(0.7601)]
2026-08-19 20:36:39.872761: Epoch time: 30.49 s
2026-08-19 20:36:40.711730: 
2026-08-19 20:36:40.711852: Epoch 355
2026-08-19 20:36:40.711933: Current learning rate: 0.00328
2026-08-19 20:37:11.052531: train_loss -0.5416
2026-08-19 20:37:11.052737: val_loss -0.5385
2026-08-19 20:37:11.052794: Pseudo dice [np.float32(0.7851)]
2026-08-19 20:37:11.052871: Epoch time: 30.34 s
2026-08-19 20:37:11.887937: 
2026-08-19 20:37:11.888092: Epoch 356
2026-08-19 20:37:11.888164: Current learning rate: 0.00326
2026-08-19 20:37:42.294871: train_loss -0.5568
2026-08-19 20:37:42.295074: val_loss -0.4666
2026-08-19 20:37:42.295140: Pseudo dice [np.float32(0.7)]
2026-08-19 20:37:42.295208: Epoch time: 30.41 s
2026-08-19 20:37:43.129648: 
2026-08-19 20:37:43.129889: Epoch 357
2026-08-19 20:37:43.129977: Current learning rate: 0.00324
2026-08-19 20:38:13.379894: train_loss -0.5379
2026-08-19 20:38:13.380074: val_loss -0.5458
2026-08-19 20:38:13.380133: Pseudo dice [np.float32(0.7272)]
2026-08-19 20:38:13.380199: Epoch time: 30.25 s
2026-08-19 20:38:14.204111: 
2026-08-19 20:38:14.204231: Epoch 358
2026-08-19 20:38:14.204304: Current learning rate: 0.00322
2026-08-19 20:38:44.635265: train_loss -0.5544
2026-08-19 20:38:44.635446: val_loss -0.48
2026-08-19 20:38:44.635503: Pseudo dice [np.float32(0.7416)]
2026-08-19 20:38:44.635567: Epoch time: 30.43 s
2026-08-19 20:38:45.458873: 
2026-08-19 20:38:45.458991: Epoch 359
2026-08-19 20:38:45.459063: Current learning rate: 0.0032
2026-08-19 20:39:15.986397: train_loss -0.5189
2026-08-19 20:39:15.986558: val_loss -0.4986
2026-08-19 20:39:15.986618: Pseudo dice [np.float32(0.749)]
2026-08-19 20:39:15.986681: Epoch time: 30.53 s
2026-08-19 20:39:17.126606: 
2026-08-19 20:39:17.126847: Epoch 360
2026-08-19 20:39:17.126935: Current learning rate: 0.00318
2026-08-19 20:39:47.579056: train_loss -0.5358
2026-08-19 20:39:47.579229: val_loss -0.4773
2026-08-19 20:39:47.579287: Pseudo dice [np.float32(0.746)]
2026-08-19 20:39:47.579351: Epoch time: 30.45 s
2026-08-19 20:39:48.396444: 
2026-08-19 20:39:48.396640: Epoch 361
2026-08-19 20:39:48.396709: Current learning rate: 0.00316
2026-08-19 20:40:18.785219: train_loss -0.5659
2026-08-19 20:40:18.785404: val_loss -0.517
2026-08-19 20:40:18.785460: Pseudo dice [np.float32(0.7022)]
2026-08-19 20:40:18.785527: Epoch time: 30.39 s
2026-08-19 20:40:19.606183: 
2026-08-19 20:40:19.606298: Epoch 362
2026-08-19 20:40:19.606377: Current learning rate: 0.00314
2026-08-19 20:40:50.036940: train_loss -0.535
2026-08-19 20:40:50.037133: val_loss -0.5358
2026-08-19 20:40:50.037197: Pseudo dice [np.float32(0.7499)]
2026-08-19 20:40:50.037269: Epoch time: 30.43 s
2026-08-19 20:40:50.857309: 
2026-08-19 20:40:50.857427: Epoch 363
2026-08-19 20:40:50.857503: Current learning rate: 0.00312
2026-08-19 20:41:21.150060: train_loss -0.563
2026-08-19 20:41:21.150323: val_loss -0.589
2026-08-19 20:41:21.150382: Pseudo dice [np.float32(0.7663)]
2026-08-19 20:41:21.150448: Epoch time: 30.29 s
2026-08-19 20:41:21.971053: 
2026-08-19 20:41:21.971235: Epoch 364
2026-08-19 20:41:21.971311: Current learning rate: 0.0031
2026-08-19 20:41:52.284609: train_loss -0.5555
2026-08-19 20:41:52.284809: val_loss -0.4508
2026-08-19 20:41:52.284876: Pseudo dice [np.float32(0.7413)]
2026-08-19 20:41:52.284950: Epoch time: 30.31 s
2026-08-19 20:41:53.108116: 
2026-08-19 20:41:53.108219: Epoch 365
2026-08-19 20:41:53.108373: Current learning rate: 0.00308
2026-08-19 20:42:23.635354: train_loss -0.5453
2026-08-19 20:42:23.635543: val_loss -0.2548
2026-08-19 20:42:23.635602: Pseudo dice [np.float32(0.346)]
2026-08-19 20:42:23.635667: Epoch time: 30.53 s
2026-08-19 20:42:24.746551: 
2026-08-19 20:42:24.746863: Epoch 366
2026-08-19 20:42:24.746948: Current learning rate: 0.00306
2026-08-19 20:42:55.162633: train_loss -0.5196
2026-08-19 20:42:55.162842: val_loss -0.2944
2026-08-19 20:42:55.162913: Pseudo dice [np.float32(0.3481)]
2026-08-19 20:42:55.162986: Epoch time: 30.42 s
2026-08-19 20:42:55.981813: 
2026-08-19 20:42:55.981963: Epoch 367
2026-08-19 20:42:55.982038: Current learning rate: 0.00304
2026-08-19 20:43:26.244444: train_loss -0.5535
2026-08-19 20:43:26.244654: val_loss -0.4647
2026-08-19 20:43:26.244713: Pseudo dice [np.float32(0.7297)]
2026-08-19 20:43:26.244774: Epoch time: 30.26 s
2026-08-19 20:43:27.069632: 
2026-08-19 20:43:27.069845: Epoch 368
2026-08-19 20:43:27.069954: Current learning rate: 0.00302
2026-08-19 20:43:57.363956: train_loss -0.5388
2026-08-19 20:43:57.364124: val_loss -0.5776
2026-08-19 20:43:57.364181: Pseudo dice [np.float32(0.8006)]
2026-08-19 20:43:57.364242: Epoch time: 30.3 s
2026-08-19 20:43:58.185079: 
2026-08-19 20:43:58.185196: Epoch 369
2026-08-19 20:43:58.185269: Current learning rate: 0.003
2026-08-19 20:44:28.629757: train_loss -0.5389
2026-08-19 20:44:28.630005: val_loss -0.5064
2026-08-19 20:44:28.630061: Pseudo dice [np.float32(0.7216)]
2026-08-19 20:44:28.630131: Epoch time: 30.45 s
2026-08-19 20:44:29.978799: 
2026-08-19 20:44:29.979018: Epoch 370
2026-08-19 20:44:29.979104: Current learning rate: 0.00297
2026-08-19 20:45:00.485997: train_loss -0.5405
2026-08-19 20:45:00.486262: val_loss -0.5241
2026-08-19 20:45:00.486323: Pseudo dice [np.float32(0.7336)]
2026-08-19 20:45:00.486395: Epoch time: 30.51 s
2026-08-19 20:45:01.311613: 
2026-08-19 20:45:01.311797: Epoch 371
2026-08-19 20:45:01.311961: Current learning rate: 0.00295
2026-08-19 20:45:31.613052: train_loss -0.5668
2026-08-19 20:45:31.613258: val_loss -0.565
2026-08-19 20:45:31.613316: Pseudo dice [np.float32(0.7621)]
2026-08-19 20:45:31.613386: Epoch time: 30.3 s
2026-08-19 20:45:32.441407: 
2026-08-19 20:45:32.441589: Epoch 372
2026-08-19 20:45:32.441666: Current learning rate: 0.00293
2026-08-19 20:46:02.842984: train_loss -0.5849
2026-08-19 20:46:02.843220: val_loss -0.5271
2026-08-19 20:46:02.843276: Pseudo dice [np.float32(0.7591)]
2026-08-19 20:46:02.843339: Epoch time: 30.4 s
2026-08-19 20:46:03.669405: 
2026-08-19 20:46:03.669533: Epoch 373
2026-08-19 20:46:03.669611: Current learning rate: 0.00291
2026-08-19 20:46:34.106126: train_loss -0.5808
2026-08-19 20:46:34.106294: val_loss -0.5184
2026-08-19 20:46:34.106352: Pseudo dice [np.float32(0.7728)]
2026-08-19 20:46:34.106414: Epoch time: 30.44 s
2026-08-19 20:46:34.926863: 
2026-08-19 20:46:34.927057: Epoch 374
2026-08-19 20:46:34.927127: Current learning rate: 0.00289
2026-08-19 20:47:05.259325: train_loss -0.5493
2026-08-19 20:47:05.259523: val_loss -0.486
2026-08-19 20:47:05.259585: Pseudo dice [np.float32(0.7265)]
2026-08-19 20:47:05.259650: Epoch time: 30.33 s
2026-08-19 20:47:06.096123: 
2026-08-19 20:47:06.096537: Epoch 375
2026-08-19 20:47:06.096628: Current learning rate: 0.00287
2026-08-19 20:47:06.365676: [LesionAwareSamplingPowCurriculum] epoch 375: p=0.7895
2026-08-19 20:47:06.366445: do_dummy_2d_data_aug: False
2026-08-19 20:47:06.368349: Using splits from existing split file: /home/galia/ISLES2026/nnUNet_preprocessed/Dataset002_ATLAS/splits_final.json
2026-08-19 20:47:06.368556: The split file contains 1 splits.
2026-08-19 20:47:06.368595: Desired fold for training: 0
2026-08-19 20:47:06.368627: This split has 842 training and 120 validation cases.
using pin_memory on device 0
using pin_memory on device 0
2026-08-19 20:47:07.454455: [LesionAwareSampling] active for 842 training cases; validation remains uniform.
2026-08-19 20:47:37.917500: train_loss -0.5461
2026-08-19 20:47:37.917776: val_loss -0.5124
2026-08-19 20:47:37.917837: Pseudo dice [np.float32(0.7355)]
2026-08-19 20:47:37.917936: Epoch time: 31.82 s
2026-08-19 20:47:38.755488: 
2026-08-19 20:47:38.755626: Epoch 376
2026-08-19 20:47:38.755698: Current learning rate: 0.00285
2026-08-19 20:48:09.124615: train_loss -0.5548
2026-08-19 20:48:09.124841: val_loss -0.5419
2026-08-19 20:48:09.124906: Pseudo dice [np.float32(0.7582)]
2026-08-19 20:48:09.124976: Epoch time: 30.37 s
2026-08-19 20:48:10.261260: 
2026-08-19 20:48:10.261377: Epoch 377
2026-08-19 20:48:10.261523: Current learning rate: 0.00283
2026-08-19 20:48:40.819810: train_loss -0.5407
2026-08-19 20:48:40.820075: val_loss -0.5347
2026-08-19 20:48:40.820139: Pseudo dice [np.float32(0.7639)]
2026-08-19 20:48:40.820212: Epoch time: 30.56 s
2026-08-19 20:48:41.670072: 
2026-08-19 20:48:41.670392: Epoch 378
2026-08-19 20:48:41.670479: Current learning rate: 0.00281
2026-08-19 20:49:12.160570: train_loss -0.5658
2026-08-19 20:49:12.160811: val_loss -0.4975
2026-08-19 20:49:12.160884: Pseudo dice [np.float32(0.7524)]
2026-08-19 20:49:12.160955: Epoch time: 30.49 s
2026-08-19 20:49:13.007491: 
2026-08-19 20:49:13.007619: Epoch 379
2026-08-19 20:49:13.007690: Current learning rate: 0.00279
2026-08-19 20:49:43.513199: train_loss -0.5713
2026-08-19 20:49:43.513568: val_loss -0.5299
2026-08-19 20:49:43.513633: Pseudo dice [np.float32(0.7511)]
2026-08-19 20:49:43.513703: Epoch time: 30.51 s
2026-08-19 20:49:44.671742: 
2026-08-19 20:49:44.671873: Epoch 380
2026-08-19 20:49:44.671946: Current learning rate: 0.00277
2026-08-19 20:50:15.016304: train_loss -0.5663
2026-08-19 20:50:15.016500: val_loss -0.5486
2026-08-19 20:50:15.016558: Pseudo dice [np.float32(0.7681)]
2026-08-19 20:50:15.016624: Epoch time: 30.35 s
2026-08-19 20:50:15.838196: 
2026-08-19 20:50:15.838352: Epoch 381
2026-08-19 20:50:15.838432: Current learning rate: 0.00275
2026-08-19 20:50:46.342595: train_loss -0.5663
2026-08-19 20:50:46.342794: val_loss -0.5176
2026-08-19 20:50:46.342853: Pseudo dice [np.float32(0.7756)]
2026-08-19 20:50:46.342927: Epoch time: 30.51 s
2026-08-19 20:50:47.177495: 
2026-08-19 20:50:47.177783: Epoch 382
2026-08-19 20:50:47.177900: Current learning rate: 0.00273
2026-08-19 20:51:17.688440: train_loss -0.5762
2026-08-19 20:51:17.688740: val_loss -0.4673
2026-08-19 20:51:17.688803: Pseudo dice [np.float32(0.6872)]
2026-08-19 20:51:17.688880: Epoch time: 30.51 s
2026-08-19 20:51:18.524830: 
2026-08-19 20:51:18.524991: Epoch 383
2026-08-19 20:51:18.525068: Current learning rate: 0.00271
2026-08-19 20:51:49.061286: train_loss -0.5805
2026-08-19 20:51:49.061505: val_loss -0.5404
2026-08-19 20:51:49.061564: Pseudo dice [np.float32(0.7946)]
2026-08-19 20:51:49.061639: Epoch time: 30.54 s
2026-08-19 20:51:49.908613: 
2026-08-19 20:51:49.908765: Epoch 384
2026-08-19 20:51:49.908849: Current learning rate: 0.00268
2026-08-19 20:52:20.468600: train_loss -0.5704
2026-08-19 20:52:20.468898: val_loss -0.5675
2026-08-19 20:52:20.468988: Pseudo dice [np.float32(0.7764)]
2026-08-19 20:52:20.469097: Epoch time: 30.56 s
2026-08-19 20:52:21.338992: 
2026-08-19 20:52:21.339255: Epoch 385
2026-08-19 20:52:21.339340: Current learning rate: 0.00266
2026-08-19 20:52:51.888405: train_loss -0.5809
2026-08-19 20:52:51.888605: val_loss -0.5386
2026-08-19 20:52:51.888669: Pseudo dice [np.float32(0.7813)]
2026-08-19 20:52:51.888738: Epoch time: 30.55 s
2026-08-19 20:52:52.722708: 
2026-08-19 20:52:52.722893: Epoch 386
2026-08-19 20:52:52.722980: Current learning rate: 0.00264
2026-08-19 20:53:23.259510: train_loss -0.5819
2026-08-19 20:53:23.259803: val_loss -0.5543
2026-08-19 20:53:23.259877: Pseudo dice [np.float32(0.7709)]
2026-08-19 20:53:23.259972: Epoch time: 30.54 s
2026-08-19 20:53:24.098974: 
2026-08-19 20:53:24.099209: Epoch 387
2026-08-19 20:53:24.099284: Current learning rate: 0.00262
2026-08-19 20:53:54.462644: train_loss -0.5521
2026-08-19 20:53:54.462861: val_loss -0.5563
2026-08-19 20:53:54.462933: Pseudo dice [np.float32(0.7792)]
2026-08-19 20:53:54.463005: Epoch time: 30.36 s
2026-08-19 20:53:55.295629: 
2026-08-19 20:53:55.295740: Epoch 388
2026-08-19 20:53:55.295828: Current learning rate: 0.0026
2026-08-19 20:54:25.816935: train_loss -0.5656
2026-08-19 20:54:25.817185: val_loss -0.5588
2026-08-19 20:54:25.817252: Pseudo dice [np.float32(0.7873)]
2026-08-19 20:54:25.817334: Epoch time: 30.52 s
2026-08-19 20:54:26.958284: 
2026-08-19 20:54:26.958426: Epoch 389
2026-08-19 20:54:26.958506: Current learning rate: 0.00258
2026-08-19 20:54:57.506461: train_loss -0.5717
2026-08-19 20:54:57.506755: val_loss -0.5511
2026-08-19 20:54:57.506834: Pseudo dice [np.float32(0.7785)]
2026-08-19 20:54:57.506948: Epoch time: 30.55 s
2026-08-19 20:54:58.664790: 
2026-08-19 20:54:58.664951: Epoch 390
2026-08-19 20:54:58.665065: Current learning rate: 0.00256
2026-08-19 20:55:29.099811: train_loss -0.562
2026-08-19 20:55:29.100055: val_loss -0.4916
2026-08-19 20:55:29.100119: Pseudo dice [np.float32(0.7193)]
2026-08-19 20:55:29.100188: Epoch time: 30.44 s
2026-08-19 20:55:29.930502: 
2026-08-19 20:55:29.930635: Epoch 391
2026-08-19 20:55:29.930713: Current learning rate: 0.00254
2026-08-19 20:56:00.376506: train_loss -0.5494
2026-08-19 20:56:00.376867: val_loss -0.5415
2026-08-19 20:56:00.376929: Pseudo dice [np.float32(0.7746)]
2026-08-19 20:56:00.377004: Epoch time: 30.45 s
2026-08-19 20:56:01.208941: 
2026-08-19 20:56:01.209255: Epoch 392
2026-08-19 20:56:01.209373: Current learning rate: 0.00252
2026-08-19 20:56:31.595580: train_loss -0.5527
2026-08-19 20:56:31.597424: val_loss -0.5426
2026-08-19 20:56:31.597518: Pseudo dice [np.float32(0.7364)]
2026-08-19 20:56:31.597598: Epoch time: 30.39 s
2026-08-19 20:56:32.448951: 
2026-08-19 20:56:32.449157: Epoch 393
2026-08-19 20:56:32.449241: Current learning rate: 0.0025
2026-08-19 20:57:02.970263: train_loss -0.5932
2026-08-19 20:57:02.970540: val_loss -0.5121
2026-08-19 20:57:02.970612: Pseudo dice [np.float32(0.7719)]
2026-08-19 20:57:02.970715: Epoch time: 30.52 s
2026-08-19 20:57:03.810029: 
2026-08-19 20:57:03.810169: Epoch 394
2026-08-19 20:57:03.810243: Current learning rate: 0.00248
2026-08-19 20:57:34.133752: train_loss -0.5805
2026-08-19 20:57:34.134034: val_loss -0.5053
2026-08-19 20:57:34.134096: Pseudo dice [np.float32(0.7523)]
2026-08-19 20:57:34.134174: Epoch time: 30.32 s
2026-08-19 20:57:34.968519: 
2026-08-19 20:57:34.968649: Epoch 395
2026-08-19 20:57:34.968724: Current learning rate: 0.00245
2026-08-19 20:58:05.428787: train_loss -0.5599
2026-08-19 20:58:05.429018: val_loss -0.5254
2026-08-19 20:58:05.429078: Pseudo dice [np.float32(0.7245)]
2026-08-19 20:58:05.429156: Epoch time: 30.46 s
2026-08-19 20:58:06.268104: 
2026-08-19 20:58:06.268261: Epoch 396
2026-08-19 20:58:06.268355: Current learning rate: 0.00243
2026-08-19 20:58:36.742864: train_loss -0.5859
2026-08-19 20:58:36.743097: val_loss -0.5482
2026-08-19 20:58:36.743159: Pseudo dice [np.float32(0.8052)]
2026-08-19 20:58:36.743232: Epoch time: 30.48 s
2026-08-19 20:58:37.582358: 
2026-08-19 20:58:37.582711: Epoch 397
2026-08-19 20:58:37.582874: Current learning rate: 0.00241
2026-08-19 20:59:08.159314: train_loss -0.5776
2026-08-19 20:59:08.159548: val_loss -0.5331
2026-08-19 20:59:08.159608: Pseudo dice [np.float32(0.7646)]
2026-08-19 20:59:08.159686: Epoch time: 30.58 s
2026-08-19 20:59:08.998500: 
2026-08-19 20:59:08.998615: Epoch 398
2026-08-19 20:59:08.998688: Current learning rate: 0.00239
2026-08-19 20:59:39.598887: train_loss -0.5733
2026-08-19 20:59:39.599132: val_loss -0.4936
2026-08-19 20:59:39.599198: Pseudo dice [np.float32(0.7339)]
2026-08-19 20:59:39.599272: Epoch time: 30.6 s
2026-08-19 20:59:40.456110: 
2026-08-19 20:59:40.456437: Epoch 399
2026-08-19 20:59:40.456562: Current learning rate: 0.00237
2026-08-19 21:00:10.942163: train_loss -0.5794
2026-08-19 21:00:10.942476: val_loss -0.4726
2026-08-19 21:00:10.942544: Pseudo dice [np.float32(0.7044)]
2026-08-19 21:00:10.942622: Epoch time: 30.49 s
2026-08-19 21:00:12.450083: 
2026-08-19 21:00:12.450891: Epoch 400
2026-08-19 21:00:12.451002: Current learning rate: 0.00235
2026-08-19 21:00:12.726134: [LesionAwareSamplingPowCurriculum] epoch 400: p=0.8421
2026-08-19 21:00:12.726998: do_dummy_2d_data_aug: False
2026-08-19 21:00:12.729096: Using splits from existing split file: /home/galia/ISLES2026/nnUNet_preprocessed/Dataset002_ATLAS/splits_final.json
2026-08-19 21:00:12.729329: The split file contains 1 splits.
2026-08-19 21:00:12.729371: Desired fold for training: 0
2026-08-19 21:00:12.729411: This split has 842 training and 120 validation cases.
using pin_memory on device 0
using pin_memory on device 0
2026-08-19 21:00:13.942627: [LesionAwareSampling] active for 842 training cases; validation remains uniform.
2026-08-19 21:00:44.353142: train_loss -0.5647
2026-08-19 21:00:44.353369: val_loss -0.5411
2026-08-19 21:00:44.353433: Pseudo dice [np.float32(0.7594)]
2026-08-19 21:00:44.353549: Epoch time: 31.9 s
2026-08-19 21:00:45.208941: 
2026-08-19 21:00:45.209173: Epoch 401
2026-08-19 21:00:45.209256: Current learning rate: 0.00233
2026-08-19 21:01:15.747073: train_loss -0.5825
2026-08-19 21:01:15.747279: val_loss -0.5292
2026-08-19 21:01:15.747339: Pseudo dice [np.float32(0.7747)]
2026-08-19 21:01:15.747410: Epoch time: 30.54 s
2026-08-19 21:01:16.595577: 
2026-08-19 21:01:16.595814: Epoch 402
2026-08-19 21:01:16.595899: Current learning rate: 0.00231
2026-08-19 21:01:47.055690: train_loss -0.5861
2026-08-19 21:01:47.055920: val_loss -0.4874
2026-08-19 21:01:47.055996: Pseudo dice [np.float32(0.7357)]
2026-08-19 21:01:47.056093: Epoch time: 30.46 s
2026-08-19 21:01:47.910817: 
2026-08-19 21:01:47.910989: Epoch 403
2026-08-19 21:01:47.911068: Current learning rate: 0.00229
2026-08-19 21:02:18.335707: train_loss -0.5566
2026-08-19 21:02:18.335922: val_loss -0.5164
2026-08-19 21:02:18.335983: Pseudo dice [np.float32(0.7367)]
2026-08-19 21:02:18.336055: Epoch time: 30.43 s
2026-08-19 21:02:19.178386: 
2026-08-19 21:02:19.178561: Epoch 404
2026-08-19 21:02:19.178639: Current learning rate: 0.00226
2026-08-19 21:02:49.660613: train_loss -0.5845
2026-08-19 21:02:49.660837: val_loss -0.5228
2026-08-19 21:02:49.660951: Pseudo dice [np.float32(0.7516)]
2026-08-19 21:02:49.661032: Epoch time: 30.48 s
2026-08-19 21:02:50.508072: 
2026-08-19 21:02:50.508234: Epoch 405
2026-08-19 21:02:50.508314: Current learning rate: 0.00224
2026-08-19 21:03:21.073781: train_loss -0.5619
2026-08-19 21:03:21.074008: val_loss -0.535
2026-08-19 21:03:21.074071: Pseudo dice [np.float32(0.808)]
2026-08-19 21:03:21.074148: Epoch time: 30.57 s
2026-08-19 21:03:21.922111: 
2026-08-19 21:03:21.922263: Epoch 406
2026-08-19 21:03:21.922342: Current learning rate: 0.00222
2026-08-19 21:03:52.311148: train_loss -0.5782
2026-08-19 21:03:52.311358: val_loss -0.5374
2026-08-19 21:03:52.311415: Pseudo dice [np.float32(0.7598)]
2026-08-19 21:03:52.311488: Epoch time: 30.39 s
2026-08-19 21:03:53.151213: 
2026-08-19 21:03:53.151368: Epoch 407
2026-08-19 21:03:53.151443: Current learning rate: 0.0022
2026-08-19 21:04:23.658709: train_loss -0.5679
2026-08-19 21:04:23.658921: val_loss -0.5914
2026-08-19 21:04:23.658980: Pseudo dice [np.float32(0.7672)]
2026-08-19 21:04:23.659053: Epoch time: 30.51 s
2026-08-19 21:04:24.497470: 
2026-08-19 21:04:24.497670: Epoch 408
2026-08-19 21:04:24.497747: Current learning rate: 0.00218
2026-08-19 21:04:54.988644: train_loss -0.5704
2026-08-19 21:04:54.988851: val_loss -0.5521
2026-08-19 21:04:54.988924: Pseudo dice [np.float32(0.7694)]
2026-08-19 21:04:54.989004: Epoch time: 30.49 s
2026-08-19 21:04:55.856593: 
2026-08-19 21:04:55.856706: Epoch 409
2026-08-19 21:04:55.856784: Current learning rate: 0.00216
2026-08-19 21:05:26.344465: train_loss -0.5663
2026-08-19 21:05:26.344757: val_loss -0.5207
2026-08-19 21:05:26.344825: Pseudo dice [np.float32(0.775)]
2026-08-19 21:05:26.344907: Epoch time: 30.49 s
2026-08-19 21:05:26.675531: Yayy! New best EMA pseudo Dice: 0.7605999708175659
2026-08-19 21:05:27.843690: 
2026-08-19 21:05:27.843982: Epoch 410
2026-08-19 21:05:27.844100: Current learning rate: 0.00214
2026-08-19 21:05:58.255641: train_loss -0.5559
2026-08-19 21:05:58.255838: val_loss -0.5413
2026-08-19 21:05:58.255902: Pseudo dice [np.float32(0.7582)]
2026-08-19 21:05:58.255991: Epoch time: 30.41 s
2026-08-19 21:05:59.393036: 
2026-08-19 21:05:59.393247: Epoch 411
2026-08-19 21:05:59.393332: Current learning rate: 0.00212
2026-08-19 21:06:29.933656: train_loss -0.5819
2026-08-19 21:06:29.933871: val_loss -0.5599
2026-08-19 21:06:29.933935: Pseudo dice [np.float32(0.7882)]
2026-08-19 21:06:29.934019: Epoch time: 30.54 s
2026-08-19 21:06:29.934072: Yayy! New best EMA pseudo Dice: 0.7631000280380249
2026-08-19 21:06:31.193124: 
2026-08-19 21:06:31.193297: Epoch 412
2026-08-19 21:06:31.193384: Current learning rate: 0.00209
2026-08-19 21:07:01.584764: train_loss -0.5646
2026-08-19 21:07:01.584978: val_loss -0.5514
2026-08-19 21:07:01.585040: Pseudo dice [np.float32(0.788)]
2026-08-19 21:07:01.585118: Epoch time: 30.39 s
2026-08-19 21:07:01.585166: Yayy! New best EMA pseudo Dice: 0.7656000256538391
2026-08-19 21:07:02.762176: 
2026-08-19 21:07:02.762392: Epoch 413
2026-08-19 21:07:02.762473: Current learning rate: 0.00207
2026-08-19 21:07:33.205884: train_loss -0.5485
2026-08-19 21:07:33.206086: val_loss -0.5206
2026-08-19 21:07:33.206145: Pseudo dice [np.float32(0.7529)]
2026-08-19 21:07:33.206213: Epoch time: 30.44 s
2026-08-19 21:07:34.007595: 
2026-08-19 21:07:34.007745: Epoch 414
2026-08-19 21:07:34.007878: Current learning rate: 0.00205
2026-08-19 21:08:04.333808: train_loss -0.5913
2026-08-19 21:08:04.334265: val_loss -0.5302
2026-08-19 21:08:04.334330: Pseudo dice [np.float32(0.7517)]
2026-08-19 21:08:04.334405: Epoch time: 30.33 s
2026-08-19 21:08:05.139683: 
2026-08-19 21:08:05.139840: Epoch 415
2026-08-19 21:08:05.139923: Current learning rate: 0.00203
2026-08-19 21:08:35.585541: train_loss -0.5772
2026-08-19 21:08:35.585802: val_loss -0.5463
2026-08-19 21:08:35.585871: Pseudo dice [np.float32(0.7631)]
2026-08-19 21:08:35.585945: Epoch time: 30.45 s
2026-08-19 21:08:36.400213: 
2026-08-19 21:08:36.400471: Epoch 416
2026-08-19 21:08:36.400547: Current learning rate: 0.00201
2026-08-19 21:09:06.822705: train_loss -0.5523
2026-08-19 21:09:06.822923: val_loss -0.5558
2026-08-19 21:09:06.822985: Pseudo dice [np.float32(0.6759)]
2026-08-19 21:09:06.823055: Epoch time: 30.42 s
2026-08-19 21:09:07.631056: 
2026-08-19 21:09:07.631258: Epoch 417
2026-08-19 21:09:07.631337: Current learning rate: 0.00199
2026-08-19 21:09:38.151588: train_loss -0.583
2026-08-19 21:09:38.151799: val_loss -0.5481
2026-08-19 21:09:38.151865: Pseudo dice [np.float32(0.7711)]
2026-08-19 21:09:38.151933: Epoch time: 30.52 s
2026-08-19 21:09:38.960239: 
2026-08-19 21:09:38.960419: Epoch 418
2026-08-19 21:09:38.960496: Current learning rate: 0.00196
2026-08-19 21:10:09.353953: train_loss -0.5959
2026-08-19 21:10:09.354167: val_loss -0.5338
2026-08-19 21:10:09.354225: Pseudo dice [np.float32(0.7518)]
2026-08-19 21:10:09.354294: Epoch time: 30.39 s
2026-08-19 21:10:10.166916: 
2026-08-19 21:10:10.167066: Epoch 419
2026-08-19 21:10:10.167149: Current learning rate: 0.00194
2026-08-19 21:10:40.503630: train_loss -0.5813
2026-08-19 21:10:40.503833: val_loss -0.5211
2026-08-19 21:10:40.503903: Pseudo dice [np.float32(0.776)]
2026-08-19 21:10:40.503970: Epoch time: 30.34 s
2026-08-19 21:10:41.659751: 
2026-08-19 21:10:41.659939: Epoch 420
2026-08-19 21:10:41.660017: Current learning rate: 0.00192
2026-08-19 21:11:11.992579: train_loss -0.6109
2026-08-19 21:11:11.992756: val_loss -0.4828
2026-08-19 21:11:11.992820: Pseudo dice [np.float32(0.6594)]
2026-08-19 21:11:11.992889: Epoch time: 30.33 s
2026-08-19 21:11:12.799081: 
2026-08-19 21:11:12.799271: Epoch 421
2026-08-19 21:11:12.799345: Current learning rate: 0.0019
2026-08-19 21:11:43.114175: train_loss -0.5796
2026-08-19 21:11:43.114406: val_loss -0.5511
2026-08-19 21:11:43.114464: Pseudo dice [np.float32(0.7931)]
2026-08-19 21:11:43.114527: Epoch time: 30.32 s
2026-08-19 21:11:43.919070: 
2026-08-19 21:11:43.919276: Epoch 422
2026-08-19 21:11:43.919355: Current learning rate: 0.00188
2026-08-19 21:12:14.226297: train_loss -0.5684
2026-08-19 21:12:14.226513: val_loss -0.5211
2026-08-19 21:12:14.226577: Pseudo dice [np.float32(0.7233)]
2026-08-19 21:12:14.226651: Epoch time: 30.31 s
2026-08-19 21:12:15.037177: 
2026-08-19 21:12:15.037366: Epoch 423
2026-08-19 21:12:15.037447: Current learning rate: 0.00186
2026-08-19 21:12:45.330975: train_loss -0.5966
2026-08-19 21:12:45.331224: val_loss -0.5155
2026-08-19 21:12:45.331289: Pseudo dice [np.float32(0.7766)]
2026-08-19 21:12:45.331363: Epoch time: 30.29 s
2026-08-19 21:12:46.489995: 
2026-08-19 21:12:46.490264: Epoch 424
2026-08-19 21:12:46.490377: Current learning rate: 0.00184
2026-08-19 21:13:16.855333: train_loss -0.6025
2026-08-19 21:13:16.855535: val_loss -0.4913
2026-08-19 21:13:16.855600: Pseudo dice [np.float32(0.7628)]
2026-08-19 21:13:16.855672: Epoch time: 30.37 s
2026-08-19 21:13:17.653149: 
2026-08-19 21:13:17.653306: Epoch 425
2026-08-19 21:13:17.653387: Current learning rate: 0.00181
2026-08-19 21:13:17.913025: [LesionAwareSamplingPowCurriculum] epoch 425: p=0.8947
2026-08-19 21:13:17.913800: do_dummy_2d_data_aug: False
2026-08-19 21:13:17.915807: Using splits from existing split file: /home/galia/ISLES2026/nnUNet_preprocessed/Dataset002_ATLAS/splits_final.json
2026-08-19 21:13:17.916030: The split file contains 1 splits.
2026-08-19 21:13:17.916074: Desired fold for training: 0
2026-08-19 21:13:17.916106: This split has 842 training and 120 validation cases.
using pin_memory on device 0
using pin_memory on device 0
2026-08-19 21:13:19.154212: [LesionAwareSampling] active for 842 training cases; validation remains uniform.
2026-08-19 21:13:49.703847: train_loss -0.5951
2026-08-19 21:13:49.704142: val_loss -0.5305
2026-08-19 21:13:49.704206: Pseudo dice [np.float32(0.7484)]
2026-08-19 21:13:49.704321: Epoch time: 32.05 s
2026-08-19 21:13:50.528319: 
2026-08-19 21:13:50.528500: Epoch 426
2026-08-19 21:13:50.528577: Current learning rate: 0.00179
2026-08-19 21:14:21.003009: train_loss -0.6181
2026-08-19 21:14:21.003268: val_loss -0.5347
2026-08-19 21:14:21.003333: Pseudo dice [np.float32(0.7504)]
2026-08-19 21:14:21.003402: Epoch time: 30.48 s
2026-08-19 21:14:21.809275: 
2026-08-19 21:14:21.809543: Epoch 427
2026-08-19 21:14:21.809623: Current learning rate: 0.00177
2026-08-19 21:14:52.307746: train_loss -0.5783
2026-08-19 21:14:52.307960: val_loss -0.532
2026-08-19 21:14:52.308022: Pseudo dice [np.float32(0.7792)]
2026-08-19 21:14:52.308091: Epoch time: 30.5 s
2026-08-19 21:14:53.108642: 
2026-08-19 21:14:53.108858: Epoch 428
2026-08-19 21:14:53.108938: Current learning rate: 0.00175
2026-08-19 21:15:23.597677: train_loss -0.6035
2026-08-19 21:15:23.598088: val_loss -0.5365
2026-08-19 21:15:23.598219: Pseudo dice [np.float32(0.7437)]
2026-08-19 21:15:23.598305: Epoch time: 30.49 s
2026-08-19 21:15:24.403077: 
2026-08-19 21:15:24.403239: Epoch 429
2026-08-19 21:15:24.403318: Current learning rate: 0.00173
2026-08-19 21:15:54.778810: train_loss -0.5946
2026-08-19 21:15:54.779138: val_loss -0.5314
2026-08-19 21:15:54.779209: Pseudo dice [np.float32(0.7727)]
2026-08-19 21:15:54.779283: Epoch time: 30.38 s
2026-08-19 21:15:55.939407: 
2026-08-19 21:15:55.939617: Epoch 430
2026-08-19 21:15:55.939691: Current learning rate: 0.0017
2026-08-19 21:16:26.336760: train_loss -0.5901
2026-08-19 21:16:26.337008: val_loss -0.4912
2026-08-19 21:16:26.337078: Pseudo dice [np.float32(0.7445)]
2026-08-19 21:16:26.337151: Epoch time: 30.4 s
2026-08-19 21:16:27.137088: 
2026-08-19 21:16:27.137293: Epoch 431
2026-08-19 21:16:27.137373: Current learning rate: 0.00168
2026-08-19 21:16:57.603133: train_loss -0.5966
2026-08-19 21:16:57.603339: val_loss -0.5369
2026-08-19 21:16:57.603398: Pseudo dice [np.float32(0.7602)]
2026-08-19 21:16:57.603465: Epoch time: 30.47 s
2026-08-19 21:16:58.408067: 
2026-08-19 21:16:58.408267: Epoch 432
2026-08-19 21:16:58.408346: Current learning rate: 0.00166
2026-08-19 21:17:28.861462: train_loss -0.6147
2026-08-19 21:17:28.861680: val_loss -0.5683
2026-08-19 21:17:28.861740: Pseudo dice [np.float32(0.7617)]
2026-08-19 21:17:28.861814: Epoch time: 30.45 s
2026-08-19 21:17:29.665143: 
2026-08-19 21:17:29.665350: Epoch 433
2026-08-19 21:17:29.665441: Current learning rate: 0.00164
2026-08-19 21:18:00.019090: train_loss -0.603
2026-08-19 21:18:00.019291: val_loss -0.5415
2026-08-19 21:18:00.019352: Pseudo dice [np.float32(0.758)]
2026-08-19 21:18:00.019427: Epoch time: 30.35 s
2026-08-19 21:18:00.820425: 
2026-08-19 21:18:00.820745: Epoch 434
2026-08-19 21:18:00.820900: Current learning rate: 0.00162
2026-08-19 21:18:31.251029: train_loss -0.6005
2026-08-19 21:18:31.251267: val_loss -0.5444
2026-08-19 21:18:31.251333: Pseudo dice [np.float32(0.7801)]
2026-08-19 21:18:31.251411: Epoch time: 30.43 s
2026-08-19 21:18:32.063230: 
2026-08-19 21:18:32.063551: Epoch 435
2026-08-19 21:18:32.063673: Current learning rate: 0.00159
2026-08-19 21:19:02.366952: train_loss -0.6112
2026-08-19 21:19:02.367161: val_loss -0.5237
2026-08-19 21:19:02.367223: Pseudo dice [np.float32(0.7815)]
2026-08-19 21:19:02.367294: Epoch time: 30.3 s
2026-08-19 21:19:03.512652: 
2026-08-19 21:19:03.512769: Epoch 436
2026-08-19 21:19:03.512840: Current learning rate: 0.00157
2026-08-19 21:19:34.011425: train_loss -0.5954
2026-08-19 21:19:34.011640: val_loss -0.4964
2026-08-19 21:19:34.011707: Pseudo dice [np.float32(0.6772)]
2026-08-19 21:19:34.011785: Epoch time: 30.5 s
2026-08-19 21:19:34.863344: 
2026-08-19 21:19:34.863501: Epoch 437
2026-08-19 21:19:34.863584: Current learning rate: 0.00155
2026-08-19 21:20:05.306769: train_loss -0.6081
2026-08-19 21:20:05.306968: val_loss -0.5502
2026-08-19 21:20:05.307028: Pseudo dice [np.float32(0.7346)]
2026-08-19 21:20:05.307096: Epoch time: 30.44 s
2026-08-19 21:20:06.114880: 
2026-08-19 21:20:06.115010: Epoch 438
2026-08-19 21:20:06.115086: Current learning rate: 0.00153
2026-08-19 21:20:36.639151: train_loss -0.5935
2026-08-19 21:20:36.639341: val_loss -0.5817
2026-08-19 21:20:36.639407: Pseudo dice [np.float32(0.7684)]
2026-08-19 21:20:36.639472: Epoch time: 30.53 s
2026-08-19 21:20:37.438919: 
2026-08-19 21:20:37.439089: Epoch 439
2026-08-19 21:20:37.439173: Current learning rate: 0.00151
2026-08-19 21:21:07.939871: train_loss -0.5833
2026-08-19 21:21:07.940092: val_loss -0.4983
2026-08-19 21:21:07.940161: Pseudo dice [np.float32(0.7675)]
2026-08-19 21:21:07.940228: Epoch time: 30.5 s
2026-08-19 21:21:09.121047: 
2026-08-19 21:21:09.121247: Epoch 440
2026-08-19 21:21:09.121326: Current learning rate: 0.00148
2026-08-19 21:21:39.581768: train_loss -0.5961
2026-08-19 21:21:39.581954: val_loss -0.5408
2026-08-19 21:21:39.582014: Pseudo dice [np.float32(0.765)]
2026-08-19 21:21:39.582081: Epoch time: 30.46 s
2026-08-19 21:21:40.378416: 
2026-08-19 21:21:40.378644: Epoch 441
2026-08-19 21:21:40.378724: Current learning rate: 0.00146
2026-08-19 21:22:10.947576: train_loss -0.5961
2026-08-19 21:22:10.947771: val_loss -0.5605
2026-08-19 21:22:10.947831: Pseudo dice [np.float32(0.7807)]
2026-08-19 21:22:10.947921: Epoch time: 30.57 s
2026-08-19 21:22:11.775665: 
2026-08-19 21:22:11.775848: Epoch 442
2026-08-19 21:22:11.775957: Current learning rate: 0.00144
2026-08-19 21:22:42.165133: train_loss -0.5886
2026-08-19 21:22:42.165308: val_loss -0.5792
2026-08-19 21:22:42.165369: Pseudo dice [np.float32(0.7489)]
2026-08-19 21:22:42.165435: Epoch time: 30.39 s
2026-08-19 21:22:42.967920: 
2026-08-19 21:22:42.968054: Epoch 443
2026-08-19 21:22:42.968138: Current learning rate: 0.00142
2026-08-19 21:23:13.330415: train_loss -0.6097
2026-08-19 21:23:13.330603: val_loss -0.5493
2026-08-19 21:23:13.330663: Pseudo dice [np.float32(0.7912)]
2026-08-19 21:23:13.330729: Epoch time: 30.36 s
2026-08-19 21:23:14.130070: 
2026-08-19 21:23:14.130286: Epoch 444
2026-08-19 21:23:14.130361: Current learning rate: 0.00139
2026-08-19 21:23:44.670039: train_loss -0.6065
2026-08-19 21:23:44.670216: val_loss -0.5208
2026-08-19 21:23:44.670277: Pseudo dice [np.float32(0.7387)]
2026-08-19 21:23:44.670356: Epoch time: 30.54 s
2026-08-19 21:23:45.468645: 
2026-08-19 21:23:45.468837: Epoch 445
2026-08-19 21:23:45.468929: Current learning rate: 0.00137
2026-08-19 21:24:15.812703: train_loss -0.6001
2026-08-19 21:24:15.812927: val_loss -0.5216
2026-08-19 21:24:15.812989: Pseudo dice [np.float32(0.7374)]
2026-08-19 21:24:15.813063: Epoch time: 30.34 s
2026-08-19 21:24:16.612180: 
2026-08-19 21:24:16.612381: Epoch 446
2026-08-19 21:24:16.612454: Current learning rate: 0.00135
2026-08-19 21:24:47.019892: train_loss -0.603
2026-08-19 21:24:47.020144: val_loss -0.5381
2026-08-19 21:24:47.020248: Pseudo dice [np.float32(0.7317)]
2026-08-19 21:24:47.020341: Epoch time: 30.41 s
2026-08-19 21:24:47.819733: 
2026-08-19 21:24:47.819924: Epoch 447
2026-08-19 21:24:47.819999: Current learning rate: 0.00133
2026-08-19 21:25:18.183189: train_loss -0.618
2026-08-19 21:25:18.183480: val_loss -0.5529
2026-08-19 21:25:18.183547: Pseudo dice [np.float32(0.7719)]
2026-08-19 21:25:18.183623: Epoch time: 30.36 s
2026-08-19 21:25:18.987616: 
2026-08-19 21:25:18.987731: Epoch 448
2026-08-19 21:25:18.987812: Current learning rate: 0.0013
2026-08-19 21:25:49.461795: train_loss -0.5933
2026-08-19 21:25:49.462010: val_loss -0.6037
2026-08-19 21:25:49.462069: Pseudo dice [np.float32(0.788)]
2026-08-19 21:25:49.462146: Epoch time: 30.48 s
2026-08-19 21:25:50.593216: 
2026-08-19 21:25:50.593436: Epoch 449
2026-08-19 21:25:50.593530: Current learning rate: 0.00128
2026-08-19 21:26:21.127467: train_loss -0.6005
2026-08-19 21:26:21.127710: val_loss -0.535
2026-08-19 21:26:21.127776: Pseudo dice [np.float32(0.7396)]
2026-08-19 21:26:21.127851: Epoch time: 30.54 s
2026-08-19 21:26:22.371021: 
2026-08-19 21:26:22.371637: Epoch 450
2026-08-19 21:26:22.371748: Current learning rate: 0.00126
2026-08-19 21:26:22.611663: [LesionAwareSamplingPowCurriculum] epoch 450: p=0.9474
2026-08-19 21:26:22.612506: do_dummy_2d_data_aug: False
2026-08-19 21:26:22.614572: Using splits from existing split file: /home/galia/ISLES2026/nnUNet_preprocessed/Dataset002_ATLAS/splits_final.json
2026-08-19 21:26:22.614802: The split file contains 1 splits.
2026-08-19 21:26:22.614845: Desired fold for training: 0
2026-08-19 21:26:22.614886: This split has 842 training and 120 validation cases.
using pin_memory on device 0
using pin_memory on device 0
2026-08-19 21:26:23.754373: [LesionAwareSampling] active for 842 training cases; validation remains uniform.
2026-08-19 21:26:54.137845: train_loss -0.5899
2026-08-19 21:26:54.138050: val_loss -0.5798
2026-08-19 21:26:54.138114: Pseudo dice [np.float32(0.7631)]
2026-08-19 21:26:54.138276: Epoch time: 31.77 s
2026-08-19 21:26:54.950979: 
2026-08-19 21:26:54.951256: Epoch 451
2026-08-19 21:26:54.951331: Current learning rate: 0.00124
2026-08-19 21:27:25.350605: train_loss -0.614
2026-08-19 21:27:25.350825: val_loss -0.5847
2026-08-19 21:27:25.350914: Pseudo dice [np.float32(0.7841)]
2026-08-19 21:27:25.351072: Epoch time: 30.4 s
2026-08-19 21:27:26.163922: 
2026-08-19 21:27:26.164078: Epoch 452
2026-08-19 21:27:26.164161: Current learning rate: 0.00121
2026-08-19 21:27:56.663886: train_loss -0.6004
2026-08-19 21:27:56.664092: val_loss -0.512
2026-08-19 21:27:56.664155: Pseudo dice [np.float32(0.7618)]
2026-08-19 21:27:56.664224: Epoch time: 30.5 s
2026-08-19 21:27:57.467739: 
2026-08-19 21:27:57.468033: Epoch 453
2026-08-19 21:27:57.468110: Current learning rate: 0.00119
2026-08-19 21:28:27.881191: train_loss -0.6092
2026-08-19 21:28:27.881406: val_loss -0.547
2026-08-19 21:28:27.881467: Pseudo dice [np.float32(0.7847)]
2026-08-19 21:28:27.881577: Epoch time: 30.41 s
2026-08-19 21:28:28.684618: 
2026-08-19 21:28:28.684786: Epoch 454
2026-08-19 21:28:28.684869: Current learning rate: 0.00117
2026-08-19 21:28:59.151679: train_loss -0.6008
2026-08-19 21:28:59.151888: val_loss -0.5801
2026-08-19 21:28:59.151948: Pseudo dice [np.float32(0.7889)]
2026-08-19 21:28:59.152021: Epoch time: 30.47 s
2026-08-19 21:28:59.955494: 
2026-08-19 21:28:59.955757: Epoch 455
2026-08-19 21:28:59.955851: Current learning rate: 0.00115
2026-08-19 21:29:30.369747: train_loss -0.629
2026-08-19 21:29:30.369981: val_loss -0.5395
2026-08-19 21:29:30.370046: Pseudo dice [np.float32(0.766)]
2026-08-19 21:29:30.370120: Epoch time: 30.42 s
2026-08-19 21:29:31.171372: 
2026-08-19 21:29:31.171490: Epoch 456
2026-08-19 21:29:31.171569: Current learning rate: 0.00112
2026-08-19 21:30:01.622873: train_loss -0.621
2026-08-19 21:30:01.623093: val_loss -0.5371
2026-08-19 21:30:01.623158: Pseudo dice [np.float32(0.7394)]
2026-08-19 21:30:01.623228: Epoch time: 30.45 s
2026-08-19 21:30:02.429209: 
2026-08-19 21:30:02.429376: Epoch 457
2026-08-19 21:30:02.429454: Current learning rate: 0.0011
2026-08-19 21:30:32.844944: train_loss -0.6078
2026-08-19 21:30:32.845150: val_loss -0.5616
2026-08-19 21:30:32.845209: Pseudo dice [np.float32(0.7597)]
2026-08-19 21:30:32.845279: Epoch time: 30.42 s
2026-08-19 21:30:33.647756: 
2026-08-19 21:30:33.647973: Epoch 458
2026-08-19 21:30:33.648049: Current learning rate: 0.00108
2026-08-19 21:31:04.008074: train_loss -0.6182
2026-08-19 21:31:04.008286: val_loss -0.5107
2026-08-19 21:31:04.008348: Pseudo dice [np.float32(0.7546)]
2026-08-19 21:31:04.008419: Epoch time: 30.36 s
2026-08-19 21:31:04.810343: 
2026-08-19 21:31:04.810542: Epoch 459
2026-08-19 21:31:04.810621: Current learning rate: 0.00105
2026-08-19 21:31:35.198953: train_loss -0.6188
2026-08-19 21:31:35.199167: val_loss -0.5029
2026-08-19 21:31:35.199227: Pseudo dice [np.float32(0.7531)]
2026-08-19 21:31:35.199301: Epoch time: 30.39 s
2026-08-19 21:31:36.461895: 
2026-08-19 21:31:36.462044: Epoch 460
2026-08-19 21:31:36.462125: Current learning rate: 0.00103
2026-08-19 21:32:06.788072: train_loss -0.6013
2026-08-19 21:32:06.788348: val_loss -0.5916
2026-08-19 21:32:06.788417: Pseudo dice [np.float32(0.7555)]
2026-08-19 21:32:06.788507: Epoch time: 30.33 s
2026-08-19 21:32:07.970391: 
2026-08-19 21:32:07.970563: Epoch 461
2026-08-19 21:32:07.970641: Current learning rate: 0.00101
2026-08-19 21:32:38.415828: train_loss -0.6296
2026-08-19 21:32:38.416070: val_loss -0.5208
2026-08-19 21:32:38.416135: Pseudo dice [np.float32(0.757)]
2026-08-19 21:32:38.416213: Epoch time: 30.45 s
2026-08-19 21:32:39.247812: 
2026-08-19 21:32:39.247940: Epoch 462
2026-08-19 21:32:39.248016: Current learning rate: 0.00098
2026-08-19 21:33:09.523939: train_loss -0.6251
2026-08-19 21:33:09.524203: val_loss -0.6127
2026-08-19 21:33:09.524263: Pseudo dice [np.float32(0.8235)]
2026-08-19 21:33:09.524353: Epoch time: 30.28 s
2026-08-19 21:33:09.524400: Yayy! New best EMA pseudo Dice: 0.7663000226020813
2026-08-19 21:33:10.692531: 
2026-08-19 21:33:10.692767: Epoch 463
2026-08-19 21:33:10.692890: Current learning rate: 0.00096
2026-08-19 21:33:41.053543: train_loss -0.6084
2026-08-19 21:33:41.053761: val_loss -0.5364
2026-08-19 21:33:41.053820: Pseudo dice [np.float32(0.7705)]
2026-08-19 21:33:41.053907: Epoch time: 30.36 s
2026-08-19 21:33:41.053958: Yayy! New best EMA pseudo Dice: 0.766700029373169
2026-08-19 21:33:42.161510: 
2026-08-19 21:33:42.161633: Epoch 464
2026-08-19 21:33:42.161711: Current learning rate: 0.00094
2026-08-19 21:34:12.615169: train_loss -0.6287
2026-08-19 21:34:12.615382: val_loss -0.5196
2026-08-19 21:34:12.615472: Pseudo dice [np.float32(0.7707)]
2026-08-19 21:34:12.615542: Epoch time: 30.45 s
2026-08-19 21:34:12.615589: Yayy! New best EMA pseudo Dice: 0.7670999765396118
2026-08-19 21:34:13.854173: 
2026-08-19 21:34:13.854346: Epoch 465
2026-08-19 21:34:13.854425: Current learning rate: 0.00091
2026-08-19 21:34:44.174894: train_loss -0.6214
2026-08-19 21:34:44.175099: val_loss -0.5163
2026-08-19 21:34:44.175156: Pseudo dice [np.float32(0.7714)]
2026-08-19 21:34:44.175224: Epoch time: 30.32 s
2026-08-19 21:34:44.175271: Yayy! New best EMA pseudo Dice: 0.7674999833106995
2026-08-19 21:34:45.295305: 
2026-08-19 21:34:45.295464: Epoch 466
2026-08-19 21:34:45.295554: Current learning rate: 0.00089
2026-08-19 21:35:15.731071: train_loss -0.6108
2026-08-19 21:35:15.731266: val_loss -0.4999
2026-08-19 21:35:15.731346: Pseudo dice [np.float32(0.774)]
2026-08-19 21:35:15.731412: Epoch time: 30.44 s
2026-08-19 21:35:15.731460: Yayy! New best EMA pseudo Dice: 0.7681999802589417
2026-08-19 21:35:16.831226: 
2026-08-19 21:35:16.831490: Epoch 467
2026-08-19 21:35:16.831567: Current learning rate: 0.00087
2026-08-19 21:35:47.191583: train_loss -0.6055
2026-08-19 21:35:47.191807: val_loss -0.5457
2026-08-19 21:35:47.191871: Pseudo dice [np.float32(0.756)]
2026-08-19 21:35:47.191939: Epoch time: 30.36 s
2026-08-19 21:35:47.987450: 
2026-08-19 21:35:47.987636: Epoch 468
2026-08-19 21:35:47.987721: Current learning rate: 0.00084
2026-08-19 21:36:18.249238: train_loss -0.6357
2026-08-19 21:36:18.249419: val_loss -0.5795
2026-08-19 21:36:18.249478: Pseudo dice [np.float32(0.7646)]
2026-08-19 21:36:18.249544: Epoch time: 30.26 s
2026-08-19 21:36:19.045871: 
2026-08-19 21:36:19.046068: Epoch 469
2026-08-19 21:36:19.046141: Current learning rate: 0.00082
2026-08-19 21:36:49.449471: train_loss -0.6148
2026-08-19 21:36:49.449656: val_loss -0.5533
2026-08-19 21:36:49.449715: Pseudo dice [np.float32(0.7741)]
2026-08-19 21:36:49.449778: Epoch time: 30.4 s
2026-08-19 21:36:50.573696: 
2026-08-19 21:36:50.573829: Epoch 470
2026-08-19 21:36:50.573920: Current learning rate: 0.00079
2026-08-19 21:37:21.030944: train_loss -0.6233
2026-08-19 21:37:21.031139: val_loss -0.5272
2026-08-19 21:37:21.031198: Pseudo dice [np.float32(0.7627)]
2026-08-19 21:37:21.031264: Epoch time: 30.46 s
2026-08-19 21:37:21.829341: 
2026-08-19 21:37:21.829456: Epoch 471
2026-08-19 21:37:21.829532: Current learning rate: 0.00077
2026-08-19 21:37:52.208346: train_loss -0.6243
2026-08-19 21:37:52.208538: val_loss -0.5529
2026-08-19 21:37:52.208597: Pseudo dice [np.float32(0.7672)]
2026-08-19 21:37:52.208664: Epoch time: 30.38 s
2026-08-19 21:37:53.008780: 
2026-08-19 21:37:53.009000: Epoch 472
2026-08-19 21:37:53.009085: Current learning rate: 0.00075
2026-08-19 21:38:23.306071: train_loss -0.6053
2026-08-19 21:38:23.306264: val_loss -0.5889
2026-08-19 21:38:23.306323: Pseudo dice [np.float32(0.7386)]
2026-08-19 21:38:23.306390: Epoch time: 30.3 s
2026-08-19 21:38:24.519479: 
2026-08-19 21:38:24.519608: Epoch 473
2026-08-19 21:38:24.519689: Current learning rate: 0.00072
2026-08-19 21:38:54.839531: train_loss -0.6251
2026-08-19 21:38:54.839715: val_loss -0.5206
2026-08-19 21:38:54.839782: Pseudo dice [np.float32(0.7731)]
2026-08-19 21:38:54.839977: Epoch time: 30.32 s
2026-08-19 21:38:55.629494: 
2026-08-19 21:38:55.629635: Epoch 474
2026-08-19 21:38:55.629727: Current learning rate: 0.0007
2026-08-19 21:39:26.004393: train_loss -0.6242
2026-08-19 21:39:26.004575: val_loss -0.4755
2026-08-19 21:39:26.004642: Pseudo dice [np.float32(0.7209)]
2026-08-19 21:39:26.004712: Epoch time: 30.38 s
2026-08-19 21:39:26.800564: 
2026-08-19 21:39:26.800778: Epoch 475
2026-08-19 21:39:26.800868: Current learning rate: 0.00067
2026-08-19 21:39:27.063655: [LesionAwareSamplingPowCurriculum] epoch 475: p=1.0000
2026-08-19 21:39:27.064410: do_dummy_2d_data_aug: False
2026-08-19 21:39:27.066441: Using splits from existing split file: /home/galia/ISLES2026/nnUNet_preprocessed/Dataset002_ATLAS/splits_final.json
2026-08-19 21:39:27.066651: The split file contains 1 splits.
2026-08-19 21:39:27.066695: Desired fold for training: 0
2026-08-19 21:39:27.066730: This split has 842 training and 120 validation cases.
using pin_memory on device 0
using pin_memory on device 0
2026-08-19 21:39:28.233001: [LesionAwareSampling] active for 842 training cases; validation remains uniform.
2026-08-19 21:39:58.674219: train_loss -0.6231
2026-08-19 21:39:58.674494: val_loss -0.5499
2026-08-19 21:39:58.674561: Pseudo dice [np.float32(0.7882)]
2026-08-19 21:39:58.674650: Epoch time: 31.87 s
2026-08-19 21:39:59.495051: 
2026-08-19 21:39:59.495288: Epoch 476
2026-08-19 21:39:59.495372: Current learning rate: 0.00065
2026-08-19 21:40:29.877427: train_loss -0.6212
2026-08-19 21:40:29.877631: val_loss -0.5397
2026-08-19 21:40:29.877692: Pseudo dice [np.float32(0.7606)]
2026-08-19 21:40:29.877773: Epoch time: 30.38 s
2026-08-19 21:40:30.686667: 
2026-08-19 21:40:30.686833: Epoch 477
2026-08-19 21:40:30.686976: Current learning rate: 0.00063
2026-08-19 21:41:01.108866: train_loss -0.6251
2026-08-19 21:41:01.109092: val_loss -0.5229
2026-08-19 21:41:01.109151: Pseudo dice [np.float32(0.7456)]
2026-08-19 21:41:01.109224: Epoch time: 30.42 s
2026-08-19 21:41:01.928751: 
2026-08-19 21:41:01.929132: Epoch 478
2026-08-19 21:41:01.929216: Current learning rate: 0.0006
2026-08-19 21:41:32.283014: train_loss -0.6159
2026-08-19 21:41:32.283254: val_loss -0.5723
2026-08-19 21:41:32.283318: Pseudo dice [np.float32(0.7865)]
2026-08-19 21:41:32.283392: Epoch time: 30.36 s
2026-08-19 21:41:33.096388: 
2026-08-19 21:41:33.096594: Epoch 479
2026-08-19 21:41:33.096674: Current learning rate: 0.00058
2026-08-19 21:42:03.589550: train_loss -0.6255
2026-08-19 21:42:03.589775: val_loss -0.532
2026-08-19 21:42:03.589835: Pseudo dice [np.float32(0.7596)]
2026-08-19 21:42:03.589951: Epoch time: 30.49 s
2026-08-19 21:42:04.902903: 
2026-08-19 21:42:04.903028: Epoch 480
2026-08-19 21:42:04.903195: Current learning rate: 0.00055
2026-08-19 21:42:35.339606: train_loss -0.6284
2026-08-19 21:42:35.339828: val_loss -0.5536
2026-08-19 21:42:35.339909: Pseudo dice [np.float32(0.7623)]
2026-08-19 21:42:35.339998: Epoch time: 30.44 s
2026-08-19 21:42:36.154780: 
2026-08-19 21:42:36.154991: Epoch 481
2026-08-19 21:42:36.155075: Current learning rate: 0.00053
2026-08-19 21:43:06.679850: train_loss -0.6236
2026-08-19 21:43:06.680075: val_loss -0.5587
2026-08-19 21:43:06.680140: Pseudo dice [np.float32(0.777)]
2026-08-19 21:43:06.680217: Epoch time: 30.53 s
2026-08-19 21:43:07.492415: 
2026-08-19 21:43:07.492654: Epoch 482
2026-08-19 21:43:07.492734: Current learning rate: 0.0005
2026-08-19 21:43:38.009696: train_loss -0.6114
2026-08-19 21:43:38.010027: val_loss -0.5071
2026-08-19 21:43:38.010093: Pseudo dice [np.float32(0.7199)]
2026-08-19 21:43:38.010171: Epoch time: 30.52 s
2026-08-19 21:43:38.822771: 
2026-08-19 21:43:38.822921: Epoch 483
2026-08-19 21:43:38.823000: Current learning rate: 0.00048
2026-08-19 21:44:09.315221: train_loss -0.6242
2026-08-19 21:44:09.315537: val_loss -0.5385
2026-08-19 21:44:09.315602: Pseudo dice [np.float32(0.772)]
2026-08-19 21:44:09.315673: Epoch time: 30.49 s
2026-08-19 21:44:10.124185: 
2026-08-19 21:44:10.124369: Epoch 484
2026-08-19 21:44:10.124449: Current learning rate: 0.00045
2026-08-19 21:44:40.558506: train_loss -0.6303
2026-08-19 21:44:40.558732: val_loss -0.4782
2026-08-19 21:44:40.558804: Pseudo dice [np.float32(0.7012)]
2026-08-19 21:44:40.558907: Epoch time: 30.44 s
2026-08-19 21:44:41.376745: 
2026-08-19 21:44:41.376865: Epoch 485
2026-08-19 21:44:41.376961: Current learning rate: 0.00043
2026-08-19 21:45:11.850104: train_loss -0.6302
2026-08-19 21:45:11.850296: val_loss -0.5687
2026-08-19 21:45:11.850356: Pseudo dice [np.float32(0.7947)]
2026-08-19 21:45:11.850425: Epoch time: 30.47 s
2026-08-19 21:45:13.004769: 
2026-08-19 21:45:13.004956: Epoch 486
2026-08-19 21:45:13.005045: Current learning rate: 0.0004
2026-08-19 21:45:43.438105: train_loss -0.6099
2026-08-19 21:45:43.438300: val_loss -0.5697
2026-08-19 21:45:43.438358: Pseudo dice [np.float32(0.8051)]
2026-08-19 21:45:43.438428: Epoch time: 30.43 s
2026-08-19 21:45:44.261179: 
2026-08-19 21:45:44.261431: Epoch 487
2026-08-19 21:45:44.261515: Current learning rate: 0.00037
2026-08-19 21:46:14.634087: train_loss -0.617
2026-08-19 21:46:14.634278: val_loss -0.5328
2026-08-19 21:46:14.634339: Pseudo dice [np.float32(0.7697)]
2026-08-19 21:46:14.634406: Epoch time: 30.37 s
2026-08-19 21:46:15.497330: 
2026-08-19 21:46:15.497612: Epoch 488
2026-08-19 21:46:15.497692: Current learning rate: 0.00035
2026-08-19 21:46:45.837087: train_loss -0.6384
2026-08-19 21:46:45.837276: val_loss -0.5577
2026-08-19 21:46:45.837347: Pseudo dice [np.float32(0.7848)]
2026-08-19 21:46:45.837416: Epoch time: 30.34 s
2026-08-19 21:46:46.649790: 
2026-08-19 21:46:46.649913: Epoch 489
2026-08-19 21:46:46.649986: Current learning rate: 0.00032
2026-08-19 21:47:16.994265: train_loss -0.6223
2026-08-19 21:47:16.994445: val_loss -0.5346
2026-08-19 21:47:16.994505: Pseudo dice [np.float32(0.7733)]
2026-08-19 21:47:16.994572: Epoch time: 30.35 s
2026-08-19 21:47:18.115309: 
2026-08-19 21:47:18.115475: Epoch 490
2026-08-19 21:47:18.115553: Current learning rate: 0.0003
2026-08-19 21:47:48.401440: train_loss -0.6355
2026-08-19 21:47:48.401643: val_loss -0.5362
2026-08-19 21:47:48.401705: Pseudo dice [np.float32(0.7507)]
2026-08-19 21:47:48.401772: Epoch time: 30.29 s
2026-08-19 21:47:49.213203: 
2026-08-19 21:47:49.213371: Epoch 491
2026-08-19 21:47:49.213449: Current learning rate: 0.00027
2026-08-19 21:48:19.610552: train_loss -0.6325
2026-08-19 21:48:19.610757: val_loss -0.571
2026-08-19 21:48:19.610822: Pseudo dice [np.float32(0.7839)]
2026-08-19 21:48:19.610945: Epoch time: 30.4 s
2026-08-19 21:48:20.427154: 
2026-08-19 21:48:20.427295: Epoch 492
2026-08-19 21:48:20.427375: Current learning rate: 0.00024
2026-08-19 21:48:50.808226: train_loss -0.6432
2026-08-19 21:48:50.808433: val_loss -0.5685
2026-08-19 21:48:50.808501: Pseudo dice [np.float32(0.7499)]
2026-08-19 21:48:50.808571: Epoch time: 30.38 s
2026-08-19 21:48:51.620111: 
2026-08-19 21:48:51.620275: Epoch 493
2026-08-19 21:48:51.620360: Current learning rate: 0.00021
2026-08-19 21:49:22.100675: train_loss -0.6534
2026-08-19 21:49:22.100874: val_loss -0.5949
2026-08-19 21:49:22.100937: Pseudo dice [np.float32(0.785)]
2026-08-19 21:49:22.101006: Epoch time: 30.48 s
2026-08-19 21:49:22.914784: 
2026-08-19 21:49:22.914904: Epoch 494
2026-08-19 21:49:22.914985: Current learning rate: 0.00019
2026-08-19 21:49:53.250513: train_loss -0.6192
2026-08-19 21:49:53.250744: val_loss -0.544
2026-08-19 21:49:53.250825: Pseudo dice [np.float32(0.7929)]
2026-08-19 21:49:53.250932: Epoch time: 30.34 s
2026-08-19 21:49:53.251004: Yayy! New best EMA pseudo Dice: 0.7700999975204468
2026-08-19 21:49:54.365307: 
2026-08-19 21:49:54.365552: Epoch 495
2026-08-19 21:49:54.365661: Current learning rate: 0.00016
2026-08-19 21:50:24.672691: train_loss -0.635
2026-08-19 21:50:24.672897: val_loss -0.5436
2026-08-19 21:50:24.672959: Pseudo dice [np.float32(0.7572)]
2026-08-19 21:50:24.673028: Epoch time: 30.31 s
2026-08-19 21:50:25.483572: 
2026-08-19 21:50:25.483707: Epoch 496
2026-08-19 21:50:25.483788: Current learning rate: 0.00013
2026-08-19 21:50:55.757679: train_loss -0.652
2026-08-19 21:50:55.757858: val_loss -0.5331
2026-08-19 21:50:55.757921: Pseudo dice [np.float32(0.7597)]
2026-08-19 21:50:55.757988: Epoch time: 30.28 s
2026-08-19 21:50:56.568245: 
2026-08-19 21:50:56.568548: Epoch 497
2026-08-19 21:50:56.568633: Current learning rate: 0.0001
2026-08-19 21:51:26.812632: train_loss -0.6192
2026-08-19 21:51:26.812817: val_loss -0.4797
2026-08-19 21:51:26.812887: Pseudo dice [np.float32(0.7846)]
2026-08-19 21:51:26.812951: Epoch time: 30.25 s
2026-08-19 21:51:27.915056: 
2026-08-19 21:51:27.915298: Epoch 498
2026-08-19 21:51:27.915383: Current learning rate: 7e-05
2026-08-19 21:51:58.279344: train_loss -0.643
2026-08-19 21:51:58.279530: val_loss -0.5891
2026-08-19 21:51:58.279589: Pseudo dice [np.float32(0.7825)]
2026-08-19 21:51:58.279655: Epoch time: 30.37 s
2026-08-19 21:51:58.279732: Yayy! New best EMA pseudo Dice: 0.7709000110626221
2026-08-19 21:51:59.410301: 
2026-08-19 21:51:59.410545: Epoch 499
2026-08-19 21:51:59.410631: Current learning rate: 4e-05
2026-08-19 21:52:29.882303: train_loss -0.6376
2026-08-19 21:52:29.882494: val_loss -0.5041
2026-08-19 21:52:29.882620: Pseudo dice [np.float32(0.7367)]
2026-08-19 21:52:29.882696: Epoch time: 30.47 s
2026-08-19 21:52:31.213080: Training done.
2026-08-19 21:52:31.222332: Using splits from existing split file: /home/galia/ISLES2026/nnUNet_preprocessed/Dataset002_ATLAS/splits_final.json
2026-08-19 21:52:31.222561: The split file contains 1 splits.
2026-08-19 21:52:31.222611: Desired fold for training: 0
2026-08-19 21:52:31.222657: This split has 842 training and 120 validation cases.
2026-08-19 21:52:31.223587: predicting ATLAS_r001s003_ses1
2026-08-19 21:52:31.235550: ATLAS_r001s003_ses1, shape torch.Size([1, 151, 177, 141]), rank 0
2026-08-19 21:52:35.165088: predicting ATLAS_r001s012_ses1
2026-08-19 21:52:35.184164: ATLAS_r001s012_ses1, shape torch.Size([1, 154, 169, 139]), rank 0
2026-08-19 21:52:36.172623: predicting ATLAS_r002s009_ses1
2026-08-19 21:52:36.181188: ATLAS_r002s009_ses1, shape torch.Size([1, 143, 165, 140]), rank 0
2026-08-19 21:52:37.169655: predicting ATLAS_r002s010_ses1
2026-08-19 21:52:37.181741: ATLAS_r002s010_ses1, shape torch.Size([1, 147, 179, 134]), rank 0
2026-08-19 21:52:38.172699: predicting ATLAS_r003s009_ses1
2026-08-19 21:52:38.182385: ATLAS_r003s009_ses1, shape torch.Size([1, 142, 166, 135]), rank 0
2026-08-19 21:52:39.172219: predicting ATLAS_r004s020_ses1
2026-08-19 21:52:39.182950: ATLAS_r004s020_ses1, shape torch.Size([1, 150, 173, 135]), rank 0
2026-08-19 21:52:40.173878: predicting ATLAS_r004s037_ses1
2026-08-19 21:52:40.183719: ATLAS_r004s037_ses1, shape torch.Size([1, 146, 176, 146]), rank 0
2026-08-19 21:52:41.176899: predicting ATLAS_r009s022_ses1
2026-08-19 21:52:41.186708: ATLAS_r009s022_ses1, shape torch.Size([1, 149, 175, 144]), rank 0
2026-08-19 21:52:42.179851: predicting ATLAS_r009s029_ses1
2026-08-19 21:52:42.189354: ATLAS_r009s029_ses1, shape torch.Size([1, 150, 159, 135]), rank 0
2026-08-19 21:52:43.182309: predicting ATLAS_r009s030_ses1
2026-08-19 21:52:43.194509: ATLAS_r009s030_ses1, shape torch.Size([1, 156, 161, 149]), rank 0
2026-08-19 21:52:44.188113: predicting ATLAS_r009s038_ses1
2026-08-19 21:52:44.200039: ATLAS_r009s038_ses1, shape torch.Size([1, 147, 176, 142]), rank 0
2026-08-19 21:52:45.194095: predicting ATLAS_r009s040_ses1
2026-08-19 21:52:45.206462: ATLAS_r009s040_ses1, shape torch.Size([1, 153, 179, 146]), rank 0
2026-08-19 21:52:46.210001: predicting ATLAS_r009s044_ses1
2026-08-19 21:52:46.220984: ATLAS_r009s044_ses1, shape torch.Size([1, 153, 163, 138]), rank 0
2026-08-19 21:52:47.216104: predicting ATLAS_r009s046_ses1
2026-08-19 21:52:47.226004: ATLAS_r009s046_ses1, shape torch.Size([1, 145, 171, 138]), rank 0
2026-08-19 21:52:48.221361: predicting ATLAS_r009s052_ses1
2026-08-19 21:52:48.233160: ATLAS_r009s052_ses1, shape torch.Size([1, 156, 171, 145]), rank 0
2026-08-19 21:52:49.229038: predicting ATLAS_r009s054_ses1
2026-08-19 21:52:49.239954: ATLAS_r009s054_ses1, shape torch.Size([1, 152, 172, 135]), rank 0
2026-08-19 21:52:50.235751: predicting ATLAS_r009s055_ses1
2026-08-19 21:52:50.248357: ATLAS_r009s055_ses1, shape torch.Size([1, 157, 179, 144]), rank 0
2026-08-19 21:52:51.245440: predicting ATLAS_r009s066_ses1
2026-08-19 21:52:51.256042: ATLAS_r009s066_ses1, shape torch.Size([1, 159, 172, 147]), rank 0
2026-08-19 21:52:52.253613: predicting ATLAS_r009s074_ses1
2026-08-19 21:52:52.265610: ATLAS_r009s074_ses1, shape torch.Size([1, 149, 184, 141]), rank 0
2026-08-19 21:52:53.263130: predicting ATLAS_r009s076_ses1
2026-08-19 21:52:53.275569: ATLAS_r009s076_ses1, shape torch.Size([1, 150, 161, 143]), rank 0
2026-08-19 21:52:54.276914: predicting ATLAS_r009s085_ses1
2026-08-19 21:52:54.289611: ATLAS_r009s085_ses1, shape torch.Size([1, 156, 181, 141]), rank 0
2026-08-19 21:52:55.287989: predicting ATLAS_r009s088_ses1
2026-08-19 21:52:55.298837: ATLAS_r009s088_ses1, shape torch.Size([1, 152, 184, 141]), rank 0
2026-08-19 21:52:56.297525: predicting ATLAS_r009s098_ses1
2026-08-19 21:52:56.310536: ATLAS_r009s098_ses1, shape torch.Size([1, 150, 173, 143]), rank 0
2026-08-19 21:52:57.309940: predicting ATLAS_r009s117_ses1
2026-08-19 21:52:57.318903: ATLAS_r009s117_ses1, shape torch.Size([1, 145, 158, 136]), rank 0
2026-08-19 21:52:58.318207: predicting ATLAS_r009s125_ses1
2026-08-19 21:52:58.328039: ATLAS_r009s125_ses1, shape torch.Size([1, 148, 172, 137]), rank 0
2026-08-19 21:52:59.327547: predicting ATLAS_r010s006_ses1
2026-08-19 21:52:59.338708: ATLAS_r010s006_ses1, shape torch.Size([1, 150, 170, 144]), rank 0
2026-08-19 21:53:00.338356: predicting ATLAS_r010s009_ses1
2026-08-19 21:53:00.349188: ATLAS_r010s009_ses1, shape torch.Size([1, 149, 178, 143]), rank 0
2026-08-19 21:53:01.349526: predicting ATLAS_r011s014_ses1
2026-08-19 21:53:01.359534: ATLAS_r011s014_ses1, shape torch.Size([1, 152, 165, 150]), rank 0
2026-08-19 21:53:02.360384: predicting ATLAS_r011s026_ses1
2026-08-19 21:53:02.374203: ATLAS_r011s026_ses1, shape torch.Size([1, 155, 170, 148]), rank 0
2026-08-19 21:53:03.375610: predicting ATLAS_r011s027_ses1
2026-08-19 21:53:03.384456: ATLAS_r011s027_ses1, shape torch.Size([1, 140, 154, 131]), rank 0
2026-08-19 21:53:04.386666: predicting ATLAS_r015s003_ses1
2026-08-19 21:53:04.398003: ATLAS_r015s003_ses1, shape torch.Size([1, 146, 160, 138]), rank 0
2026-08-19 21:53:05.399804: predicting ATLAS_r015s006_ses1
2026-08-19 21:53:05.428566: ATLAS_r015s006_ses1, shape torch.Size([1, 154, 188, 138]), rank 0
2026-08-19 21:53:06.437182: predicting ATLAS_r017s101_ses1
2026-08-19 21:53:06.447784: ATLAS_r017s101_ses1, shape torch.Size([1, 154, 189, 137]), rank 0
2026-08-19 21:53:07.449053: predicting ATLAS_r017s116_ses1
2026-08-19 21:53:07.459743: ATLAS_r017s116_ses1, shape torch.Size([1, 143, 176, 134]), rank 0
2026-08-19 21:53:08.462074: predicting ATLAS_r019s007_ses1
2026-08-19 21:53:08.472491: ATLAS_r019s007_ses1, shape torch.Size([1, 155, 149, 144]), rank 0
2026-08-19 21:53:09.474817: predicting ATLAS_r019s008_ses1
2026-08-19 21:53:09.485201: ATLAS_r019s008_ses1, shape torch.Size([1, 148, 159, 139]), rank 0
2026-08-19 21:53:10.489301: predicting ATLAS_r023s004_ses1
2026-08-19 21:53:10.501378: ATLAS_r023s004_ses1, shape torch.Size([1, 160, 167, 145]), rank 0
2026-08-19 21:53:11.504160: predicting ATLAS_r023s010_ses1
2026-08-19 21:53:11.515009: ATLAS_r023s010_ses1, shape torch.Size([1, 160, 164, 131]), rank 0
2026-08-19 21:53:12.519829: predicting ATLAS_r023s015_ses1
2026-08-19 21:53:12.529401: ATLAS_r023s015_ses1, shape torch.Size([1, 148, 159, 121]), rank 0
2026-08-19 21:53:13.036954: predicting ATLAS_r024s002_ses1
2026-08-19 21:53:13.049781: ATLAS_r024s002_ses1, shape torch.Size([1, 156, 176, 138]), rank 0
2026-08-19 21:53:14.052050: predicting ATLAS_r024s009_ses1
2026-08-19 21:53:14.065766: ATLAS_r024s009_ses1, shape torch.Size([1, 143, 170, 126]), rank 0
2026-08-19 21:53:14.573560: predicting ATLAS_r024s013_ses1
2026-08-19 21:53:14.585035: ATLAS_r024s013_ses1, shape torch.Size([1, 148, 174, 137]), rank 0
2026-08-19 21:53:15.585627: predicting ATLAS_r028s007_ses1
2026-08-19 21:53:15.594930: ATLAS_r028s007_ses1, shape torch.Size([1, 145, 164, 136]), rank 0
2026-08-19 21:53:16.596770: predicting ATLAS_r028s015_ses1
2026-08-19 21:53:16.605106: ATLAS_r028s015_ses1, shape torch.Size([1, 146, 166, 137]), rank 0
2026-08-19 21:53:17.606130: predicting ATLAS_r028s020_ses1
2026-08-19 21:53:17.615059: ATLAS_r028s020_ses1, shape torch.Size([1, 143, 171, 143]), rank 0
2026-08-19 21:53:18.615823: predicting ATLAS_r030s002_ses1
2026-08-19 21:53:18.625422: ATLAS_r030s002_ses1, shape torch.Size([1, 150, 176, 136]), rank 0
2026-08-19 21:53:19.626671: predicting ATLAS_r030s003_ses1
2026-08-19 21:53:19.635319: ATLAS_r030s003_ses1, shape torch.Size([1, 145, 170, 147]), rank 0
2026-08-19 21:53:20.636181: predicting ATLAS_r030s011_ses1
2026-08-19 21:53:20.644696: ATLAS_r030s011_ses1, shape torch.Size([1, 142, 153, 143]), rank 0
2026-08-19 21:53:21.645497: predicting ATLAS_r030s013_ses1
2026-08-19 21:53:21.654052: ATLAS_r030s013_ses1, shape torch.Size([1, 148, 159, 140]), rank 0
2026-08-19 21:53:22.654650: predicting ATLAS_r030s014_ses1
2026-08-19 21:53:22.662934: ATLAS_r030s014_ses1, shape torch.Size([1, 143, 164, 134]), rank 0
2026-08-19 21:53:23.666892: predicting ATLAS_r030s019_ses1
2026-08-19 21:53:23.676218: ATLAS_r030s019_ses1, shape torch.Size([1, 139, 163, 146]), rank 0
2026-08-19 21:53:24.676277: predicting ATLAS_r030s023_ses1
2026-08-19 21:53:24.684929: ATLAS_r030s023_ses1, shape torch.Size([1, 137, 173, 139]), rank 0
2026-08-19 21:53:25.683717: predicting ATLAS_r031s023_ses1
2026-08-19 21:53:25.691845: ATLAS_r031s023_ses1, shape torch.Size([1, 134, 161, 141]), rank 0
2026-08-19 21:53:26.691046: predicting ATLAS_r032s013_ses1
2026-08-19 21:53:26.706102: ATLAS_r032s013_ses1, shape torch.Size([1, 137, 306, 134]), rank 0
2026-08-19 21:53:28.711165: predicting ATLAS_r032s014_ses1
2026-08-19 21:53:28.729114: ATLAS_r032s014_ses1, shape torch.Size([1, 137, 312, 139]), rank 0
2026-08-19 21:53:30.733124: predicting ATLAS_r032s039_ses1
2026-08-19 21:53:30.748375: ATLAS_r032s039_ses1, shape torch.Size([1, 133, 303, 131]), rank 0
2026-08-19 21:53:32.745994: predicting ATLAS_r032s043_ses1
2026-08-19 21:53:32.765104: ATLAS_r032s043_ses1, shape torch.Size([1, 142, 315, 144]), rank 0
2026-08-19 21:53:34.759701: predicting ATLAS_r034s008_ses1
2026-08-19 21:53:34.768099: ATLAS_r034s008_ses1, shape torch.Size([1, 135, 158, 126]), rank 0
2026-08-19 21:53:35.271176: predicting ATLAS_r038s013_ses1
2026-08-19 21:53:35.281049: ATLAS_r038s013_ses1, shape torch.Size([1, 147, 157, 131]), rank 0
2026-08-19 21:53:36.277449: predicting ATLAS_r038s017_ses1
2026-08-19 21:53:36.289715: ATLAS_r038s017_ses1, shape torch.Size([1, 153, 167, 141]), rank 0
2026-08-19 21:53:37.287577: predicting ATLAS_r038s018_ses1
2026-08-19 21:53:37.296138: ATLAS_r038s018_ses1, shape torch.Size([1, 144, 148, 134]), rank 0
2026-08-19 21:53:38.293435: predicting ATLAS_r038s027_ses1
2026-08-19 21:53:38.302226: ATLAS_r038s027_ses1, shape torch.Size([1, 157, 151, 134]), rank 0
2026-08-19 21:53:39.299037: predicting ATLAS_r038s029_ses1
2026-08-19 21:53:39.308403: ATLAS_r038s029_ses1, shape torch.Size([1, 150, 150, 143]), rank 0
2026-08-19 21:53:40.305099: predicting ATLAS_r038s032_ses1
2026-08-19 21:53:40.312961: ATLAS_r038s032_ses1, shape torch.Size([1, 143, 160, 136]), rank 0
2026-08-19 21:53:41.308653: predicting ATLAS_r038s055_ses1
2026-08-19 21:53:41.316479: ATLAS_r038s055_ses1, shape torch.Size([1, 138, 161, 130]), rank 0
2026-08-19 21:53:42.311522: predicting ATLAS_r038s081_ses1
2026-08-19 21:53:42.320003: ATLAS_r038s081_ses1, shape torch.Size([1, 147, 155, 133]), rank 0
2026-08-19 21:53:43.315315: predicting ATLAS_r040s027_ses1
2026-08-19 21:53:43.321778: ATLAS_r040s027_ses1, shape torch.Size([1, 145, 143, 130]), rank 0
2026-08-19 21:53:44.316372: predicting ATLAS_r040s028_ses1
2026-08-19 21:53:44.323044: ATLAS_r040s028_ses1, shape torch.Size([1, 138, 152, 129]), rank 0
2026-08-19 21:53:45.317545: predicting ATLAS_r040s030_ses1
2026-08-19 21:53:45.328346: ATLAS_r040s030_ses1, shape torch.Size([1, 146, 164, 130]), rank 0
2026-08-19 21:53:46.324221: predicting ATLAS_r040s031_ses1
2026-08-19 21:53:46.333973: ATLAS_r040s031_ses1, shape torch.Size([1, 151, 172, 138]), rank 0
2026-08-19 21:53:47.329089: predicting ATLAS_r040s066_ses1
2026-08-19 21:53:47.339093: ATLAS_r040s066_ses1, shape torch.Size([1, 145, 162, 143]), rank 0
2026-08-19 21:53:48.334386: predicting ATLAS_r040s069_ses1
2026-08-19 21:53:48.342419: ATLAS_r040s069_ses1, shape torch.Size([1, 151, 155, 138]), rank 0
2026-08-19 21:53:49.337943: predicting ATLAS_r040s080_ses1
2026-08-19 21:53:49.344847: ATLAS_r040s080_ses1, shape torch.Size([1, 140, 150, 126]), rank 0
2026-08-19 21:53:49.848568: predicting ATLAS_r045s004_ses1
2026-08-19 21:53:49.855917: ATLAS_r045s004_ses1, shape torch.Size([1, 142, 160, 124]), rank 0
2026-08-19 21:53:50.359764: predicting ATLAS_r047s003_ses1
2026-08-19 21:53:50.368612: ATLAS_r047s003_ses1, shape torch.Size([1, 145, 161, 136]), rank 0
2026-08-19 21:53:51.362729: predicting ATLAS_r047s015_ses1
2026-08-19 21:53:51.375438: ATLAS_r047s015_ses1, shape torch.Size([1, 153, 170, 144]), rank 0
2026-08-19 21:53:52.370263: predicting ATLAS_r047s019_ses1
2026-08-19 21:53:52.382032: ATLAS_r047s019_ses1, shape torch.Size([1, 151, 182, 139]), rank 0
2026-08-19 21:53:53.377570: predicting ATLAS_r047s043_ses1
2026-08-19 21:53:53.389479: ATLAS_r047s043_ses1, shape torch.Size([1, 149, 171, 143]), rank 0
2026-08-19 21:53:54.385118: predicting ATLAS_r047s048_ses1
2026-08-19 21:53:54.399738: ATLAS_r047s048_ses1, shape torch.Size([1, 161, 188, 141]), rank 0
2026-08-19 21:53:55.397968: predicting ATLAS_r048s003_ses1
2026-08-19 21:53:55.408372: ATLAS_r048s003_ses1, shape torch.Size([1, 142, 174, 133]), rank 0
2026-08-19 21:53:56.402315: predicting ATLAS_r048s006_ses1
2026-08-19 21:53:56.413368: ATLAS_r048s006_ses1, shape torch.Size([1, 147, 174, 147]), rank 0
2026-08-19 21:53:57.407779: predicting ATLAS_r048s020_ses1
2026-08-19 21:53:57.416694: ATLAS_r048s020_ses1, shape torch.Size([1, 145, 163, 132]), rank 0
2026-08-19 21:53:58.410567: predicting ATLAS_r048s024_ses1
2026-08-19 21:53:58.418641: ATLAS_r048s024_ses1, shape torch.Size([1, 139, 163, 138]), rank 0
2026-08-19 21:53:59.411549: predicting ATLAS_r048s030_ses1
2026-08-19 21:53:59.422163: ATLAS_r048s030_ses1, shape torch.Size([1, 152, 173, 141]), rank 0
2026-08-19 21:54:00.416045: predicting ATLAS_r048s039_ses1
2026-08-19 21:54:00.425208: ATLAS_r048s039_ses1, shape torch.Size([1, 144, 168, 139]), rank 0
2026-08-19 21:54:01.418704: predicting ATLAS_r048s043_ses1
2026-08-19 21:54:01.428209: ATLAS_r048s043_ses1, shape torch.Size([1, 150, 178, 137]), rank 0
2026-08-19 21:54:02.421269: predicting ATLAS_r049s011_ses1
2026-08-19 21:54:02.431066: ATLAS_r049s011_ses1, shape torch.Size([1, 153, 166, 134]), rank 0
2026-08-19 21:54:03.427470: predicting ATLAS_r049s020_ses1
2026-08-19 21:54:03.435905: ATLAS_r049s020_ses1, shape torch.Size([1, 150, 158, 130]), rank 0
2026-08-19 21:54:04.429593: predicting ATLAS_r050s011_ses1
2026-08-19 21:54:04.438928: ATLAS_r050s011_ses1, shape torch.Size([1, 143, 158, 134]), rank 0
2026-08-19 21:54:05.431912: predicting ATLAS_r052s005_ses1
2026-08-19 21:54:05.441909: ATLAS_r052s005_ses1, shape torch.Size([1, 150, 176, 140]), rank 0
2026-08-19 21:54:06.435312: predicting ATLAS_r052s008_ses1
2026-08-19 21:54:06.449219: ATLAS_r052s008_ses1, shape torch.Size([1, 150, 157, 131]), rank 0
2026-08-19 21:54:07.441833: predicting ATLAS_r052s017_ses1
2026-08-19 21:54:07.452085: ATLAS_r052s017_ses1, shape torch.Size([1, 152, 173, 135]), rank 0
2026-08-19 21:54:08.444050: predicting ATLAS_r052s019_ses1
2026-08-19 21:54:08.453331: ATLAS_r052s019_ses1, shape torch.Size([1, 151, 161, 140]), rank 0
2026-08-19 21:54:09.445359: predicting ATLAS_r052s028_ses1
2026-08-19 21:54:09.453085: ATLAS_r052s028_ses1, shape torch.Size([1, 148, 156, 130]), rank 0
2026-08-19 21:54:10.445212: predicting ATLAS_r052s031_ses1
2026-08-19 21:54:10.456593: ATLAS_r052s031_ses1, shape torch.Size([1, 155, 187, 138]), rank 0
2026-08-19 21:54:11.452164: predicting ATLAS_r052s033_ses1
2026-08-19 21:54:11.460583: ATLAS_r052s033_ses1, shape torch.Size([1, 148, 157, 124]), rank 0
2026-08-19 21:54:11.963069: predicting ATLAS_r053s016_ses1
2026-08-19 21:54:11.973530: ATLAS_r053s016_ses1, shape torch.Size([1, 149, 167, 145]), rank 0
2026-08-19 21:54:12.965356: predicting ATLAS_r053s053_ses1
2026-08-19 21:54:12.974654: ATLAS_r053s053_ses1, shape torch.Size([1, 161, 171, 138]), rank 0
2026-08-19 21:54:13.966694: predicting ATLAS_r056s002_ses1
2026-08-19 21:54:13.976254: ATLAS_r056s002_ses1, shape torch.Size([1, 157, 152, 147]), rank 0
2026-08-19 21:54:14.970166: predicting ATLAS_r056s009_ses1
2026-08-19 21:54:14.981920: ATLAS_r056s009_ses1, shape torch.Size([1, 158, 179, 140]), rank 0
2026-08-19 21:54:15.975528: predicting ATLAS_r056s010_ses1
2026-08-19 21:54:15.984848: ATLAS_r056s010_ses1, shape torch.Size([1, 147, 150, 136]), rank 0
2026-08-19 21:54:16.978950: predicting ATLAS_r057s047_ses1
2026-08-19 21:54:16.990139: ATLAS_r057s047_ses1, shape torch.Size([1, 158, 165, 137]), rank 0
2026-08-19 21:54:17.984409: predicting ATLAS_r058s035_ses1
2026-08-19 21:54:17.994678: ATLAS_r058s035_ses1, shape torch.Size([1, 141, 170, 130]), rank 0
2026-08-19 21:54:18.988914: predicting ATLAS_r059s028_ses1
2026-08-19 21:54:18.997181: ATLAS_r059s028_ses1, shape torch.Size([1, 146, 171, 134]), rank 0
2026-08-19 21:54:19.991536: predicting ATLAS_r059s037_ses1
2026-08-19 21:54:20.002246: ATLAS_r059s037_ses1, shape torch.Size([1, 154, 178, 137]), rank 0
2026-08-19 21:54:20.996962: predicting ATLAS_r061s001_ses1
2026-08-19 21:54:21.006553: ATLAS_r061s001_ses1, shape torch.Size([1, 148, 170, 137]), rank 0
2026-08-19 21:54:22.002274: predicting ATLAS_r061s007_ses1
2026-08-19 21:54:22.012710: ATLAS_r061s007_ses1, shape torch.Size([1, 156, 173, 139]), rank 0
2026-08-19 21:54:23.008750: predicting ATLAS_r061s008_ses1
2026-08-19 21:54:23.018176: ATLAS_r061s008_ses1, shape torch.Size([1, 148, 163, 142]), rank 0
2026-08-19 21:54:24.014509: predicting ATLAS_r061s012_ses1
2026-08-19 21:54:24.022352: ATLAS_r061s012_ses1, shape torch.Size([1, 154, 158, 139]), rank 0
2026-08-19 21:54:25.018005: predicting ATLAS_r062s007_ses1
2026-08-19 21:54:25.028575: ATLAS_r062s007_ses1, shape torch.Size([1, 149, 183, 135]), rank 0
2026-08-19 21:54:26.024083: predicting ATLAS_r065s015_ses1
2026-08-19 21:54:26.032772: ATLAS_r065s015_ses1, shape torch.Size([1, 146, 153, 135]), rank 0
2026-08-19 21:54:27.029813: predicting ATLAS_r065s021_ses1
2026-08-19 21:54:27.038881: ATLAS_r065s021_ses1, shape torch.Size([1, 143, 166, 134]), rank 0
2026-08-19 21:54:28.036148: predicting ATLAS_r067s039_ses1
2026-08-19 21:54:28.047291: ATLAS_r067s039_ses1, shape torch.Size([1, 154, 169, 138]), rank 0
2026-08-19 21:54:29.045585: predicting ATLAS_r067s041_ses1
2026-08-19 21:54:29.056940: ATLAS_r067s041_ses1, shape torch.Size([1, 156, 166, 137]), rank 0
2026-08-19 21:54:30.056243: predicting ATLAS_r067s043_ses1
2026-08-19 21:54:30.065397: ATLAS_r067s043_ses1, shape torch.Size([1, 153, 159, 127]), rank 0
2026-08-19 21:54:30.572270: predicting ATLAS_r069s029_ses1
2026-08-19 21:54:30.581689: ATLAS_r069s029_ses1, shape torch.Size([1, 147, 155, 132]), rank 0
2026-08-19 21:54:31.580402: predicting ATLAS_r069s034_ses1
2026-08-19 21:54:31.591885: ATLAS_r069s034_ses1, shape torch.Size([1, 147, 177, 133]), rank 0
2026-08-19 21:54:32.592144: predicting ATLAS_r069s040_ses1
2026-08-19 21:54:32.603113: ATLAS_r069s040_ses1, shape torch.Size([1, 151, 179, 137]), rank 0
2026-08-19 21:54:33.603828: predicting ATLAS_r071s026_ses1
2026-08-19 21:54:33.614315: ATLAS_r071s026_ses1, shape torch.Size([1, 146, 166, 138]), rank 0
2026-08-19 21:54:34.614444: predicting ATLAS_r071s036_ses1
2026-08-19 21:54:34.623587: ATLAS_r071s036_ses1, shape torch.Size([1, 145, 158, 131]), rank 0
2026-08-19 21:54:40.978069: Validation complete
2026-08-19 21:54:40.978171: Mean Validation Dice:  0.6163351429264522

== nnUNetTrainerLesionAwareSamplingPowCurriculum_500epochs_full ==
[run_id] nnUNetTrainerLesionAwareSamplingPowCurriculum_500epochs_full__3d_fullres__fold0__fp31ae961670
$ nnUNetv2_train 2 3d_fullres 0 -tr nnUNetTrainerLesionAwareSamplingPowCurriculum_500epochs_full
